epoch,train_loss,test_loss,test_mae,sigma_error_corr
1,0.9665465156237284,0.9121443033218384,0.7870520949363708,
2,0.8515890373124017,0.7720538973808289,0.7254980802536011,
3,0.6918830275535583,0.6182836890220642,0.6514104008674622,
4,0.5648416943020291,0.5079904198646545,0.5862422585487366,
5,0.44069094790352714,0.3649275600910187,0.496035635471344,
6,0.2702348828315735,0.17984159290790558,0.3414612114429474,
7,0.11428961737288369,0.0919240415096283,0.21992187201976776,
8,0.08427322987053129,0.07279973477125168,0.19259947538375854,
9,0.058700759377744466,0.057940542697906494,0.17137384414672852,
10,0.05087092353238,0.05105893686413765,0.15953560173511505,
11,0.04307617495457331,0.04532335326075554,0.1502985805273056,
12,0.038979230655564204,0.04125841706991196,0.14203456044197083,
13,0.03540597152378824,0.03789414092898369,0.13542728126049042,
14,0.03249861320687665,0.03526259586215019,0.1299740970134735,
15,0.030194286050068006,0.03307067230343819,0.12513422966003418,
16,0.02833021121720473,0.031104015186429024,0.12051329761743546,
17,0.026719806922806635,0.029446866363286972,0.11611124128103256,
18,0.0253496321125163,0.028243020176887512,0.11276086419820786,
19,0.02411417828665839,0.026921799406409264,0.10911203175783157,
20,0.02306424371070332,0.02604905143380165,0.10627497732639313,
21,0.02219219899011983,0.02493979036808014,0.10273374617099762,
22,0.021561465743515227,0.024261852726340294,0.10044325888156891,
23,0.021026287641790178,0.023592328652739525,0.09780411422252655,
24,0.02050108193523354,0.023082220926880836,0.09610533714294434,
25,0.020097608781523175,0.022704241797327995,0.09450124949216843,
26,0.019684114596909948,0.022063160315155983,0.09293221682310104,
27,0.019263279520803027,0.02174222096800804,0.09137231111526489,
28,0.018971741406453982,0.02139655500650406,0.09058161824941635,
29,0.01866892021563318,0.02110874094069004,0.08964964747428894,
30,0.018400803208351135,0.02081155963242054,0.08872603625059128,
31,0.018139020022418764,0.02065342105925083,0.08831794559955597,
32,0.018008230047093496,0.020295631140470505,0.08691723644733429,
33,0.01782613516681724,0.020048368722200394,0.08656054735183716,
34,0.01752902443210284,0.01986173540353775,0.08592743426561356,
35,0.017341240412659116,0.019697120413184166,0.08546225726604462,
36,0.017131777066323493,0.01942993886768818,0.0845201388001442,
37,0.017060490945974987,0.019147347658872604,0.084229975938797,
38,0.01680847050415145,0.019045328721404076,0.08358489722013474,
39,0.0165633683403333,0.01880577951669693,0.08324752748012543,
40,0.01641993121140533,0.018484516069293022,0.08243018388748169,
41,0.016244741156697273,0.018264617770910263,0.08169382065534592,
42,0.015946765430271626,0.01794249936938286,0.08081093430519104,
43,0.01571553283267551,0.01770651713013649,0.08046336472034454,
44,0.015529399323794577,0.017484571784734726,0.07978101819753647,
45,0.015340843548377356,0.017162231728434563,0.07926993072032928,
46,0.01495843618694279,0.016865940764546394,0.07842033356428146,
47,0.014678006267382039,0.016532640904188156,0.07758789509534836,
48,0.014434213646584086,0.016129430383443832,0.07659655064344406,
49,0.01409633219656017,0.0157699566334486,0.07585671544075012,
50,0.013707686940001117,0.015459426678717136,0.07505716383457184,
51,0.013367696044345697,0.015124097466468811,0.07396865636110306,
52,0.012904132095475992,0.014387703500688076,0.0721404179930687,
53,0.012511644926336076,0.014074507169425488,0.07158951461315155,
54,0.01202130586736732,0.013628894463181496,0.0702887549996376,
55,0.011653256499105029,0.013121986761689186,0.06915798038244247,
56,0.011126569989654753,0.012592274695634842,0.06767510622739792,
57,0.010566062914828459,0.011908704414963722,0.06620823591947556,
58,0.010009643311301867,0.011446064338088036,0.0645880475640297,
59,0.009484963284598457,0.010727469809353352,0.06299000978469849,
60,0.008918078202340338,0.010244191624224186,0.061317142099142075,
61,0.008399673944546117,0.00969158299267292,0.05992484092712402,
62,0.007917554686880775,0.009128238074481487,0.05849691852927208,
63,0.007555558656652768,0.008756275288760662,0.0573420487344265,
64,0.007233714684844017,0.008406447246670723,0.056504927575588226,
65,0.006928267216102945,0.008118757978081703,0.05511407181620598,
66,0.006628384658445914,0.007732699159532785,0.054058987647295,
67,0.006419630772951577,0.00764105748385191,0.05401177331805229,
68,0.006326339207589626,0.007655390538275242,0.05436864495277405,
69,0.0062842173501849174,0.007433825638145208,0.05315784364938736,
70,0.006108304175237815,0.007130804937332869,0.05190115422010422,
71,0.005892324364847607,0.007055053021758795,0.05149805545806885,
72,0.005800306227886015,0.006957702804356813,0.051207758486270905,
73,0.005691193509846926,0.006815917324274778,0.05068765580654144,
74,0.005610989510185189,0.00681360624730587,0.05046967789530754,
75,0.005612679705437686,0.0067751528695225716,0.05031852051615715,
76,0.005592228586061133,0.006731858942657709,0.05024147778749466,
77,0.005540349158561892,0.006669769529253244,0.04991850629448891,
78,0.005471095391031768,0.006616591010242701,0.049689531326293945,
79,0.005410566098160214,0.006543989758938551,0.049482062458992004,
80,0.005347591359168291,0.006641744635999203,0.04959337040781975,
81,0.005335990080816878,0.006569983903318644,0.04965280741453171,
82,0.005350599324123727,0.006554208230227232,0.04942338913679123,
83,0.0052641940613587694,0.006461677141487598,0.04898596554994583,
84,0.005292212642315362,0.006409971509128809,0.0486585758626461,
85,0.005204576067626476,0.006388162728399038,0.04840146750211716,
86,0.005202523691372739,0.006364129949361086,0.04861060157418251,
87,0.005175657570362091,0.006385477259755135,0.04848537594079971,
88,0.005113958018935389,0.0062811789102852345,0.04797055199742317,
89,0.005105123699953158,0.006238515488803387,0.0477578341960907,
90,0.005114236587865485,0.006276594940572977,0.047872330993413925,
91,0.00511119214610921,0.006322609260678291,0.04795170575380325,
92,0.005042547773983743,0.006167019251734018,0.047333382070064545,
93,0.00499549104521672,0.006162072531878948,0.04729563742876053,
94,0.004990501639743646,0.006134084891527891,0.04749641567468643,
95,0.00499249239348703,0.006163368932902813,0.04703548923134804,
96,0.004974298851771487,0.0061692544259130955,0.04694313183426857,
97,0.004888708599739605,0.00607382133603096,0.04675326868891716,
98,0.0048903169938259656,0.006154578644782305,0.04710401967167854,
99,0.004914647951308224,0.0060602291487157345,0.046993523836135864,
100,0.004885118040773604,0.006052460987120867,0.04704543948173523,
101,0.0048842340604298646,0.006074068136513233,0.047506485134363174,
102,0.004856072262757354,0.006062157917767763,0.04680551588535309,
103,0.004852062660372919,0.005969719495624304,0.04672226682305336,
104,0.004838984459638596,0.0061255344189703465,0.0467979833483696,
105,0.004836523594955604,0.005962505470961332,0.04625926539301872,
106,0.004838703303701348,0.006028002593666315,0.046355463564395905,
107,0.004709911739660634,0.005942972376942635,0.04618417099118233,
108,0.004714734127951993,0.006042941939085722,0.04673377797007561,
109,0.004746846802946594,0.005927239079028368,0.04590775445103645,
110,0.0047072722680038875,0.005887820851057768,0.04603157564997673,
111,0.0047040642239153385,0.005880909506231546,0.0458291657269001,
112,0.00468273295296563,0.005934969987720251,0.045890744775533676,
113,0.0046685510832402445,0.005875858012586832,0.04615816846489906,
114,0.004666693094703887,0.0059350598603487015,0.047097690403461456,
115,0.00467758687833945,0.005851367022842169,0.0460008904337883,
116,0.004608290166490608,0.005828492809087038,0.04556121304631233,
117,0.004555951312391294,0.005902126431465149,0.045995257794857025,
118,0.0045752910276254015,0.005754731595516205,0.045192062854766846,
119,0.0045722853392362595,0.005796894896775484,0.04522239416837692,
120,0.0045288266200158335,0.005787426605820656,0.04532180353999138,
121,0.004532746970653534,0.005829999689012766,0.045304086059331894,
122,0.0044953540588418646,0.005844094790518284,0.0455365851521492,
123,0.004532442324691349,0.005754637997597456,0.04526778310537338,
124,0.004541282542049885,0.005856345873326063,0.046223290264606476,
125,0.00455776612377829,0.005922195967286825,0.04590765759348869,
126,0.00459451906176077,0.005834589712321758,0.045617178082466125,
127,0.0045581297017633915,0.00572521286085248,0.04494728147983551,
128,0.004472064578698741,0.00569037813693285,0.04495716467499733,
129,0.004450699935356776,0.005755677353590727,0.04508817195892334,
130,0.004521285804609458,0.005855299532413483,0.0452953539788723,
131,0.004499544544766347,0.005683213472366333,0.04480443522334099,
132,0.004454259243276384,0.00576016353443265,0.045354198664426804,
133,0.00446062736834089,0.005698976572602987,0.044640619307756424,
134,0.004445485718962219,0.005645301658660173,0.04469402879476547,
135,0.004384556630005439,0.005693241022527218,0.04492608457803726,
136,0.004372746424956454,0.0055548567324876785,0.0442848801612854,
137,0.004435734564645423,0.005594032350927591,0.044201213866472244,
138,0.00437536168222626,0.005683551542460918,0.04483746364712715,
139,0.004355299855685896,0.0056812455877661705,0.044567596167325974,
140,0.004337309911433194,0.005662465468049049,0.04466537758708,
141,0.004340153239253495,0.005558809265494347,0.04427987337112427,
142,0.0043213851749897,0.0055468822829425335,0.043965697288513184,
143,0.004271507159703308,0.005532662849873304,0.043784670531749725,
144,0.004255916664583815,0.005449775140732527,0.04361152648925781,
145,0.004243520347194539,0.005535725504159927,0.044102270156145096,
146,0.004271364926050107,0.005631356965750456,0.04474729672074318,
147,0.004300648450023598,0.005638051312416792,0.04423987865447998,
148,0.004311818836463822,0.005548488348722458,0.04411251097917557,
149,0.004233869465274943,0.005640851799398661,0.04465460777282715,
150,0.004263629878146781,0.005519227124750614,0.04344261810183525,
151,0.004241351866059833,0.005671988241374493,0.04454222694039345,
152,0.004286670746902625,0.005481524392962456,0.04373230040073395,
153,0.0042008876076175105,0.005462586879730225,0.04351883381605148,
154,0.004210366401821375,0.005437919870018959,0.04309196025133133,
155,0.004162008615417613,0.005559505429118872,0.04396536946296692,
156,0.0041908820987575585,0.005462468136101961,0.04324749857187271,
157,0.004070452492063244,0.005520125851035118,0.04349067062139511,
158,0.0041233927477151155,0.005567047744989395,0.04361965134739876,
159,0.004168571438640356,0.005439558532088995,0.04317285865545273,
160,0.004120114880303542,0.005479747429490089,0.04343416169285774,
161,0.004112997144046757,0.005475688260048628,0.043126508593559265,
162,0.0041084605683055185,0.005391199607402086,0.04269617795944214,
163,0.00405541820348137,0.005546126049011946,0.043729912489652634,
164,0.004106999762977163,0.005431285593658686,0.04306843876838684,
165,0.00408491743211117,0.005441039334982634,0.04304436594247818,
166,0.00408257187033693,0.005615359637886286,0.04371653497219086,
167,0.004107943192745249,0.005401185713708401,0.04286186397075653,
168,0.004050546403353413,0.005381502211093903,0.04277830570936203,
169,0.004033651694448458,0.005394855048507452,0.043009694665670395,
170,0.0040445818772746455,0.005455830134451389,0.043221376836299896,
171,0.004098282428458333,0.005522589664906263,0.04324297606945038,
172,0.004051248801665174,0.005300607532262802,0.0423065647482872,
173,0.004009600547659729,0.005311586428433657,0.04290221631526947,
174,0.004057876946818497,0.005379414185881615,0.04312033951282501,
175,0.004007433541119099,0.005326705984771252,0.04319930449128151,
176,0.004037262173369527,0.005333254113793373,0.04259645938873291,
177,0.004003265846727623,0.005337969865649939,0.04259398952126503,
178,0.004000329955791433,0.005387740675359964,0.04288538172841072,
179,0.004004279280909234,0.00527532771229744,0.04198466241359711,
180,0.003993201198884183,0.0053246840834617615,0.04239241033792496,
181,0.003980359605823954,0.005353866145014763,0.042790912091732025,
182,0.00395731651224196,0.0053610787726938725,0.042071979492902756,
183,0.004032004831565751,0.005300068762153387,0.042210839688777924,
184,0.003966672552956475,0.005261254031211138,0.042202215641736984,
185,0.003954077294717233,0.005262386053800583,0.04262740537524223,
186,0.003953466761029429,0.005418420769274235,0.042595867067575455,
187,0.004073302080440853,0.005508048925548792,0.04414059966802597,
188,0.004032405403753121,0.0054067266173660755,0.0422513484954834,
189,0.004020642023533583,0.005390996113419533,0.042398273944854736,
190,0.0039846933343344266,0.005399342626333237,0.042960215359926224,
191,0.003911182672406237,0.005358370952308178,0.04211348667740822,
192,0.003928726332055198,0.005241310689598322,0.04206783324480057,
193,0.003896326861447758,0.005150406621396542,0.0416080504655838,
194,0.0038485125276363557,0.005155463237315416,0.04187491163611412,
195,0.003873097813791699,0.0052421861328184605,0.042100004851818085,
196,0.003835834666258759,0.0051741935312747955,0.04152393713593483,
197,0.003844460731165277,0.005396341439336538,0.04240506887435913,
198,0.003910239734169509,0.0051857177168130875,0.04184644669294357,
199,0.00390121767607828,0.005174353718757629,0.04165428504347801,
200,0.0038349335599276754,0.005225358530879021,0.04196634516119957,
201,0.003826859381256832,0.005142586305737495,0.04158053919672966,
202,0.0038294842363231713,0.005109367426484823,0.041217025369405746,
203,0.003830391422121061,0.005203824490308762,0.04196533188223839,
204,0.00379878179066711,0.005248596891760826,0.04145863652229309,
205,0.0038941712636086675,0.00525303790345788,0.04164636880159378,
206,0.003799526822856731,0.005122335162013769,0.04164012894034386,
207,0.003811674787559443,0.005177291110157967,0.04125726968050003,
208,0.003843706152919266,0.005113209597766399,0.041266221553087234,
209,0.003848384858833419,0.005170044023543596,0.04207616299390793,
210,0.0038597584805554813,0.005136357620358467,0.0414360947906971,
211,0.0038283357344981697,0.005167462397366762,0.041996657848358154,
212,0.0038780367467552423,0.00511827552691102,0.041202399879693985,
213,0.0037544608478330905,0.005160029977560043,0.04129141569137573,
214,0.0037545290930817523,0.005103427916765213,0.04146678000688553,
215,0.0038029752775198883,0.005157128442078829,0.041621409356594086,
216,0.0037666294568528733,0.005133715458214283,0.041269559413194656,
217,0.0038463190301424926,0.005237124860286713,0.042679913341999054,
218,0.0038084007747885254,0.005139969289302826,0.04150928556919098,
219,0.003763386591648062,0.005019329953938723,0.04065319523215294,
220,0.0037548315400878587,0.0051644123159348965,0.041662491858005524,
221,0.00373512278828356,0.005047247279435396,0.04090453311800957,
222,0.003742261737998989,0.005070381332188845,0.04070965200662613,
223,0.0037252800021734503,0.005155823193490505,0.04139561951160431,
224,0.003779070167284873,0.005187974777072668,0.04155454784631729,
225,0.003832819793994228,0.005110760685056448,0.040893200784921646,
226,0.0037409790739830998,0.004980298224836588,0.04070369526743889,
227,0.003742651108445393,0.005035887472331524,0.04074244946241379,
228,0.0037353355696217883,0.005279789678752422,0.04191647097468376,
229,0.0038101359580953917,0.005148598924279213,0.041158951818943024,
230,0.0037484849130527843,0.004999667406082153,0.04102110117673874,
231,0.0036974473752909237,0.005084865726530552,0.04117164388298988,
232,0.003748669314922558,0.005053701810538769,0.040920887142419815,
233,0.003696310075206889,0.004983251914381981,0.04114668443799019,
234,0.0037258429349296624,0.005081364884972572,0.04180894047021866,
235,0.003739620144996378,0.00504863727837801,0.0412617102265358,
236,0.003744467885957824,0.005059774965047836,0.04115021228790283,
237,0.0037510869765861165,0.005082067102193832,0.040872152894735336,
238,0.0037546634104930693,0.005016138311475515,0.040695130825042725,
239,0.0037001222113354337,0.004966902080923319,0.040672365576028824,
240,0.003714669728651643,0.004989217966794968,0.040621478110551834,
241,0.0037083395032419097,0.005075484048575163,0.04114995524287224,
242,0.0037587323329514926,0.004910922609269619,0.04070198908448219,
243,0.0037319163740095166,0.005019304808229208,0.04081589728593826,
244,0.0037027865958710513,0.005104924086481333,0.04080768674612045,
245,0.003666890940318505,0.005070625338703394,0.040728140622377396,
246,0.003658849849469132,0.004939327482134104,0.0403849259018898,
247,0.00367758865468204,0.004870649427175522,0.04010046273469925,
248,0.003663084909526838,0.004885164089500904,0.040396131575107574,
249,0.0037036973517388105,0.004901370499283075,0.040239132940769196,
250,0.0036938537377864122,0.0048714326694607735,0.04004119336605072,
251,0.003687596776419216,0.0050977240316569805,0.04111244156956673,
252,0.003749383225416144,0.005038931965827942,0.04180820286273956,
253,0.0037092772157241902,0.005066386424005032,0.04128209874033928,
254,0.0036719906299064555,0.004922203253954649,0.04027072340250015,
255,0.0036282770646115146,0.004913736134767532,0.04001491516828537,
256,0.0036454611561364597,0.004855988547205925,0.04018101841211319,
257,0.0036455399305042294,0.004882074426859617,0.04026655852794647,
258,0.0035945745185017586,0.005014460999518633,0.0403749905526638,
259,0.003662748443376687,0.0049592615105211735,0.0401223860681057,
260,0.003652599071049028,0.004929626826196909,0.04056902229785919,
261,0.0036541595020227963,0.004947152454406023,0.04067161679267883,
262,0.0036711585449261796,0.005006558261811733,0.04019821435213089,
263,0.0036650530786977876,0.004884121939539909,0.039892882108688354,
264,0.0036553393583744764,0.00500625791028142,0.0402209497988224,
265,0.0036225793107102313,0.004938793834298849,0.04014250263571739,
266,0.003590002009231183,0.004886151757091284,0.03981080278754234,
267,0.003619095569269525,0.004967152141034603,0.04022914543747902,
268,0.003650592795262734,0.0048923310823738575,0.04042540118098259,
269,0.003644727687868807,0.004844386596232653,0.03977455571293831,
270,0.0035790004250076082,0.004830062389373779,0.03999011591076851,
271,0.003603616884599129,0.004879090003669262,0.04032202810049057,
272,0.0035998650516072908,0.004886021837592125,0.04004567116498947,
273,0.003575046883068151,0.0048775440081954,0.039756011217832565,
274,0.00355695653706789,0.004916117060929537,0.04016604274511337,
275,0.0035827962888611686,0.004871181678026915,0.039844173938035965,
276,0.0035887074967225394,0.004849019926041365,0.03964531794190407,
277,0.0036000738489545053,0.00488372752442956,0.04026920720934868,
278,0.003617154641283883,0.004905933979898691,0.040732283145189285,
279,0.0036054409833418,0.0050177969969809055,0.040089815855026245,
280,0.003686925991334849,0.005112486891448498,0.04179995507001877,
281,0.003692069323733449,0.004995100665837526,0.03976313769817352,
282,0.00365531879166762,0.004790693521499634,0.03951498493552208,
283,0.0035951033286336395,0.004971075337380171,0.04048591107130051,
284,0.0035898329741838905,0.004810656420886517,0.03944630175828934,
285,0.0035702218301594257,0.004817731212824583,0.03953464701771736,
286,0.003557607117626402,0.004788566380739212,0.03981655836105347,
287,0.00354564502938754,0.004822288639843464,0.039684344083070755,
288,0.0035551194256792464,0.0048074363730847836,0.039490677416324615,
289,0.0035888764282895457,0.004773958586156368,0.03965393826365471,
290,0.0035696120984438392,0.004762236028909683,0.03998757153749466,
291,0.003576504946168926,0.0048058610409498215,0.039552025496959686,
292,0.003573038796376851,0.004849628545343876,0.04036439582705498,
293,0.0035392012602339187,0.004793645814061165,0.03930949419736862,
294,0.0035337600339617995,0.0047415453009307384,0.03921191394329071,
295,0.0035452560728622805,0.004855535924434662,0.04042355716228485,
296,0.0036072154632873004,0.004789797589182854,0.039630502462387085,
297,0.003532152415977584,0.0048255156725645065,0.03937714919447899,
298,0.003540418291878369,0.004773770924657583,0.03945999592542648,
299,0.003497964521456096,0.00487010832875967,0.03954319283366203,
300,0.0035819776045779386,0.004708218853920698,0.0395071916282177,
301,0.0035637645568284723,0.004891835618764162,0.04012070968747139,
302,0.0035584710486647156,0.00475325295701623,0.039571598172187805,
303,0.0035263864944378534,0.004856554791331291,0.039931200444698334,
304,0.003601089378611909,0.004763787612318993,0.039410583674907684,
305,0.0034979520262115532,0.004701924044638872,0.03911919519305229,
306,0.00350099069894188,0.004793815780431032,0.039578791707754135,
307,0.00357761290959186,0.0046692355535924435,0.03877328336238861,
308,0.003525258352359136,0.0047709145583212376,0.03967536240816116,
309,0.003550937683838937,0.004847358446568251,0.03982064500451088,
310,0.003527214802387688,0.004737661685794592,0.03978418931365013,
311,0.0035815502827366195,0.004800459835678339,0.04000023379921913,
312,0.003564725888686048,0.00482140714302659,0.03950951620936394,
313,0.0035519255325198174,0.0047383178025484085,0.03956935927271843,
314,0.00351133789970643,0.004828975535929203,0.03959280997514725,
315,0.0035908913964198697,0.004790039733052254,0.039580024778842926,
316,0.0035398684493783447,0.004713851027190685,0.039453018456697464,
317,0.003527547155196468,0.004694310016930103,0.03912357613444328,
318,0.003476774035435584,0.004751074127852917,0.03915103152394295,
319,0.003543814023335775,0.0050880201160907745,0.039693433791399,
320,0.0036499975507871974,0.004813592880964279,0.04088222607970238,
321,0.0035431518012450803,0.00471582543104887,0.039185088127851486,
322,0.003521559682364265,0.0046568457037210464,0.03916357457637787,
323,0.0035318611707124445,0.00474931113421917,0.03956614434719086,
324,0.003571427815283338,0.004825991578400135,0.039802927523851395,
325,0.003536437146572603,0.004677501507103443,0.039045460522174835,
326,0.0034967433247301313,0.004731973633170128,0.03946039080619812,
327,0.003496904184834825,0.004637847188860178,0.038914017379283905,
328,0.00349444344950219,0.004626680631190538,0.038853783160448074,
329,0.003473235863364405,0.004680322483181953,0.03925231099128723,
330,0.00352314171484775,0.004790957551449537,0.03940432518720627,
331,0.0035538899505303968,0.0047558327205479145,0.04015764966607094,
332,0.0034893197007477283,0.004841151647269726,0.039894212037324905,
333,0.003544562729075551,0.004790193401277065,0.0396704338490963,
334,0.003485805665453275,0.00479120435193181,0.039401810616254807,
335,0.0034760901859651008,0.004779744427651167,0.0393625870347023,
336,0.0035447432245645258,0.004682590253651142,0.03933519497513771,
337,0.003489055179266466,0.0047645531594753265,0.03973504900932312,
338,0.0034693312417301866,0.004727011546492577,0.03949683904647827,
339,0.0034708886976457303,0.004716516938060522,0.039223238825798035,
340,0.003461229330342677,0.004630977753549814,0.038977984338998795,
341,0.0034669471852895287,0.004696667660027742,0.039001744240522385,
342,0.0034907471336838272,0.004635598976165056,0.03893613815307617,
343,0.003495506968142258,0.004738694056868553,0.03932381421327591,
344,0.003475107847609454,0.004644351080060005,0.03875095769762993,
345,0.003487289779716068,0.004687218461185694,0.03882535919547081,
346,0.0034921051313479743,0.004697929602116346,0.03901534900069237,
347,0.0035376365348282787,0.0046439203433692455,0.03863902390003204,
348,0.0034573881938639614,0.004622636828571558,0.03880962356925011,
349,0.0034307108208951023,0.004627238493412733,0.03899753838777542,
350,0.0034233881160616875,0.004580847918987274,0.03821173310279846,
351,0.003437685211085611,0.0045708403922617435,0.03852640837430954,
352,0.00342075084336102,0.0046281712129712105,0.03878505900502205,
353,0.0035162295939193833,0.0046333083882927895,0.03891612961888313,
354,0.0034792788792401552,0.004672426264733076,0.038816098123788834,
355,0.003482994804572728,0.004666271153837442,0.038932330906391144,
356,0.003461334440443251,0.004661037586629391,0.03864925354719162,
357,0.003448783756337232,0.004644834436476231,0.038973115384578705,
358,0.003431789835708009,0.004619799088686705,0.039139121770858765,
359,0.0034452061065369183,0.0047849016264081,0.03906755521893501,
360,0.003575896896007988,0.0046372367069125175,0.038662251085042953,
361,0.0035151914538194737,0.004782513715326786,0.03947972133755684,
362,0.003462220568002926,0.004709675908088684,0.0388607531785965,
363,0.003519131931372815,0.00479780463501811,0.03943518176674843,
364,0.00348808070541256,0.004697028081864119,0.039303574711084366,
365,0.003501568248288499,0.004726285580545664,0.039412956684827805,
366,0.003455226335467564,0.004878230858594179,0.03932545334100723,
367,0.003524513423649801,0.004604903981089592,0.03876666724681854,
368,0.003474456930740012,0.004681771621108055,0.03888726606965065,
369,0.0034408349440329606,0.004696119576692581,0.03922203928232193,
370,0.0034554291826983294,0.004668766632676125,0.03878048434853554,
371,0.0034430164895537826,0.00458148680627346,0.038344237953424454,
372,0.003448152578332358,0.004648449365049601,0.03839839994907379,
373,0.003415436354569263,0.004578572232276201,0.03844614699482918,
374,0.0034466593836744628,0.004564983304589987,0.038142286241054535,
375,0.0034672130261444384,0.004913847893476486,0.0391024649143219,
376,0.0035224262521498734,0.004790044389665127,0.03935648500919342,
377,0.0035310968135794005,0.0047407206147909164,0.040212180465459824,
378,0.003436960952563418,0.00459273299202323,0.0385054275393486,
379,0.0034229480661451817,0.004596794955432415,0.03850996494293213,
380,0.0034088128142886693,0.004583500325679779,0.03837180510163307,
381,0.0034092662907722923,0.004676823504269123,0.03894266113638878,
382,0.0034534882029725444,0.004659201484173536,0.03897228091955185,
383,0.0034232926554977894,0.004641316365450621,0.039619818329811096,
384,0.0034675184223386976,0.004540107678622007,0.03862330690026283,
385,0.003445177623588178,0.00454830564558506,0.03805317357182503,
386,0.0034156398485518163,0.004630184732377529,0.03872688487172127,
387,0.0034217246963332095,0.004581950604915619,0.038450393825769424,
388,0.0033977902494370937,0.004517353139817715,0.037911176681518555,
389,0.003441671608015895,0.0046659549698233604,0.039045222103595734,
390,0.0034078844150321353,0.0045746127143502235,0.03880850225687027,
391,0.0034035196165657705,0.004582191351801157,0.03865183889865875,
392,0.0033974203332844707,0.004535036161541939,0.03813445195555687,
393,0.0034213057822651332,0.00464471522718668,0.038718245923519135,
394,0.0034422380332317618,0.004550074227154255,0.03832004591822624,
395,0.0034581522405561474,0.004579522181302309,0.038855914026498795,
396,0.00341947498317394,0.004747337196022272,0.039419785141944885,
397,0.003500129794701934,0.00464642746374011,0.03849904239177704,
398,0.0034824288967582914,0.004547424148768187,0.038458265364170074,
399,0.0034340411010715696,0.004560372326523066,0.03849969059228897,
400,0.0034363580505467122,0.004625325091183186,0.03853706270456314,
401,0.0034606968984007835,0.004608969669789076,0.03882190212607384,
402,0.003469953779131174,0.004630172159522772,0.03877401724457741,
403,0.003445486201801234,0.004568048287183046,0.03816723823547363,
404,0.0033829135613309014,0.004544585477560759,0.03807448223233223,
405,0.0033877871723638642,0.0045343125239014626,0.038233574479818344,
406,0.003386843173454205,0.004541121888905764,0.03801867365837097,
407,0.00343276337823934,0.004602846223860979,0.03909061476588249,
408,0.0034270627786301905,0.004556100349873304,0.03863868862390518,
409,0.0034363948377884096,0.00453295698389411,0.03820217773318291,
410,0.0034149651570866504,0.004608903545886278,0.03892820328474045,
411,0.0033658613813006217,0.004658415447920561,0.03854707255959511,
412,0.0034356675524678496,0.004540518391877413,0.03822384402155876,
413,0.0033849867371221385,0.004543909803032875,0.03836698457598686,
414,0.003343272410954038,0.004641264211386442,0.038394827395677567,
415,0.0034058519846035373,0.0045754509046673775,0.038791924715042114,
416,0.0034118572819150155,0.004537601489573717,0.03811386600136757,
417,0.0033886191279937825,0.004643979948014021,0.03810818865895271,
418,0.0033825760086377463,0.004571729805320501,0.038394343107938766,
419,0.0033834982249471876,0.004633397329598665,0.04004869610071182,
420,0.0033632824973513684,0.004625475499778986,0.03859106823801994,
421,0.003495855670836237,0.004676915239542723,0.03939453139901161,
422,0.003494490119111207,0.00459247874096036,0.03882043808698654,
423,0.003430783101874921,0.00458912830799818,0.03870588168501854,
424,0.0033763960883435276,0.004568835254758596,0.038444697856903076,
425,0.0033813869684106773,0.004484976641833782,0.03801024332642555,
426,0.0034196501752982536,0.004606278147548437,0.03827911987900734,
427,0.0033893155244489512,0.004704299848526716,0.038855426013469696,
428,0.003451098325765795,0.004514684434980154,0.03780701756477356,
429,0.003433407646500402,0.004583704750984907,0.03844904899597168,
430,0.0033712387084960938,0.004552226513624191,0.03819974511861801,
431,0.0033657690251453053,0.004552457947283983,0.03809800744056702,
432,0.0033526408434328106,0.00461807195097208,0.03835263475775719,
433,0.0034740292467176914,0.00473737670108676,0.03904284909367561,
434,0.0035343121271580458,0.004729188047349453,0.04029646888375282,
435,0.0034723581694480446,0.004476828966289759,0.03809015080332756,
436,0.0033691300389667353,0.004610074684023857,0.039088476449251175,
437,0.003384374806450473,0.004500748123973608,0.037948865443468094,
438,0.0034250481468107966,0.004567278549075127,0.03847265616059303,
439,0.0034091078107141787,0.0047621456906199455,0.03887031227350235,
440,0.0034450258180085155,0.004556542728096247,0.03843788430094719,
441,0.003414450523753961,0.00460296543315053,0.03795529901981354,
442,0.003373326500877738,0.004620877094566822,0.03876258432865143,
443,0.0033749572725759614,0.004593233112245798,0.03874947503209114,
444,0.003397966967895627,0.00451111514121294,0.03799597546458244,
445,0.0033510513603687286,0.004543999210000038,0.037924911826848984,
446,0.0033633633930650023,0.004479276016354561,0.03772136569023132,
447,0.0033564194002085263,0.004462621174752712,0.0378742516040802,
448,0.003380185200108422,0.0045411912724375725,0.038545481860637665,
449,0.0034120861544377273,0.00442495895549655,0.037725817412137985,
450,0.003365938448243671,0.004455926362425089,0.037836018949747086,
451,0.0033770062598503297,0.004474851302802563,0.037889041006565094,
452,0.0033279978152778414,0.0044054207392036915,0.03744615241885185,
453,0.0033320546822829377,0.004530575126409531,0.03771889582276344,
454,0.0033739081118255854,0.004503194242715836,0.03767429664731026,
455,0.0033032389409426185,0.004458215553313494,0.03758709505200386,
456,0.0033282440724886125,0.004403717815876007,0.03769826516509056,
457,0.0033526196299741664,0.004620246589183807,0.03817559406161308,
458,0.0033603426224241653,0.004452164750546217,0.03766723349690437,
459,0.003282369735340277,0.004448497202247381,0.037471141666173935,
460,0.003323526406246755,0.004513004329055548,0.03782646730542183,
461,0.003373565333377984,0.004452517721801996,0.03757967799901962,
462,0.0033730517089780834,0.004536908119916916,0.03796237334609032,
463,0.0033731895964592695,0.0045372662134468555,0.03788086026906967,
464,0.003407716595878204,0.004521499387919903,0.03815186768770218,
465,0.0033603792544454336,0.004464281722903252,0.03784090280532837,
466,0.0033417969372951323,0.00452485540881753,0.03776884078979492,
467,0.0033846048689964744,0.004536755383014679,0.038141410797834396,
468,0.0033432291561944615,0.004460355266928673,0.0377463735640049,
469,0.0032928489252097076,0.004506505560129881,0.03789326548576355,
470,0.003318410806564821,0.004548253957182169,0.03789813816547394,
471,0.003330865538575583,0.004425897728651762,0.03811782971024513,
472,0.0033254766215880713,0.004466627724468708,0.03810859099030495,
473,0.003324607309574882,0.00441335141658783,0.037673089653253555,
474,0.0033132233656942844,0.004435606766492128,0.037486713379621506,
475,0.0033433352493577534,0.004404500592499971,0.03734811395406723,
476,0.003344182571810153,0.004424670245498419,0.03789795562624931,
477,0.0032971223505834737,0.004511797334998846,0.03846078738570213,
478,0.0032892877546449504,0.004428155720233917,0.037508487701416016,
479,0.003311344681100713,0.004518104251474142,0.03809117525815964,
480,0.0033575111689666906,0.004474072717130184,0.03823776915669441,
481,0.003349810191947553,0.004427845124155283,0.037392619997262955,
482,0.0033031586919807726,0.004558083135634661,0.03834330290555954,
483,0.003368963616796666,0.004436321556568146,0.03786734864115715,
484,0.003310114662680361,0.004478288348764181,0.037575848400592804,
485,0.0033666574551413455,0.004558737855404615,0.039379265159368515,
486,0.0034390612919297484,0.004517348017543554,0.03855196014046669,
487,0.003423515552033981,0.004571390803903341,0.03825860470533371,
488,0.003487442076827089,0.0046957703307271,0.040090370923280716,
489,0.0035007403283897373,0.0045789917930960655,0.039421457797288895,
490,0.003403154538116521,0.004578310530632734,0.03807162120938301,
491,0.0033792255498054954,0.004459322430193424,0.03861800581216812,
492,0.003326598528979553,0.004611340817064047,0.038711801171302795,
493,0.003378587438621455,0.004419086035341024,0.03746241331100464,
494,0.0033133470763762793,0.004441943950951099,0.03776704892516136,
495,0.003343700094976359,0.004452536813914776,0.037333399057388306,
496,0.003344594914880064,0.004571028985083103,0.03851240873336792,
497,0.003361832376362549,0.004573548678308725,0.03914431110024452,
498,0.003425310081284907,0.004428999964147806,0.03751001134514809,
499,0.0033331498141503995,0.004420388489961624,0.0373951718211174,
500,0.0033433669660654333,0.004454171285033226,0.037473633885383606,
501,0.0033288297967778314,0.004608784802258015,0.03796060383319855,
502,0.003373710179908408,0.004379252437502146,0.037425071001052856,
503,0.0033329874535815585,0.004458670504391193,0.03792228177189827,
504,0.0033165923474977412,0.004532601218670607,0.03809630870819092,
505,0.0033162294938746425,0.004485158249735832,0.038282182067632675,
506,0.003324587751800815,0.004413846414536238,0.037493664771318436,
507,0.0033374118049525553,0.004366738256067038,0.03722374886274338,
508,0.0033468420151621103,0.0044679767452180386,0.037417419254779816,
509,0.003388154294548763,0.004465855658054352,0.038063082844018936,
510,0.003325814614072442,0.004415043629705906,0.03736018016934395,
511,0.0032834080306606162,0.004346640780568123,0.03714216500520706,
512,0.0032992162741720676,0.004463819321244955,0.037999652326107025,
513,0.003372770061509477,0.00441534211859107,0.037744879722595215,
514,0.003422746072626776,0.004623175133019686,0.03764957934617996,
515,0.0034196551682220567,0.0044944570399820805,0.03877173364162445,
516,0.0033467395179387596,0.004591644741594791,0.03777662292122841,
517,0.00333529107996987,0.0043783169239759445,0.037398915737867355,
518,0.0032953465771343973,0.004395110998302698,0.03736456111073494,
519,0.0032914994646691615,0.004487751983106136,0.038037605583667755,
520,0.003307684143591258,0.004361853003501892,0.03713589534163475,
521,0.003283228130183286,0.004416946787387133,0.037912867963314056,
522,0.0032810799829247925,0.004407806321978569,0.037281669676303864,
523,0.003305654739961028,0.004449015483260155,0.03772355616092682,
524,0.0033039956405344936,0.004442836623638868,0.03754274919629097,
525,0.003266268797839681,0.00439031794667244,0.037114426493644714,
526,0.0033177714536173474,0.004377343691885471,0.03770388662815094,
527,0.003283299376360244,0.004428806249052286,0.03732914477586746,
528,0.003291886067017913,0.004344610963016748,0.037070147693157196,
529,0.003319220617413521,0.004431535489857197,0.0375591404736042,
530,0.003274505983831154,0.004423846025019884,0.038229674100875854,
531,0.003310489726977216,0.004392445087432861,0.03758809715509415,
532,0.00328841978787548,0.004443087615072727,0.03801770135760307,
533,0.0033185857141183484,0.004503714852035046,0.03721104562282562,
534,0.0033526943686107793,0.004414848517626524,0.03771698847413063,
535,0.0033352834224287006,0.004530711565166712,0.0377582348883152,
536,0.0034026821247405475,0.00437474250793457,0.037912867963314056,
537,0.0033718342116723457,0.004392419476062059,0.03792615979909897,
538,0.003311736276373267,0.004430811852216721,0.03702744096517563,
539,0.003294143385978209,0.004352744668722153,0.03735412284731865,
540,0.0032670081903537116,0.004438919480890036,0.03725643828511238,
541,0.0033301958659042916,0.004376909229904413,0.03754192590713501,
542,0.0033007433068835074,0.004417740739881992,0.03729190677404404,
543,0.0032895380217168066,0.0043771713972091675,0.03794809803366661,
544,0.003252855631419354,0.004337147809565067,0.03690478578209877,
545,0.003281031321320269,0.004409605171531439,0.03742227330803871,
546,0.0033188810468547875,0.0043764784932136536,0.03781425952911377,
547,0.0033003670008232198,0.004310501739382744,0.03692403808236122,
548,0.003280593858410915,0.004526062868535519,0.03756900876760483,
549,0.003430320907177197,0.004517807625234127,0.03801580145955086,
550,0.00331952720363107,0.0043914057314395905,0.03732367232441902,
551,0.003328828192833397,0.004371108021587133,0.037192463874816895,
552,0.0032610094640403986,0.004405632149428129,0.037689369171857834,
553,0.003352382375548283,0.004513229243457317,0.038146477192640305,
554,0.003370547020393941,0.00436308141797781,0.03722890466451645,
555,0.003315490980943044,0.004441122058779001,0.03728167712688446,
556,0.003300982320474254,0.004388916771858931,0.03703034296631813,
557,0.0032962094474997786,0.004448780789971352,0.03744259849190712,
558,0.0033102887423915994,0.004288915079087019,0.036908846348524094,
559,0.0032536224979493353,0.004398326389491558,0.037446022033691406,
560,0.00331639537277321,0.004352658521384001,0.03692986071109772,
561,0.0033258709590882063,0.004348360933363438,0.037028223276138306,
562,0.003284784137374825,0.004355683457106352,0.03717838227748871,
563,0.0032579394109133217,0.004353631753474474,0.037114135921001434,
564,0.003259440547683173,0.004374527372419834,0.0371963195502758,
565,0.0032894875233372054,0.004434754606336355,0.037376295775175095,
566,0.003311181932480799,0.004421897232532501,0.03772499039769173,
567,0.00333499983470473,0.004338944796472788,0.037226639688014984,
568,0.003253576966623465,0.00440831808373332,0.03722212463617325,
569,0.003272755252611306,0.004352673888206482,0.03713646158576012,
570,0.003304136528943976,0.004394178278744221,0.03758079558610916,
571,0.003305833786725998,0.004349114373326302,0.03744686022400856,
572,0.003321525718395909,0.0044700163416564465,0.037479571998119354,
573,0.0033634675977130732,0.004379121121019125,0.0382545031607151,
574,0.0032900807240770925,0.004339538514614105,0.03689136728644371,
575,0.003253861433929867,0.004315044730901718,0.03704631328582764,
576,0.0032988101399193206,0.004362042061984539,0.03701399266719818,
577,0.0032846711627725097,0.004340188577771187,0.03719491511583328,
578,0.0032596103847026825,0.004384161904454231,0.0374380424618721,
579,0.0032650764979836014,0.004299276042729616,0.03671859949827194,
580,0.0032536793344964585,0.004387182183563709,0.03728868067264557,
581,0.0032907903918789495,0.004512686748057604,0.03737187385559082,
582,0.0033257535607036618,0.004305522423237562,0.03704071789979935,
583,0.0032665286109679276,0.0043542031198740005,0.03733444586396217,
584,0.0033263872739755446,0.004374800715595484,0.03787217661738396,
585,0.003278252409978045,0.004402632359415293,0.03729528561234474,
586,0.0033002750585890478,0.004316907376050949,0.037233687937259674,
587,0.003292879503634241,0.004338233731687069,0.03710957616567612,
588,0.003249547082102961,0.004274629056453705,0.03693094849586487,
589,0.003263172305499514,0.004361014347523451,0.03705507516860962,
590,0.0032480372012489373,0.0044015152379870415,0.03818288445472717,
591,0.0032479276414960623,0.004314824007451534,0.03701959177851677,
592,0.0032375130750652817,0.004320399835705757,0.036980051547288895,
593,0.0032698187925335434,0.00438766460865736,0.03794008865952492,
594,0.003273674261031879,0.004407819360494614,0.03725862130522728,
595,0.003249564647881521,0.004319571889936924,0.03650008141994476,
596,0.0032557410498460135,0.004362958949059248,0.036917053163051605,
597,0.0033271918073296547,0.004428676329553127,0.03749997168779373,
598,0.0032864089330865275,0.0045602223835885525,0.03724726289510727,
599,0.0032745831025143466,0.0043141841888427734,0.037189070135354996,
600,0.003262207895103428,0.004419178701937199,0.03742828592658043,
601,0.0033101304175539147,0.0044989213347435,0.03809227794408798,
602,0.003279146324429247,0.004412659909576178,0.03696571663022041,
603,0.003295859477172295,0.0044746603816747665,0.038508880883455276,
604,0.0033318057345847287,0.00430134916678071,0.0366533137857914,
605,0.0032701040359420907,0.004324994515627623,0.03711863234639168,
606,0.0032607734255078766,0.004497258458286524,0.03752190247178078,
607,0.0032948621600452396,0.004469723906368017,0.03739295154809952,
608,0.0033645601684434544,0.004291172605007887,0.03706376254558563,
609,0.003308561397716403,0.004437977448105812,0.03729857876896858,
610,0.0032935575840787757,0.004489932209253311,0.03719736263155937,
611,0.0032423207432859475,0.004337906371802092,0.0371737964451313,
612,0.0033013615498526227,0.004294047597795725,0.03667974844574928,
613,0.003316404970569743,0.004302241373807192,0.03692249953746796,
614,0.003274672224910723,0.004311995580792427,0.036895640194416046,
615,0.00328906061541703,0.004477758891880512,0.03786114603281021,
616,0.0032417302071634266,0.004280632361769676,0.03658440709114075,
617,0.003217323502111766,0.004286794923245907,0.036601655185222626,
618,0.003225849501581656,0.004323259461671114,0.036859672516584396,
619,0.003264849384625753,0.004337907303124666,0.03756130486726761,
620,0.0032348020726607907,0.004255020525306463,0.036511003971099854,
621,0.003256023602767123,0.004298011306673288,0.03678460419178009,
622,0.0032615377567708492,0.004478218965232372,0.03712015226483345,
623,0.00328558039230605,0.004426291678100824,0.03863132372498512,
624,0.0032806718308064672,0.004298580810427666,0.036715105175971985,
625,0.0032111346566428742,0.004403205122798681,0.037577465176582336,
626,0.003273368916577763,0.004342546220868826,0.037113238126039505,
627,0.0032918921982248626,0.004366264212876558,0.03724125027656555,
628,0.0032645802582717603,0.004389887675642967,0.03761523962020874,
629,0.0032573880162090063,0.004504114389419556,0.0376623310148716,
630,0.003252353338110778,0.004320751875638962,0.03756911680102348,
631,0.0032649480789485904,0.004433233756572008,0.037355270236730576,
632,0.003320942632853985,0.004271227400749922,0.036808617413043976,
633,0.003236902282676763,0.004422931000590324,0.03707252815365791,
634,0.0032762290858146218,0.004388255532830954,0.03753618150949478,
635,0.0032934765072746407,0.004345146473497152,0.03746086359024048,
636,0.003238284986259209,0.00428312923759222,0.03700592368841171,
637,0.003260835229108731,0.0043700700625777245,0.03716777637600899,
638,0.0032597584132519034,0.004283201415091753,0.03663913533091545,
639,0.0032557759744425616,0.004264343064278364,0.03636043891310692,
640,0.003177777501857943,0.004283000715076923,0.03695029020309448,
641,0.003224760578531358,0.0042795040644705296,0.036574508994817734,
642,0.003227736542208327,0.004348216578364372,0.03687034174799919,
643,0.0032454117253008815,0.004348017740994692,0.03750239312648773,
644,0.003279313134650389,0.0042970310896635056,0.037088632583618164,
645,0.0032556280493736267,0.004392955917865038,0.037531349807977676,
646,0.003242935778366195,0.004348834976553917,0.0373295359313488,
647,0.003281089813551969,0.004438875708729029,0.037607766687870026,
648,0.00332432744714121,0.004394983407109976,0.0382399782538414,
649,0.0032725451100203726,0.004393438808619976,0.038288332521915436,
650,0.0032479105931189326,0.004344124346971512,0.037325602024793625,
651,0.0033105250913649797,0.004391026217490435,0.037249479442834854,
652,0.003334517745922009,0.004372265189886093,0.0371410958468914,
653,0.0033386978320777416,0.004269927274435759,0.0370979867875576,
654,0.0033497774921771553,0.0043031685054302216,0.0365009680390358,
655,0.003289078957297736,0.004393243230879307,0.03759133815765381,
656,0.003270700289350417,0.004349401220679283,0.036882221698760986,
657,0.0031866691747887265,0.004287931136786938,0.03662055358290672,
658,0.003228393667894933,0.00442123506218195,0.03705676272511482,
659,0.0032597309651060235,0.004288613796234131,0.03668787330389023,
660,0.0032518278910881942,0.004301073029637337,0.03676282614469528,
661,0.003257294651120901,0.0042826333083212376,0.03696919232606888,
662,0.003263129594011439,0.004398544784635305,0.03795299306511879,
663,0.003241864990236031,0.004297094419598579,0.03691079840064049,
664,0.003229441586881876,0.004353703465312719,0.03714001923799515,
665,0.003211647608420915,0.004268804099410772,0.03652076795697212,
666,0.0031843206379562616,0.0042785899713635445,0.036551814526319504,
667,0.0031833870646854243,0.004427379462867975,0.03697797283530235,
668,0.0033064188125232854,0.00428552832454443,0.03675757721066475,
669,0.0033187983919762904,0.004359060898423195,0.03758144751191139,
670,0.0032542141723550027,0.004394248127937317,0.03807118162512779,
671,0.0032694402099069622,0.004276658874005079,0.03653910011053085,
672,0.0032639676032380927,0.004474457819014788,0.03713644668459892,
673,0.0032652899778137603,0.004246441647410393,0.036737315356731415,
674,0.003259365058814486,0.004635228309780359,0.0376993864774704,
675,0.003381050243559811,0.004435387440025806,0.037715744227170944,
676,0.0032851542346179485,0.004305324517190456,0.036732446402311325,
677,0.0032344391672975486,0.004434315022081137,0.037080615758895874,
678,0.0033311372778067985,0.004255366045981646,0.03678366541862488,
679,0.003327405338899957,0.00447543291375041,0.03713088110089302,
680,0.0033195278245127862,0.004279810935258865,0.0369153767824173,
681,0.0031942046609603697,0.004326437599956989,0.0368313230574131,
682,0.003258713469323185,0.0043246070854365826,0.036649443209171295,
683,0.0032664932983203065,0.004317938815802336,0.03678642958402634,
684,0.00326900585140619,0.004311942029744387,0.03749557584524155,
685,0.003231311527391275,0.0043261987157166,0.03715004771947861,
686,0.003192152905588349,0.004254935309290886,0.036521267145872116,
687,0.003195528510130114,0.004275390412658453,0.036867283284664154,
688,0.0032194997442679275,0.004283985123038292,0.0365690141916275,
689,0.0031952926268180213,0.004317793063819408,0.036790911108255386,
690,0.0032336575548268026,0.004321009386330843,0.03699175640940666,
691,0.0032316555217322377,0.004265640862286091,0.03713555261492729,
692,0.003255954115755028,0.004314865916967392,0.03669865429401398,
693,0.0032136358010272184,0.004334202501922846,0.037015609443187714,
694,0.0032447126642283467,0.0042738947086036205,0.03646988049149513,
695,0.0032850883952859375,0.0043282173573970795,0.03771953284740448,
696,0.0032478191682861913,0.004387742839753628,0.03717971593141556,
697,0.0032666608846435943,0.004250708501785994,0.036456845700740814,
698,0.0032020421802169746,0.004289308562874794,0.03703870624303818,
699,0.0032226306438032123,0.0043160514906048775,0.03689715638756752,
700,0.0032133820673657786,0.004270520061254501,0.036671169102191925,
701,0.003225048383076986,0.0042212060652673244,0.03631819412112236,
702,0.003221904393285513,0.00426250696182251,0.03687185421586037,
703,0.003250234191202455,0.0044801561161875725,0.037853460758924484,
704,0.0032876705129941306,0.004294977989047766,0.03684968873858452,
705,0.0032667558536761338,0.004303720314055681,0.03671754524111748,
706,0.0032230813263191115,0.004414759110659361,0.03709538280963898,
707,0.0032305061403248045,0.004236072767525911,0.03641142696142197,
708,0.0032269979775365856,0.004331800155341625,0.036873724311590195,
709,0.003266759734186861,0.004358751233667135,0.037818145006895065,
710,0.003238968395938476,0.004192217253148556,0.0361926332116127,
711,0.003235484783848127,0.00431121326982975,0.036817312240600586,
712,0.0031748376010606685,0.004257692024111748,0.03680305927991867,
713,0.0031761149358418253,0.004297577776014805,0.03684132918715477,
714,0.0032688991114911106,0.004276690538972616,0.036413054913282394,
715,0.003212442026577062,0.004513069521635771,0.03755825757980347,
716,0.003261542102942864,0.0042641968466341496,0.03678805008530617,
717,0.0032349494544582236,0.004292421042919159,0.03668718412518501,
718,0.003215221377710501,0.004341940861195326,0.036897242069244385,
719,0.003221890837368038,0.004219674505293369,0.03662332892417908,
720,0.0032283861397041213,0.004274435807019472,0.03707628697156906,
721,0.0032695315312594175,0.004288137890398502,0.037138327956199646,
722,0.0032531562933905255,0.004358149133622646,0.03739320486783981,
723,0.003226817999449041,0.004246101249009371,0.0366114005446434,
724,0.00325189551545514,0.004372055176645517,0.03723521530628204,
725,0.0032539730632884633,0.004287902731448412,0.036765068769454956,
726,0.003185887821018696,0.004219965077936649,0.03678179904818535,
727,0.003211876998345057,0.004295601975172758,0.036501266062259674,
728,0.003218264060301913,0.004251278471201658,0.03649431839585304,
729,0.0031599951649291646,0.0042739263735711575,0.03661859408020973,
730,0.00318727220615579,0.0042200093157589436,0.03627897799015045,
731,0.0032179502045942675,0.004267697222530842,0.036565545946359634,
732,0.0032253199153476292,0.004238400608301163,0.036752279847860336,
733,0.0032718233350250456,0.004343009553849697,0.037030577659606934,
734,0.003221545627133714,0.004358326084911823,0.037296634167432785,
735,0.0032141009707831675,0.004304035101085901,0.03678672015666962,
736,0.0032173592028104598,0.0042680962942540646,0.036713916808366776,
737,0.0032769217311094203,0.0043389336206018925,0.03689900040626526,
738,0.0032754894087298047,0.004253516439348459,0.03646199777722359,
739,0.0031771286545942226,0.0043284958228468895,0.03663106635212898,
740,0.003247281458849708,0.004349187947809696,0.03711365535855293,
741,0.0032921332555512586,0.0042618135921657085,0.03660815954208374,
742,0.0032074753867669236,0.00425476860255003,0.0364639088511467,
743,0.003202518784544534,0.004369781352579594,0.03713492304086685,
744,0.00320977039842142,0.004336241632699966,0.03670736402273178,
745,0.0032548048895680243,0.0042849150486290455,0.03656633570790291,
746,0.003201784695395165,0.004273618571460247,0.03670823201537132,
747,0.003164977895923787,0.004382203798741102,0.03677692264318466,
748,0.003184180318688353,0.004348525777459145,0.037142712622880936,
749,0.003196478873077366,0.004534360487014055,0.03767305985093117,
750,0.003321279538795352,0.0044621992856264114,0.03737177699804306,
751,0.0032773477853172356,0.004396070260554552,0.03698352724313736,
752,0.003257214841950271,0.004280140157788992,0.036766503006219864,
753,0.003199276022820009,0.004416469018906355,0.03694819658994675,
754,0.003188877625183927,0.00423472048714757,0.03656028211116791,
755,0.0032046628184616566,0.004231856670230627,0.0366523340344429,
756,0.003204923381821977,0.004238858353346586,0.03670923039317131,
757,0.0032271765845103394,0.004282256588339806,0.037029411643743515,
758,0.003238067807008823,0.004334121011197567,0.03698461130261421,
759,0.003238476321308149,0.004286749754101038,0.036688413470983505,
760,0.003197890654620197,0.004249694291502237,0.036622725427150726,
761,0.0031965379344506394,0.00427470775321126,0.036497145891189575,
762,0.003176172548491094,0.0043713245540857315,0.036785829812288284,
763,0.0032158459071069956,0.004244829528033733,0.036420900374650955,
764,0.00318016921583977,0.004302933346480131,0.036676790565252304,
765,0.0031924531277683047,0.004270033445209265,0.03683432191610336,
766,0.0032007258333679703,0.004257005173712969,0.036766111850738525,
767,0.0032482323909385335,0.004292693454772234,0.03678526356816292,
768,0.003230981942680147,0.004223405849188566,0.03616838529706001,
769,0.00318448584423297,0.004239584319293499,0.03655456006526947,
770,0.003199640428647399,0.004295665305107832,0.03649996966123581,
771,0.0031964259687811136,0.004235322121530771,0.03632273152470589,
772,0.003162228140152163,0.004250398837029934,0.03653671592473984,
773,0.003209640478922261,0.00423776637762785,0.03678140789270401,
774,0.0031982880189186996,0.00427628681063652,0.036235421895980835,
775,0.003208406735211611,0.0042409938760101795,0.03664134070277214,
776,0.0031989787498282064,0.004179659299552441,0.03628711774945259,
777,0.003195298318233755,0.004301711916923523,0.03662021830677986,
778,0.00317069611305164,0.004233235493302345,0.03617148473858833,
779,0.0031663154821015066,0.004264486953616142,0.03637988120317459,
780,0.003209032609851824,0.004273560829460621,0.036697786301374435,
781,0.003202914105107387,0.004336512181907892,0.036709513515233994,
782,0.0032061707073201737,0.004249119199812412,0.0364350825548172,
783,0.003141107451584604,0.004248319659382105,0.03655175119638443,
784,0.003143665044464999,0.004295107908546925,0.03637983277440071,
785,0.0032625123599751126,0.004273507744073868,0.03658634051680565,
786,0.0032631317153573036,0.004310776013880968,0.036991287022829056,
787,0.0031964801407108703,0.00442988146096468,0.03692307323217392,
788,0.00321255078435772,0.00428782869130373,0.037146467715501785,
789,0.0032079191878437996,0.0042627472430467606,0.03663673624396324,
790,0.0032473548781126738,0.004315328784286976,0.036794595420360565,
791,0.0033096830722772414,0.0043375371024012566,0.03735966980457306,
792,0.0032271383485446372,0.004355344921350479,0.037013448774814606,
793,0.0031690578390326765,0.004256288055330515,0.03628907725214958,
794,0.0031657319308982957,0.004185320343822241,0.036491263657808304,
795,0.003171544625527329,0.0044141532853245735,0.03704766929149628,
796,0.0031943636066797706,0.004190404899418354,0.036449871957302094,
797,0.003174704240841998,0.0042606317438185215,0.03649590536952019,
798,0.003173757629055116,0.004226857330650091,0.03651827573776245,
799,0.0031709837106366954,0.004292760044336319,0.036444149911403656,
800,0.0031925365587489474,0.004296550527215004,0.03694731369614601,
801,0.0032018469905273784,0.004400553647428751,0.037906840443611145,
802,0.0031877270020130607,0.004356014542281628,0.037211980670690536,
803,0.003169026096454925,0.004243386443704367,0.036435164511203766,
804,0.0031718098196304506,0.0042842659167945385,0.03648671135306358,
805,0.0031662095700287158,0.00424135522916913,0.03639209643006325,
806,0.0031874157074424955,0.0042526270262897015,0.03671163320541382,
807,0.003202590134201778,0.004295074846595526,0.03689669072628021,
808,0.0031804031330264276,0.004254600033164024,0.037090156227350235,
809,0.0031536638788464996,0.004231377970427275,0.0367194339632988,
810,0.0032032960767133366,0.004426316358149052,0.03727355971932411,
811,0.003234300400233931,0.00432687159627676,0.037287261337041855,
812,0.0033259412739425898,0.00437910296022892,0.03702574223279953,
813,0.003232192170495788,0.0043704393319785595,0.03654428571462631,
814,0.0032579784229811695,0.004394951742142439,0.03720610961318016,
815,0.0032057657630907167,0.00430280901491642,0.03656076267361641,
816,0.003228030995362335,0.004281727597117424,0.03657280653715134,
817,0.0031434728557036985,0.004266239237040281,0.03652811795473099,
818,0.003159526011182202,0.004245103802531958,0.03652920573949814,
819,0.003159869539861878,0.004239603877067566,0.03660080209374428,
820,0.003154901994599236,0.0043059708550572395,0.0365438386797905,
821,0.0032055610014746585,0.004267317242920399,0.03653012216091156,
822,0.003230515375940336,0.004455976653844118,0.03795494884252548,
823,0.003313452315827211,0.004341703839600086,0.03760286793112755,
824,0.0032535058239267934,0.004232089500874281,0.036321770399808884,
825,0.003184854311661588,0.004306981805711985,0.03680101037025452,
826,0.003193570895948344,0.0042265476658940315,0.036459118127822876,
827,0.0031809632459448445,0.004328792914748192,0.03686188906431198,
828,0.00321030482235882,0.004201660398393869,0.036501236259937286,
829,0.00318373980311056,0.004235812928527594,0.036651670932769775,
830,0.0031784864970379407,0.004266518168151379,0.036347173154354095,
831,0.0032049143790370887,0.004185742698609829,0.03621305152773857,
832,0.0031463791771481433,0.004213434644043446,0.03644079715013504,
833,0.0031936791363275712,0.004361736588180065,0.037045449018478394,
834,0.003218782470665044,0.004353353288024664,0.03694826364517212,
835,0.003233441306898991,0.004191902931779623,0.03641705587506294,
836,0.003130388549632496,0.004322478082031012,0.036777153611183167,
837,0.003211431593323747,0.004303024150431156,0.03656952828168869,
838,0.0031568666454404593,0.004493840504437685,0.03739667683839798,
839,0.0032213228082077373,0.004353382159024477,0.03691421449184418,
840,0.003228115124834908,0.004205287899821997,0.03622477501630783,
841,0.0032463836380177075,0.004229645244777203,0.03654434531927109,
842,0.0031786972346405187,0.004366334993392229,0.0368199422955513,
843,0.003190874768834975,0.004325812216848135,0.03670564666390419,
844,0.0031564171529478496,0.004190416075289249,0.03614027798175812,
845,0.0031774708897703225,0.004238172899931669,0.03645092621445656,
846,0.003206893801689148,0.004191881977021694,0.036297284066677094,
847,0.003182352235954669,0.004314352758228779,0.036704618483781815,
848,0.0031826303909636205,0.004269343335181475,0.03649261221289635,
849,0.0031775379967358378,0.004350706934928894,0.036914996802806854,
850,0.003228824973727266,0.0043022967875003815,0.036668431013822556,
851,0.003150146920233965,0.004176613409072161,0.03628116846084595,
852,0.0031585865395350587,0.0042044008150696754,0.036132995039224625,
853,0.0031319940204007756,0.00417169276624918,0.036070190370082855,
854,0.0031453058537509707,0.004224703647196293,0.03618602827191353,
855,0.0031622839418964255,0.004229533951729536,0.03641390800476074,
856,0.003193552838638425,0.004213706124573946,0.03623592481017113,
857,0.003222563743798269,0.004345799330621958,0.03713002800941467,
858,0.003250626122785939,0.004367782734334469,0.03711311146616936,
859,0.0031975580431107017,0.0043748775497078896,0.037045009434223175,
860,0.0031834092870768574,0.004233463201671839,0.03636579215526581,
861,0.0031469668416927257,0.004240513779222965,0.03610150143504143,
862,0.0031603169886188377,0.004211094230413437,0.03641163185238838,
863,0.003162396347357167,0.004253908060491085,0.03627030923962593,
864,0.0031498649623245,0.004231767728924751,0.03620108217000961,
865,0.003185948951997691,0.004259130451828241,0.03675176948308945,
866,0.003129374184128311,0.004343722481280565,0.03695905581116676,
867,0.0032223456332253087,0.004380210302770138,0.03681878745555878,
868,0.0031839056561390557,0.004236060660332441,0.0365152582526207,
869,0.003146854384491841,0.004183000884950161,0.03608150780200958,
870,0.0031316629610955715,0.004248722922056913,0.0364176481962204,
871,0.003153280225685901,0.004257734399288893,0.03650670871138573,
872,0.0031727887431366574,0.004216159228235483,0.03653939440846443,
873,0.003200321535890301,0.004334192257374525,0.03745127096772194,
874,0.003170653013512492,0.004254085943102837,0.03651541844010353,
875,0.0031478184844470685,0.004220211412757635,0.03633047267794609,
876,0.0031765971539749038,0.004238338675349951,0.03639868274331093,
877,0.003156957087210483,0.004230139311403036,0.03619972616434097,
878,0.0031601253689991105,0.004259971436113119,0.036778975278139114,
879,0.0031697595388525063,0.004337043967097998,0.03655736893415451,
880,0.003164892265987065,0.004220711998641491,0.03612799197435379,
881,0.0032458570785820484,0.004248963203281164,0.03629879653453827,
882,0.0032866261640770566,0.004220639355480671,0.03631766140460968,
883,0.0032278163513789573,0.00438655773177743,0.03776877373456955,
884,0.00320500034528474,0.004245066549628973,0.03673502057790756,
885,0.0031622270018690163,0.004338374827057123,0.037203408777713776,
886,0.0031771225492573446,0.004305634181946516,0.036728356033563614,
887,0.003174110781401396,0.004259750712662935,0.03609830513596535,
888,0.003193638856626219,0.004289547447115183,0.036307286471128464,
889,0.0032029693635801473,0.004327545873820782,0.03666980564594269,
890,0.0031718056028087935,0.004229273181408644,0.03638218343257904,
891,0.0031440191798739964,0.004270518664270639,0.03646756336092949,
892,0.0031864120521479184,0.004438594449311495,0.03722919523715973,
893,0.0031783108392523397,0.004275956191122532,0.0364244170486927,
894,0.0031660228657225766,0.004242363851517439,0.03669922426342964,
895,0.003174922454895245,0.004226413089782,0.03681725263595581,
896,0.003199112420487735,0.004222487099468708,0.03629501909017563,
897,0.0032354379331486095,0.0042552524246275425,0.03672529011964798,
898,0.003186895123993357,0.004263540729880333,0.03645707666873932,
899,0.0031695563811808825,0.004243581555783749,0.03667215257883072,
900,0.0031954003239257466,0.004368738271296024,0.037778694182634354,
901,0.0031679942686524657,0.004374159500002861,0.03710247203707695,
902,0.003199366568070319,0.0042215255089104176,0.03627147898077965,
903,0.0031555386053191293,0.0042391070164740086,0.03725063428282738,
904,0.0032282265472329324,0.004244324751198292,0.03669726476073265,
905,0.0031755341009961236,0.004200900439172983,0.036293357610702515,
906,0.0031716680257684654,0.004257824271917343,0.036483440548181534,
907,0.0032028832162419953,0.004272335674613714,0.036443643271923065,
908,0.003202807339322236,0.004368701484054327,0.0367107056081295,
909,0.003271117340773344,0.004286149051040411,0.037497807294130325,
910,0.003263506857264373,0.004366195295006037,0.03670912981033325,
911,0.0032723146076831552,0.00440377090126276,0.03687131777405739,
912,0.0031938416003766987,0.004182436037808657,0.0361022911965847,
913,0.003117586848222547,0.004263180308043957,0.036575332283973694,
914,0.0031539244680768913,0.0042467243038117886,0.03623124957084656,
915,0.003137948043230507,0.004228416830301285,0.03628364950418472,
916,0.0031996579168157447,0.00432951096445322,0.036743856966495514,
917,0.00319582156630026,0.004366004839539528,0.03650993853807449,
918,0.003156139592950543,0.004237134475260973,0.03635987639427185,
919,0.003180224034521315,0.0042985351756215096,0.036816734820604324,
920,0.003297884301799867,0.004245101008564234,0.036944787949323654,
921,0.0032417362607601616,0.004213533829897642,0.036664485931396484,
922,0.003227250158993734,0.004265525843948126,0.03644658997654915,
923,0.003196320082578394,0.004355867393314838,0.03681331127882004,
924,0.003145666249717275,0.004297844599932432,0.036471787840127945,
925,0.0031952738710161713,0.004250002093613148,0.037382446229457855,
926,0.0032172747111568847,0.004243686329573393,0.0364023894071579,
927,0.0032127085917939744,0.004289017524570227,0.03689675033092499,
928,0.0031319991685450077,0.004274070728570223,0.03655490651726723,
929,0.003195537797485789,0.004199601709842682,0.03625078499317169,
930,0.0031784414831135008,0.00430041691288352,0.03634529560804367,
931,0.003191643834321035,0.004239254165440798,0.036090653389692307,
932,0.003199806126455466,0.004258702043443918,0.03611999377608299,
933,0.0031997447626458276,0.0042945644818246365,0.036651454865932465,
934,0.00319949242596825,0.004293160513043404,0.036779262125492096,
935,0.003154209323434366,0.004220114555209875,0.03603561967611313,
936,0.0031144777830276224,0.0042029269970953465,0.03595174849033356,
937,0.0031402749268131126,0.004140719771385193,0.03588685393333435,
938,0.0031216284001453053,0.004171750042587519,0.03588435798883438,
939,0.0030926833601875436,0.004215159919112921,0.03608072176575661,
940,0.0030901096502525937,0.004176045302301645,0.03613574430346489,
941,0.003096109488978982,0.004186291713267565,0.03596331179141998,
942,0.003090491828819116,0.00420406786724925,0.03586391359567642,
943,0.0031014839187264442,0.00416968297213316,0.0358312726020813,
944,0.00308871947021948,0.0041756764985620975,0.035902705043554306,
945,0.003131379399241673,0.004153224173933268,0.03574739396572113,
946,0.0030909733225901923,0.004212517291307449,0.035989586263895035,
947,0.0030891556137551865,0.00421625142917037,0.0359923392534256,
948,0.0030892330687493086,0.004156101029366255,0.03587430343031883,
949,0.0031055936900277934,0.0041959164664149284,0.03599067032337189,
950,0.003074243199080229,0.004218052141368389,0.036244191229343414,
951,0.003115199247582091,0.004201893694698811,0.036197587847709656,
952,0.0030784926687677703,0.00420601898804307,0.036205947399139404,
953,0.00308238026789493,0.004208355210721493,0.03605363145470619,
954,0.003136224009924465,0.004173081833869219,0.03581434488296509,
955,0.0030976462747073835,0.004238657187670469,0.036148980259895325,
956,0.003125967018099295,0.00420466298237443,0.035995885729789734,
957,0.0031268015089962217,0.004204906988888979,0.036236509680747986,
958,0.0031506747473031282,0.0041526854038238525,0.035803452134132385,
959,0.0030865025085707507,0.004229379817843437,0.03607957810163498,
960,0.003122888065667616,0.00418730266392231,0.03615667298436165,
961,0.0030847793031069967,0.004179844167083502,0.035952091217041016,
962,0.0031107623492264086,0.00418368075042963,0.035880669951438904,
963,0.003071350562903616,0.004186488687992096,0.03591097146272659,
964,0.0031060111553718648,0.004266552627086639,0.03653833642601967,
965,0.0031118455549909007,0.004211859777569771,0.03625740110874176,
966,0.0031037284837414822,0.00419226661324501,0.035931847989559174,
967,0.003059129515248868,0.004262973554432392,0.0362369604408741,
968,0.0031061203270736667,0.00422315439209342,0.03612234443426132,
969,0.0030911436511410605,0.004152604844421148,0.035869330167770386,
970,0.003077930537983775,0.004191935062408447,0.03602636232972145,
971,0.0030952851132800183,0.0041767917573452,0.036174751818180084,
972,0.0030658411172529063,0.004157687071710825,0.03588567674160004,
973,0.0030698207620945242,0.004201814066618681,0.03600968420505524,
974,0.0031079314390404355,0.0042077116668224335,0.0359228178858757,
975,0.003113459407662352,0.004154321737587452,0.03573865443468094,
976,0.003084502001810405,0.004152126144617796,0.03591782599687576,
977,0.0031009079215841163,0.004235968925058842,0.03608735278248787,
978,0.0031325882042033803,0.004207005258649588,0.03594820946455002,
979,0.003094269712972972,0.004213380161672831,0.03607271984219551,
980,0.00312712956737313,0.004164424724876881,0.03611808642745018,
981,0.0031057052159061036,0.004181279800832272,0.03617865964770317,
982,0.0031082885495076575,0.004172135144472122,0.036083485931158066,
983,0.0031010316581361825,0.004184303805232048,0.036038246005773544,
984,0.00311117862454719,0.004185948986560106,0.03597555682063103,
985,0.0030908313993778494,0.004149629268795252,0.03579471632838249,
986,0.0030456490866425964,0.00416904129087925,0.03582679107785225,
987,0.003070385247055027,0.004223937168717384,0.03601962327957153,
988,0.003084972785371873,0.0041925557889044285,0.03616976737976074,
989,0.0030988010112196207,0.004172943066805601,0.03591930493712425,
990,0.003075844504766994,0.004178984090685844,0.035956401377916336,
991,0.0030895466140160957,0.0041618021205067635,0.036056529730558395,
992,0.0030765853718751008,0.004222013987600803,0.036229636520147324,
993,0.0031013667273024717,0.004206421319395304,0.036095552146434784,
994,0.003102297273774942,0.004156143870204687,0.03595723584294319,
995,0.0031245587807562617,0.004180151503533125,0.03588685765862465,
996,0.0030911556548542446,0.004241932649165392,0.03625290095806122,
997,0.003094739772172438,0.004181837197393179,0.036007095128297806,
998,0.003109920174918241,0.004259481094777584,0.03624420985579491,
999,0.0031090701361083323,0.004277486819773912,0.03621247410774231,
1000,0.0031202256731275055,0.004254599567502737,0.03639105707406998,
1001,0.003077723913722568,0.004201807547360659,0.03602149710059166,
1002,0.0030887164434211124,0.0041548749431967735,0.03590371459722519,
1003,0.0031191683374345303,0.004222379066050053,0.03624244034290314,
1004,0.00311597118464609,0.0041893902234733105,0.036219436675310135,
1005,0.0030973947658720943,0.004176508169621229,0.03583646938204765,
1006,0.0030744340943379533,0.0042119985446333885,0.03616209700703621,
1007,0.0031122425312383305,0.004224040079861879,0.03609209135174751,
1008,0.003080278971335954,0.004194572102278471,0.03615693375468254,
1009,0.003103120174879829,0.004170458298176527,0.03602995723485947,
1010,0.003083205031644967,0.004132492002099752,0.035726699978113174,
1011,0.0030610323107490935,0.004145175684243441,0.035829003900289536,
1012,0.0030933465912110275,0.004185849335044622,0.03600224107503891,
1013,0.0031197921683390937,0.0042625246569514275,0.03612072020769119,
1014,0.0031087512357367408,0.004193162079900503,0.03588563948869705,
1015,0.0030866596951252883,0.004208151251077652,0.03609493374824524,
1016,0.0030660062459194,0.004178814124315977,0.035919204354286194,
1017,0.003116238991626435,0.004184921272099018,0.03604927659034729,
1018,0.0031140747531834575,0.004246850498020649,0.03655194863677025,
1019,0.0031167729499025475,0.004379976075142622,0.03673698380589485,
1020,0.0031372821993298,0.0041931914165616035,0.03658820316195488,
1021,0.0031437364199923146,0.004277530591934919,0.03617268428206444,
1022,0.003100229660049081,0.004214099608361721,0.03601139038801193,
1023,0.003096861738918556,0.004204727243632078,0.036226797848939896,
1024,0.003092964697215292,0.004250493366271257,0.036121197044849396,
1025,0.0030992462092803586,0.004211997613310814,0.03598415479063988,
1026,0.0031098826633145413,0.004187099169939756,0.035950202494859695,
1027,0.0030708125171562037,0.004157371819019318,0.035875070840120316,
1028,0.0030904212552640173,0.004237444140017033,0.036407578736543655,
1029,0.0030825139385544592,0.004160390701144934,0.035897690802812576,
1030,0.0030481728932095897,0.004205281846225262,0.03628907352685928,
1031,0.0030705376993864775,0.004238384310156107,0.036132242530584335,
1032,0.003109387924066848,0.004215470980852842,0.03627564385533333,
1033,0.0030810445443623597,0.004217503592371941,0.0361458994448185,
1034,0.003072800063010719,0.0041578104719519615,0.035934582352638245,
1035,0.0030722348278181422,0.004153590649366379,0.03586851805448532,
1036,0.0031044460936552947,0.004187462385743856,0.03593650460243225,
1037,0.0031206583242035573,0.004189422819763422,0.035902585834264755,
1038,0.00307578611601558,0.0042638410814106464,0.03628941997885704,
1039,0.0030976253458195263,0.004158929456025362,0.03588678315281868,
1040,0.003117169098307689,0.004205445293337107,0.03594932705163956,
1041,0.0030948834286795724,0.004168844316154718,0.03605927899479866,
1042,0.003112121071252558,0.004268641583621502,0.0362389013171196,
1043,0.0031176451593637466,0.004200299736112356,0.03595369681715965,
1044,0.0031204769232620797,0.004264260176569223,0.036478448659181595,
1045,0.0031420259684738186,0.004278175067156553,0.03627476841211319,
1046,0.003122745030042198,0.00418180413544178,0.036008190363645554,
1047,0.0030868227541860607,0.004241107497364283,0.03658980131149292,
1048,0.0030930639348096317,0.004192934837192297,0.03595742583274841,
1049,0.003096739761531353,0.004200085066258907,0.03587182238698006,
1050,0.003096642360712091,0.004222830757498741,0.036272406578063965,
1051,0.003104596502251095,0.004180997144430876,0.0359550416469574,
1052,0.0030577381710625356,0.0042119515128433704,0.035937849432229996,
1053,0.003071440099221137,0.004149020183831453,0.03574591130018234,
1054,0.00310005110481547,0.004211401101201773,0.03602501377463341,
1055,0.0031127771362662315,0.00423435727134347,0.036382224410772324,
1056,0.0031017876592361266,0.004202334675937891,0.03597670793533325,
1057,0.0031137073722978434,0.004221320617944002,0.0363689549267292,
1058,0.003114726963556475,0.004207217134535313,0.035965390503406525,
1059,0.0031136799500220353,0.004236666485667229,0.036780595779418945,
1060,0.0031121836768256295,0.004259571433067322,0.03632444143295288,
1061,0.003099757324283322,0.004283957649022341,0.03621119260787964,
1062,0.0031124842611865867,0.004235042724758387,0.03608734905719757,
1063,0.0030956643167883158,0.004165307153016329,0.03597087785601616,
1064,0.0031002029880053466,0.004198120441287756,0.03599442541599274,
1065,0.003145657272802459,0.004170370288193226,0.03608585149049759,
1066,0.003105193143710494,0.004172574263066053,0.035916443914175034,
1067,0.0030963665598796476,0.004177027381956577,0.03581714257597923,
1068,0.0031174042055176366,0.004198130685836077,0.03610115125775337,
1069,0.003119911015447643,0.004232035018503666,0.036061741411685944,
1070,0.003127020343931185,0.004177778959274292,0.03594778850674629,
1071,0.0030962567931662,0.004166106227785349,0.03607035055756569,
1072,0.003092764514601893,0.004156755283474922,0.03583919629454613,
1073,0.0031028788588527176,0.004194220528006554,0.036189183592796326,
1074,0.0031027738263623584,0.004168016370385885,0.036017753183841705,
1075,0.0030757365230884817,0.004193451721221209,0.03603876754641533,
1076,0.0030820334278461006,0.004153506830334663,0.03581830486655235,
1077,0.0030724898032430145,0.004199422430247068,0.036343950778245926,
1078,0.003074547845042414,0.0041661313734948635,0.035839974880218506,
1079,0.0030640112494842876,0.004205096513032913,0.03601773455739021,
1080,0.003067468060180545,0.004237032029777765,0.03646763041615486,
1081,0.0031115534560134015,0.004207545425742865,0.0361124686896801,
1082,0.0031126318499445915,0.004212176892906427,0.0363599993288517,
1083,0.0031154636655830676,0.00420989328995347,0.036198798567056656,
1084,0.003092524078157213,0.0042894273065030575,0.03617212176322937,
1085,0.0031508943842103085,0.004402948543429375,0.0363863967359066,
1086,0.0031643694835818475,0.004250090103596449,0.03623107448220253,
1087,0.003099174187001255,0.004281783010810614,0.036265820264816284,
1088,0.0030818911424527564,0.004215045366436243,0.03670563921332359,
1089,0.003100046758643455,0.004255620762705803,0.03627220168709755,
1090,0.0030775529384199115,0.004219408612698317,0.03621036931872368,
1091,0.003162694163620472,0.004400603007525206,0.03673170506954193,
1092,0.003150953393843439,0.004230314865708351,0.036162037402391434,
1093,0.0030676461497528684,0.004161238204687834,0.035901542752981186,
1094,0.0030769146720154416,0.004163279663771391,0.03570249304175377,
1095,0.003061431460082531,0.004175141919404268,0.03581927716732025,
1096,0.0030502765180750024,0.004164095502346754,0.03575696051120758,
1097,0.003031621609504024,0.004186863545328379,0.03577172011137009,
1098,0.0030610552575025293,0.004178272560238838,0.03588586300611496,
1099,0.0030566763857172597,0.004205525852739811,0.03583119437098503,
1100,0.003095309922678603,0.004150453023612499,0.03575558215379715,
1101,0.003045076116298636,0.004192092921584845,0.035890642553567886,
1102,0.003058503433648083,0.004176244605332613,0.03577091544866562,
1103,0.0030786602809611294,0.004154926165938377,0.035687461495399475,
1104,0.0030577362049371004,0.00413773488253355,0.03578173741698265,
1105,0.003078391258087423,0.004148459993302822,0.03569195419549942,
1106,0.0030746138913349975,0.004174013156443834,0.03585373982787132,
1107,0.0030540457357549006,0.004189745057374239,0.03603990003466606,
1108,0.0030515880789607763,0.004154820926487446,0.035794325172901154,
1109,0.003073204438098603,0.004167967941612005,0.035855602473020554,
1110,0.0030632332329534823,0.004188631195574999,0.03588855266571045,
1111,0.0030728320384191144,0.004163544159382582,0.03581060841679573,
1112,0.0030849213297996256,0.004181934054940939,0.03582827001810074,
1113,0.003057232799215449,0.00418032007291913,0.03577936813235283,
1114,0.003026999119255278,0.0041666761972010136,0.03581104800105095,
1115,0.0030798312638782794,0.004170308355242014,0.03576141595840454,
1116,0.00308769718847341,0.004155397415161133,0.035710450261831284,
1117,0.0030901164023412597,0.004174053203314543,0.03590269386768341,
1118,0.0030666558692852655,0.004211235325783491,0.036080799996852875,
1119,0.003055983404111531,0.004158237017691135,0.03586900606751442,
1120,0.003058186395921641,0.004152057692408562,0.035769231617450714,
1121,0.003070349520486262,0.004178379196673632,0.035925112664699554,
1122,0.0030761524362282622,0.004179570358246565,0.03586908057332039,
1123,0.003045121699364649,0.004217865411192179,0.036147501319646835,
1124,0.0030548143355796733,0.004148699343204498,0.03575718402862549,
1125,0.0030677191550946897,0.004146928898990154,0.03569425269961357,
1126,0.0030662658779571452,0.004173575434833765,0.035788219422101974,
1127,0.0030255125732057625,0.00415154080837965,0.03577685356140137,
1128,0.0030432348139584064,0.004177364055067301,0.035838138312101364,
1129,0.0030737290314088264,0.004208444617688656,0.035974159836769104,
1130,0.003032814064580533,0.00417353305965662,0.03587699681520462,
1131,0.003085750284501248,0.004166742321103811,0.035684984177351,
1132,0.0030514951795339584,0.004248545505106449,0.03603504225611687,
1133,0.003078619975389706,0.0041849566623568535,0.03591528907418251,
1134,0.003027897405748566,0.004171706270426512,0.03567206487059593,
1135,0.0030671761164234746,0.004177642520517111,0.03582658991217613,
1136,0.0030509872465497917,0.004151228349655867,0.03571770712733269,
1137,0.0030638934371785987,0.004186857026070356,0.03590678423643112,
1138,0.003082290653967195,0.004158526659011841,0.035888783633708954,
1139,0.003076541547973951,0.004207206424325705,0.03585068881511688,
1140,0.0030681199342426327,0.004268499556928873,0.0361059233546257,
1141,0.0030881941525472533,0.0042442576959729195,0.036070965230464935,
1142,0.0030796709729151595,0.004226577468216419,0.03598577156662941,
1143,0.003055982964320315,0.004160455893725157,0.03577076643705368,
1144,0.0030685890621195235,0.004176973830908537,0.03583217039704323,
1145,0.0030526621784600946,0.004183299373835325,0.03618094325065613,
1146,0.0030555546335462066,0.004138620104640722,0.03586551174521446,
1147,0.003054268244240019,0.0041584232822060585,0.03599526733160019,
1148,0.0030343265583117804,0.004153137560933828,0.03569803386926651,
1149,0.003049291411621703,0.004143580794334412,0.035685669630765915,
1150,0.0030345093303670487,0.004193813074380159,0.03580307215452194,
1151,0.003069383687236243,0.00416845828294754,0.03584156930446625,
1152,0.0030558744652403724,0.004166053608059883,0.03581022471189499,
1153,0.003047268915300568,0.004196821711957455,0.03583993762731552,
1154,0.0030329186831497485,0.0041937874630093575,0.0359404981136322,
1155,0.003051369735557172,0.004205045755952597,0.03582984581589699,
1156,0.0030631154206477934,0.004223714116960764,0.03592952713370323,
1157,0.0030761803759055007,0.004184670280665159,0.0357857383787632,
1158,0.003074396996655398,0.004177416674792767,0.03576098009943962,
1159,0.003077427416832911,0.004139008466154337,0.03573115915060043,
1160,0.0030598449779467452,0.004228203557431698,0.036116164177656174,
1161,0.0030479674072315297,0.004176775459200144,0.03601212427020073,
1162,0.003037726739421487,0.004176496062427759,0.03584665432572365,
1163,0.003062693195210563,0.004170827567577362,0.0359274223446846,
1164,0.003049643503295051,0.004160195589065552,0.03577699884772301,
1165,0.0030603709423707593,0.0041415756568312645,0.035726506263017654,
1166,0.0030446991893566316,0.004146017134189606,0.03571631386876106,
1167,0.00302704025266899,0.004159102216362953,0.03582203760743141,
1168,0.003042055242177513,0.0042060669511556625,0.03606599196791649,
1169,0.0030678626822514665,0.004183049313724041,0.03604713827371597,
1170,0.0030544287680337825,0.004178939387202263,0.03593756631016731,
1171,0.003046453231945634,0.004179281648248434,0.03587520867586136,
1172,0.0030636801125688683,0.004139233380556107,0.035708047449588776,
1173,0.0030585324857383966,0.004208656027913094,0.0359744094312191,
1174,0.0030369545177867017,0.004138208460062742,0.035723306238651276,
1175,0.0030360801611095667,0.004156924784183502,0.035683535039424896,
1176,0.0030468834771050345,0.004174277652055025,0.03572988137602806,
1177,0.0030368753812379306,0.004160895477980375,0.035897452384233475,
1178,0.0030261467003987897,0.004144466016441584,0.0356578603386879,
1179,0.003042221353906724,0.004144659265875816,0.035678181797266006,
1180,0.0030215902823126977,0.00415060156956315,0.03573278710246086,
1181,0.0030511155621045167,0.004147754516452551,0.03566255792975426,
1182,0.0030362081403533616,0.004155200440436602,0.03571655973792076,
1183,0.0030512504745274782,0.004164607729762793,0.035691045224666595,
1184,0.0030284833887385,0.004164357669651508,0.03571459650993347,
1185,0.0030317793652001354,0.004169343505054712,0.03575703129172325,
1186,0.003043632928488983,0.004164367914199829,0.03575366735458374,
1187,0.003052225284692314,0.0041608489118516445,0.03574979677796364,
1188,0.0030423985638966164,0.004159701522439718,0.03575728088617325,
1189,0.003055534842941496,0.004164740443229675,0.03573912754654884,
1190,0.0030570042888737386,0.004168267827481031,0.03570594638586044,
1191,0.00300532305199239,0.004162204451858997,0.03576349467039108,
1192,0.0030507326850460637,0.0041557904332876205,0.03574464097619057,
1193,0.0030521410258693826,0.004167092032730579,0.03575797379016876,
1194,0.003033970482647419,0.00416156928986311,0.035663116723299026,
1195,0.003031238758315643,0.004156594630330801,0.035763319581747055,
1196,0.003013206464755866,0.00415238831192255,0.03576720505952835,
1197,0.0030309993566738237,0.004155713599175215,0.035732220858335495,
1198,0.003013886252625121,0.004141455981880426,0.03565612807869911,
1199,0.0030256633698526355,0.004151166882365942,0.03570994734764099,
1200,0.0030215841769758198,0.004157766699790955,0.03567924723029137,
1201,0.0030668373478369582,0.004157145041972399,0.03576583042740822,
1202,0.0030342922804670203,0.00414308812469244,0.035771939903497696,
1203,0.00305627873684797,0.004156867042183876,0.03567427769303322,
1204,0.0030497918164150584,0.004167464096099138,0.0357261560857296,
1205,0.0030325493102686275,0.0041492413729429245,0.035686757415533066,
1206,0.0030387541175716454,0.0041791400872170925,0.035808708518743515,
1207,0.003047799717427956,0.004142038058489561,0.03568192571401596,
1208,0.0030529275277836453,0.004147171508520842,0.035781387239694595,
1209,0.003056230747865306,0.0041805049404501915,0.03576315566897392,
1210,0.003046674472797248,0.004173486493527889,0.035724420100450516,
1211,0.0030500023470570645,0.004148923326283693,0.03567243739962578,
1212,0.003069483312881655,0.004181703552603722,0.0357491709291935,
1213,0.0030795226856652233,0.004150704015046358,0.035714041441679,
1214,0.0030198993368281257,0.004184536170214415,0.03584698960185051,
1215,0.003056384545440475,0.004160268697887659,0.035789817571640015,
1216,0.0030589218044446576,0.004156947135925293,0.035733092576265335,
1217,0.003022616289349066,0.004151728469878435,0.03570224344730377,
1218,0.0030351113269312512,0.004165209364145994,0.03598950430750847,
1219,0.0030607589934435156,0.004156396724283695,0.035725511610507965,
1220,0.0030400057116316426,0.00414997199550271,0.035718921571969986,
1221,0.0030658754727078807,0.00416719913482666,0.035760194063186646,
1222,0.0030417623153577247,0.0041587334126234055,0.03568403050303459,
1223,0.00305917302870916,0.004144864622503519,0.035672660917043686,
1224,0.0030562089135249457,0.004160604439675808,0.03576818108558655,
1225,0.0030478903144184086,0.004164103418588638,0.0357479564845562,
1226,0.0030190215394314793,0.004135437775403261,0.035618431866168976,
1227,0.003047617462774118,0.004124019294977188,0.03559436276555061,
1228,0.003054551418042845,0.004144134931266308,0.03570449724793434,
1229,0.0030187952280458477,0.004158605355769396,0.03578349947929382,
1230,0.003025677908832828,0.004140275530517101,0.03564930334687233,
1231,0.003046683268621564,0.004170681815594435,0.03571730852127075,
1232,0.0030402031261473894,0.0041605024598538876,0.035738639533519745,
1233,0.003056562893713514,0.00413639796897769,0.03564738109707832,
1234,0.003046329159082638,0.00413878308609128,0.03568611294031143,
1235,0.0030128210524304044,0.004143130499869585,0.0356767512857914,
1236,0.003038215476812588,0.004165145568549633,0.035706132650375366,
1237,0.0030469346998466384,0.0041765798814594746,0.0357973575592041,
1238,0.0030423326986945337,0.004161091521382332,0.035711828619241714,
1239,0.003056272683251235,0.004153907764703035,0.03581686317920685,
1240,0.0030303986018730533,0.00415340531617403,0.035758908838033676,
1241,0.0030481777826531064,0.004162994213402271,0.03570934757590294,
1242,0.003074958428947462,0.0041906218975782394,0.03586970642209053,
1243,0.0030425761619375814,0.0041513037867844105,0.035724468529224396,
1244,0.0030302711659007603,0.004153813235461712,0.03569895774126053,
1245,0.003037333721294999,0.00418890593573451,0.03574106842279434,
1246,0.0030427115658919015,0.004166590515524149,0.03572073206305504,
1247,0.0030106883496046066,0.0041569252498447895,0.03570941090583801,
1248,0.003033870287860433,0.004157032817602158,0.03567085787653923,
1249,0.0030494340074559054,0.0041476828046143055,0.035706885159015656,
1250,0.0030388402390397256,0.004180528689175844,0.035899072885513306,
1251,0.0030410681695987782,0.0041473861783742905,0.035715941339731216,
1252,0.003016134568800529,0.004145618993788958,0.03564004600048065,
1253,0.0030328278015885088,0.004132913891226053,0.0356452539563179,
1254,0.00301962162161039,0.004162885248661041,0.03571093827486038,
1255,0.0030380320580055318,0.00414237892255187,0.035667214542627335,
1256,0.0030276139215048817,0.00417166156694293,0.03580603748559952,
1257,0.0030443180455929702,0.004141894169151783,0.03570513054728508,
1258,0.00302889930187828,0.004161300137639046,0.035660501569509506,
1259,0.0030327084112084573,0.004155945964157581,0.03575238212943077,
1260,0.0030277535940210023,0.004156515002250671,0.03564680740237236,
1261,0.0030468191123671,0.004155904054641724,0.03565530851483345,
1262,0.0030405057283739247,0.004153319168835878,0.0357283279299736,
1263,0.0030562711051768726,0.004167576320469379,0.03573222458362579,
1264,0.00303425220772624,0.004158253315836191,0.035743843764066696,
1265,0.003039001383715206,0.004144191741943359,0.03570347651839256,
1266,0.0030655918849839103,0.004150262102484703,0.03570040687918663,
1267,0.0030373908682829803,0.004150169901549816,0.035624388605356216,
1268,0.0030452121928748158,0.004170469008386135,0.0357375293970108,
1269,0.003043035821368297,0.004157586023211479,0.035711564123630524,
1270,0.0030434454480806985,0.004164696205407381,0.03573106974363327,
1271,0.0030799148242092794,0.0041574700735509396,0.03569367900490761,
1272,0.0030530745991402203,0.004164261277765036,0.03589637205004692,
1273,0.0030379483424541024,0.004151731729507446,0.035688817501068115,
1274,0.0030420469637546274,0.0041823675855994225,0.03572811186313629,
1275,0.0030380646801657146,0.004130409564822912,0.035620611160993576,
1276,0.0030195347240401637,0.004160852637141943,0.03569997474551201,
1277,0.0030445281364437607,0.004170914180576801,0.03583797812461853,
1278,0.003030667883447475,0.004161192569881678,0.03574666753411293,
1279,0.003028309153806832,0.004169429186731577,0.03572159260511398,
1280,0.0030459839747183854,0.004148685839027166,0.03568821772933006,
1281,0.0030355150293972758,0.004179277922958136,0.03579270839691162,
1282,0.003031045017350051,0.0041504474356770515,0.035742659121751785,
1283,0.003031280512611071,0.004166277591139078,0.035809267312288284,
1284,0.0030458765104413033,0.004139852710068226,0.03565388545393944,
1285,0.003050520291758908,0.0042333886958658695,0.0359078086912632,
1286,0.0030473381953520905,0.004194139037281275,0.03592299669981003,
1287,0.003032676021878918,0.004187338054180145,0.035783298313617706,
1288,0.0030304244719445705,0.004151382017880678,0.03563668951392174,
1289,0.003042316866210765,0.004143869504332542,0.035653237253427505,
1290,0.0030192150216963557,0.004185786936432123,0.03572223335504532,
1291,0.0030326728398601213,0.004147847183048725,0.03579534962773323,
1292,0.0030432987647751966,0.004176117945462465,0.03580378368496895,
1293,0.003043834301125672,0.004145568236708641,0.03571468964219093,
1294,0.003043048627053698,0.004161777440458536,0.03575807437300682,
1295,0.0030439765606489447,0.004152847453951836,0.035790812224149704,
1296,0.003047581141193708,0.004162507597357035,0.03571659326553345,
1297,0.0030427491809758875,0.0041380589827895164,0.03565921261906624,
1298,0.0030372380796406004,0.0041555496864020824,0.03567131981253624,
1299,0.0030580868220163714,0.004154976923018694,0.035715315490961075,
1300,0.003027673008748227,0.004157004412263632,0.03570173308253288,
1301,0.0030371036587489974,0.004134328570216894,0.035635676234960556,
1302,0.0030576325694306027,0.004189637023955584,0.03580955043435097,
1303,0.0030472382333957488,0.004153844900429249,0.03567006066441536,
1304,0.0030374899765269626,0.004161055199801922,0.035683609545230865,
1305,0.0030807417610453237,0.004154202062636614,0.03573615103960037,
1306,0.003033774827296535,0.004173364490270615,0.03578265383839607,
1307,0.0030361436203949982,0.004149103537201881,0.03586108610033989,
1308,0.003046871576872137,0.004187762271612883,0.0358390249311924,
1309,0.0030083622162540755,0.004151759669184685,0.03582342341542244,
1310,0.0030327511485666037,0.004150107968598604,0.03563208505511284,
1311,0.0030431092406312623,0.004146035760641098,0.03563769534230232,
1312,0.0030104894346247115,0.0041405619122087955,0.035629577934741974,
1313,0.003016450416503681,0.0041586183942854404,0.03566885367035866,
1314,0.0030409872997552156,0.004145458806306124,0.03563942387700081,
1315,0.0030378881686677537,0.004145475570112467,0.03563739359378815,
1316,0.00304154345455269,0.00415538577362895,0.03567340224981308,
1317,0.0030254630578888785,0.004125360865145922,0.03559507429599762,
1318,0.0030340292853199774,0.004149409476667643,0.03567744791507721,
1319,0.0030333290342241526,0.004142377525568008,0.035640131682157516,
1320,0.0030238714534789324,0.004157194867730141,0.035672497004270554,
1321,0.0030369970999244186,0.004143786150962114,0.03563646227121353,
1322,0.0030343080094705024,0.00415128143504262,0.03568268194794655,
1323,0.003025136991507477,0.004149251617491245,0.0356898158788681,
1324,0.003033664543181658,0.004136520903557539,0.03560784086585045,
1325,0.0030098623440911374,0.0041484651155769825,0.035643335431814194,
1326,0.0030225554946810007,0.004146188497543335,0.035658225417137146,
1327,0.0030316591469777953,0.004150748252868652,0.03564516827464104,
1328,0.0030389130115509033,0.004155406728386879,0.035721153020858765,
1329,0.003009512891165084,0.0041499994695186615,0.03569474071264267,
1330,0.003007902634433574,0.0041529289446771145,0.03571585938334465,
1331,0.003044093001840843,0.004160355776548386,0.03571814298629761,
1332,0.003010457924877604,0.0041465419344604015,0.03565928339958191,
1333,0.003028209631641706,0.004154476337134838,0.03565624728798866,
1334,0.0030448133022420937,0.004161504562944174,0.03572145849466324,
1335,0.0030520812142640352,0.004155142232775688,0.03567962720990181,
1336,0.0030221674953483874,0.004145559389144182,0.03566114604473114,
1337,0.0030189286400046614,0.004163546487689018,0.035710688680410385,
1338,0.0030265712541424567,0.004151392262428999,0.035669151693582535,
1339,0.0030388956009927723,0.004162545781582594,0.03566575050354004,
1340,0.0030515807836006084,0.004147108178585768,0.0356549508869648,
1341,0.0029995872949560485,0.004150677938014269,0.03565932437777519,
1342,0.0030132141999072498,0.004152833484113216,0.035656820982694626,
1343,0.003050209100668629,0.004158323165029287,0.03573751077055931,
1344,0.003031910629943013,0.004155199509114027,0.035623274743556976,
1345,0.0030151415461053452,0.004150287713855505,0.03568944334983826,
1346,0.0030377949588000774,0.004149826243519783,0.035668157041072845,
1347,0.003053166360283891,0.004148332867771387,0.03566671535372734,
1348,0.003040856474803554,0.00414320407435298,0.035645242780447006,
1349,0.0030187034669021764,0.0041541410610079765,0.0356614775955677,
1350,0.003029295269192921,0.004145983140915632,0.03569639101624489,
1351,0.003009515685132808,0.004153148736804724,0.035682909190654755,
1352,0.0030162756900406545,0.004152919165790081,0.03565928712487221,
1353,0.0030266433799018464,0.00414764741435647,0.03574519231915474,
1354,0.0030037497635930777,0.004143810365349054,0.03562215715646744,
1355,0.003016997232205338,0.004156406968832016,0.03570511192083359,
1356,0.003002910228032205,0.004152295179665089,0.03564734384417534,
1357,0.0030178738395786947,0.004149762913584709,0.03564056009054184,
1358,0.003006363028867377,0.004153538029640913,0.03568345680832863,
1359,0.003028947782392303,0.004149700980633497,0.035642169415950775,
1360,0.0030217819278024966,0.004158993251621723,0.03569222614169121,
1361,0.0030310880651490558,0.0041458760388195515,0.035666655749082565,
1362,0.003050003485340211,0.004154677037149668,0.035677164793014526,
1363,0.003025066236861878,0.004163168836385012,0.035706330090761185,
1364,0.0030464395466778013,0.004141760058701038,0.03562052547931671,
1365,0.0030467291879985067,0.004153827670961618,0.0356656089425087,
1366,0.0030652018160455758,0.004161358345299959,0.03569303825497627,
1367,0.0030264343238539165,0.00414487486705184,0.03565004840493202,
1368,0.0030283041350129577,0.004167034290730953,0.03573726490139961,
1369,0.0030450262129306793,0.00414305692538619,0.03563377261161804,
1370,0.003055308919606937,0.004146428778767586,0.03565458208322525,
1371,0.0030406754619131484,0.004171862732619047,0.03571173548698425,
1372,0.003052870975807309,0.004149720072746277,0.03566678613424301,
1373,0.003015237446460459,0.004155854228883982,0.03572529926896095,
1374,0.0030244767614122895,0.004146154038608074,0.035650551319122314,
1375,0.003024241550722056,0.004148494452238083,0.03564393147826195,
1376,0.003024164949440294,0.004156365990638733,0.03566737473011017,
1377,0.0030232052215271527,0.0041578649543225765,0.035674721002578735,
1378,0.003063236208011707,0.004158398602157831,0.0357016958296299,
1379,0.003019498868121041,0.004135998897254467,0.035613443702459335,
1380,0.0030362700991746453,0.004145113751292229,0.035655803978443146,
1381,0.0030539180410818923,0.004160915967077017,0.035695962607860565,
1382,0.0030080139274812406,0.004150529392063618,0.03570109233260155,
1383,0.003004451152972049,0.004137867130339146,0.03561507910490036,
1384,0.003040394668156902,0.0041584777645766735,0.03569610416889191,
1385,0.003003861185991102,0.004158871714025736,0.03569311276078224,
1386,0.003056716691288683,0.004148169420659542,0.03566291183233261,
1387,0.003036390162176556,0.004157954826951027,0.035670023411512375,
1388,0.00300138635146949,0.0041515217162668705,0.03567267209291458,
1389,0.0030111923762079743,0.004144306294620037,0.0356018953025341,
1390,0.0030324136734836632,0.004143933299928904,0.03566591069102287,
1391,0.003007998198477758,0.004164160694926977,0.03566538542509079,
1392,0.0030272544051210084,0.0041423095390200615,0.03562736138701439,
1393,0.0030260547322945464,0.004150761291384697,0.03565257787704468,
1394,0.003029306134622958,0.0041529773734509945,0.03566901013255119,
1395,0.0030334244947880507,0.004154893569648266,0.03565915673971176,
1396,0.003008646373119619,0.0041462029330432415,0.03562357276678085,
1397,0.003019219341998299,0.004145126324146986,0.035625722259283066,
1398,0.0030094176375617585,0.004153536166995764,0.035653650760650635,
1399,0.003040354129754835,0.004151357803493738,0.0356634221971035,
1400,0.003036229172721505,0.004147308878600597,0.03562699630856514,
1401,0.0030293402313772175,0.004148675594478846,0.03563478961586952,
1402,0.003005351069279843,0.004161635879427195,0.03566954284906387,
1403,0.003004534454602334,0.0041467538103461266,0.035655032843351364,
1404,0.0030103359474904006,0.004152047447860241,0.0356321707367897,
1405,0.003010190531818403,0.004142992664128542,0.03565884381532669,
1406,0.003027596071155535,0.004147741012275219,0.03562701493501663,
1407,0.0029966954866217244,0.004144590813666582,0.03565569594502449,
1408,0.003017496084794402,0.004146740771830082,0.03563401475548744,
1409,0.003015814504275719,0.004145825747400522,0.03562087193131447,
1410,0.0030117509369221,0.0041456809267401695,0.03564854711294174,
1411,0.0030332678256349433,0.004150046966969967,0.03565507009625435,
1412,0.003034724776322643,0.0041571976616978645,0.03569378703832626,
1413,0.0030391059246742064,0.004140560049563646,0.03560889884829521,
1414,0.003031145470837752,0.004157999996095896,0.03569004312157631,
1415,0.003026952501386404,0.004147641826421022,0.03564821928739548,
1416,0.0030036712220559516,0.00414232537150383,0.035624098032712936,
1417,0.0030215684479723373,0.004146392922848463,0.035654254257678986,
1418,0.003006021621533566,0.004146425519138575,0.03564409166574478,
1419,0.003024240360698766,0.0041421158239245415,0.03562338277697563,
1420,0.003017209004610777,0.004140336997807026,0.0356256328523159,
1421,0.0030006098095327616,0.004155289847403765,0.03567155450582504,
1422,0.0030358656206064755,0.004148237872868776,0.03563884645700455,
1423,0.003021947134079205,0.004147642757743597,0.03563277795910835,
1424,0.003011663496080372,0.004154016729444265,0.03568137809634209,
1425,0.0030294458071390786,0.004151279106736183,0.03564159572124481,
1426,0.003022737619984481,0.004148922860622406,0.03563837707042694,
1427,0.0030242836930685574,0.0041562397964298725,0.035666417330503464,
1428,0.0030174190178513527,0.004143511410802603,0.03563439100980759,
1429,0.0030250763261897694,0.004149333573877811,0.03564976528286934,
1430,0.003040073517089089,0.004139757249504328,0.03560197725892067,
1431,0.0030325012436757484,0.004151519853621721,0.03564233332872391,
1432,0.00300018109070758,0.004143340513110161,0.03564179316163063,
1433,0.003005695322321521,0.004141608253121376,0.035594478249549866,
1434,0.002992890128451917,0.004150541499257088,0.03567411005496979,
1435,0.0030195869298444856,0.004153870977461338,0.035640254616737366,
1436,0.0030284378056724868,0.004151221364736557,0.035639941692352295,
1437,0.0030174263132115207,0.00415020203217864,0.0356314517557621,
1438,0.0030088487288190257,0.00415683351457119,0.03565218672156334,
1439,0.0030122941308137444,0.004157059360295534,0.03565887361764908,
1440,0.003034558173062073,0.004159272648394108,0.035681307315826416,
1441,0.003037775840817226,0.004146344494074583,0.03565151244401932,
1442,0.003006154852401879,0.00414615124464035,0.03563772514462471,
1443,0.0030350078725152546,0.004145476501435041,0.03562197834253311,
1444,0.0030047980706310934,0.004143059253692627,0.03561810776591301,
1445,0.003037055204105046,0.004142880905419588,0.03562766686081886,
1446,0.0030222652066085073,0.0041499012149870396,0.035635218024253845,
1447,0.0030238410820149714,0.00414906395599246,0.035637836903333664,
1448,0.0030370641292797197,0.004144006408751011,0.03562507405877113,
1449,0.003043062079490887,0.004144825506955385,0.03563900291919708,
1450,0.0030113191136883367,0.004153883550316095,0.03564261272549629,
1451,0.0030231250760455928,0.004154992289841175,0.035666272044181824,
1452,0.003030832287751966,0.0041452450677752495,0.03564716503024101,
1453,0.0030075977297706735,0.004143398720771074,0.03565045818686485,
1454,0.0030128691707634265,0.004160590004175901,0.035679880529642105,
1455,0.0030270289215776655,0.004159051459282637,0.035680145025253296,
1456,0.0030249409739755923,0.0041500539518892765,0.03563845530152321,
1457,0.0030299716939528785,0.004147696774452925,0.03564339876174927,
1458,0.0030228836824082667,0.004151318687945604,0.03566628694534302,
1459,0.0030385665595531464,0.004144953563809395,0.03563079982995987,
1460,0.003030371205467317,0.004152256529778242,0.0356634259223938,
1461,0.0030300645157694817,0.004142730962485075,0.03564295545220375,
1462,0.0030252254671520656,0.004152690526098013,0.035651642829179764,
1463,0.002998068799368209,0.004152797162532806,0.03568245470523834,
1464,0.00301257883095079,0.004143030848354101,0.03563876077532768,
1465,0.003010499110031459,0.004152095876634121,0.03567936271429062,
1466,0.0030229804882158837,0.0041475617326796055,0.03563488647341728,
1467,0.0030196490180161265,0.004141679499298334,0.03561864420771599,
1468,0.003023081355624729,0.004148929379880428,0.03566326946020126,
1469,0.003016410292022758,0.004153184127062559,0.03566369041800499,
1470,0.00302730234236353,0.004143581725656986,0.03562420606613159,
1471,0.003028495547672113,0.004144433420151472,0.035629115998744965,
1472,0.003003534705688556,0.004149440675973892,0.035640373826026917,
1473,0.0030039846638424527,0.004152805078774691,0.035651497542858124,
1474,0.003058589399895734,0.004149540327489376,0.03564336895942688,
1475,0.003018860084315141,0.0041465540416538715,0.035619206726551056,
1476,0.0030331990112447077,0.004148474428802729,0.03563825786113739,
1477,0.003026574487901396,0.004151050001382828,0.03564863279461861,
1478,0.003018441791128781,0.0041465237736701965,0.0356249064207077,
1479,0.003062664893352323,0.0041406843811273575,0.03563697263598442,
1480,0.003035798824081818,0.004141935147345066,0.03562544286251068,
1481,0.0030364636590497363,0.004143410362303257,0.03562561795115471,
1482,0.0030518410365200704,0.004149596206843853,0.03564115986227989,
1483,0.0030368258400509753,0.004141558427363634,0.03563692420721054,
1484,0.0030212682257923815,0.004145544953644276,0.035639844834804535,
1485,0.002985838412617644,0.004146144259721041,0.035633087158203125,
1486,0.003003541043856078,0.004149142652750015,0.03564022481441498,
1487,0.003015340512825383,0.004146018531173468,0.035635579377412796,
1488,0.003034498749507798,0.004145637154579163,0.03563560172915459,
1489,0.003000515357901653,0.004154076334089041,0.03564437851309776,
1490,0.002988288955142101,0.00415013637393713,0.03565077856183052,
1491,0.0030196459136075443,0.004147007130086422,0.03563781455159187,
1492,0.0030306189890123075,0.004146512597799301,0.03564083203673363,
1493,0.002994698886242178,0.004147000145167112,0.03565186262130737,
1494,0.0030161020501206317,0.004143292549997568,0.03564251959323883,
1495,0.003021629967002405,0.00414967630058527,0.03563081473112106,
1496,0.0030035305147369704,0.004155049100518227,0.035667307674884796,
1497,0.0030234925345414216,0.004145431332290173,0.035636257380247116,
1498,0.003037082367680139,0.004149382933974266,0.03564836457371712,
1499,0.0030291311494592163,0.00414296006783843,0.035637132823467255,
1500,0.003019828194131454,0.004146582446992397,0.0356329046189785,
