epoch,train_loss,test_loss,test_mae,sigma_error_corr
1,0.9635212885008918,0.9109105467796326,0.7889137268066406,0.16434420981015285
2,0.8397710389561124,0.7626221179962158,0.7304784059524536,0.22560558951582513
3,0.6557284858491685,0.5775046348571777,0.6583715677261353,0.1967918980334462
4,0.4907192753420936,0.4152163863182068,0.5920574069023132,0.12335112361477865
5,0.2874486810631222,0.16565807163715363,0.5098446011543274,0.07775246579036225
6,-0.07985160929254359,-0.33784300088882446,0.3500128984451294,0.026435556828844974
7,-0.664061062865787,-0.8365931510925293,0.22403517365455627,-0.08447073641378089
8,-1.1647311978869967,-1.3564250469207764,0.20040889084339142,0.007553034623720733
9,-1.5900403923458524,-1.6427640914916992,0.18234840035438538,-0.08200789819180776
10,-1.8373754421869914,-1.7566707134246826,0.17305609583854675,-0.0893454141153308
11,-2.0978751712375217,-1.7127050161361694,0.16569334268569946,-0.09773073065712785
12,-2.237660566965739,-1.722976803779602,0.16077835857868195,-0.08561405105720366
13,-2.378280427720812,-1.932287335395813,0.1548559069633484,-0.08472524508539832
14,-2.4741184181637235,-1.9894068241119385,0.1542704850435257,-0.07359793459849481
15,-2.4936446878645153,-1.822242259979248,0.15333804488182068,-0.10677773684576139
16,-2.5563910802205405,-1.815110683441162,0.151583731174469,-0.09462224050889628
17,-2.574550363752577,-1.9486043453216553,0.15068139135837555,-0.09768787930340196
18,-2.6354482173919678,-1.8430384397506714,0.14751455187797546,-0.10777959966583042
19,-2.681811226738824,-1.9370237588882446,0.14577461779117584,-0.0910641409299356
20,-2.720155848397149,-2.1376144886016846,0.14605338871479034,-0.0691659711635807
21,-2.7250132030910916,-1.8943578004837036,0.14463791251182556,-0.08922989229116074
22,-2.792605903413561,-1.3585759401321411,0.14364118874073029,-0.11232690230127808
23,-2.8108622233072915,-1.6692066192626953,0.14302538335323334,-0.10162677691488621
24,-2.8687744405534534,-1.8676228523254395,0.14381957054138184,-0.08461977115662922
25,-2.8077329794565835,-1.83135986328125,0.141062393784523,-0.08929691922612171
26,-2.882796843846639,-1.959100604057312,0.14060360193252563,-0.08691029693132138
27,-2.8862237400478787,-2.107532262802124,0.13939867913722992,-0.08702607066693446
28,-2.9215589894188776,-1.8395681381225586,0.13931284844875336,-0.08608961948149244
29,-2.940974924299452,-1.9299532175064087,0.1387311816215515,-0.0846468061053808
30,-2.95359820789761,-2.0571448802948,0.13837918639183044,-0.07733732002876025
31,-2.96488528781467,-1.6286479234695435,0.13786287605762482,-0.09391501009578071
32,-2.9610959423912897,-1.8798261880874634,0.1365453451871872,-0.08988182777813851
33,-2.995282146665785,-1.8755836486816406,0.13684320449829102,-0.08466547954234846
34,-3.01803191502889,-2.031162738800049,0.1362627148628235,-0.08705777277370756
35,-3.0253713130950928,-1.5982115268707275,0.13533218204975128,-0.09715832316072211
36,-3.054056035147773,-1.7273175716400146,0.13536784052848816,-0.09329418220679904
37,-3.059846348232693,-2.050694227218628,0.1350054293870926,-0.08457284886115167
38,-3.070811774995592,-1.9632290601730347,0.13434600830078125,-0.0883791277279067
39,-3.0718617969089084,-1.79730224609375,0.1333375722169876,-0.091986020842808
40,-3.099245892630683,-2.1301982402801514,0.13293901085853577,-0.07572535439355124
41,-3.095798306994968,-2.136328935623169,0.13255524635314941,-0.07791069296796925
42,-3.101812071270413,-2.2196311950683594,0.13164816796779633,-0.07843470516873863
43,-3.124030272165934,-1.9460538625717163,0.13137555122375488,-0.0901603457491266
44,-3.158151282204522,-1.866506814956665,0.13118457794189453,-0.08998283785989229
45,-3.1382944583892822,-1.919602870941162,0.1306905895471573,-0.09190457360120366
46,-3.175937149259779,-2.049501419067383,0.1314980685710907,-0.06945354311000497
47,-3.1877452532450357,-2.2805941104888916,0.12991885840892792,-0.08096250697508335
48,-3.0169562763637967,-0.5020615458488464,0.13480304181575775,-0.10576947965356422
49,-2.753463241789076,-2.1918742656707764,0.13087306916713715,-0.07456691626633533
50,-2.980374018351237,-2.6356539726257324,0.1291072964668274,-0.055841059405898036
51,-3.0915326012505426,-2.3176450729370117,0.12970668077468872,-0.07660691669466915
52,-3.1263663503858776,-2.1331489086151123,0.12812396883964539,-0.10067302225987887
53,-3.1270773675706653,-2.4137589931488037,0.12593449652194977,-0.08252782679589717
54,-3.1353705988989935,-2.2662265300750732,0.1260901838541031,-0.08297723764081748
55,-3.203518893983629,-2.385249614715576,0.12399686872959137,-0.07646977675061407
56,-3.246822065777249,-2.2998709678649902,0.12461364269256592,-0.06440599956870854
57,-3.27023975054423,-1.923574686050415,0.12361013889312744,-0.09822035618256064
58,-3.332504484388563,-1.9904180765151978,0.12270841002464294,-0.1012073904443491
59,-3.272882064183553,-2.0856986045837402,0.12187265604734421,-0.0818263248514682
60,-3.339627848731147,-2.3695714473724365,0.12052276730537415,-0.07607779921182337
61,-3.3893308639526367,-2.386099338531494,0.12033090740442276,-0.07240136980599915
62,-3.413941224416097,-2.33505916595459,0.11992599815130234,-0.07458994905378695
63,-3.4303133487701416,-2.2211241722106934,0.11897163093090057,-0.07770828590562912
64,-3.4550144407484265,-1.7940179109573364,0.11971183121204376,-0.08266332336740626
65,-3.4538128111097546,-1.8896185159683228,0.11810506880283356,-0.08935984795231348
66,-3.4748349719577365,-1.8393985033035278,0.1177905797958374,-0.08830966888121085
67,-3.5007143550448947,-1.8599224090576172,0.11775366216897964,-0.07631511133832589
68,-3.4890571435292563,-2.0486040115356445,0.11636139452457428,-0.08099347932827757
69,-3.5257539484235974,-1.7308779954910278,0.11650875955820084,-0.08586959796705407
70,-3.515779866112603,-1.9287478923797607,0.11581545323133469,-0.08324016503450625
71,-3.5250087314181857,-1.6071196794509888,0.11619732528924942,-0.09120723195939623
72,-3.525295548968845,-2.1416518688201904,0.11440054327249527,-0.06760745661300405
73,-3.5727623303731284,-2.282198667526245,0.11367066204547882,-0.06873988741113428
74,-3.5863128238254123,-2.0042243003845215,0.11289583146572113,-0.07497532846139592
75,-3.584684239493476,-2.1625826358795166,0.11198415607213974,-0.06726987827820463
76,-3.6092694070604114,-2.0971951484680176,0.111775241792202,-0.06449684421291353
77,-3.6267795827653675,-2.034127950668335,0.11138094216585159,-0.07142240327421563
78,-3.638518359926012,-2.0010416507720947,0.11036757379770279,-0.07702587863085654
79,-3.6382695304022894,-2.1197924613952637,0.11004405468702316,-0.06225653956900209
80,-3.672391970952352,-2.106790781021118,0.10960665345191956,-0.06128390257185039
81,-3.6697782145606146,-1.9422764778137207,0.10872259736061096,-0.07163671590878022
82,-3.699979649649726,-2.227423906326294,0.10743264108896255,-0.06262108831961918
83,-3.703146537144979,-2.2624778747558594,0.1070532277226448,-0.0497970386157819
84,-3.732124990887112,-1.9081528186798096,0.10681743174791336,-0.06823895518233355
85,-3.7352331479390464,-2.2338497638702393,0.10572072863578796,-0.0631040700248733
86,-3.757481892903646,-2.0720818042755127,0.10536040365695953,-0.06012617501191812
87,-3.778626971774631,-1.970260739326477,0.10524134337902069,-0.05763746521658859
88,-3.789109945297241,-2.3823952674865723,0.10350518673658371,-0.04390149669063629
89,-3.8222983148362903,-2.2354373931884766,0.10331325978040695,-0.058069780294903665
90,-3.8325978649987116,-2.20307993888855,0.1029098778963089,-0.05341308383261003
91,-3.855970197253757,-2.1094985008239746,0.10222946107387543,-0.05009074066906813
92,-3.8626076910230847,-1.88857102394104,0.10247637331485748,-0.053617096351688424
93,-3.881458944744534,-2.0033066272735596,0.10133013874292374,-0.05903701818798495
94,-3.878440433078342,-2.3900058269500732,0.09993988275527954,-0.04782425775569254
95,-3.9090201589796276,-2.224923610687256,0.10022246092557907,-0.039387233154316144
96,-3.9015269544389515,-2.5610172748565674,0.0992855429649353,-0.025979130368380725
97,-3.9215198622809515,-2.4314510822296143,0.09938506036996841,-0.045521543504866334
98,-3.928012397554186,-2.553980827331543,0.09842964261770248,-0.037337230749634964
99,-3.927700228161282,-2.259620428085327,0.09832590818405151,-0.0458050826240852
100,-3.9689666430155435,-2.303511381149292,0.09767565876245499,-0.04413001261484474
101,-3.9778819613986545,-2.3534204959869385,0.09770401567220688,-0.046593493768638174
102,-3.988270017835829,-2.290968418121338,0.09746646881103516,-0.044121748559210645
103,-4.007013532850477,-2.5429837703704834,0.09649442136287689,-0.033231109281329343
104,-4.007613658905029,-2.3533124923706055,0.09719706326723099,-0.03006692449794196
105,-3.98758692211575,-2.7358973026275635,0.09667237848043442,-0.03171148839902146
106,-4.0160396628909645,-2.4490556716918945,0.09634219110012054,-0.03681184510251105
107,-4.049339771270752,-2.6200191974639893,0.09574570506811142,-0.017275893590153447
108,-4.043146318859524,-2.2861905097961426,0.09685342013835907,-0.029197234116410623
109,-4.033517175250584,-2.3292019367218018,0.09640094637870789,-0.036588863762510415
110,-4.0702544583214655,-2.3974692821502686,0.09564169496297836,-0.03818967275918397
111,-4.094331158532037,-2.612518072128296,0.09522372484207153,-0.011675471698577964
112,-4.081666787465413,-2.079096555709839,0.0962834358215332,-0.02621495847220714
113,-4.078571796417236,-2.7261321544647217,0.09507445991039276,-0.02737937807432537
114,-4.103109942542182,-2.470590114593506,0.09528284519910812,-0.02108385561511318
115,-4.060629394319323,-2.4145348072052,0.09482409805059433,-0.016172635781806256
116,-4.107690546247694,-2.5527353286743164,0.0945056676864624,-0.025088673149224174
117,-4.125796212090386,-2.237272262573242,0.09563792496919632,-0.03221060241184557
118,-4.101756307813856,-2.5408804416656494,0.0946463942527771,-0.03185171072071569
119,-4.1350818739997015,-2.536365032196045,0.09388216584920883,-0.014127489128442043
120,-4.152080429924859,-2.6415889263153076,0.0935722142457962,-0.0073116991245283265
121,-4.14722384346856,-2.244694709777832,0.09482622146606445,-0.02729885710377884
122,-4.133299085828993,-2.2835843563079834,0.09438445419073105,-0.03303298128973065
123,-4.137236489189996,-2.8134891986846924,0.09302306920289993,-0.005141642848059108
124,-4.15722311867608,-2.613142251968384,0.09325965493917465,-0.008271173345376148
125,-4.14712397257487,-2.5905909538269043,0.09387566149234772,-0.017713622827658364
126,-4.1906412442525225,-2.500246524810791,0.09419218450784683,-0.017329992179298207
127,-4.173899862501356,-2.530402660369873,0.09331440925598145,-0.0018419284510256258
128,-4.18741496404012,-2.7976326942443848,0.09249984472990036,0.00464180897170388
129,-4.204226864708795,-2.690046787261963,0.09368830174207687,-0.011300480257787808
130,-4.209227403004964,-2.5912251472473145,0.09384118020534515,-0.007420881247105535
131,-4.214170508914524,-2.722693920135498,0.09238874912261963,0.005335141659286826
132,-4.207984606424968,-2.443869113922119,0.09260231256484985,0.001555150869891432
133,-4.214326169755724,-2.563706874847412,0.09251677244901657,-0.00588418303113112
134,-4.248957845899794,-2.526916265487671,0.09305091947317123,-0.006988960032379752
135,-4.239884164598253,-2.855025053024292,0.09169372171163559,0.014608896741236908
136,-4.247766918606228,-2.6158456802368164,0.09253177046775818,0.018485900940446665
137,-4.236048645443386,-2.8144583702087402,0.09257879853248596,0.0007084092122791027
138,-4.2679443359375,-2.6723296642303467,0.09245064854621887,0.0023230461940481487
139,-4.280717107984755,-2.7619638442993164,0.0916808694601059,0.0190702505012949
140,-4.2581395573086205,-2.611030340194702,0.09157511591911316,0.012569990068085946
141,-4.266125414106581,-3.0314977169036865,0.09173738211393356,0.003954278419226889
142,-4.267389721340603,-2.789381980895996,0.09140048921108246,0.004909937966105514
143,-4.286675930023193,-2.9327304363250732,0.09077315777540207,0.021252964402433457
144,-4.288360595703125,-2.825821876525879,0.09078627079725266,0.024490470247356014
145,-4.312633408440484,-2.772771120071411,0.0912519171833992,0.0066890038929927715
146,-4.32961893081665,-2.7687621116638184,0.091377854347229,0.011746384516563289
147,-4.305163966284858,-2.764246702194214,0.09084535390138626,0.020759556875906263
148,-4.330184724595812,-2.8475420475006104,0.09048977494239807,0.023914942284797115
149,-4.295931710137261,-2.8494458198547363,0.09093412011861801,0.014161807569215585
150,-4.319936487409803,-2.8339643478393555,0.09102092683315277,0.019065045669864587
151,-4.349294662475586,-2.9491829872131348,0.09064466506242752,0.03720322205031945
152,-4.3383462693956165,-2.4028308391571045,0.09117858856916428,0.023522253157020695
153,-4.353517903221978,-2.8837356567382812,0.09084179252386093,0.01620585342704141
154,-4.363789134555393,-2.7403197288513184,0.09110414981842041,0.014449844784831812
155,-4.36314508650038,-2.81437349319458,0.08989427983760834,0.033990678320649254
156,-4.377481513553196,-2.975001096725464,0.08967000246047974,0.03426656814562303
157,-4.386742485894097,-2.8576369285583496,0.0904807448387146,0.023202365117119438
158,-4.3839127752516,-3.041825771331787,0.08951497077941895,0.02303806792569913
159,-4.398041619194879,-2.6013004779815674,0.09056905657052994,0.0315672364125063
160,-4.3762586911519366,-2.7710413932800293,0.08987199515104294,0.04134015935841441
161,-4.411894162495931,-2.7118303775787354,0.09006238728761673,0.02479750633063852
162,-4.4033463795979815,-2.8973052501678467,0.08953703194856644,0.026901776213745208
163,-4.4239851633707685,-2.748441457748413,0.08967031538486481,0.03729429275261693
164,-4.411435657077366,-3.11452054977417,0.08862067013978958,0.04917693078208354
165,-4.414628187815349,-3.1358704566955566,0.08945572376251221,0.042032541679944004
166,-4.427234013875325,-3.224095344543457,0.08888614922761917,0.041084718088046375
167,-4.41576788160536,-2.9312989711761475,0.0890856459736824,0.04719869836042963
168,-4.4595441818237305,-2.9021668434143066,0.08891178667545319,0.04567873621498586
169,-4.450985537634955,-3.0188326835632324,0.08873919397592545,0.04141454482260055
170,-4.4738635487026635,-3.119004964828491,0.08867692202329636,0.03533187057223118
171,-4.45239077674018,-2.9245383739471436,0.08826489001512527,0.04589161479444335
172,-4.485658751593696,-2.7836661338806152,0.08904074877500534,0.05262000680813681
173,-4.48496150970459,-2.862976312637329,0.08879970759153366,0.040920734007507946
174,-4.481163501739502,-3.247941493988037,0.08877464383840561,0.03707460354755393
175,-4.458425362904866,-2.886268138885498,0.08834551274776459,0.050831612247812706
176,-4.4996490478515625,-2.871762752532959,0.08846202492713928,0.06007067989155526
177,-4.469008869594997,-3.0780189037323,0.08843835443258286,0.047653170535916715
178,-4.4920651117960615,-3.0417051315307617,0.0883992612361908,0.04775334786038704
179,-4.522549152374268,-3.0342304706573486,0.0878290981054306,0.05964944006889313
180,-4.511525683932835,-3.1527867317199707,0.0873045101761818,0.0609234235899077
181,-4.497314029269749,-2.9156062602996826,0.08835078775882721,0.046844885407780576
182,-4.50419553120931,-3.326138973236084,0.08806587010622025,0.05343982955039077
183,-4.521912945641412,-3.169963836669922,0.08716830611228943,0.06996710785236025
184,-4.531616846720378,-3.128748655319214,0.0875231921672821,0.07115370274777261
185,-4.522362179226345,-3.2445755004882812,0.08807560056447983,0.06866767972706346
186,-4.524432447221544,-3.258413076400757,0.08727998286485672,0.061563121883967196
187,-4.545742193857829,-3.1319468021392822,0.08761509507894516,0.08152751539329597
188,-4.506138165791829,-2.191063642501831,0.0897030234336853,0.06173532498025043
189,-4.481400277879503,-3.4085545539855957,0.08738093078136444,0.06383729821958942
190,-4.516068564520942,-3.189680576324463,0.08788562566041946,0.061540721569530714
191,-4.520518620808919,-3.0382742881774902,0.08711180090904236,0.06960030373348962
192,-4.531495147281223,-3.2328908443450928,0.0864991545677185,0.08186874548305553
193,-4.551800780826145,-3.295217990875244,0.08682499825954437,0.066989569892137
194,-4.557853539784749,-3.274648904800415,0.08681805431842804,0.06411478545510524
195,-4.573955588870579,-3.0108463764190674,0.08661321550607681,0.07364461556242254
196,-4.58378087149726,-3.3472514152526855,0.08680941164493561,0.09908589694159761
197,-4.587449232737224,-3.1536002159118652,0.08654683083295822,0.07045848269743363
198,-4.588918262057835,-3.214066505432129,0.08669727295637131,0.06982541271583396
199,-4.600485536787245,-3.4150421619415283,0.08552782982587814,0.0911650739747735
200,-4.611908753712972,-3.0565123558044434,0.08644266426563263,0.08654702765519696
201,-4.615030765533447,-3.3848154544830322,0.0861162319779396,0.0825911433098902
202,-4.6415695614284935,-3.386896848678589,0.08588097989559174,0.07787503986382806
203,-4.636095735761854,-3.3165781497955322,0.08552633225917816,0.09340744301895898
204,-4.6504034996032715,-3.2342779636383057,0.08541344106197357,0.0914981961441572
205,-4.659979608323839,-3.31355619430542,0.08582937717437744,0.08295142708625017
206,-4.648238129085964,-3.22756290435791,0.08565203845500946,0.08918566120050651
207,-4.6398887104458275,-3.4413673877716064,0.08494668453931808,0.1042968144886619
208,-4.665197213490804,-3.3164477348327637,0.08493626117706299,0.0996129231267635
209,-4.67211389541626,-3.3179306983947754,0.08540050685405731,0.09076966441747773
210,-4.6711961428324384,-3.3840699195861816,0.08509538322687149,0.0925763400854491
211,-4.69326565000746,-3.2643964290618896,0.0850958377122879,0.1069674493873458
212,-4.670577155219184,-3.211775302886963,0.0850178450345993,0.10264369061178716
213,-4.636614057752821,-3.4388935565948486,0.08519987016916275,0.10137862265803446
214,-4.691493723127577,-3.3568296432495117,0.08592665195465088,0.08733131941941874
215,-4.6548446549309626,-3.166943311691284,0.08519307523965836,0.10375090743961211
216,-4.644322024451362,-3.225048542022705,0.08491767197847366,0.10865670841049299
217,-4.647117879655626,-3.656937837600708,0.08444464206695557,0.10519115202609974
218,-4.699863168928358,-3.513312578201294,0.08456451445817947,0.10513853998126756
219,-4.721882979075114,-3.4048376083374023,0.08437969535589218,0.11521932310021152
220,-4.7322719362046985,-3.4302027225494385,0.08441821485757828,0.11665380684128625
221,-4.734097745683458,-3.270819902420044,0.0848509818315506,0.10520632264068698
222,-4.716747601826985,-3.6753480434417725,0.08392895758152008,0.1089282320570612
223,-4.719577312469482,-3.4971485137939453,0.08351128548383713,0.11746259223829757
224,-4.740076224009196,-3.3686234951019287,0.08371570706367493,0.11220930531867128
225,-4.727732605404324,-3.065201759338379,0.08502708375453949,0.10014080029596903
226,-4.682075235578749,-3.5780813694000244,0.08385809510946274,0.11381578002162572
227,-4.7355308002895775,-3.63379168510437,0.08358927816152573,0.13096039261742243
228,-4.732076962788899,-3.543349504470825,0.08360479027032852,0.12862630547918663
229,-4.755095693800184,-3.652585506439209,0.0840873271226883,0.10944476656356211
230,-4.717265923817952,-3.3689138889312744,0.08403164148330688,0.11593013116963634
231,-4.757617897457546,-3.571958065032959,0.08350405842065811,0.1392280146759595
232,-4.767145156860352,-3.3218729496002197,0.08380038291215897,0.1274916925308797
233,-4.779606289333767,-3.6097748279571533,0.08338327705860138,0.1235389416632029
234,-4.780817402733697,-3.505953788757324,0.08384867012500763,0.12488820430472242
235,-4.773489422268337,-3.239499092102051,0.08350294083356857,0.12289878934887832
236,-4.739139874776204,-3.419300079345703,0.08330616354942322,0.1262684435526581
237,-4.732367992401123,-3.3869056701660156,0.08366312831640244,0.12257247163496658
238,-4.698053889804417,-3.6935627460479736,0.08369365334510803,0.1265079041881272
239,-4.75158675511678,-3.605332136154175,0.08323739469051361,0.14662789716462704
240,-4.775897873772515,-3.851850748062134,0.08213809132575989,0.14539978438404932
241,-4.827972888946533,-3.353510618209839,0.08373692631721497,0.12384422744016083
242,-4.81455119450887,-3.779184103012085,0.08220486342906952,0.13237237449957637
243,-4.837065855662028,-3.4572455883026123,0.0826852023601532,0.14525071523607885
244,-4.82560231950548,-3.490570068359375,0.08214336633682251,0.14315454431249675
245,-4.856908957163493,-3.651076316833496,0.0825342983007431,0.13699038672575203
246,-4.842114024692112,-3.5206799507141113,0.08269323408603668,0.1331435057124112
247,-4.826626300811768,-3.2140791416168213,0.08319300413131714,0.15312053579800575
248,-4.8201770252651635,-3.616079330444336,0.0818699300289154,0.1505742032480921
249,-4.861622916327582,-3.7505133152008057,0.08199639618396759,0.1379896169438819
250,-4.872492260403103,-3.7201740741729736,0.0817655473947525,0.1426957127233023
251,-4.871338420444065,-3.4271934032440186,0.0825229063630104,0.15585360731844417
252,-4.825357278188069,-3.5603387355804443,0.0820188969373703,0.15802354955497944
253,-4.849104987250434,-3.643868923187256,0.08196511119604111,0.14511269486699077
254,-4.883428944481744,-3.8011271953582764,0.0814242959022522,0.14422625923575916
255,-4.862107965681288,-3.5690548419952393,0.08155608922243118,0.15638365651682853
256,-4.872829808129205,-3.492230176925659,0.08185388892889023,0.15397523370124358
257,-4.89027123981052,-3.8330934047698975,0.08126600086688995,0.14693197841515765
258,-4.9013495445251465,-3.7120089530944824,0.08160465210676193,0.14312677982711072
259,-4.895470513237847,-3.5936484336853027,0.08135709911584854,0.16791173999305295
260,-4.890857219696045,-3.5831923484802246,0.08111724257469177,0.15973515640629862
261,-4.904278755187988,-3.8203868865966797,0.08072046935558319,0.15009933303754003
262,-4.919438362121582,-3.974039077758789,0.08075427263975143,0.15136221690110394
263,-4.933815002441406,-3.5327537059783936,0.08103788644075394,0.160046460694645
264,-4.920895682440864,-3.8228697776794434,0.08028549700975418,0.16463979280235796
265,-4.930286354488796,-3.7264599800109863,0.08083292096853256,0.1517110013521338
266,-4.924200746748182,-3.7814364433288574,0.0808650478720665,0.15505919615207944
267,-4.931514369116889,-3.706141471862793,0.08003242313861847,0.1612089185465215
268,-4.933932357364231,-3.6981935501098633,0.08027947694063187,0.1657136517659844
269,-4.9297661781311035,-3.717019557952881,0.08038259297609329,0.15555403488298053
270,-4.944769700368245,-3.7775096893310547,0.08041232824325562,0.15909613837314174
271,-4.980601946512858,-3.7408173084259033,0.07996698468923569,0.1706768934081597
272,-4.976390202840169,-3.8131353855133057,0.07965567708015442,0.16796637647804386
273,-4.959223376380073,-3.8400871753692627,0.07988591492176056,0.15434620435489602
274,-4.992262946234809,-3.77339506149292,0.07977613806724548,0.15909776246894364
275,-4.969545788235134,-3.666142225265503,0.07992122322320938,0.17039936787693674
276,-4.956725650363499,-3.4829368591308594,0.08039895445108414,0.17261846097674072
277,-4.957047409481472,-3.987046003341675,0.07989846169948578,0.16626659426612614
278,-4.952416472964817,-3.9061598777770996,0.0793929323554039,0.16425538596153882
279,-4.973028288947211,-3.761227607727051,0.07988391071557999,0.18114790878606293
280,-4.94675874710083,-3.603050708770752,0.08004673570394516,0.17086193264839794
281,-4.978852113087972,-3.8026130199432373,0.07953683286905289,0.16333155305467478
282,-4.9864636527167425,-4.109574794769287,0.07854431867599487,0.16919883980450104
283,-4.99542596605089,-3.8092849254608154,0.07929439097642899,0.17768238767484534
284,-5.0052164395650225,-3.808560848236084,0.07890324294567108,0.176737994075007
285,-4.965522766113281,-3.4152798652648926,0.07941610366106033,0.15054570541402273
286,-4.968930509355333,-3.9237539768218994,0.07903117686510086,0.16847588582809556
287,-4.98489252726237,-3.8365025520324707,0.07885477691888809,0.1738882251272993
288,-5.00219382180108,-4.031586647033691,0.0781780555844307,0.18131016694010837
289,-5.022110197279188,-3.826009750366211,0.07853832840919495,0.15620210642905696
290,-5.009089893764919,-3.9041757583618164,0.07823357731103897,0.16293080464142096
291,-5.030790593889025,-4.0749311447143555,0.07767044007778168,0.17980451237347
292,-5.046977467007107,-4.0225043296813965,0.07770958542823792,0.1786260331084355
293,-5.044990009731716,-3.7622878551483154,0.07845783978700638,0.1583009236193399
294,-5.032984150780572,-4.136373519897461,0.07739568501710892,0.17177048213799656
295,-5.041460143195258,-3.828246831893921,0.07793973386287689,0.17606073703689568
296,-5.050816324022081,-3.997394323348999,0.07764915376901627,0.1950650143103184
297,-5.038615173763699,-3.886194944381714,0.0778793916106224,0.16126473329494692
298,-5.048688517676459,-3.923011064529419,0.07768523693084717,0.16388194120212232
299,-5.049879339006212,-4.013791084289551,0.07758161425590515,0.19394376899903068
300,-5.050419330596924,-4.075417995452881,0.07701505720615387,0.1868760481861058
301,-5.0814517339070635,-3.8644752502441406,0.07823743671178818,0.17139948772293281
302,-5.078268792894152,-4.051204204559326,0.07708194851875305,0.16353552394049628
303,-5.109568860795763,-3.749621629714966,0.07778478413820267,0.18915311222473732
304,-5.056325011783176,-4.1430888175964355,0.07622472941875458,0.1799043401616588
305,-5.1172261238098145,-3.890038013458252,0.0775785818696022,0.15849380162890883
306,-5.1166905826992455,-4.093890190124512,0.07652364671230316,0.16947824569013234
307,-5.122280385759142,-3.857434034347534,0.07670131325721741,0.18512559578200294
308,-5.120522075229221,-4.149204730987549,0.07619462162256241,0.19392815790029502
309,-5.127049922943115,-4.020991802215576,0.07672641426324844,0.15685560984750063
310,-5.125903394487169,-3.8757176399230957,0.07643880695104599,0.16661679439458751
311,-5.121197117699517,-3.9506030082702637,0.07632791996002197,0.1864654572777223
312,-5.098691569434272,-4.188556671142578,0.07567763328552246,0.1911884362127795
313,-5.0715053876241045,-4.2298455238342285,0.07574141025543213,0.17546568525877407
314,-5.127280288272434,-4.091326713562012,0.07607811689376831,0.1737092032568554
315,-5.002371046278212,-3.915708065032959,0.07560484856367111,0.16762436978422807
316,-5.011060502794054,-4.280519962310791,0.07517988234758377,0.18357510311058736
317,-5.1250392066107855,-4.005453586578369,0.0757620632648468,0.17026307996150955
318,-5.039112779829237,-3.884503126144409,0.07767290621995926,0.1516315346616483
319,-4.9915582868787975,-4.438823699951172,0.07508448511362076,0.18904154320473407
320,-5.047681596544054,-3.768223524093628,0.07887168228626251,0.2271935477902035
321,-4.743439939286974,-4.194796562194824,0.07546652853488922,0.1620505221706393
322,-5.035896990034315,-4.534751892089844,0.07430978119373322,0.18499419431394806
323,-5.00553396013048,-4.319749355316162,0.07493625581264496,0.188333876101302
324,-4.98350715637207,-4.451206684112549,0.07429313659667969,0.177330657073893
325,-5.113738324907091,-4.319289207458496,0.0734778642654419,0.17227902237072712
326,-5.128523879581028,-4.317506313323975,0.07301206886768341,0.17807408865159297
327,-5.21449417538113,-4.498032093048096,0.07296444475650787,0.18142251608205748
328,-4.674532598919338,-3.3618078231811523,0.0770743116736412,0.18575480156463112
329,-4.875505129496257,-4.588037490844727,0.07309243083000183,0.19400765437481915
330,-5.063988632626003,-4.604421138763428,0.07203967869281769,0.18640135497033386
331,-5.1000554826524525,-4.108150959014893,0.07289549708366394,0.15400605785898827
332,-5.146761311425103,-4.078863143920898,0.07235345989465714,0.17902656116608073
333,-5.2060741318596735,-4.386773586273193,0.07178176194429398,0.19290280640193794
334,-5.263167381286621,-4.1270833015441895,0.07208459824323654,0.14985375967596706
335,-5.2832093768649635,-4.339042663574219,0.0709206685423851,0.15400911463986905
336,-5.311471886105007,-4.40380859375,0.0702936053276062,0.17169867326221971
337,-5.333584891425239,-4.384003162384033,0.07021232694387436,0.17491953423351161
338,-5.34705744849311,-4.3079514503479,0.07046174257993698,0.15472524400140558
339,-5.351888444688585,-4.351820945739746,0.06999083608388901,0.15708044167692176
340,-5.348781002892388,-4.252747058868408,0.07025795429944992,0.17057120330381606
341,-5.340489864349365,-4.3452019691467285,0.06981554627418518,0.16794639890191335
342,-5.348837534586589,-4.355654716491699,0.06975393742322922,0.1499907421518073
343,-5.35627465777927,-4.318571090698242,0.06975863873958588,0.14506039218351124
344,-5.358638233608669,-4.297967433929443,0.06974425166845322,0.1686495308823641
345,-5.356819841596815,-4.375211238861084,0.06916877627372742,0.160483198223031
346,-5.363787862989637,-4.385748386383057,0.06936125457286835,0.14988366425568564
347,-5.363620281219482,-4.409531593322754,0.06894850730895996,0.1496636188274231
348,-5.378559960259332,-4.272451877593994,0.0692858174443245,0.16788420739307539
349,-5.363186783260769,-4.288959980010986,0.06911826878786087,0.16413319568538232
350,-5.361357688903809,-4.36153507232666,0.06866507977247238,0.13604572901699302
351,-5.387345155080159,-4.387404441833496,0.06828118115663528,0.14248887326448936
352,-5.384425852033827,-4.402625560760498,0.06839806586503983,0.15604297280493795
353,-5.385598606533474,-4.439882755279541,0.06803356856107712,0.15549382016754754
354,-5.393728415171306,-4.409510612487793,0.06813224405050278,0.13732167468880463
355,-5.3887912432352705,-4.471657752990723,0.06773287802934647,0.1333172862164193
356,-5.406901253594293,-4.475107669830322,0.06754481047391891,0.15539429345827246
357,-5.397943443722195,-4.522188186645508,0.06722308695316315,0.14235393227115042
358,-5.390750832027859,-4.320022106170654,0.06765444576740265,0.12405660012902091
359,-5.39383766386244,-4.374295711517334,0.06729137152433395,0.12683747636801648
360,-5.4085373348659935,-4.511006832122803,0.06683554500341415,0.14535129964067928
361,-5.41461526023017,-4.474015235900879,0.06680065393447876,0.14099297275500267
362,-5.424035867055257,-4.433276176452637,0.06695650517940521,0.12340438414391842
363,-5.426445696089003,-4.600184440612793,0.0661379024386406,0.12644766491974807
364,-5.439110649956597,-4.393977165222168,0.066493920981884,0.14106518226838127
365,-5.416780524783665,-4.516336917877197,0.06609515845775604,0.1404638617135624
366,-5.419967969258626,-4.4946722984313965,0.0659106969833374,0.11628240939181282
367,-5.430587662590875,-4.565948009490967,0.06583474576473236,0.12257682927129676
368,-5.444680796729194,-4.392426013946533,0.06585254520177841,0.132829752435771
369,-5.429331832461887,-4.567505836486816,0.06551951169967651,0.14733914799200667
370,-5.444713486565484,-4.3365559577941895,0.06582885980606079,0.10591767686013644
371,-5.441785600450304,-4.6306047439575195,0.06483523547649384,0.11590751389209145
372,-5.455684820810954,-4.440005779266357,0.06525322049856186,0.1318048546668392
373,-5.4085845947265625,-4.511624813079834,0.06487753242254257,0.12383625265113779
374,-5.450325436062283,-4.494291305541992,0.0649305209517479,0.10602126154220481
375,-5.455575995975071,-4.679984092712402,0.06408382952213287,0.11181146381516702
376,-5.461248132917616,-4.416713714599609,0.06460949033498764,0.1222658940231257
377,-5.469420433044434,-4.6310133934021,0.06371916085481644,0.12815672933597982
378,-5.481786568959554,-4.464232921600342,0.06430204957723618,0.10239434191158647
379,-5.474038918813069,-4.572786331176758,0.06359963864088058,0.10568207114723728
380,-5.491612593332927,-4.5018744468688965,0.06344102323055267,0.12819610001539203
381,-5.462649504343669,-4.645011901855469,0.06306824833154678,0.1282804847648729
382,-5.497301525539822,-4.500965118408203,0.06327909976243973,0.10309987004491243
383,-5.487645520104302,-4.717586040496826,0.06254810839891434,0.09863806623340943
384,-5.480206807454427,-4.595119476318359,0.06267042458057404,0.12890757679597298
385,-5.476866457197401,-4.810121059417725,0.06197162717580795,0.11965581633597804
386,-5.47471268971761,-4.6969780921936035,0.06206848472356796,0.10057245451455825
387,-5.482734733157688,-4.472232818603516,0.062154728919267654,0.09026160791967228
388,-5.451780796051025,-4.640384197235107,0.062089916318655014,0.12527277642768944
389,-5.477963977389866,-4.717279434204102,0.0616186149418354,0.12480996945889117
390,-5.517346647050646,-4.428639888763428,0.06218673288822174,0.09018789964854777
391,-5.46749750773112,-4.686408519744873,0.06069612503051758,0.09563228408846614
392,-5.472165955437554,-4.646419525146484,0.06112465262413025,0.1177647999231813
393,-5.495366255442302,-4.7109246253967285,0.06058291345834732,0.11699446960961593
394,-5.513164202372233,-4.505044460296631,0.06086113676428795,0.07956763093264328
395,-5.500588575998942,-4.562521934509277,0.06027575209736824,0.0913833868687791
396,-5.508994632297092,-4.793745040893555,0.05960286781191826,0.10725439250438719
397,-5.529712624020046,-4.7977824211120605,0.059631988406181335,0.12160503913589263
398,-5.533893797132704,-4.580188751220703,0.05955367162823677,0.08227953900720061
399,-5.535426722632514,-4.490082263946533,0.059796370565891266,0.08332020809188653
400,-5.552456431918674,-4.759613513946533,0.05887247994542122,0.11844540047067957
401,-5.55450635486179,-4.712700366973877,0.05871275067329407,0.10570111601998727
402,-5.511435084872776,-4.360113143920898,0.05909975618124008,0.07284735642193797
403,-5.469780233171251,-4.6785173416137695,0.058926310390233994,0.08998613089197402
404,-5.543925709194607,-4.784724235534668,0.058175474405288696,0.11086845304715962
405,-5.560068130493164,-4.861701011657715,0.057492781430482864,0.1185445857317263
406,-5.566061814626058,-4.602375030517578,0.057848010212183,0.086710835897818
407,-5.584857357872857,-4.812197685241699,0.05714986473321915,0.0937365819964556
408,-5.577627605862087,-4.795132160186768,0.05688074976205826,0.10631378687445331
409,-5.578618738386366,-4.836500644683838,0.056632429361343384,0.11400648442821208
410,-5.603854868147108,-4.706590175628662,0.056967467069625854,0.0871970717849204
411,-5.600620110829671,-4.946173191070557,0.05603579431772232,0.10239116252999664
412,-5.590247048272027,-4.833146095275879,0.05597013980150223,0.11098022415930958
413,-5.619105445014106,-4.810395240783691,0.056138016283512115,0.126783429930873
414,-5.611398961808947,-4.7654876708984375,0.05599435791373253,0.09260640883281748
415,-5.625225120120579,-4.7330780029296875,0.055850449949502945,0.10069303971514466
416,-5.637461556328668,-4.7737226486206055,0.05542430654168129,0.11682078333302194
417,-5.626113944583469,-4.916264057159424,0.055205684155225754,0.12774428313310027
418,-5.6432803471883135,-4.767881870269775,0.0554363876581192,0.10618444649105503
419,-5.629426002502441,-4.8404035568237305,0.05499139055609703,0.11125745237050098
420,-5.637443118625217,-4.808076858520508,0.05512678995728493,0.13938994676436756
421,-5.63106287850274,-4.918313980102539,0.05457580089569092,0.1370400573124818
422,-5.610883394877116,-4.7661614418029785,0.05495740473270416,0.11539144496700263
423,-5.626318719651964,-4.923007011413574,0.054530154913663864,0.1162515899322836
424,-5.61426305770874,-5.027767658233643,0.053855299949645996,0.14027491145888968
425,-5.598471164703369,-4.823941707611084,0.054148491472005844,0.1282993169420123
426,-5.5450592041015625,-4.861044883728027,0.054276950657367706,0.11955365285475615
427,-5.575598080952962,-4.987224578857422,0.05415559560060501,0.1347671480575256
428,-5.59910790125529,-4.922883987426758,0.05377388373017311,0.1400878157563711
429,-5.602490213182238,-5.061784267425537,0.052969615906476974,0.14907716764060133
430,-5.6051674418979225,-4.946788787841797,0.05343930050730705,0.13252423909088124
431,-5.596456951565212,-4.741433143615723,0.054381076246500015,0.1483629455169415
432,-5.614970631069607,-5.132994651794434,0.05243968218564987,0.16174529286416595
433,-5.322078227996826,-4.805030822753906,0.05354209616780281,0.1577785523566763
434,-5.466921806335449,-5.115138053894043,0.053213801234960556,0.18086471084781192
435,-5.578446282280816,-5.060910701751709,0.052565161138772964,0.169437228854518
436,-5.545128557417128,-5.209558486938477,0.05173583701252937,0.18241866739366183
437,-5.607370747460259,-4.204891681671143,0.05494408309459686,0.17008020584424283
438,-5.173984421624078,-4.962653636932373,0.052537642419338226,0.1968164526395559
439,-5.464995119306776,-5.1942620277404785,0.051126182079315186,0.19539965756351932
440,-5.464151382446289,-5.0807576179504395,0.05193275958299637,0.21590303606673586
441,-5.374311182234022,-5.049039363861084,0.05226179584860802,0.2144347444790453
442,-5.527942286597358,-5.248756408691406,0.050902970135211945,0.24272260000712362
443,-5.547374725341797,-5.126814842224121,0.050794873386621475,0.24050604609180962
444,-5.634115960862902,-5.147965431213379,0.050036683678627014,0.2322577898043769
445,-5.672394275665283,-4.929148197174072,0.050757020711898804,0.21373278418822017
446,-5.643439027998182,-5.140066146850586,0.0496300607919693,0.22242929496333017
447,-5.69501977496677,-5.117773532867432,0.049373023211956024,0.23039724672055245
448,-5.674112584855822,-4.91249942779541,0.050260819494724274,0.248204170370858
449,-5.6987744437323675,-4.977909088134766,0.0495968833565712,0.23529366786974765
450,-5.735844453175862,-5.006524085998535,0.04982022941112518,0.24164421634485206
451,-5.7770412762959795,-5.1307759284973145,0.04902509227395058,0.2591421040759747
452,-5.78827699025472,-5.12184476852417,0.04917416721582413,0.27331580940622424
453,-5.808418379889594,-5.076110363006592,0.049300145357847214,0.25321873396175093
454,-5.8057289653354225,-5.152271270751953,0.048801396042108536,0.2521225696405381
455,-5.805070135328505,-5.14080286026001,0.048724956810474396,0.2667571132802781
456,-5.802087571885851,-5.201066493988037,0.04840545728802681,0.2651354820577261
457,-5.8162802590264215,-5.190727233886719,0.04849785193800926,0.2529990538635576
458,-5.815890206231011,-5.148630142211914,0.04848666861653328,0.2475600145055979
459,-5.799987581041124,-5.262843608856201,0.048110440373420715,0.2761186795146706
460,-5.811137093438043,-5.183481216430664,0.04826818406581879,0.2730610174765622
461,-5.822083950042725,-5.09141731262207,0.04856817051768303,0.2548914647275458
462,-5.8250442610846624,-5.132417678833008,0.048369623720645905,0.2680920588086636
463,-5.832604461246067,-5.151312351226807,0.04836234450340271,0.2841730270977824
464,-5.828603797488743,-5.238821506500244,0.04794628545641899,0.2787473035938757
465,-5.832628091176351,-5.179286956787109,0.04830366000533104,0.2722255054346939
466,-5.840292082892524,-5.092925548553467,0.04821477085351944,0.2606998717281249
467,-5.835116280449761,-5.170517444610596,0.048031482845544815,0.28815966847520086
468,-5.819768534766303,-5.157595157623291,0.0480315275490284,0.28677760992218754
469,-5.838020483652751,-4.967109680175781,0.048599403351545334,0.25914809178380194
470,-5.827670945061578,-5.214509010314941,0.047576189041137695,0.2787215587521765
471,-5.838928169674343,-5.155078887939453,0.047927845269441605,0.2941817501171909
472,-5.839332527584499,-5.156181335449219,0.04781736060976982,0.3003846838115524
473,-5.858872890472412,-5.104801654815674,0.0479169599711895,0.2840360066816034
474,-5.840949535369873,-5.198725700378418,0.04746316745877266,0.27135593130195
475,-5.834399541219075,-5.171321868896484,0.04750370979309082,0.28853737706643434
476,-5.85620297325982,-5.332941055297852,0.046988073736429214,0.2954687185416612
477,-5.8424392806159124,-5.177663326263428,0.04735732823610306,0.281783528175952
478,-5.849523756239149,-5.2192182540893555,0.047341909259557724,0.29103632081029945
479,-5.859240214029948,-5.2356343269348145,0.047154396772384644,0.3005541059813044
480,-5.866077582041423,-5.276978492736816,0.04699302092194557,0.30934511575687673
481,-5.846481111314562,-5.316623687744141,0.04674176126718521,0.2965735013218221
482,-5.860591888427734,-5.197707176208496,0.0472322478890419,0.291071529690242
483,-5.8426103591918945,-5.235743522644043,0.04688335210084915,0.3045677030417303
484,-5.86742623647054,-5.229222774505615,0.04716619849205017,0.3147266251188076
485,-5.854401111602783,-5.225095748901367,0.047040630131959915,0.2984101996684585
486,-5.859321382310656,-5.28285026550293,0.04688841477036476,0.2972202629223586
487,-5.860227319929335,-5.301873207092285,0.046569451689720154,0.3133447390720696
488,-5.8456393877665205,-5.137862682342529,0.04721958935260773,0.32509696551271505
489,-5.861565801832411,-5.142256259918213,0.047258540987968445,0.3107316005693082
490,-5.855633894602458,-5.283081531524658,0.04648933187127113,0.30631047724965194
491,-5.850753519270155,-5.293205261230469,0.04643484577536583,0.3263622575636962
492,-5.872881783379449,-5.246116638183594,0.04663858562707901,0.33784758574105556
493,-5.88199684354994,-5.169555187225342,0.04680250212550163,0.30573201106567943
494,-5.86066214243571,-5.195054054260254,0.04646741598844528,0.2991079151624933
495,-5.860890600416395,-5.26216459274292,0.04645024985074997,0.33722495869839764
496,-5.863494131300184,-5.246281623840332,0.04659324139356613,0.3322728896075989
497,-5.873252232869466,-4.891511917114258,0.04719910770654678,0.28884062785464926
498,-5.817224979400635,-5.212913990020752,0.04652828350663185,0.32012471821884186
499,-5.857477453019884,-5.244304180145264,0.04663592204451561,0.3469605579195488
500,-5.852549235026042,-5.28494930267334,0.04614337906241417,0.32357161705450777
501,-5.815938313802083,-5.1085615158081055,0.04641503095626831,0.30994934271913527
502,-5.8424817191229925,-5.380243301391602,0.04592945799231529,0.3459345636066514
503,-5.860945648617214,-5.323850631713867,0.046115532517433167,0.34918365002503826
504,-5.861622333526611,-5.427083492279053,0.04544688016176224,0.3412381450367256
505,-5.866937160491943,-5.266709804534912,0.04616374149918556,0.342851813791368
506,-5.88084962632921,-5.420126438140869,0.04534114897251129,0.3379208420153295
507,-5.901591036054823,-5.336153984069824,0.0455293282866478,0.3352151429633925
508,-5.892488161722819,-5.334800720214844,0.04554980248212814,0.3600408472095239
509,-5.90958653555976,-5.305661201477051,0.04581126570701599,0.3506259176603769
510,-5.88180218802558,-5.38397216796875,0.04512111842632294,0.3366965037813372
511,-5.892845789591472,-5.382317066192627,0.04534567892551422,0.3647741046515128
512,-5.92103189892239,-5.445853233337402,0.04504647105932236,0.36139793383566665
513,-5.9145773781670465,-5.260746479034424,0.04539775848388672,0.3369668791773046
514,-5.914861732059055,-5.108903408050537,0.04605365917086601,0.33487815600995324
515,-5.903605726030138,-5.291545391082764,0.04553476348519325,0.3695868895055381
516,-5.896769629584418,-5.309606075286865,0.04547341912984848,0.3587610013655268
517,-5.896513038211399,-4.823807716369629,0.046671174466609955,0.31043859898108833
518,-5.857370906405979,-5.218574523925781,0.04577954113483429,0.36004595638919423
519,-5.872595734066433,-5.221919059753418,0.04565047472715378,0.370494762789988
520,-5.8929793039957685,-5.4092583656311035,0.04513753578066826,0.3729880402531877
521,-5.875060187445746,-5.17526388168335,0.04566603899002075,0.3490978229847488
522,-5.8827577696906195,-5.4348859786987305,0.044961173087358475,0.3716947354180264
523,-5.894124878777398,-5.3718342781066895,0.04509558156132698,0.37156240628612647
524,-5.859320375654432,-5.271267890930176,0.045106686651706696,0.3664812088137824
525,-5.878599378797743,-5.383139133453369,0.04518762603402138,0.38386023033654043
526,-5.875173621707493,-5.4417195320129395,0.04485682398080826,0.3772412940578831
527,-5.8928567038642035,-5.144728660583496,0.04563958942890167,0.3566346053305472
528,-5.865790208180745,-5.451442718505859,0.044700443744659424,0.3951571424437421
529,-5.882063335842556,-5.277207374572754,0.04552924260497093,0.3842844616039911
530,-5.889575640360515,-5.457151412963867,0.04440579563379288,0.3718798618803881
531,-5.900304370456272,-5.3786091804504395,0.04459824413061142,0.38311644329616085
532,-5.890083101060656,-5.204076766967773,0.04572644084692001,0.4115985276162528
533,-5.935568226708306,-4.918952465057373,0.04732280597090721,0.40932216545037037
534,-5.31191184785631,-4.663266658782959,0.046963371336460114,0.32626879530349534
535,-5.515057775709364,-5.172938346862793,0.047210633754730225,0.3780771893751583
536,-5.6614550484551325,-5.600588321685791,0.04436102509498596,0.4037188013730035
537,-5.79523065355089,-5.3408122062683105,0.044710587710142136,0.3868613904354874
538,-5.659115738338894,-4.965972423553467,0.04652300104498863,0.4285865515740815
539,-5.758299986521403,-5.641807556152344,0.044090237468481064,0.44290162913090403
540,-5.852647145589192,-5.376186370849609,0.04469403252005577,0.42594069990835587
541,-5.8131022453308105,-3.5600085258483887,0.05004628375172615,0.36853132843735703
542,-5.5482641326056585,-5.3861236572265625,0.04564954340457916,0.44104795599579416
543,-5.784069485134548,-5.588037490844727,0.0442495159804821,0.4503663931371927
544,-5.923062165578206,-5.393691062927246,0.044322967529296875,0.4064498281349767
545,-5.834770043690999,-4.889239311218262,0.04550528526306152,0.4107641843843196
546,-5.755208916134304,-5.1538238525390625,0.0454135499894619,0.4331755784900734
547,-5.867075973086887,-4.883917808532715,0.046694666147232056,0.40901786768494586
548,-5.603522353702122,-4.549041271209717,0.04878891631960869,0.39757278886261416
549,-5.652525424957275,-5.469850540161133,0.04526858404278755,0.43895678129258675
550,-5.838606304592556,-5.230904579162598,0.04598046839237213,0.4485562166008765
551,-5.830770386589898,-5.373964309692383,0.04446648433804512,0.43377176428466424
552,-5.881214989556207,-5.499377250671387,0.04328438267111778,0.43384009290375014
553,-5.94518862830268,-5.590446949005127,0.04312460124492645,0.4514769826008308
554,-6.0032908121744795,-5.368175029754639,0.04341578483581543,0.4432530935709357
555,-5.973917802174886,-5.582376480102539,0.04256977513432503,0.4543324816526449
556,-6.002811431884766,-5.462940216064453,0.04310571774840355,0.43156934121587665
557,-6.031476974487305,-5.485660076141357,0.04299842566251755,0.42948987623357077
558,-6.046839661068386,-5.609070301055908,0.042545489966869354,0.4503743859592166
559,-6.049731148613824,-5.580057621002197,0.04240266606211662,0.4428254997678587
560,-6.053351349300808,-5.4542341232299805,0.04313605651259422,0.42875786703531343
561,-6.049850198957655,-5.506548881530762,0.04283877834677696,0.43718975700315155
562,-6.047194904751247,-5.5373382568359375,0.04254081845283508,0.4448024870981902
563,-6.042477236853705,-5.617305755615234,0.042440738528966904,0.45958579365086527
564,-6.054815080430773,-5.518016815185547,0.0428270548582077,0.44322274354159963
565,-6.041226704915364,-5.468263149261475,0.04280285909771919,0.43169657969160496
566,-6.048603375752767,-5.553701877593994,0.042670782655477524,0.4637569527180154
567,-6.056019836001926,-5.598369598388672,0.04231599345803261,0.4456434062527227
568,-6.045236057705349,-5.523582458496094,0.042771343141794205,0.4475092418295414
569,-6.054527653588189,-5.541162490844727,0.04265441372990608,0.4415195735421395
570,-6.045140107472737,-5.491018295288086,0.04275934025645256,0.4480596894629969
571,-6.038055631849501,-5.613126754760742,0.04242244362831116,0.45357860613573636
572,-6.06138457192315,-5.395704746246338,0.04333721846342087,0.4359497375282749
573,-6.0396755006578235,-5.526562213897705,0.042605265974998474,0.4385018588240196
574,-6.072828875647651,-5.570351600646973,0.042383112013339996,0.45535089259884537
575,-6.0724305046929254,-5.536922931671143,0.0425337478518486,0.4519448215589201
576,-6.064586480458577,-5.508946895599365,0.042549557983875275,0.43327985113767153
577,-6.051989820268419,-5.312376976013184,0.04329388216137886,0.4304169599757099
578,-6.060525258382161,-5.502501964569092,0.04256930947303772,0.4553039796332506
579,-6.051283041636149,-5.563478946685791,0.04226836562156677,0.4412968994870654
580,-6.063356081644694,-5.510922431945801,0.04254006966948509,0.4357134942385655
581,-6.067402521769206,-5.552425861358643,0.04246480390429497,0.4419961681387385
582,-6.056207444932726,-5.536189079284668,0.04229450598359108,0.4423159309573655
583,-6.051305611928304,-5.593267440795898,0.04232533648610115,0.464872681226298
584,-6.068295001983643,-5.5492472648620605,0.042423125356435776,0.4442874653623725
585,-6.06674141354031,-5.510552406311035,0.04235025867819786,0.43345113510054256
586,-6.066113736894396,-5.526154041290283,0.042530808597803116,0.4609684814456192
587,-6.063007195790608,-5.685080528259277,0.04195762425661087,0.4669617404858722
588,-6.0693093405829535,-5.440954685211182,0.04260587692260742,0.4341795289545814
589,-6.062551392449273,-5.531526565551758,0.04234708100557327,0.4440515234154321
590,-6.0576587782965765,-5.615898132324219,0.04213843494653702,0.46426211375425236
591,-6.058962451087104,-5.506640911102295,0.04274391382932663,0.46191790226323254
592,-6.048045582241482,-5.374239921569824,0.04279963672161102,0.44531730455086604
593,-6.042008346981472,-5.562690734863281,0.042398352175951004,0.45260998066575453
594,-6.051208072238499,-5.62361478805542,0.0419597327709198,0.4589856660604444
595,-6.053183343675402,-5.604250907897949,0.0420805960893631,0.45843101267520053
596,-6.0600714683532715,-5.511255741119385,0.042508602142333984,0.4671465628840624
597,-6.037351131439209,-5.677732467651367,0.041943252086639404,0.4479776310441896
598,-6.032263649834527,-5.571178913116455,0.042076583951711655,0.44686485315350283
599,-6.035290082295735,-5.560774803161621,0.04266475513577461,0.48600255160498385
600,-6.025623056623671,-5.54019021987915,0.04271724447607994,0.4527961875582448
601,-6.026596758100721,-5.660897254943848,0.04180198162794113,0.4422578158956082
602,-6.001854313744439,-5.6296257972717285,0.04227868467569351,0.48541238573918466
603,-5.993197494082981,-5.724165916442871,0.041665758937597275,0.47994071975913966
604,-6.006122536129421,-5.505314826965332,0.042396195232868195,0.4432986473940208
605,-6.03697591357761,-5.503281593322754,0.04247084632515907,0.4485832475407162
606,-6.057325151231554,-5.503118991851807,0.042613882571458817,0.48430721207053284
607,-6.048836178249783,-5.671558856964111,0.0417606383562088,0.465524035555558
608,-6.030123392740886,-5.480511665344238,0.04239638149738312,0.45070770802254095
609,-6.046507517496745,-5.696853160858154,0.041742537170648575,0.4778808554748611
610,-6.03351026111179,-5.630984783172607,0.041677121073007584,0.46458470318151385
611,-6.03635115093655,-5.5903754234313965,0.042042121291160583,0.47509669664168963
612,-6.073007901509603,-5.600452423095703,0.041940830647945404,0.483019655196722
613,-6.0479368103875055,-5.634850978851318,0.04184591770172119,0.459765853508267
614,-6.042437765333387,-5.63285493850708,0.041696932166814804,0.46521065864629585
615,-6.042969173855251,-5.665400505065918,0.04186118021607399,0.49881393680414116
616,-6.044866773817274,-5.57804536819458,0.042044106870889664,0.4621398612202322
617,-6.05882093641493,-5.5254058837890625,0.04211319983005524,0.4661438945469641
618,-6.073149681091309,-5.595614433288574,0.04206026345491409,0.490689256237878
619,-6.0857756402757435,-5.549147129058838,0.04212823137640953,0.47343728764123494
620,-6.080411063300239,-5.5030035972595215,0.041983120143413544,0.45522153237957
621,-6.090557151370579,-5.5053558349609375,0.042217355221509933,0.47761761191166635
622,-6.076910230848524,-5.6231279373168945,0.041889213025569916,0.48945138973694624
623,-6.087953938378228,-5.64215087890625,0.041635461151599884,0.4738937069336537
624,-6.072114891476101,-5.514822959899902,0.042269766330718994,0.4783872645592262
625,-6.023408995734321,-5.6828789710998535,0.04154501482844353,0.47943306962668214
626,-6.047119140625,-5.474201202392578,0.04215208813548088,0.4577796359146422
627,-6.0525599055820045,-5.690154075622559,0.04154055193066597,0.493651695618979
628,-6.072621027628581,-5.56987190246582,0.04191184788942337,0.4785018004639595
629,-6.053495460086399,-5.685389041900635,0.04130196571350098,0.4615821549334388
630,-6.036914083692762,-5.731179237365723,0.04140005260705948,0.49265102023377944
631,-6.0510167545742455,-5.6091742515563965,0.04194092005491257,0.506279601345296
632,-6.081272443135579,-5.5632829666137695,0.04196338355541229,0.4652208862524374
633,-6.080867608388265,-5.771024703979492,0.04108002036809921,0.48314940045259763
634,-5.782338301340739,-5.8053107261657715,0.040997691452503204,0.5019512493119197
635,-5.90570068359375,-5.680360317230225,0.042145732790231705,0.5092977316905585
636,-5.914498064253065,-5.352656841278076,0.04397259280085564,0.48888674797013304
637,-5.878545019361708,-5.642616271972656,0.0418916791677475,0.49664819980454306
638,-5.971650123596191,-5.617295265197754,0.042213231325149536,0.5184656218836317
639,-5.990784380171034,-5.722953796386719,0.04140524938702583,0.504339237207963
640,-6.0830249256557885,-5.59160852432251,0.04211694747209549,0.5250606078523063
641,-6.031406667497423,-5.713306427001953,0.04091627895832062,0.49779085601117395
642,-6.1304150157504615,-5.487362861633301,0.04215739294886589,0.49795206531185066
643,-6.102468967437744,-5.735234260559082,0.040790703147649765,0.49641008708151724
644,-6.0942337777879505,-5.6445488929748535,0.041102487593889236,0.4828160813873442
645,-6.110232988993327,-5.71827507019043,0.04122234880924225,0.5156309391778438
646,-6.103407753838433,-5.716555118560791,0.04091120511293411,0.4901318080594737
647,-6.123220496707493,-5.631309509277344,0.04133633151650429,0.48404887681201897
648,-6.120165718926324,-5.73960542678833,0.040987540036439896,0.5135044224644604
649,-6.144485155741374,-5.74147367477417,0.04088067263364792,0.5021584294523356
650,-6.139999177720812,-5.521573066711426,0.04163128882646561,0.4775245674502511
651,-6.122631390889485,-5.633793830871582,0.04128338024020195,0.48494645160150784
652,-6.141604158613417,-5.638484954833984,0.04121162369847298,0.5014277824111097
653,-6.136186705695258,-5.785986423492432,0.040683314204216,0.5028223575224765
654,-6.161530176798503,-5.684013843536377,0.04106616601347923,0.4945901686516016
655,-6.150855700174968,-5.715206623077393,0.04077019914984703,0.47940442537955413
656,-6.126849121517605,-5.7481465339660645,0.04071634262800217,0.49893557789043946
657,-6.1595808664957685,-5.768919944763184,0.04074900224804878,0.5065191133190252
658,-6.174364407857259,-5.567802906036377,0.04144787788391113,0.4836851061058624
659,-6.1404140790303545,-5.659474849700928,0.04097903519868851,0.49211920375111445
660,-6.1553622881571455,-5.712766170501709,0.04081219062209129,0.5018624002933726
661,-6.14688762029012,-5.769749641418457,0.04053964093327522,0.5007520386889786
662,-6.1655647489759655,-5.705309867858887,0.04088255763053894,0.49681506979404627
663,-6.148255983988444,-5.680673122406006,0.040815308690071106,0.47893092096880485
664,-6.130450195736355,-5.782917022705078,0.04062013700604439,0.5048422241339539
665,-6.130364523993598,-5.739923000335693,0.04088972136378288,0.5209995018964638
666,-6.134101655748156,-5.580235004425049,0.041195038706064224,0.47803542429950097
667,-6.10269292195638,-5.507215976715088,0.04177367687225342,0.485692655453027
668,-6.114870707194011,-5.722112655639648,0.0409652478992939,0.5175001780095698
669,-6.147023359934489,-5.733229160308838,0.04074980691075325,0.49774016185854564
670,-6.129837724897596,-5.664270877838135,0.04098765552043915,0.49005214060063196
671,-6.151220162709554,-5.715742111206055,0.04092281684279442,0.5147977424987236
672,-6.148139741685656,-5.72095251083374,0.0407448448240757,0.4961974128231125
673,-6.106465074751112,-5.72348165512085,0.04082242026925087,0.49988279342725384
674,-6.1199403338962135,-5.642907619476318,0.04124103859066963,0.5103447404614311
675,-6.082393752204047,-5.7678327560424805,0.0407445952296257,0.4927048809947282
676,-6.087640868292914,-5.759673118591309,0.04071882739663124,0.5022681831700943
677,-6.123083962334527,-5.909024715423584,0.040065620094537735,0.5197646644465199
678,-5.707520061069065,-5.426055431365967,0.04290207102894783,0.5077847611962664
679,-5.903137630886501,-5.917548656463623,0.04037121683359146,0.5318248973732471
680,-5.882432460784912,-5.595771312713623,0.041869837790727615,0.5114693605565593
681,-5.941165129343669,-5.7597737312316895,0.04089915007352829,0.507648440564507
682,-5.950394630432129,-5.572661399841309,0.042089853435754776,0.5024862881529937
683,-5.899024698469374,-5.610325813293457,0.04217250272631645,0.5336657709779112
684,-6.02477052476671,-5.801665306091309,0.04113501310348511,0.5281836547626316
685,-5.97233412000868,-5.484108924865723,0.04151235520839691,0.506093779218003
686,-5.983676857418484,-5.525201797485352,0.042143139988183975,0.5144849644518044
687,-5.93520090315077,-5.550443172454834,0.04192965850234032,0.48958377864831787
688,-5.927819993760851,-5.503077983856201,0.04254000261425972,0.5024264301801212
689,-6.06123850080702,-5.869099140167236,0.040363188832998276,0.5233926110756236
690,-6.0852035416497126,-5.81635856628418,0.04014825448393822,0.5093814513400327
691,-6.134013917711046,-5.797504425048828,0.04023391380906105,0.5288567228160607
692,-5.844227419959174,-5.607326984405518,0.04143869876861572,0.5147926063951302
693,-6.001118501027425,-5.253237724304199,0.04261746630072594,0.46760609376171214
694,-5.384317186143663,-5.548920631408691,0.04278036206960678,0.5570808955575738
695,-5.840267711215549,-5.7664570808410645,0.04160544276237488,0.5474935835580396
696,-6.0690939161512585,-5.769622802734375,0.04061301052570343,0.5108820967990038
697,-6.119569566514757,-5.721137523651123,0.04053804278373718,0.4995018053123254
698,-6.142536004384358,-5.926570415496826,0.039538342505693436,0.5152988719808604
699,-6.203237745496962,-5.069666862487793,0.04288030043244362,0.5430863193675728
700,-5.752288818359375,-5.69047212600708,0.041293106973171234,0.5306907423067041
701,-5.996642483605279,-5.729060173034668,0.041476715356111526,0.5359008040878661
702,-6.035177442762587,-5.862075328826904,0.04024166241288185,0.5163928196843519
703,-6.076884958479139,-5.691075325012207,0.04118699952960014,0.5394613679765461
704,-6.1156139903598365,-5.889098644256592,0.03976806625723839,0.5218737489018298
705,-6.181419796413845,-5.800364017486572,0.04012539982795715,0.519307159190472
706,-6.201475302378337,-5.893344402313232,0.0396316833794117,0.5260686541876448
707,-6.216583198971218,-5.75339412689209,0.04006960988044739,0.5227508097603353
708,-6.206582493252224,-5.790675163269043,0.039832934737205505,0.519394568175541
709,-6.239730411105686,-5.725851535797119,0.04029934108257294,0.5180775108010214
710,-6.22479788462321,-5.816232681274414,0.03992991894483566,0.5260946713892709
711,-6.224577267964681,-5.826989650726318,0.03973215073347092,0.5218657763550321
712,-6.227545473310682,-5.871161937713623,0.03962941840291023,0.5221955897822185
713,-6.238504727681478,-5.788333415985107,0.03992118686437607,0.5122208888406075
714,-6.230134063296848,-5.794281959533691,0.040021199733018875,0.5169667966944353
715,-6.211859544118245,-5.879994869232178,0.03962276875972748,0.5236863174241885
716,-6.229863749610053,-5.7884321212768555,0.03999796509742737,0.5290744033498072
717,-6.224086549546984,-5.643433570861816,0.04035681113600731,0.5033561822073033
718,-6.2002063857184515,-5.672438621520996,0.04041335731744766,0.5140194072291038
719,-6.211716016133626,-5.76931095123291,0.040051162242889404,0.5250019181318746
720,-6.189333491855198,-5.825934886932373,0.0397096686065197,0.5109243199593825
721,-6.158693101671007,-5.768629550933838,0.04015731066465378,0.5183873725575752
722,-6.198502593570286,-5.890565872192383,0.03980853036046028,0.5217491169755091
723,-6.218012544843885,-5.821460247039795,0.039760906249284744,0.5143642732594961
724,-6.223437574174669,-5.785495281219482,0.04002561420202255,0.5239972200676294
725,-6.1898794704013405,-5.845774173736572,0.039818838238716125,0.5132952648341087
726,-6.204925484127468,-5.706235408782959,0.04014240950345993,0.49725018386437697
727,-6.160477585262722,-5.683239936828613,0.04061901569366455,0.5366791125366636
728,-6.158743381500244,-5.828680038452148,0.03995261341333389,0.5223585191036563
729,-6.196656597985162,-5.603128910064697,0.04055486619472504,0.5073243713879549
730,-6.177648809221056,-5.802215576171875,0.040082745254039764,0.5292287350746903
731,-6.213512579600017,-5.819088459014893,0.039731960743665695,0.5146230443060652
732,-6.184063222673204,-5.915431976318359,0.039486441761255264,0.526775268820405
733,-6.197748078240289,-5.790644645690918,0.040087610483169556,0.5272611312283364
734,-6.159248775906033,-5.832334041595459,0.03984225168824196,0.5077937662645011
735,-6.171803527408176,-5.857357978820801,0.03970451280474663,0.5265400961517471
736,-6.187871562110053,-5.8237104415893555,0.04001244902610779,0.528865577041766
737,-6.18305778503418,-5.7579569816589355,0.039966125041246414,0.5088431594224662
738,-6.218316555023193,-5.790557861328125,0.03996889665722847,0.5265036501306504
739,-6.2265777587890625,-5.778984546661377,0.03996548056602478,0.5221360151172076
740,-6.199896865420872,-5.806392192840576,0.039861056953668594,0.5224616162858702
741,-6.229738341437446,-5.7575883865356445,0.0401635579764843,0.5276976919031033
742,-6.1936463250054254,-5.944701194763184,0.03922973945736885,0.5157068992812689
743,-6.216413974761963,-5.636332988739014,0.04055085778236389,0.5233013675465629
744,-6.1472907066345215,-5.904865264892578,0.039563242346048355,0.530098820979926
745,-6.1745129691229925,-5.897758960723877,0.03953159227967262,0.5201679189561285
746,-6.226259655422634,-5.876173496246338,0.039625413715839386,0.5118011069585504
747,-6.138129128350152,-5.785828590393066,0.04018096998333931,0.541741328527714
748,-6.156214237213135,-5.8239288330078125,0.03999580070376396,0.5313541943221693
749,-6.163098706139459,-5.80806827545166,0.04011942818760872,0.5290361102981934
750,-6.209073437584771,-5.865159034729004,0.039851974695920944,0.5244792355977982
751,-6.2144508891635475,-5.814484119415283,0.03961588069796562,0.5057168299564273
752,-6.196209483676487,-5.656932353973389,0.040512312203645706,0.5433885440087681
753,-6.2138674524095325,-5.792206764221191,0.040087614208459854,0.5416114450755689
754,-6.210977819230822,-5.882493019104004,0.03942793235182762,0.5139623832313175
755,-6.193801932864719,-5.807605266571045,0.03980201482772827,0.5231601657924118
756,-6.201479434967041,-5.8818359375,0.03954130783677101,0.5331912123041656
757,-6.221610811021593,-5.658515453338623,0.04035106301307678,0.49896158891856046
758,-6.175872855716282,-5.79064416885376,0.04010492563247681,0.5292548500875631
759,-6.17449156443278,-5.851341247558594,0.03982735052704811,0.539986628146154
760,-6.195988178253174,-5.895444393157959,0.03932676464319229,0.5189591012736005
761,-6.185600174797906,-5.846033096313477,0.03991880267858505,0.5343079783975597
762,-6.191943857404921,-5.905795097351074,0.039626266807317734,0.528718769032374
763,-6.2208799256218805,-5.709022045135498,0.040096428245306015,0.5155518145144772
764,-6.183927747938368,-5.784233570098877,0.040020544081926346,0.534120991158784
765,-6.1883835262722435,-5.8793864250183105,0.03952641785144806,0.5272052088988821
766,-6.203918827904595,-5.847043037414551,0.03965619206428528,0.5091686812306937
767,-6.186192300584581,-5.899991035461426,0.03957977890968323,0.5396479223603219
768,-6.190924909379747,-5.684436321258545,0.04043274745345116,0.5444660771619413
769,-6.2084108458624945,-5.478531360626221,0.04077010974287987,0.48457255206041905
770,-6.140998310512966,-5.765256881713867,0.040163639932870865,0.5401996256284092
771,-6.160685380299886,-5.748778343200684,0.04022371023893356,0.5482235115717117
772,-6.198362244500054,-5.939149379730225,0.03915005549788475,0.5125652318851834
773,-6.161033365461561,-5.878538608551025,0.03957226127386093,0.5299353222889819
774,-6.189900451236301,-5.865586757659912,0.03960026055574417,0.5327796831718474
775,-6.22106949488322,-5.870619773864746,0.03938743844628334,0.519911703537296
776,-6.179058074951172,-5.645978927612305,0.04050123691558838,0.528956342383991
777,-6.19424835840861,-5.85428524017334,0.03951045125722885,0.534386069122197
778,-6.196809609731038,-5.907195568084717,0.03947719931602478,0.5270892226435405
779,-6.18993616104126,-5.888023853302002,0.03942099213600159,0.5345196237244575
780,-6.193519804212782,-5.845416069030762,0.03982962667942047,0.5461660846079647
781,-6.2130620744493275,-5.782805919647217,0.039817970246076584,0.5213302220714848
782,-6.168154133690728,-5.7576422691345215,0.03976815938949585,0.5188928070875681
783,-6.21869092517429,-5.77717399597168,0.039856329560279846,0.5329304128908496
784,-6.192846722073025,-5.818942070007324,0.03974352404475212,0.5352474235496633
785,-6.178384145100911,-5.5829057693481445,0.04055219516158104,0.48791410760551274
786,-6.133203400505914,-5.551517486572266,0.041748687624931335,0.5289405751794437
787,-6.167937172783746,-5.680504322052002,0.04060398414731026,0.5341942260303947
788,-6.151093588935004,-5.608287334442139,0.04098524525761604,0.5189058196185153
789,-5.9800154368082685,-5.634525775909424,0.04136171191930771,0.5395629578167864
790,-5.96237654156155,-5.8438615798950195,0.040182311087846756,0.5479931171626939
791,-6.082803885142009,-5.839785575866699,0.04011324793100357,0.5374862117129917
792,-6.182805273267958,-5.9242634773254395,0.03928426280617714,0.5460976512647329
793,-6.205265204111735,-5.490164756774902,0.04090988263487816,0.5239526603160288
794,-6.137340333726671,-5.859601020812988,0.039549924433231354,0.5380630659302832
795,-6.257097668117947,-5.932916164398193,0.03933648020029068,0.539639362740974
796,-6.26034148534139,-5.297754764556885,0.04138997569680214,0.5296451994695672
797,-5.889703379737006,-5.129904270172119,0.042810484766960144,0.5481839850661913
798,-5.838004218207465,-5.499122142791748,0.04198329523205757,0.5514181642199787
799,-5.953585200839573,-5.490571975708008,0.0430000014603138,0.5908158904696726
800,-5.941267702314589,-5.805755138397217,0.04011509194970131,0.547875294280473
801,-5.97838470670912,-5.6284308433532715,0.04138685762882233,0.5244736809412799
802,-5.91651709874471,-5.281702995300293,0.0430300198495388,0.5696508877120036
803,-5.827730867597792,-5.729198932647705,0.041473139077425,0.5563983593569327
804,-6.092448923322889,-5.759275913238525,0.04013080894947052,0.5351355862242154
805,-6.190115928649902,-5.932168006896973,0.039053112268447876,0.5225707425782365
806,-6.167012108696832,-5.757254600524902,0.03973199054598808,0.5296823891555156
807,-6.230698108673096,-5.9690022468566895,0.039065223187208176,0.5504030500502611
808,-6.039247830708821,-5.997004985809326,0.039049528539180756,0.5527688952388975
809,-6.185924900902642,-5.651803970336914,0.04092969745397568,0.582460312595609
810,-6.188823805914985,-5.933107376098633,0.039105866104364395,0.5398600395542318
811,-6.252678023444282,-5.7423481941223145,0.04022349789738655,0.5245490626316482
812,-6.270930661095513,-5.789463520050049,0.03947942331433296,0.5308778553908374
813,-6.237849394480388,-5.869294166564941,0.039173487573862076,0.5331094101283947
814,-6.268985006544325,-5.854457378387451,0.03938622027635574,0.52824553941514
815,-6.265644020504421,-5.761013984680176,0.039484988898038864,0.5212117191170592
816,-6.276906278398302,-5.895762920379639,0.039132677018642426,0.548674647659617
817,-6.272482872009277,-5.912245273590088,0.03902037441730499,0.5390405859383611
818,-6.274619155459934,-5.789031505584717,0.03949801251292229,0.5368173555323964
819,-6.264276769426134,-5.926486968994141,0.03914547711610794,0.5407227817860393
820,-6.27679459253947,-5.771002292633057,0.039470575749874115,0.5287565201353298
821,-6.248000091976589,-5.931260108947754,0.03906090557575226,0.5466548756837797
822,-6.281771024068196,-5.841006755828857,0.039399322122335434,0.5322678814155063
823,-6.272685103946262,-5.8603668212890625,0.03906388208270073,0.5232531566210296
824,-6.2920290099249945,-5.882386684417725,0.03905918821692467,0.5359538645992189
825,-6.289602756500244,-5.879461288452148,0.038993798196315765,0.542586534182123
826,-6.283671273125543,-5.924530506134033,0.039014432579278946,0.537466725127569
827,-6.295203685760498,-5.894737720489502,0.039119429886341095,0.5270982378231512
828,-6.2813807063632545,-5.883395195007324,0.03907855600118637,0.5313408648506869
829,-6.277455594804552,-5.964259147644043,0.038810063153505325,0.5401185050014784
830,-6.263822555541992,-5.975152015686035,0.03874494880437851,0.533429490497184
831,-6.269509580400255,-5.813049793243408,0.03924449905753136,0.5261610423334141
832,-6.2406811184353295,-5.941776275634766,0.03895086795091629,0.5484243136699609
833,-6.229535261789958,-5.865606307983398,0.039328284561634064,0.5495652978748824
834,-6.259026633368598,-5.754297733306885,0.03940857574343681,0.5123620712820053
835,-6.201100243462457,-5.868531703948975,0.03934212774038315,0.5399629069034988
836,-6.236366642846002,-5.824477195739746,0.03950710967183113,0.5538350629286126
837,-6.227839310963948,-5.942331314086914,0.03886394575238228,0.5296156557068828
838,-6.251724402109782,-5.841889381408691,0.03922383487224579,0.5324420893076452
839,-6.239452203114827,-5.946785926818848,0.039077308028936386,0.5542766314287156
840,-6.260222011142307,-5.908803939819336,0.038915928453207016,0.5279718113004543
841,-6.282858848571777,-5.695908546447754,0.03967790678143501,0.5195221669998291
842,-5.399058553907606,-5.264695167541504,0.04403269663453102,0.557710449783256
843,-5.726940578884548,-5.751678943634033,0.040625836700201035,0.5188975172714757
844,-5.868574407365587,-5.870959281921387,0.03979020193219185,0.5493015469152768
845,-5.9657763375176325,-5.7386322021484375,0.04038451984524727,0.5561064315997329
846,-6.071104897393121,-5.726565361022949,0.040189195424318314,0.5201633220083498
847,-6.134872330559625,-5.766035079956055,0.040109969675540924,0.533582138018129
848,-6.133271853129069,-5.971595764160156,0.03878336399793625,0.5358546436497285
849,-6.2080061700609,-5.898166179656982,0.03880055248737335,0.5298778102193221
850,-6.24330457051595,-5.935347080230713,0.03909815475344658,0.5621114390429828
851,-6.252726872762044,-5.951140403747559,0.03873389586806297,0.5366891140858405
852,-6.27072646882799,-5.765847206115723,0.03938959538936615,0.525996537650075
853,-6.278709941440159,-5.9021172523498535,0.039006173610687256,0.5477839230645016
854,-6.276339160071479,-5.940598487854004,0.03866138681769371,0.5335483122723123
855,-6.271050771077474,-5.836277961730957,0.03924541175365448,0.5345379322453568
856,-6.273114946153429,-6.046992301940918,0.03835408389568329,0.5448082683350016
857,-6.260562313927545,-5.810967922210693,0.03916347771883011,0.5293822367251233
858,-6.258573214213054,-5.932563781738281,0.038994189351797104,0.5522320703575552
859,-6.2645955085754395,-5.896812915802002,0.03903229534626007,0.5267342569808833
860,-6.260610633426243,-5.7318291664123535,0.0396328903734684,0.5379191151696103
861,-6.270118448469374,-5.807611465454102,0.03942031413316727,0.5495018074406027
862,-6.241099728478326,-6.0054545402526855,0.03843618556857109,0.5333520698164289
863,-6.25439813401964,-5.926519393920898,0.038967981934547424,0.5446269782280467
864,-6.280409918891059,-5.9433417320251465,0.0388597808778286,0.5407215154369649
865,-6.298703511555989,-5.930478572845459,0.03870898857712746,0.5390064491188862
866,-6.299825562371148,-5.991235733032227,0.03848537802696228,0.543194682340649
867,-6.30268833372328,-6.011251449584961,0.03840157017111778,0.5385725760234776
868,-6.307768556806776,-5.772689342498779,0.039444051682949066,0.5304231109759189
869,-6.303688102298313,-5.970869541168213,0.038592465221881866,0.5453918086778404
870,-6.295486821068658,-5.847689151763916,0.03909318521618843,0.5438754745346114
871,-6.301162295871311,-5.942171096801758,0.03881409019231796,0.5405763995559831
872,-6.311542458004421,-5.973311424255371,0.03870854526758194,0.5303203294978462
873,-6.306424140930176,-5.903963088989258,0.0388619489967823,0.5364249197509038
874,-6.301115830739339,-5.99295711517334,0.03854736313223839,0.5512840974429639
875,-6.294833183288574,-5.859062671661377,0.0389532707631588,0.5201566334334656
876,-6.274436420864529,-5.879405498504639,0.0392572358250618,0.5486292572703902
877,-6.284675704108344,-5.971310615539551,0.038702964782714844,0.5455894657814274
878,-6.297603395250109,-5.931650638580322,0.038660869002342224,0.5351309397517451
879,-6.298387262556288,-5.878335952758789,0.03914853185415268,0.5445314662105188
880,-6.279544724358453,-5.944952011108398,0.038758132606744766,0.5347649116798414
881,-6.280794461568196,-5.818679332733154,0.03906762972474098,0.5224084394248124
882,-6.228150102827284,-5.840027809143066,0.03937327861785889,0.5462039518693106
883,-6.251001463996039,-5.865152835845947,0.039160437881946564,0.5483657368538989
884,-6.2745532459682885,-6.023675441741943,0.038351014256477356,0.52685671930673
885,-6.2530568440755205,-5.679624080657959,0.039842963218688965,0.5608718660784642
886,-6.229778342776829,-5.916719436645508,0.03886948153376579,0.5502386948583468
887,-6.265166441599528,-5.885935306549072,0.03907327726483345,0.5277854434515782
888,-6.282548109690349,-5.8639421463012695,0.03915208578109741,0.5459093928402805
889,-6.2535995907253685,-5.936352252960205,0.03880322724580765,0.550986764126353
890,-6.291528913709852,-5.717389106750488,0.039391689002513885,0.5102523376066794
891,-6.224150021870931,-5.836912631988525,0.03942709043622017,0.5674774274845341
892,-6.2390528255038795,-5.923349380493164,0.03895772993564606,0.5545737843485341
893,-6.257682747311062,-6.01372766494751,0.03841405361890793,0.5336287798034123
894,-6.252754370371501,-5.9535698890686035,0.03907867893576622,0.5476755592725131
895,-6.262322531806098,-6.0052385330200195,0.038629088550806046,0.5419294597900157
896,-6.296182738410102,-5.830137729644775,0.03891788795590401,0.5208538770075797
897,-6.248415311177571,-5.907626628875732,0.03906955569982529,0.5518399662460169
898,-6.248545222812229,-6.050879001617432,0.038316283375024796,0.5451104517516808
899,-6.312001493242052,-5.96847677230835,0.03855843469500542,0.52912140983672
900,-6.257884979248047,-5.994846343994141,0.03843175992369652,0.5409479180445425
901,-6.279769420623779,-5.953973770141602,0.03883901238441467,0.5655895114453009
902,-6.291537814670139,-5.891906261444092,0.038865167647600174,0.5337310908047616
903,-6.251824378967285,-5.925423622131348,0.03874346613883972,0.531259022320356
904,-6.301472557915582,-5.930959701538086,0.03890614956617355,0.5548422269422452
905,-6.28840700785319,-5.981369495391846,0.0384945347905159,0.5413532004981677
906,-6.291487799750434,-5.675647258758545,0.03931274637579918,0.514016838286582
907,-6.262888007693821,-5.879918575286865,0.039201777428388596,0.5637093434446925
908,-6.256004863315159,-6.020331859588623,0.038386646658182144,0.5548426216054498
909,-6.26991621653239,-5.898988723754883,0.038841232657432556,0.521504983183661
910,-6.269049167633057,-5.920379638671875,0.039175935089588165,0.5476144743083053
911,-6.22383287217882,-5.986243724822998,0.038596197962760925,0.5487055100942972
912,-6.2956893179151745,-5.846826076507568,0.03904537111520767,0.5314990027594727
913,-6.208073774973552,-5.695366859436035,0.03984631597995758,0.5418027576844648
914,-6.188462363349067,-6.057767391204834,0.03861809894442558,0.5655867283762757
915,-5.932520230611165,-5.5561981201171875,0.04128028452396393,0.5125474168817006
916,-5.938317563798693,-5.923805236816406,0.03983210399746895,0.5836281913510537
917,-6.081570466359456,-5.8148298263549805,0.03946468606591225,0.5201727737412061
918,-6.178045272827148,-5.921113014221191,0.039344727993011475,0.5766751932708928
919,-6.23615476820204,-5.879240036010742,0.038843218237161636,0.5474211286867794
920,-6.226829263899061,-6.086548805236816,0.03797410801053047,0.5405262383660464
921,-6.22688823276096,-6.052371501922607,0.038485925644636154,0.5591067515384059
922,-6.273605505625407,-5.919132709503174,0.03889422118663788,0.5553426287797056
923,-6.31781366136339,-5.913943767547607,0.03873561695218086,0.5540978727407864
924,-6.309615770975749,-5.968819618225098,0.038435451686382294,0.5492827141138549
925,-6.308287991417779,-5.854431629180908,0.03875105455517769,0.5309021036863375
926,-6.306263817681207,-5.97568416595459,0.0387897863984108,0.5554916980982552
927,-6.310996267530653,-5.998838424682617,0.03839850053191185,0.5497524188619245
928,-6.291973272959392,-6.015007495880127,0.03810097277164459,0.5320886343252365
929,-6.29073879453871,-5.978475570678711,0.03882477059960365,0.5600241883284378
930,-6.2638056013319225,-6.016217231750488,0.03837152570486069,0.5469535920412291
931,-6.2920595275031195,-6.0622239112854,0.038048967719078064,0.5395311424818269
932,-6.077114635043674,-5.410197734832764,0.04165578633546829,0.5707131093231459
933,-6.020448684692383,-5.874577522277832,0.03984080255031586,0.5557767805739748
934,-6.082385275099012,-5.7289934158325195,0.04056344926357269,0.5825796469475721
935,-6.058753914303249,-5.854081153869629,0.03978222608566284,0.5483717858033619
936,-6.18390957514445,-5.984281063079834,0.038595832884311676,0.5410075366907902
937,-6.2258777088589135,-5.525474548339844,0.04138731583952904,0.5542855830441957
938,-6.211137506696913,-5.845142841339111,0.03953756392002106,0.5640320776696852
939,-6.258784982893202,-6.003190994262695,0.03838926926255226,0.5458970167590562
940,-6.20597341325548,-5.905745506286621,0.039017204195261,0.5584897405549172
941,-6.237377643585205,-6.067523002624512,0.037894219160079956,0.5380365736847063
942,-6.269594722323948,-6.022426128387451,0.038246188312768936,0.5458809544263757
943,-6.316211859385173,-5.932580471038818,0.03866882249712944,0.5547421233033272
944,-6.305756674872504,-5.727180004119873,0.03929552808403969,0.5323149656223615
945,-6.298320876227485,-6.089160442352295,0.03809331730008125,0.5611171014980145
946,-6.328672620985243,-5.962141990661621,0.03849048912525177,0.5445630593066991
947,-6.317351182301839,-6.060575485229492,0.0379420667886734,0.545698363005107
948,-6.31755887137519,-6.044034481048584,0.03822856396436691,0.5556601433458445
949,-6.283231629265679,-6.027812480926514,0.0382566824555397,0.5564546996660101
950,-6.284335454305013,-5.999300003051758,0.03814595192670822,0.5397407874383692
951,-6.31318998336792,-6.049407005310059,0.037993304431438446,0.551078475128785
952,-6.338463041517469,-5.8608927726745605,0.03887955844402313,0.5490973441094029
953,-6.308700296613905,-6.010220050811768,0.03816577419638634,0.5424677549348118
954,-6.328915437062581,-5.939908027648926,0.03828044980764389,0.5362880552996495
955,-6.308107058207194,-5.955658912658691,0.038346439599990845,0.5453821068325023
956,-6.297782474093967,-5.927666664123535,0.03871683031320572,0.5569531245606596
957,-6.283578978644477,-6.0507049560546875,0.03807096183300018,0.5304455007821453
958,-6.232040246327718,-6.04619836807251,0.037995290011167526,0.5438770300471788
959,-6.275184207492405,-6.074099063873291,0.0382625050842762,0.5675935882757566
960,-6.2903642654418945,-5.924283504486084,0.038571957498788834,0.5255665519988352
961,-6.341420491536458,-5.307236671447754,0.04068344086408615,0.5315110922019108
962,-4.42797393269009,-3.122664451599121,0.055474355816841125,0.5445934877469132
963,-5.169665336608887,-5.485450744628906,0.043983276933431625,0.588054756107782
964,-5.8152294688754615,-5.431744575500488,0.040055498480796814,0.5117276647800525
965,-6.0139049424065485,-5.158052921295166,0.04193408414721489,0.5199202176603253
966,-6.013193130493164,-5.779201507568359,0.039890315383672714,0.5261161511772912
967,-6.134868092007107,-5.8063554763793945,0.03940311819314957,0.514784562499803
968,-6.214557806650798,-5.839488983154297,0.039143647998571396,0.528974089761048
969,-6.278352843390571,-5.737486362457275,0.03909485414624214,0.5109341931060541
970,-6.243641747368707,-6.065993785858154,0.03799028322100639,0.5553612148241486
971,-6.295189539591472,-6.071805953979492,0.03800726309418678,0.538866731062742
972,-6.324897713131374,-6.0027756690979,0.038036197423934937,0.5324423076337412
973,-6.298165957132976,-5.995217323303223,0.038276683539152145,0.5565834644518067
974,-6.297970877753364,-5.953238487243652,0.03849053382873535,0.5485663348244152
975,-6.304955959320068,-5.752473831176758,0.03902886435389519,0.5406117615882979
976,-6.275764677259657,-6.077714920043945,0.03808487579226494,0.5578164179744918
977,-6.283413569132487,-5.912362575531006,0.03841627389192581,0.5283790626891116
978,-6.286316924624973,-6.036278247833252,0.038227081298828125,0.5529373224771361
979,-6.3142529593573675,-6.030378818511963,0.03820259869098663,0.5454895926277707
980,-6.3107123374938965,-5.997166633605957,0.038084324449300766,0.5348317224426782
981,-6.317669868469238,-6.043846607208252,0.0381791852414608,0.564265631144501
982,-6.308255778418647,-6.006876468658447,0.03811531141400337,0.5512013205969365
983,-6.3204115231831866,-5.766470909118652,0.03876142576336861,0.5259778492272813
984,-6.301189263661702,-6.014795780181885,0.03820905461907387,0.5595618593005249
985,-6.332147704230414,-6.012251377105713,0.0380505695939064,0.5507411502369696
986,-6.306753317515056,-5.980932712554932,0.03821336850523949,0.5368851861293585
987,-6.32913335164388,-5.9790120124816895,0.03851180151104927,0.5623747594052778
988,-6.327779875861274,-6.053304672241211,0.03781361132860184,0.5409911910250991
989,-6.322931819491917,-5.871151447296143,0.038451001048088074,0.5380012819587162
990,-6.289068222045898,-5.9038777351379395,0.038654740899801254,0.5477836302473269
991,-6.301580005221897,-5.939349174499512,0.038574252277612686,0.5404928802564304
992,-6.255865467919244,-6.0856170654296875,0.03765377774834633,0.5327156307811199
993,-6.259233527713352,-5.937780857086182,0.03863253444433212,0.5701275540552576
994,-6.246456146240234,-6.014882564544678,0.03843341022729874,0.5518345466152996
995,-6.271041446261936,-5.861154556274414,0.03871355578303337,0.5452824384360417
996,-6.285638120439318,-5.914167881011963,0.038599468767642975,0.5633664716883329
997,-6.169789632161458,-5.866857528686523,0.038936369121074677,0.5423055096603485
998,-6.145086553361681,-5.908483028411865,0.03925221040844917,0.5642082196280885
999,-6.194021542867024,-5.528842449188232,0.04148763418197632,0.5925360875266016
1000,-6.050989892747667,-6.129027366638184,0.03749425709247589,0.5480553796925174
1001,-6.229398091634114,-6.0086989402771,0.038206201046705246,0.5433449487772389
1002,-6.274524953630236,-6.092278003692627,0.03793642297387123,0.5499903747627813
1003,-6.197334077623156,-5.884700775146484,0.039162907749414444,0.5659216804984812
1004,-6.235515594482422,-5.9735107421875,0.03929778188467026,0.5501013132066783
1005,-6.09054872724745,-5.811990737915039,0.039657704532146454,0.5527008986911892
1006,-6.164752854241265,-6.067819118499756,0.03834987059235573,0.5619255120949445
1007,-6.286587026384142,-5.927982807159424,0.03843584656715393,0.5415888633332631
1008,-6.286388079325358,-5.881777763366699,0.03864007443189621,0.5607378900282066
1009,-6.329212930467394,-6.016881942749023,0.03795687481760979,0.5596954664064628
1010,-6.340675089094374,-6.050046920776367,0.03779154643416405,0.5461710237022839
1011,-6.326554139455159,-6.068595886230469,0.03786558657884598,0.5568122975954365
1012,-6.34329080581665,-5.985355854034424,0.03838774189352989,0.554511189820762
1013,-6.358129607306586,-5.994632720947266,0.03802257403731346,0.5444114552164302
1014,-6.322827445136176,-6.037879467010498,0.03799617663025856,0.5537475880617676
1015,-6.345873196919759,-6.084397315979004,0.037856388837099075,0.5554034140008337
1016,-6.364547411600749,-6.055904388427734,0.037805575877428055,0.5471604621007559
1017,-6.305316236284044,-6.092399597167969,0.03768225386738777,0.5579908372032703
1018,-6.317988978491889,-5.994314193725586,0.03819015622138977,0.5618281720579894
1019,-6.336068683200413,-6.007656574249268,0.03793039172887802,0.5289192577152784
1020,-6.3560638427734375,-5.959028720855713,0.038142912089824677,0.5515348430895693
1021,-6.116557386186388,-4.84066104888916,0.0438610278069973,0.5612868335043922
1022,-5.9971423678927955,-5.742714881896973,0.03970149904489517,0.5138053287666904
1023,-6.06906090842353,-5.729098320007324,0.040109772235155106,0.5740935732802316
1024,-6.198314401838514,-5.849701881408691,0.03922208771109581,0.5723897299099335
1025,-6.146001391940647,-5.888882160186768,0.038620322942733765,0.5270962506544608
1026,-6.306170622507731,-6.068427562713623,0.038041844964027405,0.5597425260935767
1027,-6.314551300472683,-5.993875980377197,0.038117941468954086,0.5511371125694161
1028,-6.153886953989665,-5.3885178565979,0.04111447185277939,0.5327642161336925
1029,-5.97575659222073,-6.080710411071777,0.0379251129925251,0.5560560301649522
1030,-5.595044400956896,-5.469372272491455,0.04286368936300278,0.5815618470993005
1031,-5.949005815717909,-5.981587886810303,0.0384829007089138,0.55568674322403
1032,-6.214710765414768,-5.938526630401611,0.03838582709431648,0.5480945047329852
1033,-6.352784898546007,-5.918503284454346,0.03821449354290962,0.5422925825872053
1034,-6.081043773227268,-5.88100004196167,0.03899633511900902,0.5404399953580117
1035,-5.880072328779432,-6.063994884490967,0.03826009854674339,0.5809277106605693
1036,-6.113716496361627,-6.0891313552856445,0.038242608308792114,0.5767018855860699
1037,-6.203492323557536,-6.039844036102295,0.03805442899465561,0.560811498523682
1038,-6.327586068047418,-5.971136093139648,0.038293350487947464,0.5717614213604446
1039,-6.405745029449463,-5.486841201782227,0.039618462324142456,0.5453837117462507
1040,-6.0546835793389215,-6.088454723358154,0.03761236369609833,0.5602326778332133
1041,-6.050503836737739,-5.925351142883301,0.03863963857293129,0.555156028765589
1042,-6.287717448340522,-5.958139896392822,0.038289956748485565,0.5409604042247135
1043,-6.300267060597737,-6.0532307624816895,0.0378301702439785,0.5648557076776672
1044,-6.331288708580865,-6.013655185699463,0.03775368630886078,0.5442432093525787
1045,-6.3427976502312555,-5.936295032501221,0.038033608347177505,0.538851670323382
1046,-6.367004447513157,-5.998823165893555,0.03794774040579796,0.5543496216554865
1047,-6.369984997643365,-6.052743434906006,0.037573762238025665,0.548679906734468
1048,-6.351892206403944,-5.988570213317871,0.037919800728559494,0.550736729037546
1049,-6.37645779715644,-6.0945844650268555,0.03752956539392471,0.5480609586601457
1050,-6.377508163452148,-6.006162643432617,0.03774920105934143,0.5437901009597588
1051,-6.369269371032715,-6.020279407501221,0.03785371780395508,0.5636199356774023
1052,-6.374755117628309,-5.97523307800293,0.03804675117135048,0.5548440159930214
1053,-6.361851692199707,-6.066493034362793,0.03749563917517662,0.5497333688006356
1054,-6.3766015900505915,-6.122945308685303,0.03736847639083862,0.5592104363666693
1055,-6.381011274125841,-6.066407203674316,0.03755691647529602,0.5540088955675463
1056,-6.388167805141872,-6.022639274597168,0.03779125213623047,0.5476628330689717
1057,-6.3689536518520775,-6.058745861053467,0.03773527592420578,0.5578642785034004
1058,-6.376886049906413,-6.0751142501831055,0.03750631585717201,0.5461069597371006
1059,-6.364138762156169,-6.018830299377441,0.03773173317313194,0.5497937999458626
1060,-6.350522624121772,-6.011782169342041,0.03805554658174515,0.5623423617266651
1061,-6.342643684811062,-6.116286754608154,0.03737417981028557,0.543312148377071
1062,-6.331490834554036,-6.051146984100342,0.03775791823863983,0.5515655879680345
1063,-6.319793595208062,-6.07131290435791,0.03771045804023743,0.5649338175214197
1064,-6.329891522725423,-5.9912004470825195,0.03787306696176529,0.5251298970883919
1065,-6.342354456583659,-6.09138822555542,0.03758455812931061,0.5497379859426241
1066,-6.354204866621229,-6.031443119049072,0.03791340813040733,0.5620388902633711
1067,-6.369127909342448,-6.117981433868408,0.03734102100133896,0.5556547114677466
1068,-6.3771293958028155,-5.9792633056640625,0.03793071210384369,0.5493438225294636
1069,-6.36024464501275,-6.1008477210998535,0.037524107843637466,0.5619796836340935
1070,-6.377723746829563,-6.001335144042969,0.037799280136823654,0.550071895445199
1071,-6.360819657643636,-6.128023147583008,0.03737109154462814,0.5599593919975263
1072,-6.333220428890652,-6.089056491851807,0.03769390657544136,0.5609721532012989
1073,-6.313546763526069,-6.112867832183838,0.03734780102968216,0.5342202041797924
1074,-6.324761284722222,-6.061174392700195,0.037791308015584946,0.5657947134787603
1075,-6.3111222055223255,-6.079206943511963,0.03765198215842247,0.5663382149219587
1076,-6.360125488705105,-5.90925931930542,0.03802046924829483,0.5381088157888377
1077,-6.292025619082981,-6.00112771987915,0.03806225582957268,0.5693939036920244
1078,-6.337876107957628,-5.966229438781738,0.038101926445961,0.5683734942551043
1079,-6.305707931518555,-6.027076244354248,0.037767186760902405,0.5352491655474465
1080,-6.305798477596706,-5.908669471740723,0.03840624541044235,0.5598639103624593
1081,-6.3277298079596624,-6.114745140075684,0.037784114480018616,0.5666348763385742
1082,-6.48506678475274,-6.141353607177734,0.03737620264291763,0.5651961830438619
1083,-6.500968880123562,-6.164172172546387,0.03700884059071541,0.5492773411393739
1084,-6.522383901807997,-6.043992042541504,0.037484005093574524,0.5518487903846728
1085,-6.5203920470343695,-6.108628749847412,0.037177782505750656,0.5593092632109699
1086,-6.4394546614752874,-5.885655879974365,0.038103941828012466,0.5609051261440279
1087,-6.422481218973796,-6.163456439971924,0.03715788945555687,0.5619242529587914
1088,-6.4590797954135475,-6.100666046142578,0.03742831572890282,0.5703870414587208
1089,-6.481130017174615,-6.091326713562012,0.03738106042146683,0.5610368794928504
1090,-6.415340211656359,-6.043665885925293,0.037420306354761124,0.5600286567133116
1091,-6.487003697289361,-6.222320556640625,0.03691088408231735,0.570073759415473
1092,-6.453058136834039,-6.16611909866333,0.037117425352334976,0.5663710174530839
1093,-6.4853865305582685,-6.014090538024902,0.037519823759794235,0.5530575091884777
1094,-6.373977767096625,-6.110690593719482,0.03724459558725357,0.5584027450050517
1095,-6.4902298715379505,-6.179685592651367,0.037198252975940704,0.5604393133020313
1096,-6.485237121582031,-5.9675679206848145,0.03789043426513672,0.5665648800564936
1097,-6.379502879248725,-6.200259208679199,0.03699927777051926,0.5617128088971987
1098,-6.266587575276692,-6.175882816314697,0.03710319101810455,0.5589054001580195
1099,-6.48115078608195,-6.213399887084961,0.03702099621295929,0.5671874385827559
1100,-6.498152044084337,-6.103023052215576,0.03720150515437126,0.5609035790768742
1101,-6.462836848364936,-6.171876430511475,0.03696906194090843,0.5577807214643528
1102,-6.491621600257026,-6.176393032073975,0.03699658811092377,0.5607884496452811
1103,-6.530428568522136,-6.200753211975098,0.03688575699925423,0.5589321812499308
1104,-6.5030819574991865,-6.187473297119141,0.03687861189246178,0.5554913771669971
1105,-6.526020844777425,-6.16170597076416,0.036977801471948624,0.5704345292557581
1106,-6.551166799333361,-6.178662300109863,0.036935847252607346,0.5654197486033982
1107,-6.542736424340142,-6.061607837677002,0.037232253700494766,0.5524627432285667
1108,-6.544619560241699,-6.075459003448486,0.03726566582918167,0.5569868782464964
1109,-6.4976426760355634,-6.142378330230713,0.037085361778736115,0.5656472820982176
1110,-6.511364724900988,-6.147719860076904,0.03714648634195328,0.5579726403188464
1111,-6.352263662550184,-6.021366596221924,0.0374268963932991,0.561017455412933
1112,-6.433808538648817,-6.2107343673706055,0.0369078703224659,0.5698306131370349
1113,-6.513654655880398,-6.035891532897949,0.03745785728096962,0.5677092921546618
1114,-6.496206442515056,-6.179079532623291,0.03692092373967171,0.5605568177870089
1115,-6.533987628089057,-6.182283878326416,0.036827452480793,0.5595487767750112
1116,-6.516846338907878,-6.097354412078857,0.03707844763994217,0.5552002060978264
1117,-6.525896814134386,-6.194198131561279,0.036942243576049805,0.5656747412513684
1118,-6.5230517917209205,-6.2065629959106445,0.03681803494691849,0.5586312581264686
1119,-6.528632587856716,-6.15434455871582,0.036957014352083206,0.5614841623840655
1120,-6.548479292127821,-6.198498725891113,0.036771226674318314,0.562687916408787
1121,-6.547783268822564,-6.175796985626221,0.0369453988969326,0.5617666264050627
1122,-6.55667781829834,-6.155354022979736,0.037079863250255585,0.5602342565387289
1123,-6.564123047722711,-6.20939826965332,0.03680320456624031,0.5626860478001089
1124,-6.585795084635417,-6.1952104568481445,0.03675973415374756,0.5592206786692072
1125,-6.5508395830790205,-6.1986589431762695,0.03675103932619095,0.5632129354948053
1126,-6.552047835456,-6.129825115203857,0.03693428263068199,0.5605578367357149
1127,-6.513891696929932,-6.1938581466674805,0.03696204721927643,0.5602824307978831
1128,-6.488710350460476,-6.124968528747559,0.037201397120952606,0.5711457884253796
1129,-6.495452086130778,-6.0833587646484375,0.03726373240351677,0.5531515808875864
1130,-6.478065755632189,-6.191195487976074,0.03689718246459961,0.5617827624934564
1131,-6.45718256632487,-6.1715898513793945,0.03696166351437569,0.5650312234497576
1132,-6.412379688686794,-6.072502613067627,0.037315066903829575,0.5603383494759813
1133,-6.445506201850043,-6.06333065032959,0.03750935196876526,0.5650039187169794
1134,-6.4171797434488935,-6.158504009246826,0.037207506597042084,0.5664659743883331
1135,-6.516428841484918,-6.2126922607421875,0.03685140237212181,0.5639062950034464
1136,-6.51389037238227,-6.189271450042725,0.03689539059996605,0.5708940599506435
1137,-6.526178571912977,-6.16794490814209,0.03686528652906418,0.5633759167527308
1138,-6.527848879496257,-6.0548415184021,0.037385791540145874,0.5697382428551122
1139,-6.45594851175944,-6.1085991859436035,0.03709956258535385,0.5547757578009205
1140,-6.452279673682319,-6.128782749176025,0.037105511873960495,0.5630033610032198
1141,-6.519951555464003,-6.220894813537598,0.036834776401519775,0.5616980324728963
1142,-6.518768416510688,-6.208744049072266,0.03675057739019394,0.563769400381319
1143,-6.4737259017096624,-5.953967571258545,0.037629783153533936,0.563926447529856
1144,-6.477904425726996,-6.090826511383057,0.03723762556910515,0.5639332130893626
1145,-6.3459559016757545,-6.135008335113525,0.037151504307985306,0.5623039063266264
1146,-6.49073765012953,-6.224213600158691,0.03682311251759529,0.5702497051035069
1147,-6.474129835764567,-6.185894012451172,0.036824870854616165,0.5619050828388718
1148,-6.468322806888157,-6.199310779571533,0.03675645589828491,0.5625151925432086
1149,-6.5262729326883955,-6.191013336181641,0.03687450289726257,0.5637204103584937
1150,-6.551506413353814,-6.045626640319824,0.037405408918857574,0.5539676605065487
1151,-6.529437488979763,-6.204458236694336,0.03673255443572998,0.5699600867164544
1152,-6.567185878753662,-6.130455017089844,0.036976173520088196,0.5660836009080332
1153,-6.514390362633599,-6.1030402183532715,0.03704337403178215,0.5608684416615571
1154,-6.504555543263753,-6.235772132873535,0.036593616008758545,0.5617655284254981
1155,-6.571147706773546,-6.104983806610107,0.03708864003419876,0.5632896189430858
1156,-6.460557672712538,-6.125348091125488,0.03700004518032074,0.5576229909054872
1157,-6.426015853881836,-6.052198886871338,0.03742779418826103,0.5697924261918179
1158,-6.427171071370442,-6.148105621337891,0.03710709139704704,0.5665179436675591
1159,-6.492486635843913,-6.147015571594238,0.037079859524965286,0.5696603476533721
1160,-6.515442636277941,-6.216960906982422,0.03668499365448952,0.5678100462015317
1161,-6.55462842517429,-6.156832218170166,0.03687608242034912,0.5693099830514179
1162,-6.548339631822374,-6.211366176605225,0.03664347901940346,0.5613260131021514
1163,-6.5557912190755205,-6.205575466156006,0.03656947240233421,0.5647142949350121
1164,-6.545158598158094,-6.183527946472168,0.03674490004777908,0.5605804157304518
1165,-6.568892425960964,-6.20720911026001,0.0366462841629982,0.5638311231773596
1166,-6.578460799323188,-6.168508529663086,0.03673305734992027,0.5642140921867332
1167,-6.574144045511882,-6.217381954193115,0.036556702107191086,0.56245993771851
1168,-6.572901937696669,-6.2394208908081055,0.03653132542967796,0.5637511353986626
1169,-6.5694154103597,-6.193892002105713,0.036703214049339294,0.5635499853492613
1170,-6.560809718237983,-6.170534610748291,0.036719340831041336,0.5603489730572064
1171,-6.5714096493191185,-6.212236404418945,0.036579977720975876,0.5616945585458726
1172,-6.563509464263916,-6.219387531280518,0.03655288740992546,0.5678047647256363
1173,-6.57014815012614,-6.19049072265625,0.036701373755931854,0.5638362045836547
1174,-6.553247557746039,-6.212490081787109,0.036762550473213196,0.5589226363908126
1175,-6.554312229156494,-6.167909622192383,0.036850105971097946,0.5569860066647313
1176,-6.55878840552436,-6.2305450439453125,0.03654995933175087,0.5643726510607847
1177,-6.5706724060906305,-6.173928737640381,0.03677733987569809,0.5593814049429291
1178,-6.550673961639404,-6.245091915130615,0.03652271255850792,0.5641921265922639
1179,-6.5544670422871905,-6.232202053070068,0.03643051162362099,0.5604016992624101
1180,-6.572767575581868,-6.235154151916504,0.03651078790426254,0.5632687087363452
1181,-6.56805255677965,-6.1986799240112305,0.036571137607097626,0.5629503333018484
1182,-6.571574052174886,-6.216923236846924,0.036539964377880096,0.563056331711407
1183,-6.5759908888075085,-6.253212928771973,0.036386728286743164,0.5623911203138257
1184,-6.576861063639323,-6.227447509765625,0.03651827201247215,0.5620765145383192
1185,-6.562769730885823,-6.183786392211914,0.036642298102378845,0.5629441762998848
1186,-6.560921404096815,-6.159456729888916,0.03679199144244194,0.560252064980933
1187,-6.573346508873834,-6.199361324310303,0.036597639322280884,0.5619124978272524
1188,-6.564733876122369,-6.199093341827393,0.03653283789753914,0.557214823213409
1189,-6.5635905265808105,-6.211967468261719,0.03667126223444939,0.5573004062031625
1190,-6.5712935659620495,-6.17487907409668,0.03672800213098526,0.5626024014925741
1191,-6.56272538503011,-6.252262115478516,0.03643699362874031,0.5621570266015049
1192,-6.568833404117161,-6.2309160232543945,0.036549586802721024,0.5625378565017078
1193,-6.559669600592719,-6.232758522033691,0.036500461399555206,0.5638300754224103
1194,-6.572731335957845,-6.199387073516846,0.03661920502781868,0.5648529117158436
1195,-6.573928462134467,-6.232908725738525,0.03643564134836197,0.5619309795479329
1196,-6.568490611182319,-6.212815284729004,0.03656300902366638,0.5617833429236535
1197,-6.553393999735515,-6.238720417022705,0.03651423752307892,0.5599851267646173
1198,-6.581469959682888,-6.169341087341309,0.036776695400476456,0.5626917178643014
1199,-6.572832955254449,-6.214970111846924,0.03649096190929413,0.5586056537064658
1200,-6.567118379804823,-6.208906650543213,0.036556676030159,0.5655294602988462
1201,-6.582157346937391,-6.150920867919922,0.036734145134687424,0.5651801045776148
1202,-6.572738859388563,-6.198672294616699,0.03658076375722885,0.5632483040378978
1203,-6.572276062435574,-6.21339750289917,0.03649834915995598,0.5607057939624436
1204,-6.576698886023627,-6.227959156036377,0.03640768304467201,0.5606312729030996
1205,-6.56659460067749,-6.233283996582031,0.03651244565844536,0.5625681234757551
1206,-6.573510487874349,-6.165339469909668,0.03676116093993187,0.5608414060290134
1207,-6.560007519192165,-6.22565221786499,0.03654216602444649,0.561641155539554
1208,-6.578704728020562,-6.211988925933838,0.03664293512701988,0.5636083766731371
1209,-6.55411778555976,-6.194859027862549,0.03659181296825409,0.5624279220380061
1210,-6.57637521955702,-6.213404178619385,0.03654729574918747,0.5617876675490333
1211,-6.575057506561279,-6.197076797485352,0.036507632583379745,0.5637416274511873
1212,-6.55923244688246,-6.231627464294434,0.036467283964157104,0.5638809455318011
1213,-6.567504247029622,-6.24201774597168,0.036405254155397415,0.5616729168436687
1214,-6.5767538282606335,-6.197449207305908,0.036693960428237915,0.5618073532834646
1215,-6.5637838045756025,-6.243626117706299,0.03640615567564964,0.5622082587013315
1216,-6.5806289778815374,-6.204729080200195,0.03650646656751633,0.5623209147489951
1217,-6.5612011485629615,-6.212905406951904,0.036497216671705246,0.5598309381286396
1218,-6.572037643856472,-6.187955856323242,0.03666179999709129,0.5673486995893867
1219,-6.555472056070964,-6.2325825691223145,0.03654784709215164,0.5667954280014182
1220,-6.5624345143636065,-6.208078861236572,0.036616452038288116,0.5656224015689817
1221,-6.57554907268948,-6.171483993530273,0.03669590502977371,0.5606624129016147
1222,-6.571704546610515,-6.215528964996338,0.03650234639644623,0.5630311584097628
1223,-6.570465935601129,-6.214959144592285,0.0364871621131897,0.5686576249642232
1224,-6.569267643822564,-6.2487592697143555,0.036385856568813324,0.5618312721347866
1225,-6.580113569895427,-6.148191452026367,0.03679536655545235,0.5549852771283772
1226,-6.566390461391872,-6.189358234405518,0.036643244326114655,0.5611142487413089
1227,-6.5741598341200085,-6.220123291015625,0.036507803946733475,0.5598291526944776
1228,-6.5668928888109,-6.197726726531982,0.03658471629023552,0.5645891442452531
1229,-6.571457915835911,-6.230152606964111,0.0365181602537632,0.5635868966639649
1230,-6.576561292012532,-6.198077201843262,0.03657696768641472,0.5590982890852576
1231,-6.56186130311754,-6.213325023651123,0.03649976849555969,0.5635894660889056
1232,-6.573185761769612,-6.2429022789001465,0.036417439579963684,0.5650097214932011
1233,-6.571947733561198,-6.219435691833496,0.03645532578229904,0.5557318366811529
1234,-6.571283499399821,-6.200394630432129,0.03656578063964844,0.5650712191840972
1235,-6.575320879618327,-6.248584270477295,0.03635341301560402,0.5642666867729131
1236,-6.573297129737006,-6.206692695617676,0.036511749029159546,0.5671201958877503
1237,-6.58078400293986,-6.210963249206543,0.03648791462182999,0.5631245031917194
1238,-6.568138440450032,-6.131030082702637,0.03682809695601463,0.554413561622809
1239,-6.572145832909478,-6.236297607421875,0.03641685098409653,0.5630317306228926
1240,-6.571271790398492,-6.206478595733643,0.03647490218281746,0.5641249310236034
1241,-6.564053111606174,-6.204456806182861,0.036486245691776276,0.5597519469803983
1242,-6.581912729475233,-6.191629409790039,0.03657133877277374,0.5637503946569629
1243,-6.5640351507398815,-6.229830265045166,0.03651018068194389,0.5663476982840279
1244,-6.573156197865804,-6.164072036743164,0.03661138936877251,0.5564793478036464
1245,-6.572333388858372,-6.114365577697754,0.03684254363179207,0.5499434726603848
1246,-6.539223247104221,-6.195715427398682,0.03661750629544258,0.5653535214963399
1247,-6.551681571536594,-6.134710788726807,0.0368037223815918,0.5602443325137336
1248,-6.5666249593098955,-6.128510475158691,0.036814991384744644,0.5639634165641594
1249,-6.499533812204997,-6.218595504760742,0.036443423479795456,0.5600390168128444
1250,-6.521382172902425,-6.214272975921631,0.036543164402246475,0.566029928762526
1251,-6.4557893011305065,-6.198893070220947,0.036593444645404816,0.5642213397596453
1252,-6.486349423726399,-6.234112739562988,0.03652874752879143,0.5682400032340738
1253,-6.544644938574897,-6.21368932723999,0.03655899688601494,0.5674912315745158
1254,-6.554913361867269,-6.173179626464844,0.03662801906466484,0.5687849626359639
1255,-6.402662965986464,-5.998228549957275,0.03726053982973099,0.5593770285526488
1256,-6.269893911149767,-6.150343418121338,0.03682727366685867,0.5683722552251108
1257,-6.494408183627659,-6.1634602546691895,0.036867640912532806,0.5668489004494209
1258,-6.549795892503527,-6.1878485679626465,0.03667394816875458,0.5608297324725958
1259,-6.521050453186035,-6.1333136558532715,0.03667350485920906,0.5636928974923616
1260,-6.545293807983398,-6.218530654907227,0.03646966069936752,0.5668140564642811
1261,-6.5640477074517145,-6.22696590423584,0.036366257816553116,0.5633746100807949
1262,-6.57063807381524,-6.182033061981201,0.03652630373835564,0.5661584557944537
1263,-6.585045496622722,-6.198009490966797,0.03644903376698494,0.5657486715370844
1264,-6.572028425004747,-6.234494209289551,0.03627374395728111,0.5583965361425564
1265,-6.502914640638563,-6.207789897918701,0.03642886504530907,0.5630687666790103
1266,-6.581782711876763,-6.19727087020874,0.0365690141916275,0.5667392538749073
1267,-6.570881737603082,-6.243818283081055,0.03631872683763504,0.5731673869242218
1268,-6.585496478610569,-6.286821365356445,0.03613767772912979,0.5675703986516066
1269,-6.624230861663818,-6.277716636657715,0.03614616394042969,0.5646215310151808
1270,-6.628148873647054,-6.28188419342041,0.036100465804338455,0.5648904862479591
1271,-6.631312529246013,-6.268925189971924,0.03617613762617111,0.5675262195465878
1272,-6.626754919687907,-6.248143672943115,0.036248642951250076,0.5652397467776594
1273,-6.62413665983412,-6.283552169799805,0.03615183383226395,0.5671646404180738
1274,-6.643268903096517,-6.267981052398682,0.03611987084150314,0.5679159491839948
1275,-6.613136344485813,-6.204967498779297,0.03638473153114319,0.5641027095656707
1276,-6.574968708886041,-6.230001926422119,0.03630446642637253,0.5676061943798265
1277,-6.599619494544135,-6.270776271820068,0.03620976582169533,0.5664524369298851
1278,-6.627943250868055,-6.22313117980957,0.036312248557806015,0.5641519860950549
1279,-6.624432934655084,-6.229297161102295,0.03630474582314491,0.5697557177164045
1280,-6.617194599575466,-6.282095909118652,0.03608858957886696,0.5665876731071988
1281,-6.637358294592963,-6.267655372619629,0.0361618809401989,0.5665762361887555
1282,-6.625870757632786,-6.264491081237793,0.03617652505636215,0.5660567264732201
1283,-6.621884822845459,-6.19733190536499,0.036397431045770645,0.5664707675843341
1284,-6.611836751302083,-6.277581214904785,0.0361100472509861,0.5654238201134989
1285,-6.6373569700453015,-6.276026248931885,0.0361298993229866,0.5650450266023145
1286,-6.624285697937012,-6.2049407958984375,0.03635644167661667,0.5660879579221039
1287,-6.593481328752306,-6.255441665649414,0.036198604851961136,0.566538047793081
1288,-6.6064545843336315,-6.279843330383301,0.03611025959253311,0.5689625813393747
1289,-6.618255456288655,-6.2167840003967285,0.036292098462581635,0.5715604681062842
1290,-6.6230543454488116,-6.295370101928711,0.036017876118421555,0.5662698222949496
1291,-6.6257046063741045,-6.259222984313965,0.03615448623895645,0.566314435022305
1292,-6.621879206763373,-6.2818403244018555,0.03606812283396721,0.5680925392436458
1293,-6.628002484639485,-6.261303901672363,0.036142244935035706,0.5696052551639078
1294,-6.63789701461792,-6.284345626831055,0.036075856536626816,0.5691411283037452
1295,-6.644792662726508,-6.266631126403809,0.03609481826424599,0.565423911040173
1296,-6.620305008358425,-6.241387367248535,0.03618476167321205,0.567727193571024
1297,-6.639050589667426,-6.203869819641113,0.03634185716509819,0.5630481731847345
1298,-6.611617830064562,-6.258159637451172,0.036230385303497314,0.564841960110688
1299,-6.633362611134847,-6.259974002838135,0.036171384155750275,0.5635561145951735
1300,-6.627828280131022,-6.285090446472168,0.03601836413145065,0.5663996307598268
1301,-6.634530491299099,-6.256877899169922,0.03615531697869301,0.567505499129691
1302,-6.631030559539795,-6.2411041259765625,0.03623449057340622,0.5642786148911709
1303,-6.611465771993001,-6.240532875061035,0.03623432666063309,0.5714450436381849
1304,-6.637062390645345,-6.305798530578613,0.035980623215436935,0.570124190339866
1305,-6.635633203718397,-6.2503886222839355,0.036103446036577225,0.5669332741327596
1306,-6.630305502149794,-6.1877946853637695,0.036412034183740616,0.5687505991600427
1307,-6.612132920159234,-6.094837665557861,0.03667198121547699,0.5635231470234264
1308,-6.58164299858941,-6.25554895401001,0.03621026128530502,0.5725291800765303
1309,-6.613481945461697,-6.232175827026367,0.036399099975824356,0.5690040943660564
1310,-6.614330609639485,-6.252131938934326,0.036166828125715256,0.5643811562762306
1311,-6.630216863420275,-6.274096965789795,0.03610105812549591,0.5685683494710515
1312,-6.620751116010878,-6.228724002838135,0.03621489182114601,0.5641121234650275
1313,-6.621552679273817,-6.270576477050781,0.036137185990810394,0.5699719376863229
1314,-6.633942498101129,-6.2596354484558105,0.03610991686582565,0.5733883209173688
1315,-6.614843792385525,-6.2541399002075195,0.03609125688672066,0.5663675049692745
1316,-6.6219814618428545,-6.27408504486084,0.03607197850942612,0.5713587092345561
1317,-6.643814139895969,-6.297175407409668,0.035958219319581985,0.5698747597911877
1318,-6.636331240336101,-6.242452621459961,0.036134108901023865,0.5683867147913936
1319,-6.616081237792969,-6.243189811706543,0.036197561770677567,0.5724051976969434
1320,-6.616529729631212,-6.244400978088379,0.03606262803077698,0.5641958114570109
1321,-6.630856249067518,-6.278312683105469,0.03607829660177231,0.5666107264050964
1322,-6.636153380076091,-6.2849836349487305,0.03598031401634216,0.5673730334111031
1323,-6.632451216379802,-6.272679328918457,0.03602234646677971,0.568181212136068
1324,-6.625266075134277,-6.238088130950928,0.03620218113064766,0.5652001989725025
1325,-6.622604158189562,-6.264706134796143,0.03606763109564781,0.568303166005255
1326,-6.6424779362148705,-6.278835773468018,0.03605087846517563,0.5709458851057615
1327,-6.646358225080702,-6.281898021697998,0.03597506135702133,0.5694838171686566
1328,-6.614347510867649,-6.181601524353027,0.03629225865006447,0.5598788669026531
1329,-6.569866286383735,-6.250447750091553,0.036084748804569244,0.5716035451675234
1330,-6.634849124484592,-6.227833271026611,0.036185089498758316,0.5688784397116138
1331,-6.593044281005859,-6.277756690979004,0.03598508611321449,0.5669386796858634
1332,-6.624113824632433,-6.261829853057861,0.03606066852807999,0.5666540228579198
1333,-6.633209811316596,-6.27607536315918,0.03602676838636398,0.5722195820615418
1334,-6.646305455101861,-6.265451431274414,0.0360313281416893,0.5697180022027452
1335,-6.648794915941027,-6.268544673919678,0.03601599484682083,0.5674113579882669
1336,-6.645457320743137,-6.301036834716797,0.03590310364961624,0.5670179464305874
1337,-6.658647961086697,-6.264772891998291,0.03602392226457596,0.5704897007343387
1338,-6.643971337212457,-6.248844623565674,0.03606009855866432,0.5671715092369488
1339,-6.6136154598659935,-6.280080795288086,0.035974595695734024,0.5706813367456693
1340,-6.622061358557807,-6.238107204437256,0.03607584536075592,0.5693370641532904
1341,-6.587933116488987,-6.213385581970215,0.03621334582567215,0.5676853793705682
1342,-6.622145652770996,-6.262152194976807,0.03604789450764656,0.567956047508494
1343,-6.645524289872911,-6.3010640144348145,0.03585295006632805,0.5701785106497244
1344,-6.642477088504368,-6.280593395233154,0.03596145659685135,0.5662059485531146
1345,-6.641534434424506,-6.226504325866699,0.036166999489068985,0.5686555554743619
1346,-6.6411267386542425,-6.269987106323242,0.035993244498968124,0.5686850089765196
1347,-6.614116032918294,-6.1513800621032715,0.03641042113304138,0.5699296250643926
1348,-6.523329946729872,-6.233421802520752,0.03613404557108879,0.5722009762374299
1349,-6.591037220425076,-6.285673141479492,0.03602885454893112,0.5690742282419164
1350,-6.589889844258626,-6.256857872009277,0.036094337701797485,0.5727748204879372
1351,-6.616332372029622,-6.2975664138793945,0.03592688962817192,0.566997776323617
1352,-6.611125999026829,-6.263823509216309,0.03599679842591286,0.5677305320353395
1353,-6.617783228556315,-6.274031162261963,0.03594529628753662,0.5661870478934682
1354,-6.612236340840657,-6.270473480224609,0.035940948873758316,0.5670253864356642
1355,-6.620508776770698,-6.292126655578613,0.035919297486543655,0.5661279759868149
1356,-6.6197183926900225,-6.250119686126709,0.036078080534935,0.5684100093360548
1357,-6.613785054948595,-6.299333095550537,0.03587492182850838,0.5673425953997085
1358,-6.617670324113634,-6.256390571594238,0.03603779897093773,0.5663964081601482
1359,-6.62583933936225,-6.287888526916504,0.03588058426976204,0.5663409448903033
1360,-6.613250308566624,-6.274383068084717,0.03595399856567383,0.5646784122309131
1361,-6.621412913004558,-6.290244102478027,0.03589427471160889,0.5661935841588827
1362,-6.6216050783793134,-6.261977672576904,0.0360022597014904,0.5684672767480143
1363,-6.615600162082249,-6.288637638092041,0.03591061756014824,0.5666120562204162
1364,-6.620752652486165,-6.291520118713379,0.03591059893369675,0.5647262169065307
1365,-6.616012944115533,-6.2712016105651855,0.03595535829663277,0.5676039544573006
1366,-6.6083083152771,-6.2500505447387695,0.03607789799571037,0.5636448792308104
1367,-6.623986985948351,-6.274176597595215,0.035956691950559616,0.5659193314456923
1368,-6.622756163279216,-6.2628326416015625,0.0360555537045002,0.5701230438180812
1369,-6.610041035546197,-6.267307758331299,0.036001406610012054,0.5665178953738296
1370,-6.641205840640598,-6.281700134277344,0.03596892207860947,0.5657897409040469
1371,-6.648703575134277,-6.2757720947265625,0.03598450869321823,0.56640673314092
1372,-6.653000195821126,-6.294552803039551,0.03583739697933197,0.5670401107475402
1373,-6.650953822665745,-6.285157203674316,0.035931117832660675,0.5682279254831791
1374,-6.63277710808648,-6.301301956176758,0.03586231544613838,0.5666796038608507
1375,-6.639088895585802,-6.226537704467773,0.0360834002494812,0.5695637805273617
1376,-6.620959811740452,-6.272250175476074,0.035960372537374496,0.56593854179966
1377,-6.620566950903998,-6.269242286682129,0.036008190363645554,0.570966251777235
1378,-6.623156547546387,-6.271300315856934,0.035997673869132996,0.5691547261163947
1379,-6.653527736663818,-6.300253391265869,0.03582923859357834,0.5683432045734631
1380,-6.649024963378906,-6.282433032989502,0.03590278699994087,0.5700788915349081
1381,-6.651354577806261,-6.291401386260986,0.035891201347112656,0.5721005856225616
1382,-6.616219679514567,-6.307417869567871,0.03583824634552002,0.5687942145757956
1383,-6.655723306867811,-6.30325984954834,0.035815753042697906,0.5676895527170849
1384,-6.64701493581136,-6.245148658752441,0.03608096018433571,0.5658943549633368
1385,-6.6216242048475475,-6.264864444732666,0.03592892736196518,0.5685581668807662
1386,-6.637761380937365,-6.165807723999023,0.036296647042036057,0.5657428520164798
1387,-6.5969887839423285,-6.291677474975586,0.035827428102493286,0.5673195496010588
1388,-6.605756653679742,-6.166774272918701,0.03621786832809448,0.5656413756782775
1389,-6.610618803236219,-6.254868507385254,0.0359746478497982,0.5674315223788401
1390,-6.611307938893636,-6.274504661560059,0.035905804485082626,0.5695407689933989
1391,-6.645750946468777,-6.307086944580078,0.03578303009271622,0.5687494304655545
1392,-6.6576037936740455,-6.275697231292725,0.03591054305434227,0.5682984690288929
1393,-6.648460706075032,-6.298695087432861,0.035784512758255005,0.567535333306992
1394,-6.650459713406033,-6.299615383148193,0.03581342101097107,0.5666911645015725
1395,-6.643013053470188,-6.279199600219727,0.03592166677117348,0.5692316404084489
1396,-6.64619943830702,-6.298305034637451,0.035849083214998245,0.5702662893375773
1397,-6.649424923790826,-6.2875518798828125,0.035869140177965164,0.5644693006182946
1398,-6.636494477589925,-6.278842926025391,0.03594464808702469,0.5688348094022223
1399,-6.651510026719835,-6.282440662384033,0.035833850502967834,0.5681175323891444
1400,-6.614567597707112,-6.291048049926758,0.03580407425761223,0.5668325148249546
1401,-6.62066290113661,-6.250154495239258,0.03603225573897362,0.5663352473128699
1402,-6.641397741105822,-6.2677435874938965,0.0359266959130764,0.5689154180120589
1403,-6.6262985335456,-6.256951808929443,0.035902008414268494,0.5683014869116805
1404,-6.618155002593994,-6.2453484535217285,0.035982824862003326,0.5686662488995897
1405,-6.643524328867595,-6.262782096862793,0.03588725998997688,0.564630776980309
1406,-6.63412947124905,-6.233617305755615,0.03608159348368645,0.5663111097314296
1407,-6.573972860972087,-6.175522327423096,0.03607919067144394,0.56145677496269
1408,-6.4910462697347,-6.178421497344971,0.0360737219452858,0.557145432302601
1409,-6.6025716463724775,-6.2566609382629395,0.0359700545668602,0.5665727491816578
1410,-6.624909771813287,-6.293921947479248,0.03577489033341408,0.5653352454376711
1411,-6.64576890733507,-6.303051471710205,0.03579767793416977,0.56671450985692
1412,-6.658246941036648,-6.276011943817139,0.03586043417453766,0.562770352753048
1413,-6.665578842163086,-6.283513069152832,0.03587747737765312,0.5692647031487382
1414,-6.655143737792969,-6.279235363006592,0.03600965812802315,0.5632127292055521
1415,-6.664837307400173,-6.28120756149292,0.035798367112874985,0.5680284381716203
1416,-6.656014760335286,-6.288707733154297,0.03577888384461403,0.5698303470544903
1417,-6.652511967553033,-6.289151668548584,0.035801637917757034,0.5690508329651969
1418,-6.655640972985162,-6.187071800231934,0.03612704947590828,0.568416757058907
1419,-6.634701569875081,-6.256819248199463,0.03590894863009453,0.5708486725239781
1420,-6.647678640153673,-6.2423505783081055,0.035979513078927994,0.5665595700903633
1421,-6.615148226420085,-6.289834976196289,0.03574870154261589,0.5690398156461486
1422,-6.652601930830214,-6.283941268920898,0.035811759531497955,0.5696995247567058
1423,-6.633401340908474,-6.234092712402344,0.03596751391887665,0.5673006920164156
1424,-6.652326424916585,-6.26814603805542,0.03586980327963829,0.5701222106981727
1425,-6.647430207994249,-6.291053771972656,0.035805948078632355,0.5668556364293073
1426,-6.652458879682753,-6.281367778778076,0.03593330830335617,0.5650436699575393
1427,-6.636191685994466,-6.216026306152344,0.03618749976158142,0.5703944617621587
1428,-6.633216540018718,-6.269775867462158,0.035883571952581406,0.5634764225649769
1429,-6.586817211574978,-6.241090774536133,0.035891056060791016,0.5624350690929362
1430,-6.632202943166097,-6.274619102478027,0.035842303186655045,0.5689341442216053
1431,-6.640450053744846,-6.2762908935546875,0.035874105989933014,0.563323772962512
1432,-6.638329082065159,-6.27757453918457,0.03577922284603119,0.5668468857233043
1433,-6.606139500935872,-6.223254203796387,0.03594314679503441,0.5703837040210868
1434,-6.6390700340271,-6.279277324676514,0.03581509366631508,0.5681100282497321
1435,-6.642985184987386,-6.289067268371582,0.03578398749232292,0.5702047743602573
1436,-6.641714625888401,-6.261068820953369,0.03581566363573074,0.569061727326271
1437,-6.641823768615723,-6.278741359710693,0.03581158444285393,0.570571060937413
1438,-6.629736052619086,-6.2007927894592285,0.03604438528418541,0.5644530241940331
1439,-6.620493412017822,-6.252676486968994,0.03584117442369461,0.5633540699731928
1440,-6.621330791049534,-6.176783084869385,0.03606148064136505,0.5676993876722602
1441,-6.60548898908827,-6.281408309936523,0.03585594892501831,0.5661564110787811
1442,-6.612787670559353,-6.234701633453369,0.036019984632730484,0.5690360373339265
1443,-6.6547004381815595,-6.286617279052734,0.035807956010103226,0.5705185845831462
1444,-6.667305098639594,-6.237669944763184,0.03596632927656174,0.5696115778043083
1445,-6.65143002404107,-6.285606384277344,0.03573266416788101,0.5696223214555446
1446,-6.650962511698405,-6.2372636795043945,0.036001820117235184,0.571697554118741
1447,-6.6585983170403376,-6.311375141143799,0.035774800926446915,0.5699084462957956
1448,-6.653487788306342,-6.270874500274658,0.035832859575748444,0.565888889527573
1449,-6.661099327935113,-6.307024002075195,0.035704102367162704,0.5697008527146543
1450,-6.654265138838026,-6.272613048553467,0.035776663571596146,0.568182177101884
1451,-6.646086004045275,-6.205653190612793,0.03596482425928116,0.5736156052682058
1452,-6.635580221811931,-6.252833843231201,0.03581296652555466,0.5710906015504429
1453,-6.633898735046387,-6.303905963897705,0.0356755256652832,0.5644273204739987
1454,-6.6158707936604815,-6.241715908050537,0.035971395671367645,0.5644202870585652
1455,-6.628679275512695,-6.296507835388184,0.03567046672105789,0.5673886784890583
1456,-6.626270294189453,-6.281521320343018,0.03575052320957184,0.5666049311970098
1457,-6.640994124942356,-6.2965850830078125,0.03564967215061188,0.56439853563714
1458,-6.635251892937554,-6.278172016143799,0.0357288159430027,0.5659800037609836
1459,-6.636501842074924,-6.30994176864624,0.03566955029964447,0.5677162655659065
1460,-6.631800015767415,-6.292844295501709,0.03570924699306488,0.5681715434509572
1461,-6.650970935821533,-6.313217639923096,0.035584721714258194,0.5666590852504646
1462,-6.645742946200901,-6.244433879852295,0.03580827638506889,0.56222781799541
1463,-6.658254305521647,-6.26128625869751,0.03581854701042175,0.5684154333230418
1464,-6.626794179280599,-6.277642250061035,0.03572049364447594,0.5673614070496903
1465,-6.632962120903863,-6.29525089263916,0.035736333578825,0.5666605011175471
1466,-6.64297702577379,-6.27111291885376,0.03576766699552536,0.5684300983191092
1467,-6.651618904537624,-6.294085502624512,0.035779472440481186,0.5630837085215425
1468,-6.609493043687609,-6.26872444152832,0.035749636590480804,0.5655581450554104
1469,-6.6335266960991754,-6.297054767608643,0.03569326549768448,0.5674966502442448
1470,-6.649683581458198,-6.306869029998779,0.03558208420872688,0.5634340600918442
1471,-6.665381325615777,-6.260078430175781,0.035747990012168884,0.5684561429901168
1472,-6.648199346330431,-6.299744606018066,0.03565043956041336,0.5664673822815935
1473,-6.660535388522678,-6.2208662033081055,0.03604503348469734,0.5699718262581216
1474,-6.63386164771186,-6.262003421783447,0.03584620729088783,0.5678404595498565
1475,-6.646159966786702,-6.259644985198975,0.03578071668744087,0.5643623391981631
1476,-6.654644171396892,-6.2657623291015625,0.03575574979186058,0.5670872064448792
1477,-6.66166967815823,-6.089454650878906,0.036364346742630005,0.564107625703826
1478,-6.541731993357341,-6.204455375671387,0.036050617694854736,0.574230500547675
1479,-6.6026477283901635,-6.258329391479492,0.03581978753209114,0.5654292314326153
1480,-6.643361038631863,-6.305474281311035,0.035622332245111465,0.5632453408169203
1481,-6.62371121512519,-6.261263370513916,0.03582582622766495,0.5710107974071922
1482,-6.652455594804552,-6.282659530639648,0.035738252103328705,0.5624314163591371
1483,-6.651285330454509,-6.251258850097656,0.03589741140604019,0.5626627192892185
1484,-6.631269296010335,-6.19642448425293,0.03598416596651077,0.5655200554872312
1485,-6.649428579542372,-6.281587600708008,0.03574921190738678,0.5710663826493331
1486,-6.643302652570936,-6.251451015472412,0.03581405058503151,0.5659376761735853
1487,-6.642390939924452,-6.284309387207031,0.03574366867542267,0.56993670085546
1488,-6.637178262074788,-6.317802906036377,0.03555215522646904,0.5669933277919114
1489,-6.65688615375095,-6.298240661621094,0.035643793642520905,0.5675703598832424
1490,-6.656923664940728,-6.302649974822998,0.03568871319293976,0.570103774129398
1491,-6.674903975592719,-6.272127628326416,0.0357646606862545,0.5658912860353791
1492,-6.655601183573405,-6.291935920715332,0.035657718777656555,0.5702009057691413
1493,-6.668938053978814,-6.29469108581543,0.0356503389775753,0.5703964530702628
1494,-6.642484347025554,-6.238529205322266,0.035790663212537766,0.5698226491869899
1495,-6.650216685401069,-6.287613868713379,0.035641755908727646,0.5670455385965095
1496,-6.653039932250977,-6.196509838104248,0.03593898192048073,0.5629842086229556
1497,-6.578250461154514,-6.249513626098633,0.03577583655714989,0.5683279425015456
1498,-6.625809033711751,-6.272259712219238,0.035757049918174744,0.5678667916087036
1499,-6.618896431393093,-6.293355464935303,0.035624582320451736,0.5654612876238742
1500,-6.651084158155653,-6.3060102462768555,0.03557727858424187,0.5663142689901556
