rank,hidden_dims,depth,width,lr,weight_decay,dropout,params,best_epoch,total_epochs,n_train,n_test,test_mse,test_rmse,test_mae,test_r2,train_mse,train_r2,overfit_gap,time_sec,Fx_R2,Fx_MAE,Fx_RMSE,Fx_MAPE%,Fy_R2,Fy_MAE,Fy_RMSE,Fy_MAPE%,Fz_R2,Fz_MAE,Fz_RMSE,Fz_MAPE%,Torque_R2,Torque_MAE,Torque_RMSE,Torque_MAPE%
1,"[64, 128, 64]",3,128,0.001000,0.001000,0.000000,20420,1097,1398,5760,1440,0.011228,0.105962,0.058054,0.988037,0.005605,0.994395,0.006358,721.100000,0.998727,0.026817,0.035314,10.649805,0.956529,0.145676,0.201291,96.865669,0.997883,0.036001,0.046821,20.816015,0.999011,0.023723,0.030885,43.034592
2,"[256, 512, 256]",3,512,0.001000,0.000010,0.000000,278276,451,752,5760,1440,0.011334,0.106461,0.056692,0.987913,0.002178,0.997822,0.009909,444.500000,0.999115,0.023062,0.029446,8.980931,0.955398,0.146154,0.203892,127.926788,0.998070,0.034125,0.044706,19.516642,0.999069,0.023426,0.029967,30.324503
3,"[256, 512, 256]",3,512,0.000500,0.001000,0.200000,278276,1145,1446,5760,1440,0.011367,0.106614,0.058370,0.987892,0.004827,0.995173,0.007281,754.100000,0.998919,0.024971,0.032534,10.928422,0.956028,0.146785,0.202447,103.826462,0.997707,0.036804,0.048729,22.967182,0.998913,0.024920,0.032376,66.541382
4,"[64, 128, 64]",3,128,0.000100,0.001000,0.000000,20420,849,1150,5760,1440,0.011423,0.106877,0.060157,0.987835,0.004562,0.995438,0.007603,609.700000,0.998487,0.030354,0.038498,12.670766,0.956334,0.145412,0.201741,98.981659,0.997868,0.037142,0.046979,17.523333,0.998649,0.027719,0.036085,26.343077
5,"[256, 512, 256]",3,512,0.000100,0.001000,0.200000,278276,780,1081,5760,1440,0.011425,0.106886,0.057446,0.987819,0.002614,0.997386,0.009566,589.900000,0.999011,0.024659,0.031123,8.756215,0.955204,0.145930,0.204336,100.298286,0.997977,0.035435,0.045764,20.891298,0.999085,0.023760,0.029706,65.982460
6,"[64, 128, 64]",3,128,0.005000,0.000000,0.000000,20420,728,1029,5760,1440,0.011431,0.106914,0.057115,0.987808,0.002930,0.997070,0.009262,499.100000,0.998939,0.025515,0.032246,12.872954,0.955071,0.145716,0.204637,88.776093,0.998211,0.033098,0.043041,18.906576,0.999011,0.024131,0.030880,28.171696
7,"[64, 128, 64]",3,128,0.000500,0.001000,0.000000,20420,807,1108,5760,1440,0.011440,0.106958,0.057612,0.987800,0.003945,0.996055,0.008255,560.700000,0.998965,0.025617,0.031845,10.009962,0.955115,0.145533,0.204539,113.596222,0.998129,0.034061,0.044013,19.223692,0.998991,0.025237,0.031192,64.564507
8,"[256, 512, 256]",3,512,0.000100,0.001000,0.100000,278276,739,1040,5760,1440,0.011455,0.107029,0.056052,0.987778,0.002287,0.997713,0.009935,563.100000,0.999174,0.022378,0.028448,8.599411,0.954606,0.146444,0.205694,97.413887,0.998194,0.032993,0.043245,19.451284,0.999137,0.022395,0.028838,63.507824
9,"[128, 256, 512, 256]",4,512,0.001000,0.001000,0.100000,305412,1392,1693,5760,1440,0.011472,0.107107,0.057429,0.987770,0.004758,0.995242,0.007473,1047.500000,0.998886,0.025324,0.033036,10.177467,0.955234,0.144992,0.204266,93.619133,0.998032,0.033862,0.045138,20.647005,0.998927,0.025537,0.032162,71.457817
10,"[64, 128, 64]",3,128,0.000500,0.000000,0.000000,20420,870,1171,5760,1440,0.011489,0.107188,0.060123,0.987765,0.003319,0.996681,0.008916,609.700000,0.998716,0.027639,0.035462,11.921056,0.955937,0.146833,0.202655,116.070335,0.997677,0.038166,0.049046,21.438568,0.998730,0.027854,0.034994,20.567350
11,"[128, 256, 512, 256]",4,512,0.000500,0.001000,0.200000,305412,1228,1529,5760,1440,0.011513,0.107298,0.061199,0.987744,0.004551,0.995449,0.007705,948.200000,0.998326,0.032588,0.040492,13.907181,0.956429,0.144852,0.201522,141.952911,0.997775,0.036311,0.047993,23.572792,0.998447,0.031048,0.038698,85.986526
12,"[256, 512, 256]",3,512,0.000100,0.001000,0.000000,278276,591,892,5760,1440,0.011516,0.107314,0.055878,0.987712,0.002475,0.997525,0.009813,484.500000,0.999210,0.021526,0.027821,8.348370,0.954313,0.145910,0.206357,125.302147,0.998205,0.032429,0.043107,17.899586,0.999119,0.023646,0.029151,40.334160
13,"[256, 512, 512, 256]",4,512,0.000500,0.001000,0.200000,541956,1383,1684,5760,1440,0.011544,0.107442,0.057437,0.987691,0.004354,0.995646,0.007955,1064.700000,0.998750,0.027150,0.034989,12.741303,0.954805,0.146089,0.205244,116.767509,0.998088,0.033849,0.044489,19.811213,0.999122,0.022660,0.029101,60.670692
14,"[128, 256, 256, 128]",4,256,0.001000,0.001000,0.100000,139908,1377,1678,5760,1440,0.011563,0.107531,0.058990,0.987680,0.005306,0.994694,0.007013,1064.700000,0.998455,0.030000,0.038902,13.825944,0.955413,0.146003,0.203859,117.101364,0.997953,0.034833,0.046032,19.501093,0.998900,0.025123,0.032568,95.201965
15,"[128, 256, 512, 256]",4,512,0.000500,0.001000,0.100000,305412,1827,2000,5760,1440,0.011570,0.107564,0.055881,0.987656,0.003192,0.996808,0.009152,1242.000000,0.999042,0.023541,0.030635,9.415476,0.954158,0.146249,0.206706,125.622246,0.998197,0.032698,0.043202,21.418625,0.999225,0.021038,0.027338,32.288071
16,"[128, 256, 128]",3,256,0.000500,0.001000,0.200000,73604,1303,1604,5760,1440,0.011573,0.107579,0.059804,0.987676,0.005452,0.994548,0.006872,835.300000,0.998706,0.027410,0.035600,10.408119,0.955690,0.146748,0.203223,107.591873,0.997668,0.036951,0.049134,22.900841,0.998639,0.028106,0.036219,63.652626
17,"[256, 512, 256]",3,512,0.005000,0.000010,0.000000,278276,1346,1647,5760,1440,0.011574,0.107582,0.056975,0.987658,0.002805,0.997195,0.009537,973.000000,0.999015,0.024032,0.031056,10.546261,0.954608,0.146192,0.205690,120.079079,0.998037,0.033628,0.045079,20.928261,0.998973,0.024048,0.031467,14.154345
18,"[64, 128, 64]",3,128,0.005000,0.000010,0.000000,20420,1097,1398,5760,1440,0.011577,0.107595,0.058623,0.987662,0.003454,0.996546,0.008883,698.800000,0.998896,0.025362,0.032884,11.548189,0.954967,0.148956,0.204874,95.457909,0.997862,0.035100,0.047053,15.563661,0.998923,0.025074,0.032217,33.966698
19,"[128, 256, 128]",3,256,0.000100,0.001000,0.100000,73604,552,853,5760,1440,0.011596,0.107685,0.061452,0.987657,0.004506,0.995494,0.007837,434.700000,0.998327,0.031371,0.040483,12.654454,0.956253,0.145417,0.201928,84.826591,0.997756,0.037114,0.048201,18.188520,0.998292,0.031906,0.040584,32.264156
20,"[256, 512, 256]",3,512,0.000500,0.001000,0.000000,278276,1044,1345,5760,1440,0.011628,0.107835,0.057442,0.987596,0.003786,0.996214,0.008618,702.400000,0.998922,0.025381,0.032497,8.973052,0.954251,0.147363,0.206496,120.942490,0.998211,0.032653,0.043044,17.574411,0.999000,0.024371,0.031053,40.619194
21,"[64, 128, 256, 128]",4,256,0.000500,0.001000,0.100000,78980,842,1143,5760,1440,0.011631,0.107847,0.058792,0.987606,0.004295,0.995705,0.008099,677.600000,0.998659,0.027541,0.036247,12.526373,0.955019,0.147438,0.204755,93.903313,0.997942,0.034232,0.046157,17.413609,0.998803,0.025958,0.033977,33.969868
22,"[64, 128, 256, 128]",4,256,0.000100,0.001000,0.100000,78980,1516,1817,5760,1440,0.011671,0.108033,0.059201,0.987571,0.002535,0.997465,0.009894,1069.800000,0.998659,0.028110,0.036250,11.666302,0.955159,0.145973,0.204437,113.272873,0.997654,0.036344,0.049285,19.665298,0.998810,0.026376,0.033865,50.079445
23,"[256, 512, 256]",3,512,0.001000,0.001000,0.000000,278276,1078,1379,5760,1440,0.011686,0.108101,0.058652,0.987547,0.006905,0.993095,0.005548,751.600000,0.998698,0.027160,0.035716,13.087052,0.954657,0.147497,0.205580,93.308182,0.997882,0.035510,0.046828,18.238945,0.998951,0.024438,0.031801,30.807461
24,"[64, 128, 256, 128]",4,256,0.000500,0.001000,0.200000,78980,1161,1462,5760,1440,0.011687,0.108107,0.060860,0.987558,0.004729,0.995271,0.007713,861.300000,0.998340,0.031573,0.040322,13.628915,0.955562,0.146108,0.203516,125.312225,0.997680,0.037607,0.049015,20.712301,0.998650,0.028151,0.036076,97.979645
25,"[128, 256, 128]",3,256,0.000100,0.001000,0.200000,73604,1091,1392,5760,1440,0.011690,0.108118,0.058623,0.987537,0.002832,0.997168,0.009631,717.000000,0.999062,0.023638,0.030314,12.474639,0.954252,0.148752,0.206495,87.546547,0.997929,0.036292,0.046305,19.751234,0.998906,0.025809,0.032478,82.264656
26,"[128, 256, 512, 256]",4,512,0.005000,0.000000,0.000000,305412,674,975,5760,1440,0.011697,0.108152,0.056451,0.987517,0.000900,0.999100,0.011583,641.400000,0.999197,0.022330,0.028045,9.814027,0.953442,0.149668,0.208316,117.775185,0.998224,0.032184,0.042880,19.114962,0.999204,0.021621,0.027694,40.143879
27,"[64, 128, 256, 128]",4,256,0.000500,0.001000,0.000000,78980,630,931,5760,1440,0.011711,0.108217,0.058432,0.987514,0.003535,0.996465,0.008951,544.700000,0.998905,0.025733,0.032755,12.991426,0.954261,0.147333,0.206475,105.179695,0.998019,0.034412,0.045291,20.993647,0.998872,0.026250,0.032983,68.559639
28,"[256, 512, 256]",3,512,0.000500,0.001000,0.100000,278276,754,1055,5760,1440,0.011719,0.108254,0.058045,0.987510,0.004685,0.995315,0.007805,560.200000,0.998747,0.026724,0.035029,10.443105,0.954397,0.146353,0.206167,96.528038,0.997900,0.035013,0.046631,18.785561,0.998994,0.024090,0.031142,46.238773
29,"[128, 256, 128]",3,256,0.001000,0.001000,0.000000,73604,501,802,5760,1440,0.011720,0.108260,0.059518,0.987519,0.006933,0.993067,0.005548,416.200000,0.998593,0.027935,0.037128,10.501036,0.955093,0.145940,0.204589,112.225235,0.997670,0.037270,0.049112,18.246021,0.998720,0.026926,0.035124,45.512039
30,"[128, 256, 512, 256]",4,512,0.000100,0.001000,0.200000,305412,1023,1324,5760,1440,0.011721,0.108263,0.058113,0.987508,0.001742,0.998258,0.010750,817.100000,0.998919,0.025708,0.032537,10.257183,0.954410,0.145022,0.206138,118.679771,0.997871,0.034804,0.046953,20.015945,0.998830,0.026919,0.033579,60.428440
31,"[256, 512, 256]",3,512,0.001000,0.000100,0.000000,278276,453,754,5760,1440,0.011732,0.108312,0.059931,0.987504,0.004333,0.995667,0.008163,404.300000,0.998445,0.030106,0.039028,13.112519,0.954910,0.145803,0.205005,118.141029,0.997810,0.037235,0.047617,21.214207,0.998850,0.026581,0.033291,28.539055
32,"[256, 512, 512, 256]",4,512,0.005000,0.000010,0.000000,541956,762,1063,5760,1440,0.011736,0.108334,0.058499,0.987488,0.003537,0.996463,0.008975,659.600000,0.998888,0.025489,0.033012,10.393214,0.954215,0.147853,0.206578,96.592690,0.997967,0.035024,0.045882,21.484529,0.998884,0.025630,0.032801,26.413553
33,"[256, 512, 512, 256]",4,512,0.001000,0.000100,0.000000,541956,468,769,5760,1440,0.011741,0.108356,0.058013,0.987485,0.002675,0.997325,0.009840,473.500000,0.998835,0.026880,0.033784,10.290541,0.954323,0.144354,0.206335,123.277069,0.997938,0.034746,0.046203,21.124006,0.998844,0.026071,0.033382,77.750778
34,"[64, 128, 64]",3,128,0.001000,0.000000,0.000000,20420,648,949,5760,1440,0.011764,0.108460,0.059045,0.987464,0.003504,0.996496,0.009032,457.800000,0.998828,0.026450,0.033878,11.437541,0.954346,0.147084,0.206282,125.619316,0.997806,0.036789,0.047660,20.481464,0.998877,0.025856,0.032902,32.418987
35,"[256, 512, 256]",3,512,0.001000,0.001000,0.100000,278276,1437,1738,5760,1440,0.011764,0.108461,0.059304,0.987475,0.006972,0.993028,0.005552,921.700000,0.998678,0.027263,0.035992,10.487950,0.954911,0.145996,0.205002,108.550987,0.997502,0.038583,0.050853,18.842566,0.998809,0.025374,0.033883,96.745148
36,"[64, 128, 256, 128]",4,256,0.000100,0.000100,0.100000,78980,1103,1404,5760,1440,0.011776,0.108520,0.062639,0.987489,0.003665,0.996335,0.008846,822.600000,0.998182,0.032652,0.042198,11.150694,0.956617,0.142804,0.201086,99.120605,0.996908,0.043317,0.056581,26.177610,0.998249,0.031785,0.041088,60.161221
37,"[128, 256, 512, 256, 128]",5,512,0.005000,0.000010,0.000000,338052,449,750,5760,1440,0.011785,0.108559,0.061001,0.987464,0.005602,0.994398,0.006934,502.600000,0.998363,0.031225,0.040040,15.311819,0.955507,0.145198,0.203643,110.052254,0.997243,0.040547,0.053425,23.365255,0.998743,0.027037,0.034816,78.188469
38,"[128, 256, 128]",3,256,0.001000,0.001000,0.100000,73604,1376,1677,5760,1440,0.011795,0.108603,0.060069,0.987436,0.006396,0.993604,0.006169,888.800000,0.998562,0.029088,0.037536,11.732335,0.954616,0.147371,0.205672,99.890015,0.997783,0.036927,0.047909,20.246531,0.998783,0.026890,0.034259,59.395172
39,"[256, 512, 256]",3,512,0.000500,0.000010,0.000000,278276,426,727,5760,1440,0.011813,0.108689,0.054907,0.987384,0.001299,0.998701,0.011317,422.000000,0.999295,0.020398,0.026280,8.230090,0.952506,0.148640,0.210399,116.727867,0.998409,0.030677,0.040581,15.277841,0.999327,0.019913,0.025467,36.262383
40,"[128, 256, 256, 128]",4,256,0.000500,0.001000,0.200000,139908,1543,1844,5760,1440,0.011816,0.108702,0.061227,0.987418,0.004618,0.995382,0.007964,1166.700000,0.998269,0.032545,0.041173,16.044994,0.955058,0.147026,0.204667,100.040344,0.997806,0.035720,0.047659,21.539259,0.998538,0.029618,0.037543,69.695518
41,"[64, 128, 128, 64]",4,128,0.005000,0.000010,0.000000,37188,629,930,5760,1440,0.011819,0.108713,0.058416,0.987405,0.003673,0.996328,0.008923,522.700000,0.998771,0.026498,0.034696,12.232670,0.954137,0.146461,0.206753,111.409973,0.997872,0.035014,0.046944,24.726460,0.998838,0.025692,0.033466,38.678047
42,"[256, 512, 512, 256]",4,512,0.000100,0.001000,0.200000,541956,1395,1696,5760,1440,0.011824,0.108740,0.058866,0.987391,0.001569,0.998431,0.011040,1070.200000,0.998783,0.026518,0.034533,9.081835,0.953823,0.149073,0.207461,113.438652,0.998126,0.034070,0.044043,18.974764,0.998832,0.025803,0.033550,78.846634
43,"[64, 128, 256, 128]",4,256,0.001000,0.001000,0.200000,78980,1038,1339,5760,1440,0.011836,0.108796,0.062935,0.987413,0.007111,0.992890,0.005477,784.000000,0.998016,0.034060,0.044086,13.462345,0.955906,0.145331,0.202728,93.586830,0.997377,0.040935,0.052112,22.948055,0.998353,0.031417,0.039851,78.036201
44,"[128, 256, 256, 128]",4,256,0.000500,0.001000,0.100000,139908,967,1268,5760,1440,0.011851,0.108860,0.057826,0.987367,0.003860,0.996140,0.008772,801.800000,0.998801,0.026491,0.034266,14.025516,0.953768,0.145580,0.207585,120.921806,0.997923,0.034974,0.046369,20.643278,0.998977,0.024259,0.031406,36.696087
45,"[128, 256, 512, 256, 128]",5,512,0.000500,0.001000,0.100000,338052,1081,1382,5760,1440,0.011852,0.108868,0.060928,0.987384,0.003864,0.996136,0.008753,923.200000,0.998358,0.031375,0.040108,11.386431,0.955113,0.144442,0.204543,118.892014,0.997637,0.037553,0.049465,21.125849,0.998428,0.030343,0.038931,81.815018
46,"[128, 256, 128]",3,256,0.000500,0.001000,0.100000,73604,846,1147,5760,1440,0.011858,0.108895,0.058058,0.987360,0.004554,0.995446,0.008086,592.400000,0.998985,0.024390,0.031533,10.882000,0.953583,0.148033,0.208000,106.971428,0.997762,0.037116,0.048133,19.627829,0.999111,0.022694,0.029284,35.791904
47,"[64, 128, 64]",3,128,0.000500,0.001000,0.100000,20420,1381,1682,5760,1440,0.011866,0.108932,0.060248,0.987365,0.005119,0.994881,0.007516,937.200000,0.998693,0.027659,0.035782,11.750254,0.954512,0.147438,0.205906,118.187805,0.997523,0.038494,0.050637,24.188875,0.998731,0.027401,0.034975,85.028946
48,"[128, 256, 256, 128, 64]",5,256,0.001000,0.001000,0.100000,148036,1734,2000,5760,1440,0.011867,0.108935,0.062257,0.987373,0.004991,0.995009,0.007636,1372.400000,0.997977,0.034809,0.044517,15.717512,0.955478,0.147569,0.203709,109.880730,0.997627,0.036722,0.049566,20.778795,0.998411,0.029928,0.039141,76.338516
49,"[128, 256, 512, 256]",4,512,0.000500,0.000010,0.000000,305412,1279,1580,5760,1440,0.011867,0.108936,0.054235,0.987327,0.000600,0.999400,0.012074,979.400000,0.999353,0.019511,0.025182,8.844226,0.952220,0.148239,0.211030,119.720139,0.998384,0.029977,0.040906,14.588405,0.999349,0.019212,0.025050,28.571482
50,"[64, 128, 64]",3,128,0.000100,0.001000,0.100000,20420,1394,1695,5760,1440,0.011870,0.108950,0.061612,0.987365,0.004693,0.995307,0.007942,897.200000,0.998651,0.028372,0.036355,12.267331,0.954803,0.149662,0.205248,135.405624,0.997452,0.039441,0.051364,20.740471,0.998554,0.028974,0.037336,35.594120
51,"[128, 256, 256, 128, 64]",5,256,0.005000,0.000010,0.000000,148036,873,1174,5760,1440,0.011875,0.108971,0.059995,0.987350,0.003943,0.996057,0.008707,778.400000,0.998795,0.026283,0.034360,12.860294,0.954322,0.148907,0.206338,90.776924,0.997748,0.036297,0.048292,24.390186,0.998537,0.028494,0.037559,65.799370
52,"[128, 256, 256, 128]",4,256,0.001000,0.001000,0.000000,139908,1009,1310,5760,1440,0.011878,0.108984,0.062404,0.987367,0.005868,0.994132,0.006765,827.300000,0.998161,0.033156,0.042445,10.974676,0.955516,0.146625,0.203623,123.168968,0.997366,0.039763,0.052226,20.734791,0.998425,0.030071,0.038974,26.400530
53,"[64, 128, 64]",3,128,0.001000,0.000010,0.000000,20420,646,947,5760,1440,0.011896,0.109067,0.060147,0.987332,0.003446,0.996554,0.009222,485.400000,0.998728,0.027718,0.035295,10.909590,0.954337,0.147320,0.206302,117.751328,0.997573,0.038102,0.050131,17.462751,0.998690,0.027449,0.035541,37.756004
54,"[128, 256, 512, 256]",4,512,0.001000,0.001000,0.200000,305412,1458,1759,5760,1440,0.011898,0.109077,0.060346,0.987331,0.006076,0.993924,0.006593,1085.900000,0.998519,0.029385,0.038083,12.287343,0.954551,0.146313,0.205819,109.156166,0.997640,0.037176,0.049430,21.950806,0.998614,0.028509,0.036555,62.269932
55,"[256, 512, 512, 256]",4,512,0.000500,0.001000,0.100000,541956,809,1110,5760,1440,0.011900,0.109088,0.058768,0.987313,0.004535,0.995465,0.008151,701.800000,0.998807,0.026606,0.034180,10.325734,0.953522,0.148287,0.208136,141.205490,0.997955,0.035223,0.046015,19.129223,0.998968,0.024955,0.031536,41.350788
56,"[128, 256, 256, 128]",4,256,0.001000,0.001000,0.200000,139908,1860,2000,5760,1440,0.011903,0.109102,0.061299,0.987339,0.006120,0.993880,0.006541,1256.700000,0.998215,0.031801,0.041812,11.991446,0.955229,0.146018,0.204279,115.462784,0.997274,0.039221,0.053124,19.292404,0.998639,0.028157,0.036230,53.099457
57,"[256, 512, 512, 256]",4,512,0.000100,0.001000,0.100000,541956,917,1218,5760,1440,0.011909,0.109131,0.058490,0.987306,0.001363,0.998637,0.011332,762.700000,0.998949,0.025546,0.032088,11.730074,0.953552,0.147767,0.208068,97.804871,0.997831,0.035254,0.047386,22.498281,0.998890,0.025394,0.032719,46.205391
58,"[256, 512, 512, 256]",4,512,0.001000,0.001000,0.000000,541956,659,960,5760,1440,0.011912,0.109144,0.063400,0.987334,0.006833,0.993167,0.005833,593.600000,0.998131,0.033101,0.042785,12.132116,0.955762,0.146622,0.203058,134.013565,0.997290,0.041164,0.052974,24.412497,0.998153,0.032712,0.042195,37.739555
59,"[64, 128, 256, 256, 128]",5,256,0.000500,0.001000,0.100000,145284,878,1179,5760,1440,0.011913,0.109147,0.060485,0.987312,0.004044,0.995956,0.008645,794.700000,0.998318,0.031104,0.040588,13.355993,0.954288,0.148833,0.206414,123.876755,0.997773,0.036146,0.048023,20.021065,0.998867,0.025855,0.033044,71.078850
60,"[128, 256, 512, 256]",4,512,0.000100,0.000010,0.100000,305412,503,804,5760,1440,0.011919,0.109175,0.061149,0.987312,0.002427,0.997573,0.010261,492.500000,0.998533,0.029619,0.037907,9.393520,0.954569,0.147218,0.205777,96.900108,0.997485,0.039364,0.051032,21.135387,0.998661,0.028395,0.035933,56.081081
61,"[256, 512, 256]",3,512,0.000100,0.000100,0.200000,278276,338,639,5760,1440,0.011926,0.109205,0.062004,0.987314,0.003790,0.996210,0.008897,347.200000,0.998501,0.029853,0.038325,14.713138,0.954909,0.147894,0.205006,95.064201,0.997189,0.041902,0.053945,20.203800,0.998655,0.028368,0.036006,62.539509
62,"[128, 256, 512, 256]",4,512,0.001000,0.000100,0.000000,305412,444,745,5760,1440,0.011938,0.109260,0.059246,0.987272,0.004400,0.995600,0.008328,470.800000,0.998839,0.026864,0.033717,12.382051,0.953423,0.148569,0.208357,133.998276,0.998039,0.034179,0.045055,17.776834,0.998785,0.027372,0.034223,27.110205
63,"[64, 128, 256, 128]",4,256,0.000100,0.000010,0.100000,78980,776,1077,5760,1440,0.011942,0.109280,0.064317,0.987307,0.004160,0.995840,0.008532,621.000000,0.998084,0.033946,0.043320,12.358155,0.955876,0.146655,0.202797,100.170303,0.997145,0.043039,0.054370,25.469469,0.998124,0.033630,0.042531,64.695595
64,"[128, 256, 512, 256]",4,512,0.000100,0.000100,0.200000,305412,822,1123,5760,1440,0.011946,0.109297,0.060685,0.987285,0.002103,0.997897,0.010611,688.500000,0.998535,0.029051,0.037880,9.097534,0.954545,0.146682,0.205833,107.163864,0.997408,0.038586,0.051800,19.313938,0.998653,0.028420,0.036031,89.813766
65,"[64, 128, 256, 128]",4,256,0.005000,0.000100,0.000000,78980,860,1161,5760,1440,0.011947,0.109303,0.060516,0.987284,0.007309,0.992691,0.005407,673.600000,0.998609,0.028360,0.036918,9.497311,0.954567,0.145673,0.205783,99.350899,0.997389,0.039347,0.051998,22.963264,0.998573,0.028684,0.037092,40.300903
66,"[128, 256, 512, 256]",4,512,0.000100,0.001000,0.100000,305412,838,1139,5760,1440,0.011949,0.109312,0.058168,0.987263,0.001532,0.998468,0.011205,704.000000,0.998849,0.025461,0.033579,9.444327,0.953392,0.147097,0.208428,118.346008,0.997866,0.035112,0.047001,21.521818,0.998944,0.025002,0.031903,43.153061
67,"[256, 512, 512, 256]",4,512,0.001000,0.000010,0.000000,541956,951,1252,5760,1440,0.011961,0.109366,0.055175,0.987230,0.000552,0.999448,0.012217,774.900000,0.999247,0.020398,0.027152,9.402205,0.952120,0.149982,0.211251,109.380707,0.998306,0.030344,0.041876,19.551455,0.999248,0.019975,0.026933,25.129107
68,"[64, 128, 64]",3,128,0.001000,0.001000,0.100000,20420,1143,1444,5760,1440,0.011964,0.109379,0.062284,0.987273,0.006758,0.993242,0.005969,746.600000,0.998184,0.032448,0.042177,11.047016,0.955112,0.146810,0.204545,121.867493,0.997396,0.039532,0.051922,22.667253,0.998401,0.030346,0.039264,57.554482
69,"[128, 256, 128]",3,256,0.001000,0.000000,0.000000,73604,306,607,5760,1440,0.011970,0.109409,0.061428,0.987259,0.003698,0.996302,0.009043,304.000000,0.998675,0.027711,0.036028,10.851093,0.954276,0.150357,0.206440,119.612976,0.997342,0.040137,0.052459,25.450689,0.998741,0.027508,0.034840,57.211067
70,"[128, 256, 128]",3,256,0.000500,0.000100,0.000000,73604,343,644,5760,1440,0.011972,0.109415,0.060403,0.987251,0.003676,0.996324,0.009073,326.700000,0.998745,0.027074,0.035069,9.946391,0.953946,0.149429,0.207184,90.721756,0.997511,0.038840,0.050767,21.917242,0.998803,0.026270,0.033967,47.526382
71,"[128, 256, 256, 128]",4,256,0.001000,0.000100,0.000000,139908,718,1019,5760,1440,0.011972,0.109417,0.057377,0.987228,0.002995,0.997005,0.009777,641.500000,0.998941,0.024484,0.032213,10.597535,0.952718,0.148912,0.209928,116.646965,0.998164,0.033007,0.043599,21.431814,0.999087,0.023106,0.029661,55.453667
72,"[128, 256, 128]",3,256,0.000500,0.000010,0.100000,73604,341,642,5760,1440,0.011972,0.109418,0.062757,0.987273,0.004253,0.995747,0.008474,333.600000,0.998299,0.031976,0.040820,12.937067,0.955329,0.147244,0.204050,105.456032,0.997012,0.041896,0.055617,21.464573,0.998451,0.029913,0.038640,23.249132
73,"[128, 256, 128]",3,256,0.000100,0.001000,0.000000,73604,537,838,5760,1440,0.011995,0.109522,0.058401,0.987213,0.002745,0.997255,0.010042,422.900000,0.998946,0.025208,0.032139,11.124166,0.953142,0.146423,0.208984,93.103317,0.997877,0.036133,0.046880,17.169371,0.998885,0.025839,0.032786,30.224314
74,"[128, 256, 128]",3,256,0.000500,0.000010,0.200000,73604,619,920,5760,1440,0.011998,0.109535,0.063589,0.987246,0.003512,0.996488,0.009242,465.800000,0.998421,0.031064,0.039328,11.578436,0.955248,0.147294,0.204233,112.515518,0.996968,0.043247,0.056030,22.453119,0.998346,0.032751,0.039933,110.758575
75,"[128, 256, 128]",3,256,0.000100,0.000100,0.200000,73604,1218,1519,5760,1440,0.012002,0.109552,0.061069,0.987220,0.002963,0.997037,0.009817,766.900000,0.998624,0.028726,0.036717,13.358444,0.954167,0.149156,0.206687,79.019798,0.997621,0.036483,0.049635,19.921026,0.998470,0.029913,0.038413,47.326828
76,"[128, 256, 128]",3,256,0.000500,0.001000,0.000000,73604,660,961,5760,1440,0.012006,0.109570,0.059337,0.987200,0.004172,0.995828,0.008628,495.400000,0.998763,0.026717,0.034806,10.980212,0.953069,0.151060,0.209147,94.100311,0.997940,0.035556,0.046179,18.645721,0.999029,0.024015,0.030598,25.848524
77,"[64, 128, 128, 64]",4,128,0.001000,0.001000,0.100000,37188,1286,1587,5760,1440,0.012007,0.109575,0.063414,0.987237,0.006481,0.993519,0.006282,936.500000,0.997751,0.035873,0.046933,14.457824,0.955550,0.146851,0.203544,110.514832,0.997221,0.041079,0.053640,21.685230,0.998427,0.029852,0.038938,58.408508
78,"[64, 128, 128, 64]",4,128,0.000500,0.001000,0.100000,37188,1244,1545,5760,1440,0.012032,0.109689,0.063297,0.987209,0.004298,0.995702,0.008493,886.400000,0.997898,0.034410,0.045380,15.483055,0.955426,0.146762,0.203827,128.877335,0.997242,0.040897,0.053434,20.756790,0.998272,0.031118,0.040820,90.766754
79,"[128, 256, 512, 256, 128]",5,512,0.000500,0.001000,0.200000,338052,1816,2000,5760,1440,0.012033,0.109693,0.062520,0.987199,0.004330,0.995670,0.008471,1338.700000,0.998033,0.033968,0.043897,11.434238,0.954974,0.146228,0.204859,121.751442,0.997550,0.037591,0.050361,18.510105,0.998237,0.032292,0.041230,76.672775
80,"[128, 256, 128]",3,256,0.000100,0.000100,0.100000,73604,626,927,5760,1440,0.012045,0.109749,0.061680,0.987181,0.003562,0.996438,0.009257,467.900000,0.998650,0.028751,0.036369,13.307766,0.954130,0.149205,0.206771,91.904533,0.997311,0.040591,0.052760,23.895193,0.998632,0.028173,0.036313,47.238152
81,"[256, 512, 512, 256]",4,512,0.001000,0.001000,0.200000,541956,1016,1317,5760,1440,0.012047,0.109761,0.061204,0.987172,0.006378,0.993622,0.006449,843.400000,0.998487,0.029746,0.038504,11.209720,0.953958,0.148817,0.207157,117.338387,0.997570,0.038243,0.050155,19.444090,0.998675,0.028009,0.035746,87.510246
82,"[128, 256, 256, 128]",4,256,0.005000,0.000010,0.100000,139908,1064,1365,5760,1440,0.012052,0.109783,0.063188,0.987182,0.004461,0.995539,0.008357,840.800000,0.997867,0.035811,0.045712,12.916699,0.955339,0.144420,0.204026,100.346352,0.997518,0.038649,0.050688,22.977095,0.998005,0.033872,0.043855,55.264664
83,"[256, 512, 512, 256]",4,512,0.001000,0.001000,0.100000,541956,1475,1776,5760,1440,0.012056,0.109801,0.058537,0.987146,0.005373,0.994627,0.007481,1124.200000,0.998694,0.027122,0.035762,12.706761,0.952851,0.149160,0.209632,121.673439,0.997953,0.034986,0.046033,19.256523,0.999086,0.022882,0.029683,53.689919
84,"[64, 128, 64]",3,128,0.000500,0.000010,0.000000,20420,591,892,5760,1440,0.012070,0.109865,0.062194,0.987157,0.003907,0.996093,0.008936,481.000000,0.998498,0.030236,0.038354,11.969376,0.954302,0.148123,0.206383,88.631706,0.997279,0.040800,0.053075,22.887636,0.998549,0.029618,0.037407,41.609219
85,"[64, 128, 256, 256, 128]",5,256,0.005000,0.000010,0.000000,145284,821,1122,5760,1440,0.012074,0.109882,0.059745,0.987138,0.003551,0.996449,0.009311,736.200000,0.998828,0.025984,0.033882,12.328591,0.953400,0.149578,0.208410,98.339127,0.997602,0.036733,0.049826,25.839518,0.998723,0.026686,0.035085,40.767708
86,"[64, 128, 64]",3,128,0.001000,0.000100,0.000000,20420,875,1176,5760,1440,0.012080,0.109908,0.058295,0.987120,0.003052,0.996948,0.009828,588.500000,0.998972,0.024586,0.031740,10.083641,0.952665,0.148347,0.210046,116.846008,0.997909,0.035713,0.046526,21.986385,0.998934,0.024532,0.032060,29.924458
87,"[128, 256, 512, 256, 128]",5,512,0.001000,0.000100,0.000000,338052,401,702,5760,1440,0.012084,0.109927,0.060470,0.987132,0.003664,0.996336,0.009204,471.400000,0.998170,0.030630,0.042343,9.673416,0.953864,0.148333,0.207368,128.465958,0.997746,0.036217,0.048304,25.219444,0.998747,0.026700,0.034758,50.231197
88,"[128, 256, 256, 128]",4,256,0.005000,0.000010,0.000000,139908,624,925,5760,1440,0.012090,0.109953,0.057112,0.987105,0.003080,0.996920,0.009814,565.500000,0.999087,0.023072,0.029903,10.904664,0.952267,0.147844,0.210927,114.318253,0.997942,0.035090,0.046164,20.316799,0.999125,0.022441,0.029038,22.162127
89,"[64, 128, 256, 128]",4,256,0.000100,0.001000,0.000000,78980,359,660,5760,1440,0.012090,0.109955,0.062491,0.987146,0.004097,0.995903,0.008756,383.900000,0.998572,0.028989,0.037401,13.380102,0.954660,0.147554,0.205573,113.522377,0.996898,0.043482,0.056677,20.230167,0.998456,0.029940,0.038583,44.058907
90,"[64, 128, 256, 128, 64]",5,256,0.005000,0.000100,0.000000,87108,1300,1601,5760,1440,0.012092,0.109964,0.062043,0.987137,0.006735,0.993265,0.006128,974.400000,0.998457,0.030869,0.038881,12.637868,0.954359,0.148076,0.206253,124.652679,0.997169,0.040778,0.054137,22.963591,0.998563,0.028450,0.037227,48.667412
91,"[128, 256, 128]",3,256,0.001000,0.000010,0.000000,73604,328,629,5760,1440,0.012099,0.109998,0.060585,0.987109,0.003597,0.996403,0.009295,326.200000,0.998643,0.028939,0.036457,11.301317,0.953306,0.148771,0.208619,119.882996,0.997770,0.036598,0.048052,19.819227,0.998716,0.028034,0.035185,62.091621
92,"[128, 256, 128]",3,256,0.005000,0.000000,0.000000,73604,800,1101,5760,1440,0.012103,0.110014,0.056866,0.987084,0.001276,0.998724,0.011640,564.900000,0.999173,0.021780,0.028464,10.174470,0.951826,0.151157,0.211899,109.290710,0.998141,0.033136,0.043870,18.242571,0.999195,0.021392,0.027858,28.717123
93,"[128, 256, 512, 256]",4,512,0.000500,0.001000,0.000000,305412,627,928,5760,1440,0.012106,0.110028,0.060932,0.987102,0.005142,0.994858,0.007755,577.300000,0.998345,0.030015,0.040268,11.550743,0.953435,0.151539,0.208330,104.533257,0.997878,0.035995,0.046875,17.521170,0.998751,0.026181,0.034702,30.325638
94,"[64, 128, 64]",3,128,0.005000,0.000100,0.000000,20420,1075,1376,5760,1440,0.012107,0.110030,0.061950,0.987117,0.007064,0.992936,0.005819,718.400000,0.998422,0.030737,0.039319,12.612900,0.954030,0.149442,0.206994,125.911652,0.997291,0.040111,0.052959,24.370312,0.998725,0.027509,0.035058,79.417503
95,"[128, 256, 512, 256]",4,512,0.005000,0.000010,0.100000,305412,884,1185,5760,1440,0.012111,0.110049,0.062325,0.987121,0.004276,0.995724,0.008603,737.300000,0.998075,0.033796,0.043426,13.924306,0.954735,0.143829,0.205402,129.818085,0.997239,0.040928,0.053465,24.571201,0.998436,0.030749,0.038837,65.342705
96,"[64, 128, 256, 128, 64]",5,256,0.000500,0.001000,0.100000,87108,1567,1868,5760,1440,0.012114,0.110061,0.062666,0.987115,0.003652,0.996348,0.009233,1184.800000,0.998351,0.031962,0.040187,12.797311,0.954478,0.147650,0.205985,115.421791,0.997254,0.040228,0.053322,20.770918,0.998376,0.030823,0.039574,92.650757
97,"[256, 512, 256]",3,512,0.005000,0.000000,0.000000,278276,467,768,5760,1440,0.012114,0.110065,0.056992,0.987075,0.001299,0.998701,0.011626,441.600000,0.999044,0.023295,0.030608,9.446367,0.952012,0.149843,0.211489,98.241562,0.998087,0.033102,0.044499,18.113094,0.999157,0.021728,0.028510,30.033577
98,"[128, 256, 128]",3,256,0.001000,0.001000,0.200000,73604,1382,1683,5760,1440,0.012115,0.110069,0.061249,0.987104,0.006929,0.993071,0.005967,893.800000,0.998530,0.029258,0.037944,14.222477,0.953739,0.148961,0.207648,109.943672,0.997379,0.039858,0.052089,24.589958,0.998765,0.026917,0.034500,92.091446
99,"[256, 512, 256]",3,512,0.000500,0.000010,0.100000,278276,428,729,5760,1440,0.012121,0.110096,0.060744,0.987080,0.002352,0.997648,0.010568,433.000000,0.998561,0.030046,0.037546,11.690146,0.953127,0.148341,0.209018,101.595009,0.998057,0.034840,0.044851,20.961269,0.998574,0.029747,0.037079,43.136494
100,"[128, 256, 256, 128]",4,256,0.005000,0.000000,0.000000,139908,577,878,5760,1440,0.012127,0.110125,0.057321,0.987060,0.001027,0.998973,0.011913,510.500000,0.999107,0.023031,0.029574,10.084535,0.951919,0.150285,0.211694,113.277061,0.998090,0.033362,0.044469,23.537424,0.999125,0.022607,0.029042,17.440037
101,"[64, 128, 128, 64]",4,128,0.005000,0.000000,0.000000,37188,621,922,5760,1440,0.012128,0.110128,0.059594,0.987077,0.002311,0.997689,0.010612,498.200000,0.998885,0.025363,0.033052,11.033385,0.952809,0.150784,0.209726,90.606758,0.997602,0.037902,0.049832,23.528898,0.999012,0.024326,0.030860,37.579887
102,"[256, 512, 256]",3,512,0.000500,0.000100,0.000000,278276,324,625,5760,1440,0.012129,0.110131,0.059760,0.987071,0.003718,0.996282,0.009211,364.800000,0.998838,0.025957,0.033733,12.200394,0.952713,0.151545,0.209939,117.975075,0.997883,0.036106,0.046819,19.815302,0.998848,0.025431,0.033325,50.936996
103,"[128, 256, 128]",3,256,0.005000,0.000100,0.000000,73604,1455,1756,5760,1440,0.012131,0.110139,0.061549,0.987078,0.007308,0.992692,0.005615,937.500000,0.998677,0.028541,0.035999,10.934419,0.953367,0.150595,0.208482,89.067001,0.997729,0.037050,0.048491,19.478052,0.998537,0.030010,0.037553,39.380680
104,"[128, 256, 256, 128]",4,256,0.005000,0.000100,0.000000,139908,1988,2000,5760,1440,0.012131,0.110141,0.061563,0.987086,0.007139,0.992861,0.005774,1225.700000,0.998491,0.029304,0.038445,11.190590,0.953626,0.151106,0.207903,113.879494,0.997401,0.039164,0.051870,19.918741,0.998826,0.026678,0.033641,37.030079
105,"[128, 256, 256, 128, 64]",5,256,0.000500,0.000100,0.000000,148036,1084,1385,5760,1440,0.012132,0.110146,0.060481,0.987079,0.001566,0.998434,0.011356,940.700000,0.998680,0.028429,0.035963,10.674741,0.953460,0.146339,0.208274,115.497360,0.997621,0.037537,0.049627,20.767714,0.998554,0.029620,0.037334,26.598284
106,"[128, 256, 512, 256, 128]",5,512,0.001000,0.001000,0.100000,338052,1423,1724,5760,1440,0.012156,0.110256,0.061665,0.987064,0.005228,0.994772,0.007708,1149.800000,0.998542,0.029100,0.037789,11.759121,0.953908,0.149061,0.207269,125.200218,0.997313,0.039226,0.052745,20.635157,0.998491,0.029272,0.038145,77.983185
107,"[128, 256, 512, 256]",4,512,0.000100,0.000000,0.200000,305412,596,897,5760,1440,0.012159,0.110270,0.061858,0.987057,0.003059,0.996941,0.009884,535.100000,0.998449,0.030813,0.038979,14.128453,0.953805,0.148036,0.207501,104.803230,0.997491,0.038334,0.050970,24.400898,0.998482,0.030248,0.038260,38.283947
108,"[256, 512, 256]",3,512,0.001000,0.001000,0.200000,278276,1866,2000,5760,1440,0.012165,0.110293,0.060648,0.987044,0.006408,0.993592,0.006548,1091.100000,0.998555,0.029760,0.037626,13.559570,0.953213,0.148679,0.208826,98.693748,0.997603,0.037876,0.049816,20.853989,0.998805,0.026279,0.033950,78.934891
109,"[128, 256, 512, 256]",4,512,0.000100,0.000000,0.100000,305412,1062,1363,5760,1440,0.012166,0.110300,0.061308,0.987049,0.001659,0.998340,0.011291,810.000000,0.998504,0.029397,0.038287,11.755100,0.953626,0.148758,0.207902,108.627411,0.997436,0.038767,0.051520,20.471418,0.998630,0.028310,0.036344,27.253233
110,"[128, 256, 512, 256, 128]",5,512,0.001000,0.001000,0.200000,338052,1671,1972,5760,1440,0.012170,0.110318,0.063476,0.987060,0.006364,0.993636,0.006577,1317.500000,0.998137,0.032093,0.042725,14.714323,0.954822,0.147454,0.205204,123.509979,0.997247,0.041160,0.053390,24.209793,0.998033,0.033198,0.043543,138.753372
111,"[64, 128, 256, 128]",4,256,0.001000,0.001000,0.100000,78980,1871,2000,5760,1440,0.012171,0.110322,0.059666,0.987034,0.004696,0.995304,0.008270,1182.400000,0.998672,0.027776,0.036074,12.180485,0.952920,0.148456,0.209480,99.047180,0.997646,0.037321,0.049367,23.352030,0.998897,0.025110,0.032611,73.680130
112,"[64, 128, 128, 64]",4,128,0.001000,0.000100,0.000000,37188,276,577,5760,1440,0.012171,0.110323,0.062113,0.987049,0.005283,0.994717,0.007668,312.100000,0.998441,0.030690,0.039084,13.297832,0.953936,0.149825,0.207206,114.357422,0.997287,0.038606,0.053000,19.849049,0.998533,0.029330,0.037603,40.068390
113,"[64, 128, 64]",3,128,0.001000,0.000010,0.100000,20420,634,935,5760,1440,0.012172,0.110325,0.063847,0.987074,0.005328,0.994672,0.007598,476.000000,0.998469,0.030609,0.038731,13.019164,0.955057,0.148143,0.204669,107.848305,0.996426,0.045290,0.060830,26.825851,0.998344,0.031347,0.039957,54.388531
114,"[128, 256, 512, 256, 128]",5,512,0.005000,0.000000,0.000000,338052,446,747,5760,1440,0.012177,0.110350,0.057157,0.987009,0.001197,0.998803,0.011793,491.700000,0.999178,0.021824,0.028384,10.458943,0.951826,0.148903,0.211898,128.682053,0.998015,0.035098,0.045339,17.428719,0.999019,0.022804,0.030761,32.601982
115,"[256, 512, 256]",3,512,0.000100,0.000010,0.100000,278276,494,795,5760,1440,0.012179,0.110356,0.059779,0.987014,0.002756,0.997244,0.010229,399.800000,0.998905,0.025872,0.032745,12.706678,0.952256,0.152665,0.210951,82.020950,0.997914,0.035669,0.046472,20.208414,0.998982,0.024908,0.031335,70.410767
116,"[64, 128, 256, 128, 64]",5,256,0.005000,0.000010,0.000000,87108,391,692,5760,1440,0.012179,0.110358,0.062419,0.987044,0.005810,0.994190,0.007146,425.600000,0.998449,0.030547,0.038975,14.176081,0.953965,0.148090,0.207143,112.818275,0.997182,0.041580,0.054012,25.888626,0.998578,0.029461,0.037026,65.557487
117,"[128, 256, 512, 256]",4,512,0.000100,0.000010,0.200000,305412,933,1234,5760,1440,0.012180,0.110363,0.060525,0.987026,0.002235,0.997765,0.010739,756.000000,0.998868,0.025853,0.033300,11.458621,0.952980,0.150034,0.209345,90.066772,0.997527,0.039127,0.050603,22.547375,0.998729,0.027088,0.035005,46.587044
118,"[64, 128, 256, 128]",4,256,0.001000,0.000100,0.000000,78980,795,1096,5760,1440,0.012186,0.110392,0.058399,0.987003,0.002381,0.997619,0.010616,648.600000,0.998890,0.024962,0.032971,9.017931,0.952065,0.151917,0.211372,118.115280,0.998017,0.033653,0.045309,19.314936,0.999038,0.023065,0.030454,25.374313
119,"[128, 256, 128]",3,256,0.001000,0.000000,0.200000,73604,783,1084,5760,1440,0.012197,0.110439,0.063583,0.987043,0.003231,0.996769,0.009726,543.100000,0.998415,0.030414,0.039410,10.691715,0.954909,0.146228,0.205007,76.849174,0.996629,0.046356,0.059081,24.226442,0.998221,0.031333,0.041415,48.543728
120,"[128, 256, 256, 128]",4,256,0.000100,0.001000,0.100000,139908,655,956,5760,1440,0.012199,0.110451,0.063274,0.987031,0.003419,0.996581,0.009550,582.700000,0.998039,0.033902,0.043828,11.900513,0.954780,0.144530,0.205299,90.910614,0.997174,0.042052,0.054093,28.597527,0.998130,0.032610,0.042458,80.590340
121,"[128, 256, 128]",3,256,0.001000,0.000000,0.100000,73604,353,654,5760,1440,0.012202,0.110461,0.063372,0.987027,0.003691,0.996309,0.009282,326.100000,0.998485,0.030459,0.038522,15.418156,0.954331,0.148021,0.206316,107.655121,0.996962,0.042785,0.056086,23.850426,0.998329,0.032223,0.040138,56.944370
122,"[128, 256, 256, 128, 64]",5,256,0.001000,0.000100,0.000000,148036,575,876,5760,1440,0.012204,0.110473,0.060936,0.987008,0.003015,0.996985,0.009977,590.100000,0.998560,0.029475,0.037553,12.174638,0.953555,0.147283,0.208061,92.121460,0.997473,0.037576,0.051147,18.856655,0.998443,0.029410,0.038744,20.565411
123,"[256, 512, 256]",3,512,0.001000,0.000000,0.000000,278276,222,523,5760,1440,0.012206,0.110480,0.060786,0.986994,0.002498,0.997502,0.010508,298.000000,0.998667,0.028885,0.036135,13.025570,0.952880,0.149607,0.209568,127.659050,0.997826,0.036101,0.047447,19.596294,0.998602,0.028551,0.036714,95.234200
124,"[64, 128, 256, 256, 128]",5,256,0.001000,0.001000,0.100000,145284,1346,1647,5760,1440,0.012229,0.110585,0.062749,0.986985,0.004960,0.995040,0.008055,1130.800000,0.998266,0.031257,0.041220,12.152775,0.953728,0.150436,0.207673,118.733009,0.997449,0.039209,0.051394,21.176023,0.998498,0.030093,0.038050,63.993935
125,"[128, 256, 128]",3,256,0.000500,0.000000,0.000000,73604,291,592,5760,1440,0.012229,0.110587,0.061985,0.986978,0.003247,0.996753,0.009776,296.700000,0.998547,0.029971,0.037731,11.213796,0.953287,0.149268,0.208662,119.878990,0.997575,0.038652,0.050107,24.279613,0.998503,0.030049,0.037992,30.555714
126,"[64, 128, 64]",3,128,0.000100,0.000100,0.100000,20420,1921,2000,5760,1440,0.012234,0.110609,0.063693,0.986991,0.004875,0.995125,0.008134,1039.600000,0.998263,0.032409,0.041252,13.409277,0.954349,0.147443,0.206275,94.664040,0.997120,0.042484,0.054610,20.142984,0.998232,0.032435,0.041285,35.467392
127,"[256, 512, 512, 256]",4,512,0.000100,0.000000,0.200000,541956,396,697,5760,1440,0.012236,0.110616,0.062624,0.986997,0.003203,0.996797,0.009800,416.700000,0.998434,0.029528,0.039163,12.964464,0.954305,0.148762,0.206374,96.497849,0.996662,0.044676,0.058784,22.863579,0.998585,0.027529,0.036934,57.833099
128,"[256, 512, 256]",3,512,0.005000,0.000100,0.000000,278276,1275,1576,5760,1440,0.012241,0.110639,0.063654,0.986980,0.008112,0.991888,0.004908,932.900000,0.998381,0.030897,0.039827,11.180019,0.953905,0.151443,0.207277,117.918205,0.997109,0.042437,0.054714,25.718615,0.998526,0.029838,0.037693,84.394196
129,"[128, 256, 128]",3,256,0.001000,0.000100,0.000000,73604,510,811,5760,1440,0.012248,0.110670,0.059881,0.986946,0.004509,0.995491,0.008546,425.900000,0.998740,0.026708,0.035132,11.207918,0.952395,0.151155,0.210644,113.666306,0.997847,0.035582,0.047213,19.967104,0.998800,0.026078,0.034014,26.238401
130,"[64, 128, 256, 256, 128]",5,256,0.001000,0.001000,0.200000,145284,1594,1895,5760,1440,0.012248,0.110670,0.063510,0.986977,0.006064,0.993936,0.006959,1300.300000,0.998192,0.032538,0.042082,15.283753,0.954336,0.148611,0.206305,102.620422,0.997121,0.041153,0.054598,21.636147,0.998260,0.031739,0.040964,70.223358
131,"[256, 512, 256]",3,512,0.000500,0.000100,0.200000,278276,329,630,5760,1440,0.012248,0.110670,0.065021,0.986985,0.006180,0.993820,0.006836,351.000000,0.997857,0.037377,0.045817,12.458098,0.954772,0.146991,0.205319,91.492416,0.996988,0.042896,0.055840,16.398994,0.998321,0.032819,0.040233,46.250549
132,"[64, 128, 256, 256, 128]",5,256,0.001000,0.000100,0.000000,145284,597,898,5760,1440,0.012258,0.110714,0.058740,0.986929,0.002434,0.997566,0.010637,601.500000,0.998938,0.024436,0.032253,10.441091,0.951971,0.149739,0.211579,121.739182,0.997985,0.035298,0.045675,21.595589,0.998820,0.025487,0.033734,22.567053
133,"[128, 256, 256, 128]",4,256,0.001000,0.000000,0.000000,139908,699,1000,5760,1440,0.012266,0.110753,0.059620,0.986925,0.001140,0.998860,0.011934,580.700000,0.998879,0.026383,0.033131,9.896766,0.952114,0.151057,0.211265,100.707924,0.997741,0.036257,0.048361,21.966555,0.998967,0.024782,0.031560,47.709564
134,"[128, 256, 128]",3,256,0.005000,0.000010,0.000000,73604,483,784,5760,1440,0.012276,0.110795,0.060606,0.986925,0.005333,0.994667,0.007742,424.800000,0.998768,0.026831,0.034743,9.949434,0.952638,0.150877,0.210106,113.645721,0.997524,0.038490,0.050631,22.733963,0.998769,0.026227,0.034454,28.933376
135,"[128, 256, 128]",3,256,0.000500,0.000000,0.200000,73604,692,993,5760,1440,0.012278,0.110806,0.065352,0.986952,0.003438,0.996562,0.009610,497.500000,0.998060,0.035660,0.043599,15.257257,0.954604,0.149175,0.205699,98.540314,0.996936,0.042647,0.056327,26.570936,0.998209,0.033927,0.041549,127.947311
136,"[256, 512, 512, 256]",4,512,0.000500,0.001000,0.000000,541956,620,921,5760,1440,0.012280,0.110815,0.059330,0.986909,0.003814,0.996186,0.009277,571.900000,0.998838,0.027027,0.033745,10.631277,0.952003,0.149807,0.211509,117.609245,0.997808,0.036184,0.047637,21.013199,0.998988,0.024304,0.031230,50.701454
137,"[64, 128, 64]",3,128,0.000500,0.000010,0.100000,20420,1174,1475,5760,1440,0.012280,0.110815,0.063313,0.986944,0.004808,0.995192,0.008248,771.700000,0.998506,0.029872,0.038253,12.900027,0.953948,0.149390,0.207180,98.495766,0.996893,0.043153,0.056718,22.264238,0.998428,0.030837,0.038934,35.975372
138,"[64, 128, 256, 128]",4,256,0.000100,0.000000,0.100000,78980,1027,1328,5760,1440,0.012283,0.110829,0.063109,0.986942,0.003934,0.996066,0.009124,743.900000,0.998379,0.030669,0.039844,10.823393,0.954085,0.148181,0.206871,94.403366,0.996881,0.043220,0.056829,23.027962,0.998424,0.030366,0.038984,71.126259
139,"[256, 512, 256]",3,512,0.000100,0.000100,0.100000,278276,438,739,5760,1440,0.012286,0.110842,0.062277,0.986917,0.003096,0.996904,0.009987,370.000000,0.998466,0.030069,0.038763,12.279667,0.953218,0.149271,0.208815,109.587791,0.997702,0.037543,0.048780,21.599852,0.998280,0.032223,0.040721,36.929626
140,"[256, 512, 256]",3,512,0.000100,0.000000,0.100000,278276,684,985,5760,1440,0.012288,0.110849,0.060643,0.986906,0.002026,0.997974,0.011068,498.200000,0.998935,0.025060,0.032307,12.642578,0.952181,0.153096,0.211118,119.949776,0.997603,0.039018,0.049820,23.600716,0.998907,0.025396,0.032458,33.629894
141,"[128, 256, 128]",3,256,0.000500,0.000000,0.100000,73604,439,740,5760,1440,0.012288,0.110853,0.062952,0.986920,0.003497,0.996503,0.009582,370.000000,0.998360,0.030892,0.040077,12.553146,0.953532,0.148755,0.208114,137.258575,0.997527,0.039751,0.050600,24.312609,0.998262,0.032411,0.040932,127.954941
142,"[64, 128, 256, 128]",4,256,0.000500,0.000100,0.000000,78980,810,1111,5760,1440,0.012290,0.110861,0.061705,0.986911,0.002158,0.997842,0.010932,643.500000,0.998632,0.028745,0.036604,9.308532,0.952837,0.150940,0.209665,112.988083,0.997572,0.038094,0.050137,17.167645,0.998602,0.029039,0.036713,24.019459
143,"[128, 256, 512, 256]",4,512,0.005000,0.000010,0.000000,305412,667,968,5760,1440,0.012292,0.110867,0.060513,0.986900,0.003535,0.996465,0.009565,618.900000,0.998854,0.026245,0.033503,8.708401,0.952213,0.151856,0.211046,128.958405,0.997752,0.036633,0.048239,21.841372,0.998780,0.027320,0.034299,47.498962
144,"[256, 512, 512, 256]",4,512,0.000100,0.001000,0.000000,541956,412,713,5760,1440,0.012294,0.110880,0.062397,0.986906,0.002926,0.997074,0.010168,439.400000,0.998176,0.034356,0.042274,11.913710,0.953061,0.149633,0.209165,128.564819,0.997786,0.036771,0.047877,19.981350,0.998602,0.028829,0.036719,28.670712
145,"[128, 256, 128]",3,256,0.000500,0.000010,0.000000,73604,248,549,5760,1440,0.012295,0.110885,0.061020,0.986907,0.003546,0.996454,0.009548,283.700000,0.998642,0.028384,0.036471,12.180782,0.952799,0.149778,0.209748,93.966545,0.997484,0.038382,0.051037,26.771618,0.998700,0.027538,0.035397,46.013901
146,"[64, 128, 256, 128]",4,256,0.001000,0.000010,0.000000,78980,348,649,5760,1440,0.012300,0.110907,0.062534,0.986909,0.003194,0.996806,0.009897,379.100000,0.998406,0.031035,0.039519,12.383353,0.953441,0.147614,0.208316,128.679413,0.997404,0.040460,0.051843,22.993814,0.998386,0.031026,0.039452,47.022476
147,"[128, 256, 128]",3,256,0.000100,0.000000,0.200000,73604,778,1079,5760,1440,0.012305,0.110928,0.065184,0.986921,0.003964,0.996036,0.009115,527.900000,0.998166,0.032898,0.042384,12.895559,0.954440,0.149966,0.206071,117.906380,0.996983,0.043548,0.055889,26.950954,0.998097,0.034322,0.042834,82.968948
148,"[64, 128, 256, 128]",4,256,0.005000,0.000010,0.000000,78980,617,918,5760,1440,0.012306,0.110934,0.059608,0.986884,0.004679,0.995321,0.008437,529.100000,0.998917,0.025032,0.032576,12.285200,0.952050,0.150549,0.211406,107.776291,0.997684,0.037670,0.048974,22.525755,0.998887,0.025182,0.032758,61.278645
149,"[128, 256, 256, 128, 64]",5,256,0.000500,0.001000,0.100000,148036,972,1273,5760,1440,0.012310,0.110952,0.064510,0.986920,0.004755,0.995245,0.008325,870.200000,0.997620,0.037669,0.048282,15.557215,0.954642,0.146915,0.205612,93.805870,0.997000,0.042637,0.055735,26.327578,0.998416,0.030817,0.039077,51.627483
150,"[64, 128, 64]",3,128,0.000500,0.000100,0.100000,20420,922,1223,5760,1440,0.012312,0.110961,0.063911,0.986912,0.004919,0.995081,0.008169,620.700000,0.998303,0.031900,0.040771,13.160243,0.953937,0.149860,0.207204,104.019768,0.996833,0.044602,0.057263,21.909361,0.998574,0.029283,0.037078,60.358284
151,"[128, 256, 512, 256]",4,512,0.000500,0.000000,0.100000,305412,269,570,5760,1440,0.012319,0.110989,0.065424,0.986917,0.003983,0.996017,0.009100,337.800000,0.997752,0.037464,0.046925,13.324781,0.954858,0.147274,0.205122,92.469391,0.996753,0.044493,0.057984,22.311750,0.998304,0.032466,0.040442,66.942596
152,"[128, 256, 128]",3,256,0.000500,0.000100,0.200000,73604,453,754,5760,1440,0.012326,0.111021,0.064860,0.986906,0.004867,0.995133,0.008227,384.800000,0.998419,0.031572,0.039359,11.584331,0.954273,0.148823,0.206446,93.483261,0.996539,0.047762,0.059859,18.786110,0.998392,0.031282,0.039372,37.925800
153,"[256, 512, 256]",3,512,0.000500,0.000000,0.100000,278276,213,514,5760,1440,0.012327,0.111026,0.065111,0.986893,0.004935,0.995065,0.008173,277.500000,0.998189,0.033458,0.042121,12.350868,0.954481,0.148866,0.205977,109.460571,0.997333,0.040525,0.052546,26.228382,0.997567,0.037597,0.048433,59.668045
154,"[64, 128, 128, 64]",4,128,0.000100,0.001000,0.100000,37188,1306,1607,5760,1440,0.012337,0.111074,0.065943,0.986895,0.004485,0.995515,0.008620,900.500000,0.997882,0.035541,0.045546,14.022603,0.954841,0.148117,0.205162,90.065231,0.996839,0.044776,0.057207,27.476894,0.998018,0.035340,0.043715,74.739357
155,"[128, 256, 256, 128, 64]",5,256,0.001000,0.001000,0.000000,148036,978,1279,5760,1440,0.012340,0.111087,0.062444,0.986868,0.006626,0.993374,0.006506,844.900000,0.998417,0.030140,0.039383,11.311678,0.953141,0.150553,0.208988,119.436874,0.997255,0.040524,0.053308,21.843891,0.998659,0.028558,0.035954,27.122847
156,"[256, 512, 512, 256]",4,512,0.000100,0.000010,0.100000,541956,347,648,5760,1440,0.012342,0.111093,0.063322,0.986872,0.002963,0.997037,0.010165,406.000000,0.998313,0.032068,0.040648,9.530595,0.953570,0.147842,0.208028,98.298904,0.997169,0.042055,0.054143,22.389391,0.998436,0.031320,0.038827,49.458752
157,"[128, 256, 256, 128]",4,256,0.000100,0.000010,0.200000,139908,1154,1455,5760,1440,0.012346,0.111115,0.063553,0.986865,0.003173,0.996827,0.009962,866.100000,0.998416,0.031000,0.039395,12.961187,0.953575,0.149919,0.208016,96.057663,0.997263,0.040597,0.053234,26.460655,0.998206,0.032694,0.041586,95.475128
158,"[64, 128, 256, 256, 128]",5,256,0.000500,0.000100,0.000000,145284,1228,1529,5760,1440,0.012349,0.111125,0.059669,0.986836,0.001639,0.998361,0.011525,1033.400000,0.998705,0.026888,0.035621,11.550801,0.951846,0.151539,0.211855,134.109940,0.997877,0.034806,0.046882,18.498854,0.998915,0.025444,0.032338,65.507858
159,"[256, 512, 256]",3,512,0.000500,0.000000,0.200000,278276,255,556,5760,1440,0.012353,0.111145,0.062590,0.986860,0.004090,0.995910,0.009050,319.000000,0.998457,0.030756,0.038878,14.437793,0.953326,0.148552,0.208574,99.239594,0.997032,0.042129,0.055433,20.062202,0.998625,0.028924,0.036409,30.611166
160,"[64, 128, 64]",3,128,0.000100,0.000100,0.000000,20420,1529,1830,5760,1440,0.012355,0.111151,0.062900,0.986856,0.004016,0.995984,0.009128,943.000000,0.998433,0.030335,0.039183,13.870131,0.953344,0.149965,0.208535,89.725876,0.997191,0.041456,0.053929,22.200937,0.998457,0.029843,0.038570,34.500591
161,"[256, 512, 256]",3,512,0.000500,0.000010,0.200000,278276,243,544,5760,1440,0.012367,0.111206,0.064624,0.986850,0.004635,0.995365,0.008515,321.500000,0.998146,0.033633,0.042621,11.324248,0.954174,0.148490,0.206671,87.782707,0.997297,0.040177,0.052906,22.439447,0.997782,0.036197,0.046241,36.166725
162,"[64, 128, 256, 256, 128]",5,256,0.000500,0.001000,0.200000,145284,1063,1364,5760,1440,0.012369,0.111214,0.063111,0.986845,0.004983,0.995017,0.008172,903.100000,0.997939,0.034218,0.044937,13.015882,0.953880,0.146114,0.207334,90.274574,0.997344,0.040520,0.052436,20.311625,0.998218,0.031594,0.041455,61.691570
163,"[128, 256, 256, 128]",4,256,0.000100,0.000000,0.200000,139908,996,1297,5760,1440,0.012369,0.111217,0.065298,0.986854,0.003506,0.996494,0.009640,746.800000,0.998210,0.032122,0.041878,12.746289,0.954473,0.149624,0.205995,102.181175,0.997020,0.042883,0.055549,31.281397,0.997715,0.036565,0.046938,77.741051
164,"[256, 512, 512, 256]",4,512,0.000100,0.000000,0.100000,541956,572,873,5760,1440,0.012372,0.111229,0.060685,0.986822,0.001618,0.998382,0.011560,522.000000,0.998824,0.026601,0.033948,10.995562,0.952175,0.149582,0.211131,110.875847,0.997450,0.040161,0.051386,25.040625,0.998840,0.026398,0.033439,65.392738
165,"[64, 128, 64]",3,128,0.000100,0.000010,0.000000,20420,1719,2000,5760,1440,0.012377,0.111252,0.063343,0.986830,0.004379,0.995622,0.008791,1011.600000,0.998440,0.030082,0.039098,14.911195,0.953233,0.151003,0.208782,102.493095,0.997266,0.041264,0.053203,23.803152,0.998383,0.031022,0.039488,46.958321
166,"[64, 128, 64]",3,128,0.000100,0.000000,0.000000,20420,945,1246,5760,1440,0.012381,0.111271,0.065015,0.986841,0.004892,0.995108,0.008267,808.100000,0.998092,0.034247,0.043239,16.242165,0.953993,0.151435,0.207078,90.024467,0.996866,0.043484,0.056960,21.924767,0.998413,0.030895,0.039116,83.741112
167,"[128, 256, 256, 128]",4,256,0.000500,0.001000,0.000000,139908,635,936,5760,1440,0.012383,0.111279,0.063629,0.986824,0.004203,0.995797,0.008973,584.200000,0.998168,0.033126,0.042363,12.841946,0.953448,0.147950,0.208300,114.002831,0.997411,0.040311,0.051773,22.741764,0.998270,0.033131,0.040841,47.929569
168,"[128, 256, 128]",3,256,0.000100,0.000000,0.100000,73604,600,901,5760,1440,0.012383,0.111281,0.064799,0.986833,0.003895,0.996105,0.009271,439.600000,0.998263,0.033212,0.041255,14.773158,0.953730,0.151047,0.207670,104.092972,0.997028,0.042982,0.055473,20.774652,0.998312,0.031954,0.040340,35.409340
169,"[128, 256, 512, 256, 128]",5,512,0.000500,0.000010,0.000000,338052,546,847,5760,1440,0.012387,0.111295,0.059320,0.986794,0.001193,0.998807,0.012013,551.500000,0.998768,0.026419,0.034741,10.469766,0.951661,0.151179,0.212262,105.464516,0.997898,0.034877,0.046657,19.895115,0.998851,0.024805,0.033277,56.669075
170,"[64, 128, 128, 64]",4,128,0.005000,0.000100,0.000000,37188,1129,1430,5760,1440,0.012391,0.111313,0.062557,0.986819,0.007506,0.992494,0.005676,798.400000,0.998410,0.030766,0.039463,11.641191,0.953300,0.148626,0.208632,96.281273,0.997187,0.040294,0.053968,24.633268,0.998377,0.030543,0.039560,101.693634
171,"[64, 128, 256, 256, 128]",5,256,0.001000,0.000010,0.000000,145284,954,1255,5760,1440,0.012391,0.111313,0.057881,0.986782,0.000871,0.999129,0.012347,837.100000,0.999114,0.022851,0.029459,8.568572,0.950939,0.153237,0.213841,107.278366,0.997940,0.033827,0.046186,19.057392,0.999136,0.021607,0.028868,29.943502
172,"[128, 256, 512, 256]",4,512,0.001000,0.000000,0.000000,305412,619,920,5760,1440,0.012392,0.111320,0.058360,0.986780,0.000974,0.999026,0.012246,560.000000,0.998975,0.023849,0.031695,8.338632,0.951131,0.150576,0.213421,121.807098,0.998067,0.034425,0.044735,17.701981,0.998948,0.024589,0.031848,25.366152
173,"[128, 256, 512, 256]",4,512,0.000100,0.000100,0.100000,305412,545,846,5760,1440,0.012393,0.111324,0.060850,0.986799,0.002250,0.997750,0.010951,517.100000,0.998690,0.027663,0.035819,11.388062,0.952381,0.148874,0.210675,128.417572,0.997644,0.037724,0.049393,22.697653,0.998480,0.029138,0.038281,28.942171
174,"[256, 512, 256]",3,512,0.001000,0.000100,0.100000,278276,984,1285,5760,1440,0.012398,0.111348,0.065618,0.986824,0.004392,0.995608,0.008783,698.600000,0.997194,0.041504,0.052427,12.028166,0.954767,0.146558,0.205329,123.152016,0.997356,0.039525,0.052324,21.298479,0.997981,0.034885,0.044120,24.237104
175,"[128, 256, 256, 128]",4,256,0.000100,0.000100,0.100000,139908,387,688,5760,1440,0.012400,0.111354,0.067074,0.986837,0.004452,0.995548,0.008711,409.600000,0.997672,0.037563,0.047753,14.456446,0.955454,0.148371,0.203764,100.758682,0.996787,0.044362,0.057677,26.321785,0.997436,0.037999,0.049722,34.027832
176,"[128, 256, 512, 256]",4,512,0.000100,0.001000,0.000000,305412,350,651,5760,1440,0.012400,0.111356,0.063494,0.986799,0.002820,0.997180,0.010381,403.400000,0.998366,0.031548,0.040008,10.423073,0.952996,0.150456,0.209311,97.693314,0.997563,0.039213,0.050228,21.910707,0.998272,0.032760,0.040821,42.190735
177,"[256, 512, 256]",3,512,0.000100,0.000000,0.200000,278276,422,723,5760,1440,0.012404,0.111374,0.062728,0.986801,0.003188,0.996812,0.010012,346.800000,0.998590,0.029597,0.037172,12.712759,0.952736,0.151835,0.209889,98.882034,0.997088,0.042502,0.054906,23.501158,0.998790,0.026977,0.034158,24.652197
178,"[128, 256, 128]",3,256,0.001000,0.000010,0.100000,73604,549,850,5760,1440,0.012407,0.111386,0.062865,0.986802,0.003339,0.996661,0.009859,443.500000,0.998261,0.031294,0.041277,12.836908,0.953218,0.150691,0.208814,106.978691,0.997167,0.040845,0.054161,18.626524,0.998562,0.028629,0.037240,51.326210
179,"[256, 512, 512, 256]",4,512,0.000500,0.000100,0.000000,541956,385,686,5760,1440,0.012407,0.111389,0.057813,0.986762,0.002456,0.997544,0.010782,423.500000,0.999108,0.022977,0.029556,10.473238,0.950878,0.150961,0.213974,99.654015,0.998049,0.033839,0.044949,14.752894,0.999013,0.023476,0.030841,31.558382
180,"[256, 512, 512, 256]",4,512,0.001000,0.000000,0.000000,541956,549,850,5760,1440,0.012409,0.111394,0.057348,0.986759,0.000795,0.999205,0.012447,508.400000,0.999140,0.022812,0.029032,8.498374,0.950775,0.150068,0.214199,122.209984,0.998111,0.032667,0.044230,17.973917,0.999011,0.023844,0.030880,11.558640
181,"[128, 256, 256, 128]",4,256,0.000100,0.001000,0.200000,139908,823,1124,5760,1440,0.012421,0.111451,0.063530,0.986788,0.003141,0.996859,0.010071,685.500000,0.998136,0.032954,0.042734,12.154454,0.953510,0.147899,0.208163,95.582397,0.997264,0.040293,0.053220,26.129337,0.998242,0.032973,0.041167,55.632423
182,"[64, 128, 64]",3,128,0.001000,0.000000,0.100000,20420,374,675,5760,1440,0.012423,0.111457,0.065780,0.986812,0.006650,0.993350,0.006539,325.900000,0.998013,0.033693,0.044116,15.776917,0.954851,0.148293,0.205138,89.838654,0.996542,0.045979,0.059840,27.681356,0.997840,0.035156,0.045632,95.113556
183,"[64, 128, 256, 128]",4,256,0.000100,0.001000,0.200000,78980,1315,1616,5760,1440,0.012437,0.111519,0.062780,0.986764,0.003871,0.996129,0.009365,951.000000,0.998339,0.032005,0.040334,14.094721,0.952926,0.147773,0.209466,95.227005,0.997404,0.040019,0.051847,24.547802,0.998387,0.031323,0.039438,71.329659
184,"[256, 512, 256]",3,512,0.000500,0.000100,0.100000,278276,522,823,5760,1440,0.012437,0.111520,0.065378,0.986774,0.003886,0.996114,0.009340,489.500000,0.997673,0.039228,0.047746,12.008581,0.953922,0.148758,0.207238,113.124916,0.997469,0.039181,0.051188,20.027687,0.998030,0.034343,0.043580,44.557331
185,"[64, 128, 256, 128, 64]",5,256,0.001000,0.001000,0.000000,87108,1398,1699,5760,1440,0.012438,0.111526,0.061858,0.986760,0.005134,0.994866,0.008107,1061.700000,0.997808,0.033967,0.046341,11.703999,0.952934,0.148890,0.209447,131.567291,0.997680,0.036884,0.049007,18.677780,0.998616,0.027691,0.036533,27.222952
186,"[256, 512, 512, 256]",4,512,0.001000,0.000100,0.100000,541956,499,800,5760,1440,0.012439,0.111531,0.063281,0.986784,0.004579,0.995421,0.008637,503.600000,0.998049,0.033058,0.043713,12.378915,0.954093,0.145891,0.206853,109.781281,0.996754,0.043159,0.057976,20.549864,0.998240,0.031016,0.041194,56.621841
187,"[64, 128, 256, 256, 128]",5,256,0.000100,0.000000,0.100000,145284,874,1175,5760,1440,0.012439,0.111532,0.064638,0.986788,0.003940,0.996060,0.009272,738.400000,0.998353,0.031750,0.040167,14.693630,0.954211,0.147725,0.206588,93.926910,0.996537,0.044971,0.059877,22.836697,0.998050,0.034108,0.043359,48.186268
188,"[128, 256, 512, 256]",4,512,0.000500,0.000100,0.000000,305412,339,640,5760,1440,0.012447,0.111568,0.063088,0.986752,0.003585,0.996415,0.009663,397.100000,0.997885,0.034896,0.045517,13.217683,0.953319,0.147891,0.208589,128.275635,0.997727,0.036355,0.048507,19.873705,0.998076,0.033212,0.043075,26.614052
189,"[128, 256, 512, 256]",4,512,0.000500,0.000000,0.000000,305412,452,753,5760,1440,0.012448,0.111569,0.059804,0.986737,0.001103,0.998897,0.012160,453.900000,0.998849,0.025360,0.033582,9.748311,0.951713,0.148459,0.212147,100.996658,0.997573,0.038590,0.050129,21.433125,0.998814,0.026806,0.033810,38.108795
190,"[128, 256, 512, 256]",4,512,0.005000,0.000010,0.200000,305412,874,1175,5760,1440,0.012449,0.111574,0.066660,0.986795,0.005846,0.994154,0.007359,728.900000,0.997982,0.034343,0.044460,15.024669,0.955424,0.146136,0.203832,103.429276,0.996223,0.048208,0.062534,23.688938,0.997552,0.037953,0.048585,75.367699
191,"[256, 512, 256]",3,512,0.005000,0.000000,0.100000,278276,295,596,5760,1440,0.012452,0.111588,0.063579,0.986757,0.003341,0.996659,0.009903,343.100000,0.998219,0.031994,0.041770,15.621479,0.953537,0.147818,0.208102,116.070999,0.997238,0.041046,0.053475,22.355049,0.998033,0.033458,0.043548,52.050461
192,"[128, 256, 256, 128]",4,256,0.000500,0.000100,0.000000,139908,381,682,5760,1440,0.012453,0.111593,0.061237,0.986726,0.002225,0.997775,0.011049,427.500000,0.998658,0.029045,0.036254,10.307851,0.951600,0.152530,0.212395,109.896439,0.997867,0.035847,0.046995,23.736116,0.998778,0.027527,0.034318,49.204971
193,"[256, 512, 512, 256]",4,512,0.000100,0.000100,0.200000,541956,399,700,5760,1440,0.012453,0.111594,0.063447,0.986750,0.003533,0.996467,0.009717,439.700000,0.998468,0.030397,0.038738,12.994150,0.952868,0.150684,0.209595,103.690216,0.997143,0.043019,0.054388,20.871824,0.998523,0.029688,0.037737,49.048302
194,"[256, 512, 512, 256]",4,512,0.005000,0.000000,0.000000,541956,516,817,5760,1440,0.012454,0.111600,0.056572,0.986708,0.000817,0.999183,0.012476,479.900000,0.999268,0.020503,0.026782,9.469610,0.950270,0.152009,0.215295,101.635712,0.998037,0.032866,0.045081,18.903347,0.999257,0.020909,0.026768,31.243532
195,"[128, 256, 128]",3,256,0.000100,0.000100,0.000000,73604,1042,1343,5760,1440,0.012459,0.111619,0.062829,0.986736,0.002318,0.997682,0.010947,676.200000,0.998387,0.031027,0.039753,13.583368,0.952558,0.150793,0.210284,103.731010,0.997503,0.039530,0.050845,22.361513,0.998496,0.029965,0.038084,24.514788
196,"[64, 128, 64]",3,128,0.000100,0.001000,0.200000,20420,1533,1834,5760,1440,0.012462,0.111634,0.065885,0.986766,0.005762,0.994238,0.007472,913.600000,0.997880,0.035671,0.045573,19.492260,0.954406,0.147971,0.206146,101.317223,0.996648,0.045684,0.058911,26.099068,0.998128,0.034214,0.042483,78.365883
197,"[64, 128, 64]",3,128,0.000500,0.000100,0.000000,20420,272,573,5760,1440,0.012470,0.111670,0.064862,0.986741,0.005987,0.994013,0.007272,284.600000,0.998160,0.033672,0.042460,13.918573,0.953512,0.150691,0.208158,123.335190,0.997044,0.042523,0.055319,20.785652,0.998249,0.032561,0.041083,43.923134
198,"[128, 256, 128]",3,256,0.005000,0.000000,0.100000,73604,290,591,5760,1440,0.012471,0.111675,0.065239,0.986737,0.004645,0.995355,0.008618,305.400000,0.998211,0.034134,0.041862,14.787315,0.953436,0.150107,0.208328,117.528122,0.997168,0.042406,0.054147,23.276508,0.998133,0.034308,0.042432,79.301277
199,"[256, 512, 256]",3,512,0.001000,0.000010,0.100000,278276,347,648,5760,1440,0.012472,0.111680,0.063891,0.986730,0.003308,0.996692,0.009962,386.500000,0.998319,0.033017,0.040583,11.431325,0.952965,0.150238,0.209379,139.223679,0.997259,0.041095,0.053271,20.183319,0.998376,0.031212,0.039563,34.787560
200,"[64, 128, 256, 128, 64]",5,256,0.001000,0.001000,0.100000,87108,1495,1796,5760,1440,0.012473,0.111681,0.064240,0.986741,0.005474,0.994526,0.007785,1147.600000,0.998003,0.033980,0.044225,12.606684,0.953587,0.150423,0.207991,103.555069,0.996990,0.042153,0.055826,23.085745,0.998384,0.030401,0.039476,46.615017
201,"[64, 128, 64]",3,128,0.000500,0.000000,0.100000,20420,1020,1321,5760,1440,0.012493,0.111771,0.065031,0.986722,0.005179,0.994821,0.008099,682.100000,0.998431,0.030997,0.039205,15.633760,0.953538,0.151451,0.208100,111.190613,0.996767,0.044565,0.057859,28.812719,0.998153,0.033110,0.042194,60.164875
202,"[128, 256, 128]",3,256,0.000100,0.000010,0.100000,73604,807,1108,5760,1440,0.012496,0.111784,0.062416,0.986695,0.003285,0.996715,0.010020,560.100000,0.998715,0.027605,0.035474,12.108835,0.952075,0.152425,0.211350,108.213432,0.997343,0.040934,0.052446,23.841564,0.998647,0.028702,0.036116,63.205513
203,"[128, 256, 128]",3,256,0.000100,0.000010,0.200000,73604,1088,1389,5760,1440,0.012497,0.111790,0.064721,0.986707,0.003533,0.996467,0.009760,700.600000,0.998316,0.032801,0.040619,11.935581,0.953186,0.149549,0.208887,103.259178,0.997220,0.042429,0.053647,23.395538,0.998106,0.034105,0.042733,81.024841
204,"[64, 128, 256, 256, 128]",5,256,0.005000,0.000000,0.000000,145284,305,606,5760,1440,0.012498,0.111794,0.060133,0.986684,0.002466,0.997534,0.010851,378.700000,0.998473,0.029070,0.038680,11.388775,0.951633,0.148915,0.212323,111.351646,0.997710,0.037065,0.048698,18.767677,0.998919,0.025484,0.032288,53.930843
205,"[128, 256, 512, 256, 128]",5,512,0.001000,0.000010,0.000000,338052,1178,1479,5760,1440,0.012500,0.111801,0.056977,0.986658,0.000664,0.999336,0.012679,1033.500000,0.999101,0.022454,0.029684,10.126989,0.950139,0.152759,0.215578,119.346527,0.998203,0.031782,0.043130,18.240522,0.999188,0.020913,0.027983,17.306707
206,"[128, 256, 256, 128]",4,256,0.001000,0.000010,0.000000,139908,192,493,5760,1440,0.012500,0.111804,0.062869,0.986694,0.003743,0.996257,0.009563,293.800000,0.998396,0.031304,0.039639,11.513967,0.952551,0.149037,0.210299,124.054642,0.997415,0.039990,0.051732,17.585819,0.998415,0.031145,0.039086,40.534260
207,"[256, 512, 512, 256]",4,512,0.000500,0.000010,0.000000,541956,268,569,5760,1440,0.012503,0.111817,0.060358,0.986678,0.002610,0.997390,0.010712,352.300000,0.998948,0.024747,0.032096,11.545178,0.951555,0.150379,0.212495,126.175888,0.997563,0.037943,0.050230,19.732763,0.998647,0.028362,0.036119,17.122725
208,"[256, 512, 256]",3,512,0.000100,0.000010,0.200000,278276,612,913,5760,1440,0.012506,0.111831,0.062322,0.986679,0.002644,0.997356,0.010677,442.200000,0.998684,0.028394,0.035911,13.022474,0.952011,0.150352,0.211491,108.398361,0.997608,0.039079,0.049765,23.392347,0.998413,0.031461,0.039118,53.610317
209,"[64, 128, 256, 128]",4,256,0.000500,0.000000,0.100000,78980,333,634,5760,1440,0.012506,0.111832,0.067643,0.986735,0.005253,0.994747,0.008012,355.000000,0.997456,0.039233,0.049918,16.253296,0.955349,0.147344,0.204003,93.784904,0.996327,0.047221,0.061669,25.902805,0.997808,0.036772,0.045977,25.253090
210,"[64, 128, 64]",3,128,0.001000,0.000100,0.100000,20420,1112,1413,5760,1440,0.012516,0.111875,0.065360,0.986707,0.004853,0.995147,0.008440,719.600000,0.998135,0.033925,0.042747,12.625769,0.953895,0.148842,0.207298,93.398163,0.996523,0.046552,0.059999,24.486219,0.998274,0.032120,0.040792,38.350109
211,"[128, 256, 512, 256, 128]",5,512,0.000100,0.001000,0.000000,338052,655,956,5760,1440,0.012522,0.111903,0.060781,0.986656,0.001716,0.998284,0.011628,661.800000,0.998630,0.028303,0.036633,10.586652,0.951646,0.150344,0.212295,103.697746,0.997801,0.035457,0.047713,22.675993,0.998546,0.029018,0.037435,20.665213
212,"[256, 512, 512, 256]",4,512,0.001000,0.000000,0.100000,541956,205,506,5760,1440,0.012523,0.111905,0.064105,0.986689,0.003971,0.996029,0.009339,303.300000,0.998412,0.030629,0.039435,12.042001,0.953410,0.150284,0.208386,123.585831,0.996819,0.043404,0.057390,24.419233,0.998115,0.032100,0.042628,86.181786
213,"[256, 512, 256]",3,512,0.001000,0.000000,0.200000,278276,187,488,5760,1440,0.012531,0.111941,0.067418,0.986697,0.005947,0.994053,0.007356,282.100000,0.997777,0.036544,0.046667,13.223887,0.954685,0.149799,0.205516,95.973061,0.996630,0.046057,0.059072,27.862200,0.997698,0.037273,0.047106,63.227024
214,"[64, 128, 256, 128, 64]",5,256,0.001000,0.000010,0.000000,87108,318,619,5760,1440,0.012539,0.111978,0.061039,0.986647,0.002661,0.997339,0.010692,372.500000,0.998679,0.027753,0.035971,12.350339,0.951883,0.150229,0.211775,101.199196,0.997455,0.037921,0.051334,19.508104,0.998570,0.028252,0.037134,16.789421
215,"[64, 128, 256, 128]",4,256,0.005000,0.000000,0.000000,78980,252,553,5760,1440,0.012540,0.111984,0.061208,0.986638,0.003548,0.996452,0.009814,309.400000,0.998831,0.027059,0.033842,9.949712,0.951247,0.153229,0.213168,137.609695,0.997535,0.039312,0.050523,21.155445,0.998939,0.025232,0.031984,39.398106
216,"[128, 256, 512, 256]",4,512,0.001000,0.001000,0.000000,305412,1114,1415,5760,1440,0.012541,0.111985,0.063187,0.986653,0.006270,0.993730,0.007077,880.300000,0.997982,0.034346,0.044466,11.624406,0.952547,0.150543,0.210307,115.878426,0.997483,0.039578,0.051051,20.297947,0.998600,0.028280,0.036745,24.524311
217,"[64, 128, 64]",3,128,0.001000,0.000000,0.200000,20420,918,1219,5760,1440,0.012542,0.111989,0.066970,0.986692,0.005586,0.994414,0.007722,609.400000,0.997514,0.037775,0.049345,17.939558,0.954983,0.147319,0.204839,104.873734,0.996524,0.045977,0.059990,23.256767,0.997745,0.036811,0.046623,39.273155
218,"[128, 256, 128]",3,256,0.001000,0.000100,0.100000,73604,633,934,5760,1440,0.012543,0.111996,0.067993,0.986686,0.005849,0.994151,0.007464,494.700000,0.997668,0.039246,0.047800,12.028298,0.954723,0.148515,0.205429,111.950096,0.996573,0.045905,0.059571,20.632072,0.997783,0.038306,0.046238,29.650293
219,"[128, 256, 256, 128, 64]",5,256,0.005000,0.000000,0.000000,148036,821,1122,5760,1440,0.012548,0.112017,0.058573,0.986617,0.000991,0.999009,0.012392,709.000000,0.998984,0.023888,0.031556,10.420181,0.950568,0.151554,0.214649,88.158943,0.997916,0.035047,0.046447,19.362095,0.999000,0.023803,0.031044,28.097086
220,"[256, 512, 256]",3,512,0.001000,0.000000,0.100000,278276,236,537,5760,1440,0.012550,0.112027,0.064350,0.986659,0.004383,0.995617,0.008958,307.100000,0.998554,0.029138,0.037643,13.064486,0.953065,0.151525,0.209156,117.516632,0.996724,0.045086,0.058241,25.235628,0.998294,0.031651,0.040554,60.782269
221,"[64, 128, 256, 256, 128]",5,256,0.000100,0.000100,0.100000,145284,816,1117,5760,1440,0.012557,0.112059,0.065009,0.986654,0.003775,0.996225,0.009571,729.400000,0.998190,0.033249,0.042104,13.171696,0.953428,0.149673,0.208345,103.141121,0.996821,0.043691,0.057367,23.028515,0.998177,0.033424,0.041923,76.148285
222,"[128, 256, 512, 256]",4,512,0.001000,0.000010,0.100000,305412,332,633,5760,1440,0.012558,0.112061,0.063829,0.986646,0.003111,0.996889,0.010244,389.000000,0.998057,0.033484,0.043623,11.097631,0.952964,0.148683,0.209381,118.064095,0.997082,0.041636,0.054964,23.352198,0.998478,0.031514,0.038301,44.535545
223,"[256, 512, 512, 256]",4,512,0.005000,0.000100,0.000000,541956,1193,1494,5760,1440,0.012560,0.112074,0.063042,0.986631,0.007794,0.992206,0.005575,925.900000,0.998357,0.031392,0.040121,12.333850,0.952300,0.151933,0.210855,142.673416,0.997342,0.039501,0.052461,23.841225,0.998527,0.029341,0.037688,64.060860
224,"[64, 128, 64]",3,128,0.000500,0.000010,0.200000,20420,1155,1456,5760,1440,0.012562,0.112080,0.065716,0.986658,0.005306,0.994694,0.008036,771.500000,0.998190,0.033438,0.042111,13.663828,0.953864,0.149668,0.207369,95.685287,0.996528,0.045984,0.059956,22.001322,0.998052,0.033772,0.043339,104.409180
225,"[128, 256, 512, 256]",4,512,0.000500,0.000000,0.200000,305412,263,564,5760,1440,0.012563,0.112086,0.066907,0.986649,0.004676,0.995324,0.008675,334.100000,0.997713,0.038543,0.047329,13.678026,0.954123,0.148165,0.206786,95.832001,0.997204,0.041418,0.053803,22.278011,0.997554,0.039502,0.048560,66.941963
226,"[64, 128, 256, 128]",4,256,0.000100,0.000000,0.200000,78980,909,1210,5760,1440,0.012564,0.112091,0.065695,0.986659,0.005453,0.994547,0.007888,676.300000,0.998097,0.033447,0.043182,16.863646,0.953976,0.149868,0.207116,108.862312,0.996425,0.045787,0.060839,26.102365,0.998138,0.033679,0.042368,91.853256
227,"[64, 128, 256, 128]",4,256,0.001000,0.000000,0.000000,78980,231,532,5760,1440,0.012571,0.112119,0.062320,0.986613,0.003438,0.996562,0.009949,300.900000,0.998401,0.031708,0.039581,13.667949,0.951958,0.150205,0.211609,124.659225,0.997600,0.038233,0.049844,21.219593,0.998493,0.029133,0.038118,37.771500
228,"[128, 256, 512, 256]",4,512,0.001000,0.000010,0.000000,305412,667,968,5760,1440,0.012572,0.112127,0.057005,0.986579,0.001261,0.998739,0.012160,601.300000,0.999132,0.022024,0.029154,10.207124,0.949778,0.152154,0.216357,121.529907,0.998217,0.032374,0.042968,18.482077,0.999188,0.021468,0.027983,33.549725
229,"[128, 256, 512, 256, 128]",5,512,0.005000,0.000100,0.000000,338052,561,862,5760,1440,0.012574,0.112134,0.064748,0.986637,0.008226,0.991774,0.005137,577.000000,0.998065,0.033111,0.043539,11.946982,0.953217,0.152481,0.208818,98.398102,0.996745,0.044086,0.058056,25.567768,0.998522,0.029314,0.037743,25.094597
230,"[128, 256, 512, 256]",4,512,0.005000,0.000100,0.000000,305412,964,1265,5760,1440,0.012576,0.112142,0.064100,0.986618,0.008233,0.991767,0.005148,789.500000,0.998422,0.030861,0.039314,12.165091,0.952379,0.153035,0.210678,85.885040,0.997199,0.041849,0.053853,25.060770,0.998473,0.030653,0.038374,79.393623
231,"[128, 256, 128]",3,256,0.000500,0.000100,0.100000,73604,459,760,5760,1440,0.012578,0.112153,0.067242,0.986638,0.004491,0.995509,0.008871,388.500000,0.997905,0.036894,0.045307,12.224770,0.954211,0.147676,0.206586,128.621185,0.996921,0.044704,0.056457,24.809019,0.997516,0.039693,0.048940,99.246964
232,"[256, 512, 512, 256]",4,512,0.000500,0.000000,0.000000,541956,215,516,5760,1440,0.012580,0.112162,0.063178,0.986604,0.002607,0.997393,0.010788,305.500000,0.998466,0.031425,0.038764,14.940356,0.951974,0.150457,0.211573,122.410652,0.997517,0.039579,0.050706,22.080151,0.998461,0.031253,0.038524,61.554020
233,"[256, 512, 512, 256]",4,512,0.000100,0.000010,0.200000,541956,652,953,5760,1440,0.012586,0.112188,0.062629,0.986598,0.002013,0.997987,0.011389,596.900000,0.998419,0.030559,0.039360,10.546152,0.952033,0.150667,0.211444,94.186218,0.997577,0.037911,0.050086,23.658848,0.998363,0.031379,0.039729,46.137032
234,"[256, 512, 256]",3,512,0.005000,0.000010,0.100000,278276,581,882,5760,1440,0.012593,0.112219,0.067235,0.986629,0.007426,0.992574,0.005945,527.700000,0.997223,0.041112,0.052156,17.357988,0.954432,0.148829,0.206088,111.880913,0.996832,0.044056,0.057276,24.512085,0.998031,0.034942,0.043575,51.371502
235,"[256, 512, 256]",3,512,0.000500,0.000000,0.000000,278276,359,660,5760,1440,0.012597,0.112236,0.059508,0.986562,0.001919,0.998081,0.011520,339.700000,0.999075,0.024009,0.030098,10.371107,0.950270,0.153918,0.215293,112.806664,0.997994,0.034603,0.045578,18.114456,0.998907,0.025503,0.032461,42.423420
236,"[128, 256, 512, 256]",4,512,0.000500,0.000010,0.100000,305412,261,562,5760,1440,0.012598,0.112239,0.062564,0.986602,0.004136,0.995864,0.009262,346.800000,0.998538,0.029435,0.037839,12.217163,0.952703,0.148892,0.209962,116.211838,0.996956,0.041393,0.056141,19.027241,0.998213,0.030535,0.041511,26.140766
237,"[128, 256, 256, 128]",4,256,0.000100,0.000000,0.100000,139908,344,645,5760,1440,0.012602,0.112261,0.064545,0.986591,0.004145,0.995855,0.009263,372.500000,0.998303,0.032486,0.040777,15.977676,0.952428,0.153439,0.210570,112.920616,0.997219,0.041273,0.053659,18.789742,0.998415,0.030984,0.039086,122.499306
238,"[128, 256, 256, 128]",4,256,0.000500,0.000010,0.000000,139908,524,825,5760,1440,0.012607,0.112283,0.061648,0.986562,0.001514,0.998486,0.011924,491.800000,0.998605,0.029393,0.036971,11.054764,0.951059,0.153198,0.213580,102.923264,0.997867,0.036366,0.046992,23.081491,0.998715,0.027633,0.035191,22.470673
239,"[256, 512, 256]",3,512,0.005000,0.000000,0.200000,278276,333,634,5760,1440,0.012611,0.112298,0.065561,0.986600,0.003760,0.996240,0.009640,364.600000,0.997286,0.038894,0.051563,12.055561,0.953846,0.147476,0.207408,108.920357,0.997134,0.042713,0.054477,24.261345,0.998134,0.033161,0.042414,46.561996
240,"[64, 128, 256, 256, 128]",5,256,0.001000,0.000000,0.000000,145284,316,617,5760,1440,0.012611,0.112299,0.061706,0.986561,0.002104,0.997896,0.011335,375.600000,0.998666,0.029215,0.036152,11.985913,0.951225,0.152023,0.213217,119.316025,0.997776,0.036511,0.047984,22.413975,0.998576,0.029074,0.037057,31.376936
241,"[128, 256, 256, 128]",4,256,0.000100,0.000010,0.100000,139908,541,842,5760,1440,0.012612,0.112302,0.065503,0.986597,0.003541,0.996459,0.009861,500.300000,0.998177,0.032559,0.042264,12.631565,0.953233,0.150779,0.208782,88.788353,0.996759,0.045965,0.057928,24.752439,0.998221,0.032710,0.041413,60.808365
242,"[64, 128, 256, 256, 128]",5,256,0.000100,0.001000,0.200000,145284,1100,1401,5760,1440,0.012612,0.112304,0.063825,0.986582,0.003126,0.996874,0.010292,914.900000,0.997877,0.035514,0.045601,14.173243,0.952656,0.148977,0.210065,87.407898,0.997385,0.040203,0.052038,24.117464,0.998408,0.030605,0.039172,125.289520
243,"[64, 128, 128, 64]",4,128,0.000500,0.001000,0.200000,37188,1582,1883,5760,1440,0.012620,0.112338,0.068397,0.986612,0.006379,0.993621,0.007009,1087.600000,0.997132,0.041965,0.053001,17.021130,0.955209,0.145508,0.204324,113.981987,0.996630,0.046401,0.059069,23.793125,0.997477,0.039714,0.049322,74.079353
244,"[64, 128, 64]",3,128,0.000500,0.000000,0.200000,20420,1039,1340,5760,1440,0.012621,0.112344,0.066242,0.986590,0.005416,0.994584,0.007994,687.500000,0.998149,0.033702,0.042587,18.479998,0.953467,0.151009,0.208259,95.377411,0.996759,0.045628,0.057927,25.714188,0.997984,0.034629,0.044088,101.562370
245,"[128, 256, 512, 256, 128]",5,512,0.000500,0.000100,0.000000,338052,518,819,5760,1440,0.012625,0.112361,0.058693,0.986536,0.002122,0.997878,0.011342,532.600000,0.998783,0.025576,0.034527,9.261893,0.950560,0.149989,0.214666,102.976349,0.997993,0.033970,0.045589,21.544281,0.998809,0.025235,0.033886,39.955925
246,"[64, 128, 128, 64]",4,128,0.000500,0.000100,0.000000,37188,475,776,5760,1440,0.012628,0.112374,0.062448,0.986557,0.003531,0.996469,0.009912,464.200000,0.998446,0.029477,0.039019,13.188452,0.951959,0.150895,0.211607,106.702744,0.997402,0.039776,0.051863,20.563818,0.998422,0.029645,0.039006,31.189144
247,"[128, 256, 512, 256, 128]",5,512,0.000100,0.001000,0.100000,338052,693,994,5760,1440,0.012629,0.112377,0.062179,0.986545,0.002095,0.997905,0.011360,713.500000,0.998327,0.031583,0.040485,12.593616,0.951689,0.151229,0.212201,98.676277,0.997897,0.035543,0.046660,21.053957,0.998269,0.030362,0.040854,56.406303
248,"[128, 256, 256, 128]",4,256,0.000500,0.000000,0.000000,139908,323,624,5760,1440,0.012632,0.112391,0.062416,0.986557,0.002190,0.997810,0.011253,361.700000,0.998480,0.030903,0.038588,13.435220,0.952035,0.148469,0.211439,103.371292,0.997212,0.041339,0.053728,21.500683,0.998501,0.028955,0.038014,18.543619
249,"[64, 128, 256, 128, 64]",5,256,0.001000,0.000100,0.000000,87108,246,547,5760,1440,0.012634,0.112402,0.064955,0.986565,0.005626,0.994374,0.007810,339.200000,0.998473,0.030713,0.038675,13.525294,0.952735,0.152748,0.209892,113.055664,0.996993,0.043019,0.055800,25.213226,0.998058,0.033338,0.043273,35.104355
250,"[256, 512, 256]",3,512,0.000100,0.000100,0.000000,278276,555,856,5760,1440,0.012635,0.112403,0.059662,0.986526,0.001435,0.998565,0.012039,415.000000,0.998905,0.025503,0.032750,10.561889,0.950350,0.152477,0.215121,116.419029,0.997899,0.035596,0.046641,22.065693,0.998949,0.025072,0.031829,52.594212
251,"[64, 128, 64]",3,128,0.001000,0.000100,0.200000,20420,1106,1407,5760,1440,0.012635,0.112407,0.069422,0.986603,0.006049,0.993951,0.007348,717.100000,0.997328,0.041678,0.051166,13.520177,0.955679,0.145417,0.203248,100.727692,0.996448,0.046745,0.060647,27.141775,0.996956,0.043846,0.054176,81.708656
252,"[64, 128, 256, 256, 128]",5,256,0.000500,0.000010,0.100000,145284,590,891,5760,1440,0.012641,0.112431,0.065096,0.986571,0.003470,0.996530,0.009959,592.700000,0.997829,0.035489,0.046119,12.291588,0.953415,0.149628,0.208376,102.649933,0.996725,0.043670,0.058229,22.056313,0.998315,0.031600,0.040309,29.490635
253,"[128, 256, 512, 256]",4,512,0.001000,0.000100,0.100000,305412,495,796,5760,1440,0.012641,0.112432,0.062643,0.986542,0.004121,0.995879,0.009337,489.300000,0.998434,0.030853,0.039171,10.890970,0.951855,0.150676,0.211836,126.332237,0.997428,0.039230,0.051601,20.580463,0.998452,0.029811,0.038636,30.810482
254,"[256, 512, 256]",3,512,0.001000,0.000100,0.200000,278276,702,1003,5760,1440,0.012641,0.112434,0.064300,0.986567,0.005188,0.994812,0.008245,560.100000,0.997928,0.034548,0.045050,11.544035,0.953338,0.147746,0.208547,95.142319,0.996836,0.041960,0.057237,20.956402,0.998166,0.032943,0.042054,16.745985
255,"[256, 512, 512, 256]",4,512,0.000100,0.000100,0.000000,541956,740,1041,5760,1440,0.012661,0.112522,0.061408,0.986519,0.001258,0.998742,0.012222,641.500000,0.998751,0.026784,0.034985,8.994324,0.951356,0.152019,0.212929,107.362595,0.997236,0.039812,0.053492,19.532347,0.998734,0.027016,0.034941,25.479504
256,"[128, 256, 512, 256]",4,512,0.001000,0.000000,0.100000,305412,132,433,5760,1440,0.012662,0.112525,0.069210,0.986568,0.006081,0.993919,0.007351,259.300000,0.997681,0.038130,0.047666,12.748834,0.954852,0.149440,0.205137,103.066788,0.996338,0.048422,0.061575,24.268221,0.997404,0.040850,0.050031,43.197716
257,"[256, 512, 512, 256]",4,512,0.005000,0.000000,0.200000,541956,321,622,5760,1440,0.012671,0.112565,0.066170,0.986553,0.004221,0.995779,0.009226,373.200000,0.998285,0.031371,0.040991,14.412947,0.954201,0.150175,0.206610,110.062851,0.996235,0.044986,0.062439,22.709560,0.997493,0.038146,0.049167,50.856110
258,"[128, 256, 512, 256, 128]",5,512,0.000100,0.000010,0.200000,338052,745,1046,5760,1440,0.012672,0.112569,0.067006,0.986560,0.003667,0.996333,0.009773,690.400000,0.997914,0.035339,0.045203,16.469585,0.954637,0.147501,0.205624,103.376694,0.996112,0.047212,0.063447,23.335135,0.997576,0.037972,0.048346,81.260712
259,"[128, 256, 512, 256, 128]",5,512,0.005000,0.000000,0.100000,338052,681,982,5760,1440,0.012674,0.112577,0.063403,0.986517,0.002281,0.997719,0.011201,652.800000,0.998621,0.028958,0.036749,11.645988,0.952068,0.150715,0.211365,134.605865,0.996998,0.043027,0.055754,19.080191,0.998382,0.030913,0.039499,79.182594
260,"[64, 128, 256, 128]",4,256,0.000100,0.000010,0.200000,78980,1075,1376,5760,1440,0.012675,0.112583,0.065651,0.986526,0.004968,0.995032,0.008506,792.900000,0.998138,0.032895,0.042705,15.090986,0.953054,0.151070,0.209181,91.568054,0.997011,0.043368,0.055632,23.846104,0.997900,0.035271,0.044997,114.426147
261,"[128, 256, 128]",3,256,0.001000,0.000010,0.200000,73604,436,737,5760,1440,0.012676,0.112587,0.066773,0.986541,0.005349,0.994651,0.008110,383.300000,0.997852,0.035458,0.045870,13.395181,0.953940,0.149837,0.207197,119.994469,0.996619,0.045821,0.059168,26.885857,0.997752,0.035975,0.046560,57.336143
262,"[128, 256, 256, 128, 64]",5,256,0.001000,0.000010,0.000000,148036,640,941,5760,1440,0.012679,0.112600,0.059915,0.986476,0.001459,0.998541,0.012065,630.400000,0.998969,0.024847,0.031776,9.702880,0.950099,0.154459,0.215664,105.531319,0.997986,0.034365,0.045662,19.104868,0.998850,0.025989,0.033304,39.299911
263,"[64, 128, 256, 128, 64]",5,256,0.000100,0.001000,0.100000,87108,547,848,5760,1440,0.012681,0.112610,0.065960,0.986529,0.004507,0.995493,0.008965,544.300000,0.997790,0.036680,0.046527,13.794887,0.953790,0.146115,0.207536,110.771065,0.996935,0.042969,0.056334,23.906874,0.997599,0.038075,0.048109,130.622574
264,"[128, 256, 128]",3,256,0.005000,0.000000,0.200000,73604,452,753,5760,1440,0.012681,0.112611,0.066100,0.986543,0.005109,0.994891,0.008348,390.900000,0.998399,0.030672,0.039608,12.447288,0.953817,0.148160,0.207473,114.107773,0.996011,0.051498,0.064264,29.673925,0.997945,0.034070,0.044508,61.098057
265,"[64, 128, 64]",3,128,0.000100,0.000010,0.100000,20420,1303,1604,5760,1440,0.012682,0.112616,0.065977,0.986520,0.005980,0.994020,0.007500,827.400000,0.998144,0.033480,0.042645,16.153025,0.953055,0.152398,0.209178,91.673744,0.996907,0.043428,0.056589,28.176258,0.997974,0.034603,0.044195,55.108768
266,"[64, 128, 256, 256, 128]",5,256,0.000500,0.001000,0.000000,145284,726,1027,5760,1440,0.012685,0.112629,0.064724,0.986504,0.003998,0.996002,0.009499,692.400000,0.997816,0.036064,0.046251,13.138673,0.952488,0.151268,0.210438,129.087723,0.997444,0.038845,0.051445,21.876646,0.998267,0.032720,0.040880,63.481739
267,"[256, 512, 512, 256]",4,512,0.001000,0.000100,0.200000,541956,746,1047,5760,1440,0.012686,0.112633,0.065439,0.986542,0.004587,0.995413,0.008871,661.500000,0.997430,0.038461,0.050178,11.275863,0.954369,0.144579,0.206230,104.920151,0.996257,0.045838,0.062250,21.084639,0.998111,0.032876,0.042677,37.379070
268,"[128, 256, 128]",3,256,0.001000,0.000100,0.200000,73604,621,922,5760,1440,0.012688,0.112640,0.065559,0.986522,0.006196,0.993804,0.007282,481.900000,0.997753,0.036062,0.046916,11.415926,0.953832,0.145633,0.207441,102.595657,0.996923,0.043329,0.056446,21.148031,0.997581,0.037214,0.048289,63.090523
269,"[128, 256, 512, 256, 128]",5,512,0.000100,0.000100,0.100000,338052,312,613,5760,1440,0.012692,0.112661,0.065232,0.986510,0.004382,0.995618,0.009107,408.200000,0.998006,0.033583,0.044200,13.563048,0.953249,0.149494,0.208745,106.334732,0.997002,0.042998,0.055718,22.600992,0.997784,0.034854,0.046226,57.224739
270,"[256, 512, 512, 256]",4,512,0.000500,0.000010,0.100000,541956,206,507,5760,1440,0.012693,0.112664,0.064983,0.986502,0.004205,0.995795,0.009293,319.500000,0.997899,0.034956,0.045370,13.942071,0.953094,0.148480,0.209091,95.153778,0.997372,0.040133,0.052162,19.419056,0.997641,0.036363,0.047692,37.011936
271,"[64, 128, 128, 64]",4,128,0.001000,0.001000,0.000000,37188,832,1133,5760,1440,0.012695,0.112673,0.064531,0.986495,0.006881,0.993119,0.006624,669.400000,0.997983,0.034026,0.044450,13.401817,0.952368,0.153411,0.210703,105.722137,0.997289,0.039765,0.052980,18.433647,0.998338,0.030923,0.040026,100.021271
272,"[64, 128, 256, 128]",4,256,0.000500,0.000010,0.000000,78980,436,737,5760,1440,0.012698,0.112687,0.062435,0.986485,0.002263,0.997737,0.011252,419.800000,0.998777,0.027257,0.034609,9.834379,0.951503,0.153249,0.212609,106.618782,0.997091,0.040543,0.054878,21.244040,0.998567,0.028692,0.037169,45.962162
273,"[64, 128, 64]",3,128,0.000500,0.000100,0.200000,20420,970,1271,5760,1440,0.012720,0.112784,0.069904,0.986518,0.005974,0.994026,0.007508,676.200000,0.997512,0.039950,0.049371,14.362055,0.954933,0.148186,0.204952,93.679993,0.995856,0.053329,0.065503,25.428699,0.997773,0.038151,0.046341,83.257118
274,"[64, 128, 256, 256, 128]",5,256,0.000100,0.000010,0.100000,145284,710,1011,5760,1440,0.012726,0.112812,0.065198,0.986488,0.003840,0.996160,0.009672,656.900000,0.998013,0.034169,0.044116,12.123274,0.953551,0.146951,0.208071,88.227158,0.996425,0.045673,0.060843,27.154882,0.997963,0.033999,0.044320,34.289902
275,"[128, 256, 512, 256, 128]",5,512,0.000100,0.000010,0.100000,338052,409,710,5760,1440,0.012739,0.112869,0.064113,0.986448,0.003385,0.996615,0.010166,471.400000,0.998366,0.030477,0.040008,13.254210,0.951945,0.153515,0.211638,102.794083,0.997034,0.042622,0.055413,21.462671,0.998448,0.029838,0.038676,39.910839
276,"[64, 128, 256, 128]",4,256,0.001000,0.001000,0.000000,78980,1110,1411,5760,1440,0.012747,0.112902,0.063925,0.986434,0.005855,0.994145,0.007711,831.400000,0.998369,0.032246,0.039976,11.706411,0.951732,0.151024,0.212106,122.594780,0.997316,0.040373,0.052714,24.054445,0.998318,0.032059,0.040268,53.088985
277,"[64, 128, 64]",3,128,0.000500,0.001000,0.200000,20420,923,1224,5760,1440,0.012752,0.112924,0.067079,0.986456,0.006818,0.993182,0.006727,780.400000,0.997562,0.038887,0.048874,14.530439,0.953488,0.148320,0.208213,100.981445,0.996812,0.045595,0.057451,27.401459,0.997961,0.035513,0.044336,111.986610
278,"[256, 512, 512, 256]",4,512,0.000100,0.000100,0.100000,541956,477,778,5760,1440,0.012756,0.112941,0.063933,0.986438,0.002227,0.997773,0.011335,489.300000,0.998446,0.030442,0.039011,10.052358,0.952368,0.149294,0.210704,124.368683,0.996842,0.042916,0.057177,20.858828,0.998096,0.033078,0.042846,42.066887
279,"[128, 256, 256, 128, 64]",5,256,0.000500,0.000100,0.100000,148036,814,1115,5760,1440,0.012762,0.112969,0.066923,0.986458,0.003482,0.996518,0.010059,784.800000,0.997109,0.039832,0.053213,16.279736,0.954365,0.149095,0.206239,101.074638,0.996592,0.043944,0.059402,23.140093,0.997766,0.034823,0.046405,61.586208
280,"[128, 256, 512, 256, 128]",5,512,0.005000,0.000010,0.100000,338052,1218,1519,5760,1440,0.012769,0.113001,0.064762,0.986423,0.004432,0.995568,0.009145,1038.400000,0.998043,0.033658,0.043788,12.383067,0.952385,0.148628,0.210666,107.544823,0.997010,0.043828,0.055638,20.434921,0.998254,0.032934,0.041031,75.158592
281,"[64, 128, 128, 64]",4,128,0.001000,0.000100,0.100000,37188,1033,1334,5760,1440,0.012780,0.113049,0.068516,0.986448,0.004864,0.995136,0.008688,750.400000,0.997353,0.039727,0.050926,13.857753,0.954549,0.148301,0.205822,97.025391,0.996194,0.048870,0.062772,22.629875,0.997694,0.037165,0.047152,68.800980
282,"[64, 128, 256, 256, 128]",5,256,0.001000,0.000100,0.100000,145284,623,924,5760,1440,0.012788,0.113085,0.066002,0.986406,0.004568,0.995432,0.009027,628.900000,0.998305,0.032591,0.040747,14.271167,0.952474,0.152206,0.210468,119.685753,0.996838,0.044846,0.057215,17.698763,0.998006,0.034366,0.043843,80.993713
283,"[256, 512, 512, 256]",4,512,0.005000,0.000010,0.100000,541956,684,985,5760,1440,0.012792,0.113100,0.066073,0.986413,0.005457,0.994543,0.008130,624.300000,0.997856,0.034725,0.045825,11.685184,0.953297,0.150837,0.208640,106.239883,0.996735,0.042709,0.058143,17.841330,0.997764,0.036021,0.046426,36.302513
284,"[64, 128, 128, 64]",4,128,0.000500,0.001000,0.000000,37188,574,875,5760,1440,0.012792,0.113103,0.062871,0.986376,0.005218,0.994782,0.008407,490.800000,0.998187,0.032067,0.042147,12.896954,0.950997,0.154408,0.213715,117.453384,0.997595,0.037726,0.049896,18.794624,0.998725,0.027284,0.035063,63.023525
285,"[128, 256, 256, 128]",4,256,0.005000,0.000000,0.100000,139908,396,697,5760,1440,0.012794,0.113111,0.065389,0.986406,0.003967,0.996033,0.009627,410.400000,0.998290,0.032527,0.040928,11.310965,0.952525,0.150651,0.210356,86.168808,0.996526,0.045727,0.059973,28.167604,0.998283,0.032649,0.040685,73.139236
286,"[64, 128, 256, 128]",4,256,0.000100,0.000100,0.200000,78980,794,1095,5760,1440,0.012795,0.113114,0.067236,0.986410,0.005190,0.994810,0.008400,643.200000,0.998124,0.034350,0.042873,15.798050,0.953119,0.150696,0.209036,84.507523,0.996574,0.047359,0.059557,26.261616,0.997824,0.036540,0.045804,79.362007
287,"[128, 256, 512, 256]",4,512,0.000500,0.000100,0.200000,305412,234,535,5760,1440,0.012796,0.113120,0.067377,0.986409,0.006713,0.993287,0.006878,330.400000,0.997863,0.036614,0.045750,13.393625,0.953411,0.150182,0.208385,90.198532,0.996736,0.043643,0.058132,20.360392,0.997627,0.039071,0.047828,44.921539
288,"[128, 256, 256, 128]",4,256,0.001000,0.000100,0.200000,139908,949,1250,5760,1440,0.012796,0.113121,0.067561,0.986425,0.004669,0.995331,0.008906,792.800000,0.997581,0.037829,0.048681,12.623231,0.954318,0.149330,0.206346,139.927872,0.996338,0.045757,0.061572,19.354002,0.997464,0.037329,0.049451,95.723503
289,"[256, 512, 512, 256]",4,512,0.005000,0.000000,0.100000,541956,735,1036,5760,1440,0.012799,0.113131,0.064339,0.986384,0.002025,0.997975,0.011591,625.300000,0.998207,0.034005,0.041911,10.715124,0.951878,0.148906,0.211784,93.037285,0.997208,0.041647,0.053765,16.709183,0.998242,0.032798,0.041170,46.637115
290,"[128, 256, 256, 128, 64]",5,256,0.005000,0.000100,0.000000,148036,997,1298,5760,1440,0.012800,0.113135,0.064425,0.986393,0.007650,0.992350,0.005956,857.400000,0.998257,0.031827,0.041319,12.750058,0.952333,0.151159,0.210782,114.890274,0.996837,0.043179,0.057225,21.407469,0.998146,0.031534,0.042278,38.162361
291,"[128, 256, 512, 256]",4,512,0.000100,0.000100,0.000000,305412,1103,1404,5760,1440,0.012800,0.113139,0.062968,0.986367,0.001058,0.998942,0.012576,869.500000,0.998559,0.029887,0.037567,10.585909,0.950858,0.152787,0.214019,126.041969,0.997489,0.039483,0.050985,21.510294,0.998562,0.029717,0.037241,36.580814
292,"[256, 512, 256]",3,512,0.000100,0.000000,0.000000,278276,590,891,5760,1440,0.012816,0.113207,0.062209,0.986346,0.001763,0.998237,0.011891,437.200000,0.998646,0.028748,0.036423,12.816317,0.950529,0.153198,0.214733,107.497093,0.997603,0.038111,0.049820,19.925898,0.998605,0.028779,0.036674,45.903851
293,"[128, 256, 512, 256, 128]",5,512,0.001000,0.000100,0.100000,338052,945,1246,5760,1440,0.012818,0.113217,0.065368,0.986375,0.003767,0.996233,0.009858,840.100000,0.998037,0.034210,0.043850,9.795652,0.952512,0.148069,0.210385,114.107521,0.996934,0.044028,0.056340,18.188210,0.998015,0.035165,0.043742,76.698425
294,"[64, 128, 256, 256, 128]",5,256,0.005000,0.000100,0.000000,145284,1244,1545,5760,1440,0.012820,0.113226,0.066966,0.986382,0.008578,0.991422,0.005040,1039.800000,0.997842,0.036179,0.045978,11.299197,0.953046,0.151660,0.209198,96.596222,0.996721,0.044594,0.058264,24.387632,0.997917,0.035431,0.044811,99.470886
295,"[64, 128, 64]",3,128,0.000100,0.000000,0.100000,20420,810,1111,5760,1440,0.012825,0.113247,0.065702,0.986361,0.006341,0.993659,0.007298,598.500000,0.998212,0.032130,0.041856,15.280020,0.952089,0.153956,0.211320,91.626930,0.997053,0.042689,0.055235,27.282421,0.998091,0.034032,0.042901,67.266426
296,"[128, 256, 256, 128, 64]",5,256,0.000100,0.000000,0.100000,148036,1013,1314,5760,1440,0.012833,0.113285,0.067700,0.986375,0.003096,0.996904,0.010530,849.300000,0.997484,0.039346,0.049644,12.728715,0.953400,0.149848,0.208409,103.402573,0.996591,0.046526,0.059414,22.026289,0.998024,0.035081,0.043646,46.925434
297,"[256, 512, 512, 256]",4,512,0.001000,0.000010,0.100000,541956,356,657,5760,1440,0.012835,0.113293,0.064059,0.986340,0.003477,0.996523,0.010183,413.200000,0.997913,0.035247,0.045220,14.593514,0.951843,0.148884,0.211862,126.725052,0.997582,0.037560,0.050037,18.416698,0.998022,0.034544,0.043674,52.911983
298,"[128, 256, 512, 256]",4,512,0.001000,0.000100,0.200000,305412,537,838,5760,1440,0.012836,0.113294,0.067426,0.986382,0.006150,0.993850,0.007468,513.900000,0.997829,0.035951,0.046121,12.276251,0.953675,0.149330,0.207792,107.970940,0.996143,0.048618,0.063191,25.752087,0.997880,0.035806,0.045214,77.828888
299,"[128, 256, 256, 128, 64]",5,256,0.000500,0.000010,0.000000,148036,581,882,5760,1440,0.012839,0.113311,0.061477,0.986322,0.001541,0.998459,0.012137,583.500000,0.998544,0.029499,0.037767,11.178449,0.950526,0.151447,0.214738,117.801323,0.997585,0.037033,0.050001,16.757986,0.998632,0.027928,0.036316,32.058517
300,"[64, 128, 256, 128]",4,256,0.005000,0.000000,0.200000,78980,669,970,5760,1440,0.012840,0.113312,0.066134,0.986356,0.004798,0.995202,0.008846,538.100000,0.997716,0.036520,0.047300,13.696908,0.952819,0.149605,0.209705,112.789505,0.996946,0.043703,0.056234,20.912348,0.997943,0.034710,0.044531,46.562294
301,"[128, 256, 512, 256, 128]",5,512,0.000500,0.001000,0.000000,338052,538,839,5760,1440,0.012841,0.113320,0.064137,0.986343,0.004953,0.995047,0.008704,545.600000,0.998329,0.030939,0.040459,13.183815,0.951838,0.153101,0.211874,106.532074,0.996975,0.042181,0.055961,21.164230,0.998230,0.030327,0.041306,81.548271
302,"[64, 128, 256, 256, 128]",5,256,0.000100,0.000000,0.200000,145284,534,835,5760,1440,0.012850,0.113356,0.068232,0.986365,0.005951,0.994049,0.007684,526.800000,0.997694,0.037061,0.047524,14.494609,0.953568,0.151584,0.208034,103.174728,0.996233,0.049501,0.062455,31.640068,0.997966,0.034781,0.044283,36.379189
303,"[64, 128, 64]",3,128,0.001000,0.001000,0.200000,20420,1479,1780,5760,1440,0.012853,0.113370,0.065579,0.986338,0.007968,0.992032,0.005694,958.900000,0.997786,0.036380,0.046575,15.323788,0.952393,0.150279,0.210648,120.847160,0.996969,0.042628,0.056020,21.065546,0.998204,0.033030,0.041612,71.681847
304,"[128, 256, 512, 256, 128]",5,512,0.000100,0.001000,0.200000,338052,556,857,5760,1440,0.012859,0.113398,0.067416,0.986346,0.003701,0.996299,0.009953,588.100000,0.997649,0.037201,0.047989,12.507370,0.953646,0.147469,0.207857,101.670158,0.996769,0.045570,0.057836,22.366154,0.997320,0.039426,0.050834,104.028275
305,"[64, 128, 256, 128]",4,256,0.005000,0.000010,0.200000,78980,470,771,5760,1440,0.012859,0.113399,0.068310,0.986353,0.007810,0.992190,0.005837,448.900000,0.997607,0.037266,0.048415,15.480016,0.954050,0.150462,0.206950,115.125999,0.996569,0.045572,0.059598,25.680479,0.997186,0.039940,0.052086,82.506638
306,"[128, 256, 256, 128]",4,256,0.000100,0.001000,0.000000,139908,503,804,5760,1440,0.012863,0.113417,0.063186,0.986313,0.002258,0.997742,0.011428,479.200000,0.998492,0.029733,0.038433,9.983747,0.951191,0.152328,0.213290,132.440430,0.997013,0.041563,0.055612,24.603342,0.998557,0.029119,0.037293,42.725143
307,"[64, 128, 128, 64]",4,128,0.001000,0.000010,0.000000,37188,477,778,5760,1440,0.012873,0.113461,0.064119,0.986306,0.003241,0.996759,0.010453,445.300000,0.998273,0.031530,0.041129,12.576860,0.951541,0.149936,0.212526,107.936134,0.997061,0.043542,0.055161,22.551516,0.998349,0.031468,0.039901,27.915012
308,"[64, 128, 256, 256, 128]",5,256,0.005000,0.000010,0.100000,145284,682,983,5760,1440,0.012875,0.113466,0.067449,0.986330,0.005542,0.994458,0.008128,656.900000,0.997470,0.039347,0.049779,13.235312,0.953239,0.150509,0.208769,98.612465,0.996639,0.045326,0.058989,22.366320,0.997971,0.034616,0.044232,59.715084
309,"[128, 256, 512, 256, 128]",5,512,0.001000,0.000010,0.100000,338052,390,691,5760,1440,0.012885,0.113514,0.066156,0.986300,0.003430,0.996570,0.010270,493.900000,0.997357,0.040324,0.050888,12.773809,0.952369,0.150134,0.210702,112.193779,0.997274,0.041355,0.053129,19.096945,0.998201,0.032810,0.041644,49.969406
310,"[64, 128, 128, 64]",4,128,0.000100,0.000010,0.100000,37188,931,1232,5760,1440,0.012890,0.113535,0.067367,0.986316,0.005673,0.994327,0.008011,713.500000,0.997855,0.034660,0.045840,16.176291,0.953215,0.150002,0.208822,86.328850,0.996445,0.048204,0.060667,30.530445,0.997747,0.036602,0.046603,84.531639
311,"[64, 128, 256, 128, 64]",5,256,0.005000,0.000000,0.000000,87108,363,664,5760,1440,0.012891,0.113537,0.062484,0.986276,0.002861,0.997139,0.010863,389.800000,0.998194,0.030821,0.042062,10.686655,0.950801,0.152364,0.214142,98.524857,0.997396,0.038572,0.051923,21.425901,0.998713,0.028177,0.035219,39.169487
312,"[64, 128, 128, 64]",4,128,0.000100,0.001000,0.000000,37188,542,843,5760,1440,0.012892,0.113542,0.066478,0.986294,0.004163,0.995837,0.009543,462.100000,0.998219,0.034063,0.041773,14.399961,0.952011,0.153050,0.211492,97.794968,0.996916,0.042853,0.056503,23.801374,0.998029,0.035947,0.043592,72.721336
313,"[64, 128, 256, 128]",4,256,0.000500,0.000010,0.100000,78980,329,630,5760,1440,0.012892,0.113542,0.067737,0.986317,0.005451,0.994549,0.008233,362.200000,0.997960,0.034999,0.044704,11.926694,0.953521,0.150021,0.208139,100.072556,0.996408,0.046975,0.060980,24.544172,0.997378,0.038954,0.050282,69.790817
314,"[128, 256, 256, 128, 64]",5,256,0.000500,0.001000,0.000000,148036,620,921,5760,1440,0.012892,0.113543,0.062023,0.986261,0.003371,0.996629,0.010368,607.600000,0.998586,0.028722,0.037219,9.716623,0.950091,0.154178,0.215680,123.586479,0.997709,0.037205,0.048704,25.347496,0.998659,0.027987,0.035956,48.967533
315,"[64, 128, 256, 128]",4,256,0.005000,0.000000,0.100000,78980,260,561,5760,1440,0.012896,0.113559,0.068725,0.986308,0.005819,0.994181,0.007873,313.800000,0.997536,0.038980,0.049127,17.282036,0.953463,0.150308,0.208269,79.928268,0.996715,0.046432,0.058317,25.416466,0.997518,0.039179,0.048916,79.404289
316,"[64, 128, 128, 64]",4,128,0.001000,0.000000,0.100000,37188,732,1033,5760,1440,0.012898,0.113569,0.069321,0.986324,0.005177,0.994823,0.008499,558.100000,0.996814,0.043844,0.055865,13.584196,0.954803,0.146806,0.205248,100.951653,0.996479,0.045651,0.060379,24.185728,0.997201,0.040982,0.051944,88.403114
317,"[64, 128, 256, 256, 128]",5,256,0.001000,0.001000,0.000000,145284,1128,1429,5760,1440,0.012901,0.113583,0.063795,0.986269,0.005794,0.994206,0.007937,959.000000,0.998502,0.029602,0.038307,12.027575,0.951002,0.154137,0.213703,96.287849,0.997233,0.040399,0.053523,22.325724,0.998337,0.031044,0.040042,147.240356
318,"[256, 512, 512, 256]",4,512,0.000500,0.000000,0.200000,541956,281,582,5760,1440,0.012904,0.113594,0.067112,0.986302,0.005048,0.994952,0.008649,349.100000,0.998328,0.031675,0.040473,12.837766,0.952946,0.151835,0.209420,94.518814,0.996171,0.049321,0.062963,25.330160,0.997764,0.035617,0.046426,51.871445
319,"[128, 256, 512, 256, 128]",5,512,0.000100,0.000000,0.200000,338052,707,1008,5760,1440,0.012907,0.113611,0.067027,0.986294,0.003668,0.996332,0.010038,647.400000,0.997782,0.037254,0.046611,16.882914,0.952869,0.150779,0.209593,90.133911,0.996505,0.045479,0.060158,29.290022,0.998020,0.034595,0.043690,112.946991
320,"[256, 512, 512, 256]",4,512,0.001000,0.000000,0.200000,541956,254,555,5760,1440,0.012908,0.113613,0.066662,0.986286,0.004272,0.995728,0.009442,332.000000,0.998047,0.034939,0.043739,10.891506,0.952605,0.148600,0.210179,122.441406,0.996717,0.046349,0.058299,20.865124,0.997776,0.036759,0.046310,47.289200
321,"[128, 256, 512, 256]",4,512,0.000500,0.000010,0.200000,305412,347,648,5760,1440,0.012912,0.113629,0.066327,0.986279,0.003916,0.996084,0.009805,396.600000,0.998057,0.034718,0.043625,12.507124,0.952140,0.152833,0.211208,113.857941,0.996683,0.044991,0.058606,21.404488,0.998237,0.032766,0.041229,39.162788
322,"[256, 512, 256]",3,512,0.005000,0.000100,0.200000,278276,1145,1446,5760,1440,0.012913,0.113636,0.066824,0.986282,0.009337,0.990664,0.004382,862.400000,0.997706,0.036252,0.047404,13.254882,0.952547,0.153399,0.210307,110.861069,0.996723,0.044717,0.058251,21.437151,0.998151,0.032929,0.042224,32.782017
323,"[128, 256, 512, 256, 128]",5,512,0.001000,0.000000,0.000000,338052,202,503,5760,1440,0.012913,0.113637,0.062695,0.986256,0.002984,0.997016,0.010761,328.100000,0.998556,0.028151,0.037611,13.985538,0.951075,0.150759,0.213545,132.150391,0.997274,0.039579,0.053124,22.366508,0.998118,0.032291,0.042602,48.432129
324,"[64, 128, 256, 128]",4,256,0.001000,0.000100,0.100000,78980,971,1272,5760,1440,0.012918,0.113660,0.067039,0.986276,0.004084,0.995916,0.009640,765.200000,0.997632,0.037069,0.048164,11.584061,0.953145,0.150069,0.208978,131.481857,0.997026,0.042172,0.055489,20.487717,0.997300,0.038847,0.051023,55.410255
325,"[256, 512, 256]",3,512,0.000100,0.000010,0.000000,278276,279,580,5760,1440,0.012919,0.113663,0.064856,0.986253,0.003119,0.996881,0.010628,280.800000,0.998334,0.031600,0.040394,12.422075,0.951149,0.154741,0.213384,105.181030,0.997189,0.041922,0.053945,23.242296,0.998338,0.031159,0.040034,63.859581
326,"[256, 512, 512, 256]",4,512,0.000500,0.000000,0.100000,541956,184,485,5760,1440,0.012928,0.113700,0.068082,0.986279,0.004924,0.995076,0.008797,291.300000,0.997639,0.037802,0.048089,13.251947,0.953389,0.148888,0.208433,110.376106,0.996457,0.047389,0.060565,22.357883,0.997630,0.038249,0.047804,73.438507
327,"[128, 256, 256, 128]",4,256,0.000100,0.000100,0.200000,139908,570,871,5760,1440,0.012928,0.113701,0.067676,0.986261,0.004468,0.995532,0.009272,517.400000,0.997981,0.034954,0.044478,15.068876,0.952600,0.152548,0.210191,95.086922,0.996997,0.043399,0.055764,27.546734,0.997466,0.039804,0.049429,97.960533
328,"[64, 128, 64]",3,128,0.001000,0.000010,0.200000,20420,581,882,5760,1440,0.012930,0.113711,0.067977,0.986285,0.006391,0.993609,0.007323,446.200000,0.997811,0.035865,0.046311,18.106936,0.953698,0.149840,0.207740,110.161522,0.996059,0.048962,0.063880,27.926027,0.997573,0.037240,0.048368,42.345898
329,"[128, 256, 256, 128]",4,256,0.000500,0.000000,0.100000,139908,249,550,5760,1440,0.012931,0.113713,0.068219,0.986292,0.005019,0.994982,0.008689,317.000000,0.997701,0.037556,0.047455,14.234646,0.954001,0.148878,0.207061,94.514084,0.995812,0.049015,0.065847,25.494158,0.997656,0.037426,0.047542,28.362272
330,"[64, 128, 128, 64]",4,128,0.001000,0.000000,0.000000,37188,236,537,5760,1440,0.012934,0.113729,0.066861,0.986262,0.005164,0.994836,0.008574,292.200000,0.998165,0.033312,0.042400,15.103396,0.952636,0.151514,0.210110,101.911545,0.996545,0.046112,0.059810,25.380219,0.997702,0.036506,0.047069,45.010143
331,"[64, 128, 256, 128]",4,256,0.001000,0.000000,0.100000,78980,530,831,5760,1440,0.012942,0.113764,0.066494,0.986246,0.003604,0.996396,0.010150,475.500000,0.998000,0.035385,0.044267,11.841903,0.952342,0.149912,0.210761,106.354797,0.996863,0.044081,0.056993,23.196661,0.997779,0.036596,0.046269,35.983459
332,"[64, 128, 256, 128, 64]",5,256,0.001000,0.000100,0.100000,87108,1325,1626,5760,1440,0.012943,0.113766,0.065963,0.986246,0.003795,0.996205,0.009959,1051.800000,0.997657,0.037250,0.047907,15.324775,0.952450,0.148682,0.210523,112.782219,0.996934,0.043003,0.056344,20.489162,0.997945,0.034917,0.044510,91.980515
333,"[128, 256, 512, 256, 128]",5,512,0.000100,0.000100,0.200000,338052,731,1032,5760,1440,0.012943,0.113769,0.066690,0.986255,0.003147,0.996853,0.010598,685.400000,0.997488,0.038611,0.049606,14.080024,0.952606,0.149926,0.210176,114.365181,0.996550,0.046967,0.059769,27.239315,0.998375,0.031257,0.039580,41.650009
334,"[128, 256, 128]",3,256,0.005000,0.000010,0.100000,73604,658,959,5760,1440,0.012945,0.113778,0.068599,0.986256,0.006603,0.993397,0.007141,512.900000,0.997701,0.038520,0.047457,13.327800,0.953021,0.151535,0.209255,117.723099,0.996490,0.047080,0.060284,24.565126,0.997814,0.037263,0.045904,56.541245
335,"[64, 128, 256, 256, 128]",5,256,0.000100,0.000010,0.200000,145284,864,1165,5760,1440,0.012946,0.113782,0.067292,0.986251,0.005219,0.994781,0.008530,759.100000,0.997900,0.035776,0.045361,15.601768,0.952674,0.151235,0.210025,107.917099,0.996562,0.046261,0.059660,29.281771,0.997866,0.035898,0.045359,80.911407
336,"[64, 128, 256, 128, 64]",5,256,0.000100,0.000100,0.100000,87108,947,1248,5760,1440,0.012947,0.113783,0.067602,0.986247,0.004018,0.995982,0.009735,800.900000,0.997925,0.035903,0.045086,18.194962,0.952725,0.150984,0.209913,103.067093,0.996759,0.044918,0.057923,26.234903,0.997578,0.038603,0.048319,63.558739
337,"[128, 256, 256, 128, 64]",5,256,0.000500,0.001000,0.200000,148036,1304,1605,5760,1440,0.012947,0.113784,0.070528,0.986272,0.006218,0.993782,0.007510,1099.600000,0.996451,0.047289,0.058961,18.493708,0.954668,0.147061,0.205554,125.258461,0.996580,0.047362,0.059502,28.325108,0.997388,0.040402,0.050182,78.404427
338,"[128, 256, 512, 256]",4,512,0.001000,0.000000,0.200000,305412,591,892,5760,1440,0.012948,0.113788,0.066900,0.986247,0.002892,0.997108,0.010861,532.000000,0.997645,0.037313,0.048031,11.710032,0.952701,0.150660,0.209967,110.843254,0.996713,0.045819,0.058339,20.721582,0.997931,0.033807,0.044658,42.876499
339,"[256, 512, 256]",3,512,0.001000,0.000010,0.200000,278276,310,611,5760,1440,0.012949,0.113792,0.068905,0.986273,0.006253,0.993747,0.007474,352.200000,0.997127,0.041206,0.053052,13.156918,0.953915,0.149265,0.207255,101.304710,0.995928,0.051259,0.064933,23.673975,0.998124,0.033889,0.042533,67.016930
340,"[128, 256, 128]",3,256,0.000100,0.000000,0.000000,73604,411,712,5760,1440,0.012951,0.113805,0.065493,0.986226,0.003732,0.996267,0.010042,348.600000,0.998307,0.031739,0.040725,13.589493,0.951344,0.154615,0.212957,92.215614,0.996922,0.043796,0.056453,26.628586,0.998330,0.031822,0.040122,45.207478
341,"[64, 128, 256, 128, 64]",5,256,0.000500,0.000100,0.000000,87108,211,512,5760,1440,0.012972,0.113895,0.066346,0.986209,0.004744,0.995255,0.009047,309.500000,0.997673,0.037273,0.047742,13.154829,0.951984,0.153313,0.211552,104.459167,0.997122,0.041490,0.054587,21.693295,0.998055,0.033307,0.043301,47.326313
342,"[64, 128, 256, 128, 64]",5,256,0.005000,0.000010,0.100000,87108,870,1171,5760,1440,0.012975,0.113908,0.067451,0.986251,0.005372,0.994628,0.008377,740.400000,0.997832,0.036220,0.046084,14.075638,0.953765,0.147770,0.207591,114.401787,0.995420,0.051855,0.068862,25.660252,0.997988,0.033960,0.044045,76.017899
343,"[64, 128, 256, 256, 128]",5,256,0.000100,0.000100,0.200000,145284,985,1286,5760,1440,0.012977,0.113918,0.068150,0.986216,0.004535,0.995465,0.009249,838.500000,0.997488,0.039204,0.049605,13.765432,0.952863,0.150226,0.209607,112.115860,0.996841,0.045387,0.057192,25.403526,0.997674,0.037782,0.047354,119.597214
344,"[128, 256, 256, 128, 64]",5,256,0.000100,0.000100,0.100000,148036,756,1057,5760,1440,0.012978,0.113923,0.067424,0.986220,0.003449,0.996551,0.010331,719.000000,0.997639,0.038271,0.048093,15.355710,0.952743,0.150209,0.209873,91.975410,0.996518,0.046645,0.060046,22.228785,0.997979,0.034570,0.044143,46.925430
345,"[128, 256, 512, 256]",4,512,0.005000,0.000100,0.100000,305412,1025,1326,5760,1440,0.012992,0.113984,0.067607,0.986217,0.008707,0.991293,0.005075,818.000000,0.997835,0.035710,0.046048,13.961439,0.952942,0.152893,0.209431,124.770874,0.995914,0.050457,0.065041,27.682444,0.998177,0.031367,0.041921,108.473984
346,"[64, 128, 256, 128]",4,256,0.000500,0.000000,0.000000,78980,394,695,5760,1440,0.012993,0.113987,0.065046,0.986189,0.002485,0.997515,0.011325,386.600000,0.998130,0.033341,0.042799,12.623850,0.951555,0.151573,0.212494,124.306999,0.996688,0.044307,0.058562,21.865984,0.998385,0.030965,0.039459,69.738319
347,"[128, 256, 256, 128, 64]",5,256,0.000100,0.001000,0.100000,148036,709,1010,5760,1440,0.012997,0.114002,0.067247,0.986183,0.002914,0.997086,0.010904,694.900000,0.997595,0.038245,0.048536,15.056733,0.952136,0.151915,0.211217,109.585007,0.997243,0.041765,0.053431,20.815939,0.997757,0.037062,0.046507,86.824677
348,"[64, 128, 256, 128, 64]",5,256,0.000100,0.000010,0.100000,87108,806,1107,5760,1440,0.013001,0.114022,0.068561,0.986192,0.004695,0.995304,0.009113,715.800000,0.997773,0.037395,0.046703,17.149660,0.952536,0.153401,0.210333,97.288620,0.996626,0.046707,0.059108,26.968500,0.997833,0.036742,0.045712,78.328926
349,"[128, 256, 128]",3,256,0.000100,0.000010,0.000000,73604,339,640,5760,1440,0.013007,0.114047,0.066137,0.986171,0.004159,0.995841,0.009670,322.900000,0.997736,0.036265,0.047099,13.905428,0.951800,0.153542,0.211957,98.687454,0.997091,0.041854,0.054883,22.846828,0.998059,0.032888,0.043257,23.972752
350,"[128, 256, 512, 256, 128]",5,512,0.000100,0.000000,0.100000,338052,442,743,5760,1440,0.013009,0.114058,0.065966,0.986170,0.003365,0.996635,0.010464,475.700000,0.997943,0.035053,0.044893,13.029403,0.951669,0.152371,0.212243,95.443436,0.996914,0.043093,0.056526,22.272245,0.998154,0.033346,0.042182,61.062088
351,"[64, 128, 256, 128]",4,256,0.005000,0.000010,0.100000,78980,723,1024,5760,1440,0.013011,0.114067,0.065991,0.986169,0.005042,0.994958,0.008789,598.300000,0.997847,0.036214,0.045930,12.089060,0.951722,0.150232,0.212129,117.961739,0.996889,0.044311,0.056752,25.477142,0.998220,0.033206,0.041425,39.838673
352,"[64, 128, 256, 256, 128]",5,256,0.001000,0.000010,0.200000,145284,885,1186,5760,1440,0.013015,0.114083,0.068613,0.986186,0.004366,0.995634,0.009447,786.600000,0.997498,0.039088,0.049504,13.758057,0.953163,0.149611,0.208939,97.847794,0.996482,0.047180,0.060351,22.883392,0.997603,0.038575,0.048078,110.765884
353,"[64, 128, 256, 256, 128]",5,256,0.000500,0.000000,0.000000,145284,996,1297,5760,1440,0.013016,0.114086,0.062511,0.986135,0.001140,0.998860,0.012724,825.800000,0.998439,0.029573,0.039106,11.126275,0.949888,0.154158,0.216120,130.756241,0.997524,0.039279,0.050629,18.374453,0.998691,0.027033,0.035522,27.089869
354,"[128, 256, 512, 256, 128]",5,512,0.000500,0.000000,0.100000,338052,500,801,5760,1440,0.013033,0.114161,0.065250,0.986147,0.002736,0.997264,0.011117,511.100000,0.997675,0.036487,0.047725,11.056522,0.951803,0.151089,0.211949,114.275826,0.996938,0.041650,0.056303,21.442099,0.998173,0.031775,0.041967,33.569843
355,"[64, 128, 128, 64]",4,128,0.000100,0.000100,0.100000,37188,1142,1443,5760,1440,0.013034,0.114166,0.067918,0.986156,0.005002,0.994998,0.008842,866.300000,0.997861,0.036262,0.045775,15.003551,0.952414,0.152030,0.210602,94.101044,0.996645,0.045797,0.058936,22.463099,0.997704,0.037583,0.047050,116.492256
356,"[128, 256, 512, 256, 128]",5,512,0.001000,0.001000,0.000000,338052,502,803,5760,1440,0.013034,0.114168,0.067065,0.986148,0.006903,0.993097,0.006949,521.700000,0.997488,0.038606,0.049602,12.702265,0.951975,0.152257,0.211572,110.235023,0.996961,0.043745,0.056097,23.925421,0.998167,0.033654,0.042035,44.415642
357,"[256, 512, 512, 256]",4,512,0.005000,0.000010,0.200000,541956,524,825,5760,1440,0.013037,0.114178,0.067002,0.986142,0.007680,0.992320,0.006178,522.400000,0.997674,0.036951,0.047731,15.810056,0.951741,0.153242,0.212086,116.450172,0.996986,0.043890,0.055864,26.751286,0.998167,0.033924,0.042037,70.881668
358,"[128, 256, 512, 256, 128]",5,512,0.000500,0.000010,0.100000,338052,273,574,5760,1440,0.013042,0.114203,0.068186,0.986157,0.004332,0.995668,0.009511,381.400000,0.997599,0.038618,0.048498,14.309923,0.952940,0.150340,0.209435,96.450760,0.996409,0.046220,0.060977,19.281420,0.997681,0.037568,0.047283,80.486557
359,"[256, 512, 512, 256]",4,512,0.000100,0.000000,0.000000,541956,364,665,5760,1440,0.013043,0.114207,0.063277,0.986111,0.001559,0.998441,0.012330,386.900000,0.998601,0.029241,0.037013,12.429074,0.949972,0.154321,0.215939,103.106186,0.997277,0.040800,0.053100,23.003828,0.998596,0.028746,0.036793,20.875593
360,"[64, 128, 128, 64]",4,128,0.000500,0.000000,0.000000,37188,184,485,5760,1440,0.013051,0.114240,0.067659,0.986144,0.005766,0.994234,0.008090,275.900000,0.998012,0.033912,0.044133,15.312215,0.952689,0.152404,0.209993,106.273613,0.996445,0.046293,0.060667,26.835207,0.997430,0.038027,0.049774,112.996307
361,"[64, 128, 128, 64]",4,128,0.000500,0.000100,0.100000,37188,728,1029,5760,1440,0.013061,0.114285,0.070395,0.986170,0.005415,0.994585,0.008415,586.400000,0.996794,0.044514,0.056044,13.578777,0.954802,0.148283,0.205250,97.358727,0.995680,0.049720,0.066877,22.020483,0.997403,0.039062,0.050035,45.508381
362,"[64, 128, 256, 256, 128]",5,256,0.000100,0.001000,0.100000,145284,433,734,5760,1440,0.013066,0.114305,0.067648,0.986119,0.004225,0.995775,0.009656,479.200000,0.997959,0.035621,0.044710,14.026104,0.952334,0.151124,0.210779,88.885170,0.996803,0.044565,0.057534,24.100277,0.997380,0.039281,0.050255,108.895920
363,"[128, 256, 512, 256]",4,512,0.005000,0.000000,0.200000,305412,527,828,5760,1440,0.013069,0.114319,0.066148,0.986113,0.003246,0.996754,0.010641,520.700000,0.997871,0.035721,0.045671,14.381968,0.951611,0.150193,0.212372,129.886154,0.996674,0.046631,0.058684,22.250994,0.998295,0.032048,0.040546,33.125137
364,"[128, 256, 512, 256, 128]",5,512,0.001000,0.000010,0.200000,338052,483,784,5760,1440,0.013076,0.114350,0.070701,0.986135,0.004626,0.995374,0.009239,543.400000,0.997018,0.043067,0.054049,15.250271,0.953913,0.148814,0.207258,94.323143,0.996296,0.049153,0.061931,21.733282,0.997312,0.041768,0.050903,131.403671
365,"[64, 128, 128, 64]",4,128,0.000500,0.000010,0.000000,37188,242,543,5760,1440,0.013077,0.114354,0.066755,0.986104,0.004936,0.995064,0.008961,310.300000,0.997998,0.034431,0.044288,14.978838,0.951580,0.154311,0.212439,118.671738,0.996669,0.045427,0.058730,26.653444,0.998168,0.032851,0.042030,35.198769
366,"[64, 128, 256, 256, 128]",5,256,0.005000,0.000000,0.100000,145284,515,816,5760,1440,0.013078,0.114359,0.066236,0.986118,0.004276,0.995724,0.009605,526.800000,0.998048,0.034822,0.043731,11.922043,0.952196,0.149812,0.211085,99.640259,0.996073,0.046392,0.063765,22.666891,0.998157,0.033920,0.042157,65.821106
367,"[128, 256, 256, 128, 64]",5,256,0.001000,0.000100,0.100000,148036,628,929,5760,1440,0.013085,0.114390,0.069273,0.986116,0.005548,0.994452,0.008337,649.500000,0.997292,0.040153,0.051504,14.218496,0.953421,0.149384,0.208362,94.308006,0.996535,0.047026,0.059896,24.287516,0.997215,0.040531,0.051818,52.654301
368,"[64, 128, 256, 128]",4,256,0.001000,0.000010,0.200000,78980,330,631,5760,1440,0.013094,0.114429,0.069804,0.986127,0.006478,0.993522,0.007396,370.500000,0.997166,0.040886,0.052694,14.741465,0.954003,0.149417,0.207057,91.270874,0.995722,0.051235,0.066556,25.649748,0.997617,0.037678,0.047931,59.695580
369,"[64, 128, 256, 256, 128]",5,256,0.001000,0.000000,0.100000,145284,629,930,5760,1440,0.013097,0.114440,0.067274,0.986096,0.003755,0.996245,0.010149,571.900000,0.997647,0.036616,0.048010,13.732341,0.952647,0.150904,0.210086,106.545181,0.996540,0.044544,0.059851,20.023829,0.997549,0.037033,0.048607,39.542507
370,"[128, 256, 256, 128]",4,256,0.000500,0.000000,0.200000,139908,461,762,5760,1440,0.013098,0.114449,0.069677,0.986121,0.004652,0.995348,0.009227,437.500000,0.997127,0.042567,0.053049,15.094036,0.954147,0.146700,0.206731,97.678062,0.995865,0.049231,0.065429,28.382029,0.997344,0.040208,0.050608,116.183830
371,"[256, 512, 256]",3,512,0.005000,0.000100,0.100000,278276,1212,1513,5760,1440,0.013115,0.114520,0.069591,0.986092,0.009348,0.990652,0.004560,901.400000,0.997520,0.039983,0.049285,13.337289,0.953303,0.150156,0.208625,109.621590,0.996055,0.048820,0.063911,22.981483,0.997489,0.039406,0.049205,29.598888
372,"[64, 128, 64]",3,128,0.005000,0.000010,0.100000,20420,455,756,5760,1440,0.013123,0.114557,0.068718,0.986071,0.009151,0.990849,0.004778,381.000000,0.997249,0.040020,0.051915,19.451975,0.953017,0.150730,0.209264,97.877365,0.996612,0.045809,0.059223,27.132883,0.997407,0.038314,0.049999,168.467499
373,"[128, 256, 512, 256, 128]",5,512,0.000500,0.000100,0.100000,338052,475,776,5760,1440,0.013124,0.114558,0.067453,0.986070,0.004756,0.995244,0.009174,521.100000,0.997633,0.036121,0.048149,12.066820,0.952801,0.150562,0.209744,106.323090,0.996522,0.045256,0.060011,24.627947,0.997322,0.037872,0.050813,37.421745
374,"[64, 128, 64]",3,128,0.000100,0.000010,0.200000,20420,1158,1459,5760,1440,0.013124,0.114560,0.069340,0.986070,0.006788,0.993212,0.007141,792.100000,0.997601,0.037909,0.048473,16.072531,0.952727,0.153846,0.209909,92.806335,0.996425,0.046951,0.060841,23.685026,0.997529,0.038655,0.048814,52.603645
375,"[64, 128, 256, 128]",4,256,0.000100,0.000100,0.000000,78980,541,842,5760,1440,0.013127,0.114574,0.065564,0.986032,0.002690,0.997310,0.011278,483.600000,0.998435,0.030716,0.039148,13.924273,0.950333,0.156444,0.215158,101.254555,0.997058,0.043145,0.055194,24.498247,0.998303,0.031949,0.040451,80.690071
376,"[128, 256, 512, 256, 128]",5,512,0.001000,0.000100,0.200000,338052,1365,1666,5760,1440,0.013130,0.114585,0.068890,0.986081,0.004601,0.995399,0.009318,1123.800000,0.997301,0.039834,0.051419,12.491757,0.953731,0.145550,0.207667,118.691818,0.996048,0.049326,0.063970,20.734804,0.997244,0.040851,0.051547,77.852005
377,"[64, 128, 64]",3,128,0.005000,0.000010,0.200000,20420,783,1084,5760,1440,0.013143,0.114645,0.071546,0.986078,0.007581,0.992419,0.006341,567.500000,0.997033,0.043084,0.053910,14.050879,0.954201,0.149405,0.206610,109.898712,0.995705,0.053597,0.066682,23.494564,0.997373,0.040100,0.050330,90.219795
378,"[64, 128, 256, 128, 64]",5,256,0.000500,0.001000,0.000000,87108,668,969,5760,1440,0.013149,0.114669,0.064158,0.985996,0.004787,0.995214,0.009218,587.700000,0.998033,0.033842,0.043901,12.856157,0.949876,0.154282,0.216146,117.313835,0.997680,0.037953,0.049006,22.003876,0.998395,0.030556,0.039338,31.497705
379,"[64, 128, 256, 256, 128]",5,256,0.001000,0.000010,0.100000,145284,492,793,5760,1440,0.013150,0.114673,0.066561,0.986028,0.004105,0.995896,0.009868,529.400000,0.997510,0.037308,0.049392,12.423882,0.951910,0.151064,0.211714,89.994583,0.996925,0.042865,0.056430,20.444860,0.997767,0.035008,0.046401,23.584715
380,"[256, 512, 512, 256]",4,512,0.001000,0.000010,0.200000,541956,460,761,5760,1440,0.013154,0.114690,0.065933,0.986036,0.003341,0.996659,0.010623,477.500000,0.998343,0.032025,0.040284,12.691565,0.951635,0.149500,0.212318,122.527863,0.995985,0.049408,0.064477,22.503172,0.998179,0.032800,0.041901,49.089191
381,"[64, 128, 64]",3,128,0.005000,0.000000,0.200000,20420,547,848,5760,1440,0.013167,0.114747,0.070465,0.986045,0.007376,0.992624,0.006579,423.400000,0.997542,0.039007,0.049067,16.822927,0.953250,0.152940,0.208743,109.674980,0.995644,0.053456,0.067156,25.213911,0.997743,0.036457,0.046651,83.372726
382,"[128, 256, 256, 128, 64]",5,256,0.000500,0.000000,0.000000,148036,681,982,5760,1440,0.013174,0.114779,0.064821,0.985994,0.001761,0.998240,0.012246,628.400000,0.997882,0.034181,0.045555,10.696751,0.951131,0.151374,0.213423,110.690948,0.996956,0.041069,0.056143,23.370163,0.998008,0.032661,0.043825,27.398649
383,"[64, 128, 64]",3,128,0.005000,0.000000,0.100000,20420,671,972,5760,1440,0.013175,0.114782,0.068122,0.986017,0.005749,0.994251,0.008234,475.800000,0.997608,0.038695,0.048407,12.128266,0.952192,0.152061,0.211093,149.570328,0.996228,0.048162,0.062495,25.427925,0.998039,0.033571,0.043480,66.086815
384,"[64, 128, 256, 128, 64]",5,256,0.000500,0.000000,0.000000,87108,298,599,5760,1440,0.013191,0.114852,0.067033,0.985982,0.003313,0.996687,0.010706,350.100000,0.998076,0.033831,0.043419,15.409939,0.951299,0.154280,0.213056,114.050629,0.996717,0.045102,0.058301,27.810186,0.997835,0.034919,0.045685,34.934689
385,"[128, 256, 512, 256, 128]",5,512,0.005000,0.000000,0.200000,338052,416,717,5760,1440,0.013195,0.114868,0.067415,0.986010,0.004874,0.995126,0.009115,474.100000,0.997966,0.034583,0.044641,14.456565,0.952234,0.151551,0.211000,104.535599,0.995410,0.053691,0.068940,22.780571,0.998432,0.029837,0.038887,80.085213
386,"[256, 512, 512, 256]",4,512,0.000500,0.000100,0.100000,541956,645,946,5760,1440,0.013206,0.114916,0.065307,0.985958,0.003169,0.996831,0.010873,599.600000,0.998200,0.033404,0.041988,10.898507,0.950582,0.152566,0.214619,116.902184,0.996841,0.042731,0.057187,18.435753,0.998207,0.032528,0.041573,25.744770
387,"[128, 256, 512, 256, 128]",5,512,0.000500,0.000000,0.000000,338052,221,522,5760,1440,0.013211,0.114938,0.065378,0.985956,0.003075,0.996925,0.010969,327.200000,0.998361,0.031405,0.040067,12.575744,0.950693,0.151402,0.214376,102.769897,0.996644,0.044928,0.058945,18.924086,0.998127,0.033776,0.042491,18.557123
388,"[64, 128, 256, 128, 64]",5,256,0.001000,0.000000,0.000000,87108,729,1030,5760,1440,0.013220,0.114977,0.064513,0.985928,0.001683,0.998317,0.012389,598.700000,0.998272,0.032201,0.041147,11.407394,0.949801,0.154340,0.216307,91.597794,0.997286,0.040198,0.053013,20.857826,0.998354,0.031313,0.039841,67.963242
389,"[64, 128, 256, 128, 64]",5,256,0.000500,0.000000,0.100000,87108,1018,1319,5760,1440,0.013222,0.114986,0.068784,0.985968,0.004019,0.995981,0.010013,799.200000,0.997138,0.041074,0.052946,14.621151,0.952773,0.149123,0.209807,119.401085,0.996594,0.045467,0.059387,24.902800,0.997367,0.039472,0.050381,77.705849
390,"[256, 512, 512, 256]",4,512,0.000100,0.000010,0.000000,541956,475,776,5760,1440,0.013225,0.114999,0.063188,0.985918,0.001581,0.998419,0.012502,477.400000,0.998610,0.029498,0.036904,12.041460,0.949166,0.154174,0.217671,134.536789,0.997226,0.041001,0.053595,22.910698,0.998668,0.028079,0.035831,18.473650
391,"[128, 256, 256, 128]",4,256,0.000500,0.000010,0.100000,139908,363,664,5760,1440,0.013230,0.115020,0.068700,0.985956,0.004199,0.995801,0.009844,407.400000,0.997482,0.039747,0.049666,13.554872,0.952146,0.151822,0.211193,120.424286,0.996424,0.046424,0.060852,23.732536,0.997774,0.036806,0.046327,48.804741
392,"[64, 128, 128, 64]",4,128,0.000100,0.001000,0.200000,37188,1405,1706,5760,1440,0.013239,0.115060,0.071706,0.985985,0.006004,0.993996,0.008010,951.100000,0.996782,0.044299,0.056147,17.362209,0.954700,0.146877,0.205482,116.098564,0.995651,0.052152,0.067104,31.136377,0.996808,0.043495,0.055471,59.200554
393,"[128, 256, 512, 256, 128]",5,512,0.001000,0.000000,0.100000,338052,402,703,5760,1440,0.013242,0.115076,0.069120,0.985951,0.003437,0.996563,0.010612,463.600000,0.997701,0.038110,0.047460,13.032681,0.952399,0.149007,0.210636,104.056595,0.996041,0.051000,0.064023,21.713346,0.997665,0.038363,0.047443,63.645378
394,"[64, 128, 256, 128, 64]",5,256,0.000500,0.000100,0.100000,87108,655,956,5760,1440,0.013247,0.115095,0.067458,0.985938,0.004010,0.995990,0.010052,597.700000,0.997710,0.036747,0.047362,13.552269,0.951751,0.151501,0.212064,99.441353,0.996236,0.047386,0.062426,25.739347,0.998054,0.034198,0.043311,80.012520
395,"[64, 128, 256, 128]",4,256,0.001000,0.000000,0.200000,78980,693,994,5760,1440,0.013247,0.115098,0.071013,0.985970,0.005206,0.994794,0.008823,568.000000,0.997189,0.042318,0.052475,13.647667,0.953776,0.148542,0.207566,97.128090,0.995468,0.052950,0.068501,21.542662,0.997448,0.040242,0.049599,51.509178
396,"[128, 256, 512, 256]",4,512,0.000500,0.000100,0.100000,305412,261,562,5760,1440,0.013249,0.115106,0.067364,0.985915,0.005335,0.994665,0.008750,347.500000,0.997804,0.036924,0.046384,12.334554,0.951143,0.152929,0.213396,126.020050,0.997019,0.041652,0.055552,22.039125,0.997695,0.037949,0.047140,35.299534
397,"[128, 256, 256, 128]",4,256,0.001000,0.000000,0.100000,139908,422,723,5760,1440,0.013253,0.115120,0.067753,0.985918,0.003750,0.996250,0.010332,418.000000,0.997503,0.039577,0.049458,13.708203,0.951790,0.150254,0.211979,122.594185,0.997038,0.042116,0.055374,21.377897,0.997342,0.039064,0.050623,44.396584
398,"[64, 128, 256, 128]",4,256,0.001000,0.000100,0.200000,78980,460,761,5760,1440,0.013260,0.115153,0.069340,0.985935,0.006618,0.993382,0.007447,455.800000,0.997376,0.038936,0.050699,13.929579,0.952349,0.153923,0.210746,123.216934,0.996004,0.049435,0.064321,22.594303,0.998010,0.035065,0.043806,46.445019
399,"[128, 256, 512, 256, 128]",5,512,0.005000,0.000010,0.200000,338052,1205,1506,5760,1440,0.013263,0.115165,0.068059,0.985917,0.005064,0.994936,0.009019,1021.500000,0.997323,0.039187,0.051206,13.036737,0.951935,0.150274,0.211658,111.087151,0.996633,0.046474,0.059045,25.654177,0.997776,0.036301,0.046301,73.706879
400,"[64, 128, 256, 128]",4,256,0.001000,0.000010,0.100000,78980,344,645,5760,1440,0.013271,0.115199,0.071246,0.985921,0.005766,0.994234,0.008313,378.400000,0.996770,0.044440,0.056253,15.181025,0.953224,0.151996,0.208802,122.734711,0.996666,0.045407,0.058756,23.361143,0.997025,0.043142,0.053556,67.106842
401,"[64, 128, 256, 128]",4,256,0.000500,0.000100,0.100000,78980,304,605,5760,1440,0.013272,0.115206,0.068858,0.985918,0.006230,0.993770,0.007852,350.900000,0.997186,0.040391,0.052503,15.915705,0.952618,0.150454,0.210151,93.636612,0.996409,0.045432,0.060971,20.100153,0.997457,0.039153,0.049517,77.053215
402,"[128, 256, 512, 256]",4,512,0.005000,0.000000,0.100000,305412,366,667,5760,1440,0.013277,0.115226,0.069080,0.985909,0.004162,0.995838,0.009929,437.300000,0.997437,0.040741,0.050111,16.481598,0.952109,0.149601,0.211277,92.308136,0.996338,0.048639,0.061579,27.436453,0.997752,0.037338,0.046549,103.468727
403,"[128, 256, 512, 256, 128]",5,512,0.000500,0.000010,0.200000,338052,596,897,5760,1440,0.013277,0.115226,0.068010,0.985894,0.003328,0.996672,0.010777,595.400000,0.997356,0.039742,0.050895,12.908509,0.951719,0.149117,0.212135,112.203751,0.996971,0.043957,0.056002,23.320839,0.997531,0.039226,0.048790,89.264862
404,"[128, 256, 512, 256, 128]",5,512,0.000500,0.000100,0.200000,338052,952,1253,5760,1440,0.013282,0.115246,0.067172,0.985892,0.003613,0.996387,0.010495,840.100000,0.997437,0.038421,0.050105,11.709824,0.951480,0.151038,0.212658,112.557137,0.996682,0.045018,0.058613,20.442787,0.997970,0.034209,0.044242,47.714287
405,"[64, 128, 256, 128, 64]",5,256,0.000500,0.000010,0.100000,87108,449,750,5760,1440,0.013291,0.115288,0.070768,0.985920,0.005500,0.994500,0.008580,471.200000,0.997007,0.041762,0.054146,14.205469,0.953797,0.150875,0.207519,105.364586,0.995775,0.050703,0.066143,25.291769,0.997101,0.039731,0.052863,56.138477
406,"[128, 256, 512, 256, 128]",5,512,0.001000,0.000000,0.200000,338052,323,624,5760,1440,0.013302,0.115333,0.067410,0.985868,0.005067,0.994933,0.009065,413.600000,0.997536,0.037511,0.049130,15.277987,0.951262,0.152352,0.213135,97.756218,0.996770,0.044076,0.057833,23.540958,0.997903,0.035700,0.044960,49.327583
407,"[256, 512, 256]",3,512,0.005000,0.000010,0.200000,278276,634,935,5760,1440,0.013303,0.115340,0.071504,0.985917,0.007345,0.992655,0.006739,562.200000,0.996853,0.044009,0.055527,13.988515,0.954199,0.148475,0.206614,111.437935,0.995501,0.052277,0.068253,26.598047,0.997114,0.041252,0.052746,32.295586
408,"[128, 256, 256, 128, 64]",5,256,0.000100,0.000010,0.100000,148036,821,1122,5760,1440,0.013317,0.115398,0.069847,0.985877,0.003695,0.996305,0.010427,764.600000,0.997655,0.037031,0.047924,13.935804,0.952392,0.151947,0.210650,102.180588,0.995891,0.052269,0.065226,27.278412,0.997571,0.038141,0.048395,102.160614
409,"[64, 128, 64]",3,128,0.000100,0.000100,0.200000,20420,1184,1485,5760,1440,0.013326,0.115436,0.070555,0.985852,0.006810,0.993190,0.007337,768.300000,0.997737,0.038601,0.047079,16.802586,0.952131,0.153802,0.211226,83.532051,0.996608,0.045162,0.059262,22.031538,0.996933,0.044655,0.054382,105.381630
410,"[128, 256, 256, 128]",4,256,0.001000,0.000100,0.100000,139908,431,732,5760,1440,0.013329,0.115453,0.071015,0.985864,0.006162,0.993838,0.007975,467.100000,0.996643,0.045000,0.057346,12.678123,0.953165,0.150181,0.208933,113.926521,0.996495,0.047726,0.060245,24.765299,0.997151,0.041155,0.052407,51.314430
411,"[64, 128, 128, 64]",4,128,0.000100,0.000010,0.000000,37188,1054,1355,5760,1440,0.013333,0.115469,0.069169,0.985843,0.003786,0.996214,0.010370,776.500000,0.997745,0.036738,0.047000,13.586046,0.951650,0.153207,0.212286,100.710869,0.996467,0.047435,0.060483,24.775955,0.997512,0.039297,0.048982,55.189774
412,"[64, 128, 128, 64]",4,128,0.000500,0.000000,0.100000,37188,602,903,5760,1440,0.013335,0.115477,0.070513,0.985859,0.005343,0.994657,0.008798,536.400000,0.997070,0.043180,0.053577,16.023867,0.952813,0.150699,0.209718,87.505898,0.996178,0.048286,0.062908,27.322109,0.997376,0.039887,0.050300,78.522408
413,"[64, 128, 256, 128, 64]",5,256,0.000100,0.000000,0.100000,87108,800,1101,5760,1440,0.013338,0.115492,0.068751,0.985840,0.004810,0.995190,0.009350,684.300000,0.997611,0.036948,0.048373,14.548964,0.951642,0.153257,0.212302,93.482544,0.996387,0.047901,0.061161,26.074579,0.997718,0.036900,0.046907,133.991470
414,"[128, 256, 128]",3,256,0.005000,0.000100,0.100000,73604,599,900,5760,1440,0.013341,0.115504,0.067797,0.985834,0.009683,0.990317,0.004483,476.100000,0.997559,0.037845,0.048898,13.609115,0.951582,0.151760,0.212434,102.764748,0.996535,0.045867,0.059898,22.351561,0.997658,0.035715,0.047516,41.126186
415,"[64, 128, 256, 256, 128]",5,256,0.000100,0.001000,0.000000,145284,435,736,5760,1440,0.013351,0.115545,0.066447,0.985800,0.002965,0.997035,0.011234,474.700000,0.997678,0.037654,0.047696,11.426139,0.950379,0.152777,0.215059,129.736816,0.997255,0.039770,0.053307,19.149397,0.997888,0.035589,0.045121,48.035351
416,"[64, 128, 256, 256, 128]",5,256,0.000500,0.000000,0.100000,145284,232,533,5760,1440,0.013351,0.115548,0.069406,0.985829,0.006209,0.993791,0.007962,341.800000,0.997846,0.036246,0.045938,16.595743,0.951861,0.154290,0.211821,86.403648,0.996269,0.048197,0.062149,26.528450,0.997340,0.038890,0.050641,58.390007
417,"[128, 256, 512, 256, 128]",5,512,0.005000,0.000100,0.100000,338052,1705,2000,5760,1440,0.013353,0.115555,0.068783,0.985821,0.008195,0.991805,0.005984,1408.800000,0.997501,0.038361,0.049481,12.782567,0.951562,0.153861,0.212479,100.507530,0.996585,0.046055,0.059467,25.620592,0.997636,0.036856,0.047745,78.910553
418,"[64, 128, 128, 64]",4,128,0.005000,0.000010,0.100000,37188,726,1027,5760,1440,0.013353,0.115557,0.069946,0.985837,0.006242,0.993758,0.007921,587.300000,0.996422,0.044832,0.059201,16.313013,0.953253,0.149482,0.208737,111.297256,0.996669,0.044153,0.058731,26.271763,0.997004,0.041319,0.053742,52.638020
419,"[128, 256, 256, 128, 64]",5,256,0.001000,0.000000,0.000000,148036,317,618,5760,1440,0.013360,0.115586,0.065607,0.985787,0.002671,0.997329,0.011542,385.600000,0.998244,0.032354,0.041470,12.455938,0.949918,0.152516,0.216055,124.819649,0.997128,0.041616,0.054529,20.670416,0.997856,0.035943,0.045468,46.042034
420,"[64, 128, 256, 256, 128]",5,256,0.000500,0.000010,0.200000,145284,823,1124,5760,1440,0.013365,0.115607,0.069119,0.985820,0.004801,0.995199,0.009379,747.900000,0.996482,0.044036,0.058706,15.117765,0.952746,0.150434,0.209866,110.219864,0.996700,0.044315,0.058457,20.480732,0.997353,0.037693,0.050522,44.995434
421,"[64, 128, 256, 256, 128]",5,256,0.000500,0.000100,0.100000,145284,458,759,5760,1440,0.013369,0.115623,0.068153,0.985797,0.005029,0.994971,0.009174,505.900000,0.997011,0.041536,0.054109,12.889703,0.951474,0.151128,0.212672,87.031197,0.997020,0.042614,0.055546,18.208906,0.997684,0.037335,0.047250,50.595432
422,"[128, 256, 512, 256, 128]",5,512,0.000500,0.000000,0.200000,338052,351,652,5760,1440,0.013373,0.115641,0.069464,0.985824,0.004883,0.995117,0.009293,419.800000,0.997288,0.039772,0.051548,16.754589,0.952502,0.150609,0.210407,99.521973,0.995782,0.051476,0.066085,21.655910,0.997723,0.035999,0.046855,58.873074
423,"[64, 128, 64]",3,128,0.005000,0.000100,0.100000,20420,491,792,5760,1440,0.013391,0.115720,0.070105,0.985809,0.010477,0.989523,0.003714,419.400000,0.997129,0.040128,0.053037,16.473280,0.952774,0.154110,0.209803,101.037308,0.995697,0.049677,0.066746,28.915777,0.997636,0.036503,0.047741,73.175674
424,"[128, 256, 256, 128]",4,256,0.000500,0.000100,0.100000,139908,512,813,5760,1440,0.013398,0.115751,0.069840,0.985784,0.004306,0.995694,0.009911,511.600000,0.997442,0.040011,0.050061,14.878129,0.951951,0.151610,0.211625,112.249672,0.996219,0.048204,0.062572,23.738518,0.997524,0.039535,0.048860,34.665051
425,"[64, 128, 256, 128, 64]",5,256,0.001000,0.001000,0.200000,87108,1184,1485,5760,1440,0.013408,0.115793,0.071263,0.985790,0.008004,0.991996,0.006206,940.400000,0.996625,0.044747,0.057500,19.157896,0.953249,0.150102,0.208747,84.782524,0.996084,0.049587,0.063675,20.652622,0.997204,0.040614,0.051924,89.070312
426,"[64, 128, 256, 256, 128]",5,256,0.001000,0.000100,0.200000,145284,1209,1510,5760,1440,0.013414,0.115817,0.068658,0.985761,0.004245,0.995755,0.009994,1007.700000,0.997517,0.038643,0.049324,13.394004,0.951379,0.151679,0.212880,126.110588,0.996345,0.047863,0.061519,21.684103,0.997802,0.036448,0.046036,83.789711
427,"[64, 128, 128, 64]",4,128,0.000100,0.000000,0.100000,37188,934,1235,5760,1440,0.013415,0.115824,0.069853,0.985762,0.005778,0.994222,0.008460,679.500000,0.997463,0.038916,0.049849,14.968432,0.951612,0.154768,0.212368,87.148331,0.996275,0.048726,0.062102,25.333883,0.997698,0.037000,0.047109,77.464645
428,"[64, 128, 128, 64]",4,128,0.000100,0.000100,0.000000,37188,597,898,5760,1440,0.013417,0.115833,0.066910,0.985726,0.004157,0.995843,0.010117,533.300000,0.998317,0.032200,0.040609,13.635555,0.949562,0.157682,0.216822,124.141464,0.997002,0.042710,0.055713,27.746223,0.998025,0.035049,0.043634,88.372536
429,"[64, 128, 128, 64]",4,128,0.000100,0.000000,0.000000,37188,682,983,5760,1440,0.013427,0.115877,0.068485,0.985740,0.004364,0.995636,0.009896,543.500000,0.997959,0.035179,0.044714,15.459286,0.950864,0.154959,0.214004,113.842705,0.996325,0.047631,0.061688,26.633791,0.997814,0.036171,0.045908,54.494614
430,"[64, 128, 256, 128, 64]",5,256,0.001000,0.000000,0.100000,87108,493,794,5760,1440,0.013443,0.115946,0.070000,0.985728,0.004888,0.995112,0.009384,477.400000,0.996823,0.043702,0.055787,20.222990,0.951594,0.154481,0.212409,98.798805,0.996686,0.045483,0.058575,21.455832,0.997808,0.036333,0.045967,69.692398
431,"[64, 128, 256, 128]",4,256,0.000500,0.000010,0.200000,78980,523,824,5760,1440,0.013447,0.115960,0.073767,0.985754,0.006065,0.993935,0.008181,475.000000,0.996780,0.046108,0.056165,15.306261,0.953651,0.151165,0.207847,105.239777,0.996005,0.050153,0.064312,25.968872,0.996581,0.047644,0.057413,63.016785
432,"[64, 128, 128, 64]",4,128,0.001000,0.001000,0.200000,37188,1095,1396,5760,1440,0.013454,0.115991,0.070303,0.985739,0.007871,0.992129,0.006390,783.500000,0.996830,0.042959,0.055727,20.848751,0.952728,0.151293,0.209906,100.674416,0.996013,0.047724,0.064247,21.429855,0.997384,0.039238,0.050221,109.941689
433,"[128, 256, 512, 256]",4,512,0.001000,0.000010,0.200000,305412,249,550,5760,1440,0.013462,0.116025,0.070561,0.985724,0.005815,0.994185,0.008461,339.600000,0.996863,0.044513,0.055437,13.537253,0.952460,0.148321,0.210500,113.184616,0.996223,0.049718,0.062531,25.334030,0.997351,0.039692,0.050536,57.726181
434,"[64, 128, 256, 256, 128]",5,256,0.001000,0.000000,0.200000,145284,513,814,5760,1440,0.013468,0.116051,0.071541,0.985734,0.005783,0.994217,0.008483,499.900000,0.996647,0.045162,0.057316,15.823577,0.953268,0.150570,0.208704,91.467392,0.995759,0.050552,0.066267,24.719629,0.997264,0.039880,0.051360,59.914566
435,"[64, 128, 256, 128, 64]",5,256,0.005000,0.000000,0.100000,87108,348,649,5760,1440,0.013487,0.116133,0.070819,0.985689,0.006324,0.993676,0.007987,394.200000,0.996902,0.043253,0.055093,16.993902,0.952241,0.151165,0.210984,97.067619,0.996644,0.046214,0.058944,24.530041,0.996968,0.042644,0.054065,94.739594
436,"[64, 128, 256, 128, 64]",5,256,0.001000,0.000010,0.100000,87108,967,1268,5760,1440,0.013496,0.116170,0.068044,0.985661,0.003672,0.996328,0.010667,787.600000,0.997450,0.039351,0.049984,13.520861,0.950659,0.151155,0.214451,102.543747,0.996819,0.044278,0.057390,23.196938,0.997717,0.037392,0.046914,98.397873
437,"[256, 512, 512, 256]",4,512,0.000500,0.000010,0.200000,541956,514,815,5760,1440,0.013503,0.116202,0.068174,0.985661,0.003302,0.996698,0.011037,513.500000,0.997159,0.039686,0.052756,12.170783,0.951212,0.151781,0.213245,106.785461,0.996743,0.043895,0.058067,21.308229,0.997528,0.037334,0.048818,85.017548
438,"[256, 512, 512, 256]",4,512,0.000500,0.000100,0.200000,541956,829,1130,5760,1440,0.013514,0.116249,0.068404,0.985659,0.004055,0.995945,0.010285,716.700000,0.997210,0.040054,0.052277,11.331970,0.951612,0.150303,0.212370,109.638435,0.996367,0.046796,0.061331,24.871254,0.997449,0.036461,0.049593,37.624504
439,"[128, 256, 256, 128]",4,256,0.000100,0.000010,0.000000,139908,564,865,5760,1440,0.013514,0.116249,0.065606,0.985613,0.001940,0.998060,0.012447,514.700000,0.998411,0.030810,0.039452,12.753247,0.948417,0.159692,0.219268,104.118652,0.997169,0.041594,0.054144,21.354683,0.998455,0.030328,0.038591,33.586987
440,"[128, 256, 256, 128, 64]",5,256,0.000100,0.001000,0.000000,148036,300,601,5760,1440,0.013517,0.116262,0.070847,0.985658,0.004258,0.995742,0.010083,396.100000,0.996908,0.045012,0.055035,16.416327,0.951823,0.151405,0.211905,103.683853,0.996414,0.046446,0.060933,19.609266,0.997487,0.040523,0.049218,37.248676
441,"[128, 256, 256, 128]",4,256,0.005000,0.000010,0.200000,139908,478,779,5760,1440,0.013522,0.116283,0.071058,0.985661,0.008618,0.991382,0.005722,477.300000,0.996736,0.043790,0.056550,13.517004,0.952207,0.152351,0.211059,101.830002,0.996213,0.049839,0.062614,26.906591,0.997487,0.038251,0.049218,89.754387
442,"[128, 256, 128]",3,256,0.005000,0.000010,0.200000,73604,643,944,5760,1440,0.013543,0.116373,0.070441,0.985653,0.008683,0.991317,0.005664,496.600000,0.997310,0.040270,0.051337,14.883390,0.952358,0.152261,0.210726,89.603745,0.995408,0.051406,0.068952,22.951025,0.997536,0.037827,0.048744,44.313675
443,"[128, 256, 256, 128, 64]",5,256,0.001000,0.001000,0.200000,148036,1213,1514,5760,1440,0.013543,0.116374,0.072128,0.985652,0.008406,0.991594,0.005942,1037.200000,0.996842,0.043202,0.055618,19.382120,0.953266,0.149856,0.208709,98.502678,0.995971,0.049899,0.064591,20.812174,0.996528,0.045555,0.057856,100.298912
444,"[128, 256, 512, 256, 128]",5,512,0.000100,0.000100,0.000000,338052,653,954,5760,1440,0.013545,0.116381,0.065276,0.985584,0.001466,0.998534,0.012949,620.400000,0.998233,0.031795,0.041601,10.687968,0.948507,0.157093,0.219077,106.754646,0.997079,0.042477,0.054998,24.513474,0.998519,0.029737,0.037791,40.655777
445,"[128, 256, 512, 256]",4,512,0.000100,0.000000,0.000000,305412,313,614,5760,1440,0.013555,0.116424,0.066451,0.985584,0.002093,0.997907,0.012323,368.000000,0.998155,0.033496,0.042510,14.298388,0.949091,0.156344,0.217831,95.318970,0.996820,0.044152,0.057380,21.298134,0.998269,0.031811,0.040852,34.333897
446,"[128, 256, 256, 128]",4,256,0.000500,0.000010,0.200000,139908,440,741,5760,1440,0.013555,0.116426,0.072785,0.985681,0.005478,0.994522,0.008841,457.300000,0.997386,0.040095,0.050608,17.611269,0.954197,0.149527,0.206619,98.759003,0.994013,0.060368,0.078731,26.772024,0.997128,0.041147,0.052622,42.902542
447,"[128, 256, 256, 128, 64]",5,256,0.005000,0.000010,0.100000,148036,926,1227,5760,1440,0.013555,0.116427,0.070359,0.985626,0.005728,0.994272,0.008646,839.800000,0.997264,0.040119,0.051769,14.225307,0.952130,0.151251,0.211229,121.945877,0.996056,0.049320,0.063904,20.825659,0.997055,0.040746,0.053290,49.029545
448,"[64, 128, 256, 256, 128]",5,256,0.005000,0.000010,0.200000,145284,975,1276,5760,1440,0.013558,0.116437,0.071930,0.985655,0.006779,0.993221,0.007566,845.700000,0.996857,0.043645,0.055485,15.329468,0.953389,0.150620,0.208433,115.818123,0.995037,0.053962,0.071681,21.326023,0.997335,0.039491,0.050690,37.669769
449,"[128, 256, 256, 128]",4,256,0.000100,0.000100,0.000000,139908,337,638,5760,1440,0.013563,0.116460,0.068085,0.985594,0.003045,0.996955,0.011362,379.500000,0.998268,0.032054,0.041197,12.148322,0.949812,0.157269,0.216284,90.308601,0.996113,0.050382,0.063438,27.130787,0.998183,0.032636,0.041854,39.444294
450,"[64, 128, 256, 256, 128]",5,256,0.000500,0.000010,0.000000,145284,539,840,5760,1440,0.013563,0.116462,0.065039,0.985556,0.001588,0.998412,0.012856,550.100000,0.998420,0.031142,0.039341,10.816609,0.948163,0.157617,0.219808,114.163544,0.997381,0.039349,0.052069,20.224874,0.998259,0.032048,0.040973,25.018272
451,"[64, 128, 128, 64]",4,128,0.001000,0.000010,0.100000,37188,696,997,5760,1440,0.013566,0.116473,0.071737,0.985636,0.005540,0.994460,0.008824,580.100000,0.996615,0.044407,0.057581,16.197495,0.953162,0.147203,0.208940,95.959480,0.995551,0.053296,0.067872,27.011843,0.997214,0.042043,0.051824,65.756203
452,"[64, 128, 256, 128]",4,256,0.000100,0.000010,0.000000,78980,359,660,5760,1440,0.013591,0.116579,0.068613,0.985555,0.004033,0.995967,0.010412,375.600000,0.997927,0.035672,0.045069,15.084942,0.949730,0.157590,0.216459,97.326553,0.996677,0.045704,0.058656,24.493162,0.997887,0.035488,0.045130,67.287491
453,"[128, 256, 256, 128]",4,256,0.005000,0.000000,0.200000,139908,698,999,5760,1440,0.013593,0.116591,0.068626,0.985577,0.004116,0.995884,0.010307,592.200000,0.997010,0.039634,0.054125,14.275491,0.951586,0.149466,0.212426,128.627945,0.996405,0.046682,0.061011,19.749647,0.997306,0.038722,0.050960,58.870144
454,"[128, 256, 512, 256]",4,512,0.005000,0.000100,0.200000,305412,1695,1996,5760,1440,0.013602,0.116626,0.070549,0.985583,0.009345,0.990655,0.005072,1240.600000,0.997334,0.040325,0.051103,13.251885,0.951931,0.151903,0.211668,122.116463,0.995677,0.051665,0.066899,23.165966,0.997390,0.038304,0.050164,70.053177
455,"[64, 128, 256, 128, 64]",5,256,0.000100,0.000000,0.200000,87108,1410,1711,5760,1440,0.013605,0.116642,0.072036,0.985589,0.006307,0.993693,0.008104,1064.600000,0.996997,0.041688,0.054234,18.730219,0.952808,0.151425,0.209728,99.808746,0.995603,0.052005,0.067472,29.270420,0.996949,0.043028,0.054237,114.697617
456,"[64, 128, 256, 128, 64]",5,256,0.000500,0.000010,0.000000,87108,310,611,5760,1440,0.013610,0.116662,0.067093,0.985529,0.003134,0.996866,0.011337,374.700000,0.997985,0.035539,0.044427,14.983475,0.949490,0.153507,0.216977,125.108597,0.996892,0.043164,0.056726,26.783857,0.997749,0.036162,0.046583,34.435955
457,"[64, 128, 256, 128]",4,256,0.005000,0.000100,0.100000,78980,675,976,5760,1440,0.013611,0.116666,0.069036,0.985558,0.009999,0.990001,0.004443,574.900000,0.996539,0.043131,0.058225,17.360912,0.951472,0.153426,0.212675,107.713669,0.996472,0.045672,0.060440,21.810623,0.997749,0.033916,0.046585,26.926514
458,"[128, 256, 256, 128, 64]",5,256,0.005000,0.000000,0.100000,148036,525,826,5760,1440,0.013618,0.116697,0.067761,0.985522,0.004439,0.995561,0.010038,543.000000,0.997959,0.034116,0.044718,15.609728,0.949704,0.156451,0.216516,141.289459,0.996911,0.043530,0.056549,23.808395,0.997515,0.036946,0.048949,129.210358
459,"[64, 128, 128, 64]",4,128,0.000100,0.000100,0.200000,37188,867,1168,5760,1440,0.013618,0.116698,0.072855,0.985575,0.007209,0.992791,0.007217,668.300000,0.996949,0.042662,0.054666,18.149374,0.952625,0.153552,0.210134,88.597786,0.995576,0.053758,0.067678,33.188358,0.997149,0.041448,0.052430,81.140915
460,"[128, 256, 256, 128, 64]",5,256,0.000100,0.000010,0.000000,148036,326,627,5760,1440,0.013641,0.116796,0.070384,0.985520,0.003361,0.996639,0.011118,408.900000,0.997698,0.038167,0.047484,14.070116,0.950818,0.154730,0.214104,91.171310,0.996272,0.047849,0.062131,26.683794,0.997294,0.040792,0.051080,91.760338
461,"[128, 256, 512, 256]",4,512,0.000100,0.000010,0.000000,305412,250,551,5760,1440,0.013641,0.116797,0.067054,0.985483,0.002528,0.997472,0.011989,340.400000,0.998111,0.033698,0.043016,15.077151,0.948647,0.157937,0.218779,110.094261,0.997200,0.041978,0.053840,23.558239,0.997975,0.034601,0.044188,110.427727
462,"[64, 128, 256, 128, 64]",5,256,0.000500,0.001000,0.200000,87108,1500,1801,5760,1440,0.013647,0.116819,0.071275,0.985534,0.006553,0.993447,0.007914,1148.000000,0.996718,0.044039,0.056703,17.329245,0.952079,0.152129,0.211342,110.854469,0.996032,0.048905,0.064094,20.654438,0.997305,0.040028,0.050972,91.427841
463,"[64, 128, 256, 256, 128]",5,256,0.000500,0.000000,0.200000,145284,505,806,5760,1440,0.013649,0.116827,0.069186,0.985509,0.005514,0.994485,0.008977,517.200000,0.997783,0.037333,0.046605,16.193283,0.950305,0.154065,0.215217,106.060265,0.996230,0.047774,0.062476,22.640585,0.997717,0.037572,0.046911,127.459396
464,"[64, 128, 256, 256, 128]",5,256,0.005000,0.000000,0.200000,145284,428,729,5760,1440,0.013650,0.116834,0.071479,0.985515,0.006080,0.993920,0.008405,460.100000,0.997514,0.039585,0.049347,13.458500,0.951210,0.153572,0.213251,102.481987,0.996273,0.049733,0.062117,25.468248,0.997063,0.043024,0.053209,47.133991
465,"[128, 256, 256, 128, 64]",5,256,0.001000,0.000010,0.100000,148036,797,1098,5760,1440,0.013658,0.116868,0.068923,0.985500,0.003542,0.996458,0.010959,760.600000,0.997517,0.038544,0.049318,11.880943,0.950512,0.151903,0.214771,123.973846,0.996340,0.047759,0.061556,18.963541,0.997630,0.037488,0.047797,48.867073
466,"[128, 256, 512, 256, 128]",5,512,0.000100,0.000010,0.000000,338052,663,964,5760,1440,0.013658,0.116869,0.066606,0.985470,0.001343,0.998657,0.013187,632.700000,0.998100,0.034148,0.043141,13.870269,0.948496,0.158142,0.219101,96.945030,0.996884,0.043258,0.056803,24.574881,0.998402,0.030875,0.039253,55.268833
467,"[128, 256, 256, 128]",4,256,0.000500,0.000100,0.200000,139908,792,1093,5760,1440,0.013690,0.117005,0.071071,0.985493,0.004285,0.995715,0.010222,688.700000,0.997112,0.041075,0.053186,12.352036,0.952123,0.148828,0.211245,122.357658,0.995710,0.052122,0.066646,21.672762,0.997027,0.042261,0.053537,116.422745
468,"[64, 128, 256, 128]",4,256,0.000500,0.000100,0.200000,78980,382,683,5760,1440,0.013703,0.117060,0.072433,0.985484,0.007226,0.992774,0.007290,398.800000,0.996904,0.044142,0.055073,13.231850,0.952299,0.150955,0.210857,86.967773,0.995637,0.052856,0.067207,25.909855,0.997094,0.041779,0.052933,83.450638
469,"[64, 128, 256, 128, 64]",5,256,0.000100,0.001000,0.000000,87108,724,1025,5760,1440,0.013709,0.117084,0.067008,0.985438,0.002549,0.997451,0.012013,643.400000,0.997790,0.034869,0.046527,12.674747,0.949805,0.153079,0.216299,110.158623,0.996488,0.044323,0.060299,25.362312,0.997668,0.035761,0.047417,54.407173
470,"[128, 256, 256, 128, 64]",5,256,0.001000,0.000000,0.100000,148036,346,647,5760,1440,0.013712,0.117099,0.070775,0.985455,0.005350,0.994650,0.009195,422.900000,0.997253,0.040186,0.051872,17.383780,0.951120,0.154969,0.213446,101.784355,0.996036,0.048067,0.064067,26.106842,0.997413,0.039879,0.049942,65.767288
471,"[128, 256, 256, 128, 64]",5,256,0.000500,0.000010,0.100000,148036,610,911,5760,1440,0.013715,0.117110,0.069153,0.985447,0.003706,0.996294,0.010847,620.300000,0.997735,0.037587,0.047106,13.015798,0.950635,0.151595,0.214502,116.549850,0.996040,0.048828,0.064032,24.056673,0.997377,0.038603,0.050289,67.893242
472,"[64, 128, 128, 64]",4,128,0.000500,0.000010,0.100000,37188,1091,1392,5760,1440,0.013722,0.117140,0.072362,0.985452,0.005334,0.994666,0.009214,807.400000,0.996641,0.045629,0.057363,13.933648,0.952129,0.151499,0.211232,109.983376,0.996252,0.048299,0.062291,23.199783,0.996788,0.044020,0.055651,75.988998
473,"[128, 256, 256, 128, 64]",5,256,0.000500,0.000000,0.100000,148036,267,568,5760,1440,0.013729,0.117172,0.070529,0.985436,0.005315,0.994685,0.009249,376.700000,0.997162,0.041358,0.052726,16.065165,0.951238,0.151662,0.213188,95.977753,0.996197,0.047869,0.062750,28.953987,0.997147,0.041230,0.052443,83.905869
474,"[64, 128, 256, 256, 128]",5,256,0.000500,0.000100,0.200000,145284,346,647,5760,1440,0.013742,0.117226,0.070731,0.985420,0.006936,0.993064,0.007645,430.500000,0.996821,0.043621,0.055805,17.896145,0.950934,0.153655,0.213852,110.619987,0.996312,0.048522,0.061792,23.869757,0.997612,0.037125,0.047987,109.071541
475,"[128, 256, 256, 128]",4,256,0.001000,0.000010,0.200000,139908,267,568,5760,1440,0.013743,0.117230,0.073945,0.985472,0.007107,0.992893,0.007422,343.200000,0.996607,0.045865,0.057656,18.820255,0.953484,0.151375,0.208222,91.725998,0.994635,0.057977,0.074528,28.737345,0.997161,0.040564,0.052314,37.277924
476,"[64, 128, 128, 64]",4,128,0.005000,0.000000,0.100000,37188,1045,1346,5760,1440,0.013760,0.117304,0.071787,0.985431,0.005069,0.994932,0.009501,752.600000,0.996800,0.043806,0.055991,17.274384,0.952314,0.150220,0.210824,85.419998,0.995322,0.053529,0.069595,25.376080,0.997287,0.039591,0.051142,81.694824
477,"[64, 128, 256, 128]",4,256,0.000500,0.000000,0.200000,78980,393,694,5760,1440,0.013765,0.117323,0.072153,0.985410,0.006441,0.993559,0.008148,388.100000,0.996710,0.043983,0.056771,14.708667,0.951759,0.155346,0.212047,96.992645,0.995951,0.049185,0.064743,23.154533,0.997221,0.040096,0.051766,48.510872
478,"[128, 256, 512, 256]",4,512,0.005000,0.001000,0.100000,305412,1985,2000,5760,1440,0.013779,0.117385,0.067818,0.985344,0.010573,0.989427,0.004083,1241.500000,0.997880,0.035221,0.045575,14.500600,0.948261,0.160438,0.219599,93.338875,0.996880,0.044592,0.056836,26.849371,0.998355,0.031019,0.039823,98.705208
479,"[64, 128, 256, 128]",4,256,0.000100,0.000000,0.000000,78980,596,897,5760,1440,0.013787,0.117416,0.069251,0.985356,0.002863,0.997137,0.011781,505.600000,0.998139,0.033715,0.042701,12.547233,0.949149,0.159513,0.217707,120.245552,0.996150,0.049094,0.063137,25.318727,0.997988,0.034681,0.044047,73.591713
480,"[256, 512, 512, 256]",4,512,0.005000,0.000100,0.100000,541956,1197,1498,5760,1440,0.013816,0.117540,0.072135,0.985378,0.009351,0.990649,0.005271,945.600000,0.996875,0.042560,0.055329,14.499475,0.952500,0.150155,0.210412,101.393585,0.995118,0.054372,0.071093,24.043707,0.997019,0.041452,0.053612,58.812206
481,"[128, 256, 256, 128, 64]",5,256,0.000100,0.001000,0.200000,148036,911,1212,5760,1440,0.013819,0.117555,0.074933,0.985380,0.004807,0.995193,0.009813,840.200000,0.996286,0.047748,0.060320,20.013252,0.953356,0.150976,0.208506,106.839279,0.995349,0.055140,0.069395,24.391230,0.996528,0.045867,0.057859,116.389542
482,"[128, 256, 256, 128]",4,256,0.005000,0.000100,0.100000,139908,912,1213,5760,1440,0.013828,0.117592,0.072853,0.985337,0.009489,0.990511,0.005174,743.700000,0.996652,0.044573,0.057269,13.466244,0.951312,0.154906,0.213027,136.863754,0.996159,0.050288,0.063065,22.198591,0.997227,0.041644,0.051710,58.565407
483,"[256, 512, 512, 256]",4,512,0.005000,0.001000,0.100000,541956,1452,1753,5760,1440,0.013832,0.117608,0.068248,0.985311,0.011811,0.988189,0.002877,1127.800000,0.997670,0.036641,0.047771,14.560210,0.949083,0.158290,0.217849,90.127846,0.996128,0.047671,0.063316,25.798582,0.998363,0.030391,0.039722,103.038490
484,"[128, 256, 256, 128]",4,256,0.005000,0.001000,0.100000,139908,1704,2000,5760,1440,0.013849,0.117682,0.066217,0.985264,0.010886,0.989114,0.003850,1230.200000,0.998091,0.032845,0.043242,16.076458,0.947559,0.159548,0.221084,92.380623,0.996941,0.043167,0.056282,28.372854,0.998465,0.029309,0.038472,42.377361
485,"[128, 256, 256, 128]",4,256,0.001000,0.000010,0.100000,139908,270,571,5760,1440,0.013854,0.117701,0.071678,0.985318,0.006033,0.993967,0.008649,345.600000,0.996762,0.043811,0.056319,14.384749,0.951513,0.151187,0.212587,114.489998,0.995824,0.051177,0.065751,26.070063,0.997172,0.040535,0.052214,85.307945
486,"[128, 256, 256, 128]",4,256,0.001000,0.000000,0.200000,139908,228,529,5760,1440,0.013862,0.117738,0.072256,0.985303,0.007060,0.992940,0.007638,304.900000,0.996667,0.044711,0.057144,16.956577,0.951293,0.154315,0.213069,83.807365,0.996084,0.048481,0.063678,27.497694,0.997168,0.041516,0.052252,88.818932
487,"[128, 256, 256, 128]",4,256,0.000100,0.000000,0.000000,139908,330,631,5760,1440,0.013879,0.117807,0.067504,0.985237,0.002731,0.997269,0.012032,366.600000,0.998122,0.033261,0.042888,13.802552,0.947777,0.160270,0.220624,105.745224,0.996819,0.044369,0.057387,20.565554,0.998230,0.032115,0.041312,35.503372
488,"[128, 256, 256, 128, 64]",5,256,0.000500,0.000000,0.200000,148036,785,1086,5760,1440,0.013880,0.117815,0.074757,0.985310,0.004830,0.995170,0.009860,715.600000,0.995977,0.049701,0.062781,19.625368,0.953213,0.149618,0.208827,100.299957,0.995705,0.052013,0.066683,22.969814,0.996344,0.047697,0.059370,92.841507
489,"[64, 128, 256, 128, 64]",5,256,0.000100,0.001000,0.200000,87108,1164,1465,5760,1440,0.013893,0.117868,0.072729,0.985274,0.004653,0.995347,0.010073,934.200000,0.996682,0.044765,0.057013,16.963654,0.951719,0.150360,0.212134,112.842033,0.996126,0.050204,0.063335,30.190950,0.996568,0.045589,0.057521,122.643227
490,"[64, 128, 256, 128, 64]",5,256,0.005000,0.000010,0.200000,87108,1253,1554,5760,1440,0.013911,0.117947,0.074703,0.985293,0.007391,0.992609,0.007316,980.400000,0.996115,0.046902,0.061692,17.857271,0.953738,0.149567,0.207652,104.071373,0.995095,0.054844,0.071261,27.076672,0.996222,0.047498,0.060351,136.249130
491,"[128, 256, 128]",3,256,0.005000,0.000100,0.200000,73604,723,1024,5760,1440,0.013911,0.117947,0.073083,0.985275,0.010134,0.989866,0.004591,541.800000,0.996124,0.047945,0.061622,14.791816,0.952859,0.150790,0.209615,77.982193,0.995651,0.050419,0.067103,22.015768,0.996466,0.043177,0.058372,58.557346
492,"[64, 128, 256, 256, 128]",5,256,0.000100,0.000010,0.000000,145284,727,1028,5760,1440,0.013923,0.117994,0.070401,0.985208,0.001905,0.998095,0.012887,659.000000,0.997437,0.039309,0.050111,14.785902,0.949060,0.158909,0.217898,103.921379,0.996661,0.046439,0.058798,25.001123,0.997674,0.036946,0.047355,54.685524
493,"[128, 256, 256, 128, 64]",5,256,0.000500,0.000010,0.200000,148036,677,978,5760,1440,0.013928,0.118018,0.072932,0.985256,0.005148,0.994852,0.009596,666.800000,0.996141,0.047185,0.061481,17.561977,0.952438,0.149424,0.210549,115.319519,0.995515,0.052874,0.068142,21.549719,0.996931,0.042245,0.054399,95.301056
494,"[64, 128, 256, 128, 64]",5,256,0.000500,0.000100,0.200000,87108,679,980,5760,1440,0.013969,0.118192,0.075975,0.985242,0.006722,0.993278,0.008036,609.400000,0.995528,0.052274,0.066190,21.908848,0.954169,0.149529,0.206683,93.775307,0.994934,0.054805,0.072422,26.112120,0.996335,0.047293,0.059440,133.047607
495,"[256, 512, 512, 256]",4,512,0.005000,0.000100,0.200000,541956,976,1277,5760,1440,0.013977,0.118226,0.072791,0.985198,0.009160,0.990840,0.005641,806.600000,0.996586,0.044222,0.057827,12.412367,0.951807,0.151297,0.211941,119.201736,0.995521,0.052210,0.068100,30.651381,0.996880,0.043434,0.054850,32.656445
496,"[64, 128, 256, 128, 64]",5,256,0.000100,0.000010,0.000000,87108,456,757,5760,1440,0.013993,0.118292,0.070653,0.985146,0.003116,0.996884,0.011739,467.600000,0.997524,0.038417,0.049253,17.188244,0.949403,0.157208,0.217162,101.588913,0.996196,0.048567,0.062758,25.709396,0.997460,0.038417,0.049484,49.159641
497,"[64, 128, 128, 64]",4,128,0.005000,0.000100,0.100000,37188,521,822,5760,1440,0.014009,0.118358,0.072570,0.985154,0.010508,0.989492,0.004338,474.500000,0.996494,0.043044,0.058603,14.311027,0.951299,0.155289,0.213055,97.541153,0.995954,0.049346,0.064720,26.582705,0.996869,0.042601,0.054945,65.217285
498,"[128, 256, 256, 128, 64]",5,256,0.000500,0.000100,0.200000,148036,1017,1318,5760,1440,0.014010,0.118364,0.073573,0.985149,0.006301,0.993699,0.008550,907.200000,0.996285,0.046473,0.060328,18.565422,0.951650,0.154220,0.212287,102.186623,0.996347,0.047946,0.061499,24.096552,0.996315,0.045654,0.059608,125.903961
499,"[64, 128, 256, 256, 128]",5,256,0.000100,0.000100,0.000000,145284,287,588,5760,1440,0.014012,0.118374,0.070427,0.985121,0.003245,0.996755,0.011634,376.900000,0.997594,0.038275,0.048546,17.234455,0.949142,0.155426,0.217721,102.618057,0.996343,0.047664,0.061530,29.360189,0.997403,0.040342,0.050042,53.229458
500,"[64, 128, 256, 128, 64]",5,256,0.000100,0.000100,0.200000,87108,687,988,5760,1440,0.014039,0.118486,0.075339,0.985147,0.006819,0.993181,0.008034,633.800000,0.996640,0.046044,0.057368,19.854647,0.952485,0.152341,0.210446,88.940399,0.995143,0.055426,0.070916,28.380377,0.996320,0.047546,0.059564,168.846283
501,"[128, 256, 256, 128, 64]",5,256,0.000100,0.000100,0.200000,148036,1029,1330,5760,1440,0.014043,0.118502,0.073144,0.985117,0.004722,0.995278,0.010161,901.700000,0.996657,0.044363,0.057225,18.996006,0.951040,0.155488,0.213620,100.147659,0.995883,0.050162,0.065286,24.397005,0.996888,0.042563,0.054775,103.044357
502,"[64, 128, 128, 64]",4,128,0.000100,0.000000,0.200000,37188,694,995,5760,1440,0.014052,0.118539,0.073098,0.985104,0.007882,0.992118,0.007014,557.000000,0.997333,0.039548,0.051109,18.345764,0.950511,0.156243,0.214773,87.016266,0.995696,0.052964,0.066754,30.383533,0.996877,0.043637,0.054869,114.122810
503,"[64, 128, 256, 128, 64]",5,256,0.000100,0.000000,0.000000,87108,592,893,5760,1440,0.014059,0.118570,0.070834,0.985071,0.002870,0.997130,0.012059,533.800000,0.997379,0.039920,0.050674,15.018380,0.948943,0.156763,0.218148,109.579521,0.996391,0.048197,0.061130,30.731028,0.997571,0.038456,0.048393,79.103477
504,"[64, 128, 128, 64]",4,128,0.000100,0.000010,0.200000,37188,1027,1328,5760,1440,0.014079,0.118653,0.072996,0.985093,0.007446,0.992554,0.007461,773.300000,0.996719,0.043857,0.056697,19.365110,0.951570,0.151127,0.212462,100.785316,0.995428,0.052572,0.068801,23.554934,0.996654,0.044429,0.056797,127.398697
505,"[128, 256, 512, 256, 128]",5,512,0.005000,0.001000,0.200000,338052,1691,1992,5760,1440,0.014099,0.118737,0.071865,0.985057,0.011051,0.988949,0.003892,1364.200000,0.996878,0.041492,0.055305,16.117607,0.950108,0.157854,0.215645,92.819290,0.995554,0.051700,0.067846,23.495598,0.997687,0.036414,0.047222,77.423027
506,"[128, 256, 256, 128, 64]",5,256,0.000100,0.000010,0.200000,148036,659,960,5760,1440,0.014111,0.118791,0.075126,0.985074,0.005547,0.994453,0.009379,653.300000,0.996564,0.045707,0.058017,17.299646,0.952270,0.152934,0.210920,92.607315,0.994932,0.056495,0.072438,30.525467,0.996531,0.045367,0.057834,154.238007
507,"[64, 128, 256, 128]",4,256,0.005000,0.001000,0.100000,78980,1911,2000,5760,1440,0.014126,0.118854,0.068862,0.985011,0.011563,0.988437,0.003426,1182.100000,0.997759,0.034976,0.046859,16.478104,0.948813,0.156434,0.218425,93.207397,0.995704,0.049712,0.066690,27.955360,0.997768,0.034327,0.046394,94.886261
508,"[64, 128, 128, 64]",4,128,0.000500,0.000010,0.200000,37188,750,1051,5760,1440,0.014130,0.118870,0.077373,0.985075,0.007243,0.992757,0.007682,598.500000,0.995400,0.052857,0.067128,17.130327,0.954423,0.149811,0.206108,101.911743,0.995059,0.055867,0.071524,30.968351,0.995417,0.050958,0.066470,84.780273
509,"[64, 128, 256, 256, 128]",5,256,0.005000,0.000100,0.100000,145284,1141,1442,5760,1440,0.014143,0.118924,0.074442,0.985026,0.009565,0.990435,0.005409,965.600000,0.996782,0.042961,0.056144,15.019056,0.951199,0.156367,0.213273,111.092697,0.995230,0.056181,0.070273,25.329687,0.996893,0.042257,0.054734,101.869118
510,"[64, 128, 128, 64]",4,128,0.005000,0.000010,0.200000,37188,1177,1478,5760,1440,0.014151,0.118959,0.074814,0.985027,0.007902,0.992098,0.007070,850.300000,0.996792,0.044922,0.056056,19.237185,0.951406,0.153805,0.212821,106.849113,0.994791,0.058117,0.073437,24.747715,0.997120,0.042414,0.052697,96.970787
511,"[128, 256, 256, 128, 64]",5,256,0.000100,0.000000,0.200000,148036,910,1211,5760,1440,0.014157,0.118984,0.074365,0.985009,0.005481,0.994519,0.009510,782.100000,0.997018,0.041663,0.054048,17.950132,0.951522,0.153478,0.212567,107.995575,0.995434,0.053932,0.068755,28.090158,0.996063,0.048388,0.061610,130.904343
512,"[64, 128, 256, 256, 128]",5,256,0.005000,0.001000,0.200000,145284,1885,2000,5760,1440,0.014160,0.118994,0.070746,0.984971,0.010510,0.989490,0.004520,1308.100000,0.997611,0.037039,0.048378,15.634277,0.948713,0.160773,0.218639,96.916061,0.995982,0.047738,0.064502,27.334658,0.997578,0.037434,0.048319,117.256195
513,"[128, 256, 512, 256, 128]",5,512,0.005000,0.000100,0.200000,338052,1014,1315,5760,1440,0.014184,0.119095,0.072915,0.984982,0.009515,0.990485,0.005504,943.500000,0.997350,0.039429,0.050950,17.337280,0.950898,0.154742,0.213930,107.112236,0.995102,0.052714,0.071210,27.045717,0.996575,0.044774,0.057460,69.362984
514,"[128, 256, 256, 128, 64]",5,256,0.001000,0.000100,0.200000,148036,740,1041,5760,1440,0.014195,0.119145,0.075216,0.984973,0.006757,0.993243,0.008269,720.600000,0.996217,0.046830,0.060872,14.821469,0.951626,0.153688,0.212338,91.141495,0.995451,0.054438,0.068629,24.571918,0.996599,0.045909,0.057262,94.462677
515,"[64, 128, 128, 64]",4,128,0.000500,0.000100,0.200000,37188,884,1185,5760,1440,0.014206,0.119190,0.076684,0.984979,0.007036,0.992964,0.007985,687.800000,0.995876,0.049903,0.063559,19.605587,0.952883,0.152493,0.209561,109.380577,0.995196,0.054424,0.070527,25.397385,0.995960,0.049918,0.062412,111.614639
516,"[128, 256, 256, 128]",4,256,0.005000,0.000100,0.200000,139908,1193,1494,5760,1440,0.014247,0.119361,0.074344,0.984918,0.009984,0.990016,0.005098,917.400000,0.996154,0.048461,0.061384,15.814933,0.950745,0.156986,0.214263,113.083824,0.995178,0.054163,0.070657,29.512913,0.997595,0.037767,0.048157,67.682419
517,"[128, 256, 256, 128, 64]",5,256,0.000100,0.000100,0.000000,148036,741,1042,5760,1440,0.014259,0.119411,0.069817,0.984845,0.002205,0.997795,0.012949,686.500000,0.997893,0.035262,0.045430,14.667551,0.947343,0.158337,0.221539,97.677971,0.996513,0.046932,0.060083,21.130705,0.997632,0.038739,0.047780,58.434429
518,"[128, 256, 512, 256, 128]",5,512,0.000100,0.000000,0.000000,338052,485,786,5760,1440,0.014260,0.119414,0.069981,0.984860,0.001846,0.998154,0.013294,493.300000,0.997593,0.037433,0.048561,12.905990,0.948012,0.156911,0.220128,108.881187,0.996073,0.048932,0.063765,26.728348,0.997762,0.036647,0.046456,80.030685
519,"[64, 128, 256, 256, 128]",5,256,0.005000,0.000100,0.200000,145284,1237,1538,5760,1440,0.014264,0.119432,0.073340,0.984890,0.009325,0.990675,0.005785,1058.000000,0.996436,0.044471,0.059089,14.728236,0.950743,0.154961,0.214269,90.544785,0.995680,0.050357,0.066878,24.023012,0.996701,0.043571,0.056398,125.627037
520,"[64, 128, 64]",3,128,0.000100,0.000000,0.200000,20420,833,1134,5760,1440,0.014283,0.119510,0.071591,0.984824,0.007334,0.992666,0.007842,587.400000,0.997469,0.039758,0.049797,16.889223,0.947762,0.160769,0.220657,102.810616,0.996609,0.046261,0.059253,23.902843,0.997458,0.039575,0.049502,105.095840
521,"[128, 256, 256, 128, 64]",5,256,0.005000,0.000100,0.200000,148036,1357,1658,5760,1440,0.014290,0.119542,0.075709,0.984890,0.010038,0.989962,0.005072,1121.500000,0.995726,0.049171,0.064706,16.425694,0.952736,0.150497,0.209889,88.005363,0.995263,0.054369,0.070029,24.321342,0.995833,0.048799,0.063382,122.835724
522,"[128, 256, 512, 256, 128]",5,512,0.005000,0.001000,0.100000,338052,1970,2000,5760,1440,0.014320,0.119668,0.071042,0.984797,0.010566,0.989434,0.004638,1374.700000,0.997571,0.037294,0.048784,18.056835,0.948002,0.159708,0.220148,124.633400,0.996060,0.049749,0.063869,29.228874,0.997555,0.037417,0.048554,108.764954
523,"[128, 256, 256, 128, 64]",5,256,0.001000,0.000010,0.200000,148036,638,939,5760,1440,0.014331,0.119714,0.074638,0.984816,0.006420,0.993580,0.008764,651.000000,0.995540,0.050697,0.066098,18.585934,0.950782,0.155415,0.214182,112.193779,0.996103,0.049215,0.063522,24.873541,0.996839,0.043227,0.055202,84.605820
524,"[64, 128, 256, 128]",4,256,0.005000,0.000100,0.200000,78980,968,1269,5760,1440,0.014336,0.119734,0.074032,0.984833,0.010108,0.989892,0.005060,740.100000,0.995760,0.048718,0.064448,16.666790,0.951292,0.153963,0.213070,100.762482,0.995110,0.054077,0.071156,23.127159,0.997170,0.039372,0.052238,56.261166
525,"[64, 128, 256, 128, 64]",5,256,0.001000,0.000000,0.200000,87108,578,879,5760,1440,0.014336,0.119734,0.077304,0.984852,0.007039,0.992961,0.008109,531.500000,0.996119,0.048930,0.061656,17.127365,0.952486,0.152443,0.210443,99.620895,0.994514,0.059921,0.075367,25.286493,0.996290,0.047921,0.059806,156.237244
526,"[64, 128, 128, 64]",4,128,0.001000,0.000100,0.200000,37188,1339,1640,5760,1440,0.014365,0.119855,0.077212,0.984826,0.007541,0.992459,0.007632,1065.700000,0.995087,0.052358,0.069372,15.015279,0.953815,0.148542,0.207478,99.929893,0.995117,0.056036,0.071103,23.153809,0.995285,0.051910,0.067424,71.178848
527,"[64, 128, 128, 64]",4,128,0.005000,0.001000,0.100000,37188,1631,1932,5760,1440,0.014380,0.119918,0.069787,0.984726,0.011662,0.988338,0.003612,1127.900000,0.997668,0.036069,0.047796,16.875488,0.946907,0.163526,0.222454,126.641579,0.996027,0.048027,0.064140,26.874718,0.998302,0.031528,0.040462,99.482635
528,"[64, 128, 256, 256, 128]",5,256,0.005000,0.001000,0.100000,145284,1752,2000,5760,1440,0.014386,0.119941,0.070378,0.984722,0.010700,0.989300,0.004578,1325.800000,0.997445,0.037866,0.050028,14.552818,0.947431,0.159735,0.221354,101.481415,0.996224,0.048178,0.062529,23.872396,0.997788,0.035733,0.046184,79.846878
529,"[64, 128, 256, 128, 64]",5,256,0.005000,0.000100,0.100000,87108,964,1265,5760,1440,0.014399,0.119996,0.075087,0.984764,0.008941,0.991059,0.006296,800.300000,0.995548,0.051110,0.066039,15.227465,0.951436,0.153958,0.212755,93.486015,0.995437,0.051399,0.068731,24.803070,0.996632,0.043883,0.056982,36.517948
530,"[128, 256, 128]",3,256,0.005000,0.001000,0.000000,73604,1816,2000,5760,1440,0.014403,0.120012,0.069850,0.984704,0.012388,0.987612,0.002908,1055.100000,0.997641,0.036198,0.048070,13.919367,0.947025,0.162447,0.222208,112.580048,0.996002,0.048847,0.064338,31.909636,0.998149,0.031907,0.042249,109.841057
531,"[64, 128, 256, 128, 64]",5,256,0.000100,0.000100,0.000000,87108,714,1015,5760,1440,0.014412,0.120050,0.070754,0.984695,0.002505,0.997495,0.012799,636.600000,0.997931,0.035564,0.045020,15.720096,0.947254,0.160929,0.221726,111.121864,0.995991,0.048820,0.064430,26.269289,0.997606,0.037704,0.048041,19.250790
532,"[128, 256, 256, 128, 64]",5,256,0.005000,0.000010,0.200000,148036,764,1065,5760,1440,0.014439,0.120162,0.077022,0.984720,0.008924,0.991076,0.006356,734.400000,0.995320,0.051745,0.067707,17.183882,0.951815,0.153879,0.211924,84.732300,0.995795,0.052552,0.065980,26.757677,0.995949,0.049912,0.062499,61.892979
533,"[64, 128, 256, 128, 64]",5,256,0.000500,0.000000,0.200000,87108,569,870,5760,1440,0.014443,0.120177,0.077136,0.984748,0.007218,0.992782,0.008034,527.900000,0.995956,0.048398,0.062938,18.117603,0.952852,0.151993,0.209631,97.817078,0.994362,0.058205,0.076400,32.712700,0.995823,0.049950,0.063459,128.065079
534,"[128, 256, 256, 128, 64]",5,256,0.005000,0.000000,0.200000,148036,411,712,5760,1440,0.014448,0.120201,0.077101,0.984741,0.007063,0.992937,0.008196,470.200000,0.995380,0.051284,0.067277,17.937546,0.952440,0.154024,0.210544,107.595863,0.994407,0.059030,0.076101,24.692301,0.996736,0.044064,0.056093,91.065559
535,"[64, 128, 256, 128, 64]",5,256,0.005000,0.001000,0.100000,87108,1803,2000,5760,1440,0.014455,0.120227,0.071884,0.984657,0.010815,0.989185,0.004528,1264.000000,0.996863,0.042378,0.055433,16.243124,0.947818,0.161082,0.220538,96.950096,0.996186,0.047539,0.062836,29.988544,0.997759,0.036538,0.046480,92.579979
536,"[64, 128, 128, 64]",4,128,0.001000,0.000000,0.200000,37188,336,637,5760,1440,0.014475,0.120313,0.078673,0.984700,0.008766,0.991234,0.006535,340.400000,0.995155,0.055385,0.068890,24.669832,0.952661,0.151926,0.210056,98.633759,0.995262,0.055522,0.070036,35.443478,0.995720,0.051860,0.064237,107.047539
537,"[64, 128, 256, 128, 64]",5,256,0.001000,0.000010,0.200000,87108,1193,1494,5760,1440,0.014482,0.120340,0.075230,0.984680,0.005805,0.994195,0.009515,931.500000,0.996329,0.046442,0.059965,17.062235,0.951014,0.152447,0.213678,109.937523,0.994943,0.056803,0.072356,26.890278,0.996435,0.045226,0.058627,61.921898
538,"[64, 128, 64]",3,128,0.005000,0.001000,0.100000,20420,1664,1965,5760,1440,0.014510,0.120459,0.070762,0.984600,0.012721,0.987279,0.002679,1055.900000,0.997324,0.039533,0.051204,16.119499,0.947407,0.158139,0.221404,102.955826,0.995831,0.049528,0.065703,23.269215,0.997839,0.035848,0.045641,88.433075
539,"[256, 512, 512, 256]",4,512,0.005000,0.001000,0.200000,541956,1710,2000,5760,1440,0.014511,0.120462,0.069665,0.984585,0.012120,0.987880,0.003295,1292.700000,0.997365,0.038557,0.050810,14.253296,0.946507,0.162196,0.223291,100.834373,0.996206,0.046591,0.062674,27.187315,0.998261,0.031318,0.040943,95.589478
540,"[64, 128, 256, 128, 64]",5,256,0.000100,0.000010,0.200000,87108,668,969,5760,1440,0.014514,0.120474,0.075726,0.984632,0.007483,0.992517,0.007884,632.000000,0.996844,0.044467,0.055601,21.173925,0.950306,0.156899,0.215217,104.192993,0.995292,0.053636,0.069821,25.432943,0.996088,0.047902,0.061413,190.663803
541,"[128, 256, 256, 128, 64]",5,256,0.001000,0.000000,0.200000,148036,764,1065,5760,1440,0.014524,0.120515,0.074650,0.984626,0.005587,0.994413,0.009786,701.400000,0.996514,0.044389,0.058441,16.487299,0.950115,0.154799,0.215628,104.292709,0.995053,0.057003,0.071567,23.667620,0.996823,0.042407,0.055341,119.434692
542,"[64, 128, 256, 128, 64]",5,256,0.000500,0.000010,0.200000,87108,818,1119,5760,1440,0.014534,0.120556,0.075417,0.984623,0.006248,0.993752,0.009129,697.900000,0.996570,0.045222,0.057970,19.525295,0.950473,0.154087,0.214853,102.339386,0.994855,0.057535,0.072987,27.008224,0.996593,0.044822,0.057315,154.394958
543,"[128, 256, 256, 128, 64]",5,256,0.005000,0.000100,0.100000,148036,1021,1322,5760,1440,0.014566,0.120692,0.076446,0.984596,0.010434,0.989566,0.004969,894.900000,0.995643,0.049937,0.065329,14.867074,0.951795,0.150369,0.211967,116.512932,0.995224,0.054504,0.070321,29.684435,0.995724,0.050975,0.064210,118.192665
544,"[64, 128, 128, 64]",4,128,0.001000,0.000010,0.200000,37188,957,1258,5760,1440,0.014590,0.120788,0.075631,0.984586,0.006944,0.993056,0.008470,727.700000,0.996622,0.044874,0.057525,16.278481,0.951016,0.151390,0.213673,134.854553,0.993928,0.061906,0.079287,25.042604,0.996777,0.044352,0.055746,62.618847
545,"[64, 128, 128, 64]",4,128,0.000500,0.000000,0.200000,37188,569,870,5760,1440,0.014593,0.120802,0.077996,0.984576,0.007574,0.992426,0.007850,494.800000,0.995670,0.051341,0.065125,17.128572,0.952054,0.153082,0.211397,100.525108,0.994961,0.056747,0.072232,30.242405,0.995618,0.050814,0.064996,72.623337
546,"[64, 128, 256, 256, 128]",5,256,0.000100,0.000000,0.000000,145284,311,612,5760,1440,0.014594,0.120807,0.071072,0.984497,0.003498,0.996502,0.012005,383.100000,0.997624,0.036977,0.048249,14.757882,0.946541,0.161465,0.223220,127.628105,0.996234,0.048951,0.062443,28.299870,0.997591,0.036894,0.048196,39.062923
547,"[128, 256, 256, 128]",4,256,0.005000,0.001000,0.200000,139908,1860,2000,5760,1440,0.014610,0.120871,0.070973,0.984513,0.012372,0.987628,0.003114,1235.000000,0.997133,0.040019,0.052999,12.862180,0.947834,0.159051,0.220503,97.353935,0.995191,0.050830,0.070559,28.976105,0.997894,0.033992,0.045060,136.831421
548,"[64, 128, 128, 64]",4,128,0.005000,0.000000,0.200000,37188,579,880,5760,1440,0.014616,0.120896,0.077123,0.984547,0.008149,0.991850,0.007304,484.500000,0.996753,0.045308,0.056395,16.887516,0.950749,0.154315,0.214254,113.384155,0.994438,0.061121,0.075887,31.551920,0.996246,0.047748,0.060162,132.095078
549,"[64, 128, 64]",3,128,0.005000,0.001000,0.000000,20420,1641,1942,5760,1440,0.014623,0.120924,0.070726,0.984461,0.012053,0.987947,0.003486,993.000000,0.997723,0.036813,0.047224,13.557483,0.945898,0.165815,0.224559,112.348038,0.996282,0.046256,0.062044,25.109407,0.997942,0.034020,0.044543,85.966881
550,"[64, 128, 256, 128, 64]",5,256,0.001000,0.000100,0.200000,87108,977,1278,5760,1440,0.014637,0.120985,0.076733,0.984520,0.007564,0.992436,0.007916,820.700000,0.996411,0.045087,0.059296,16.890022,0.951092,0.154002,0.213508,102.287086,0.994917,0.057783,0.072545,28.637527,0.995659,0.050061,0.064691,136.081985
551,"[128, 256, 512, 256]",4,512,0.005000,0.001000,0.200000,305412,1988,2000,5760,1440,0.014707,0.121274,0.071752,0.984385,0.012310,0.987690,0.003305,1252.300000,0.997139,0.040431,0.052943,14.696563,0.946600,0.163423,0.223097,99.334503,0.996120,0.047417,0.063380,26.823494,0.997680,0.035738,0.047298,71.542572
552,"[64, 128, 256, 128]",4,256,0.005000,0.001000,0.200000,78980,1857,2000,5760,1440,0.014813,0.121708,0.073396,0.984273,0.012608,0.987392,0.003119,1204.500000,0.997386,0.039485,0.050601,14.892922,0.946280,0.163254,0.223765,112.942177,0.996051,0.050926,0.063942,30.251881,0.997374,0.039921,0.050315,151.799042
553,"[64, 128, 256, 128, 64]",5,256,0.005000,0.000000,0.200000,87108,301,602,5760,1440,0.014873,0.121957,0.080192,0.984307,0.008835,0.991165,0.006857,364.600000,0.995142,0.055229,0.068987,27.052414,0.952058,0.151752,0.211389,105.403214,0.993863,0.064657,0.079711,32.799198,0.996167,0.049128,0.060789,176.940887
554,"[64, 128, 64]",3,128,0.005000,0.000100,0.200000,20420,1042,1343,5760,1440,0.014880,0.121985,0.077485,0.984245,0.011527,0.988473,0.004228,706.500000,0.995961,0.051007,0.062898,18.189184,0.949283,0.157403,0.217419,93.611115,0.995457,0.053561,0.068582,29.095615,0.996276,0.047971,0.059920,85.806557
555,"[64, 128, 256, 128]",4,256,0.005000,0.001000,0.000000,78980,1878,2000,5760,1440,0.014927,0.122177,0.073296,0.984170,0.012655,0.987345,0.003175,1157.500000,0.997633,0.038552,0.048157,13.015394,0.946148,0.164069,0.224039,111.330383,0.995099,0.053597,0.071235,29.397255,0.997799,0.036968,0.046066,110.652908
556,"[64, 128, 128, 64]",4,128,0.005000,0.001000,0.000000,37188,1123,1424,5760,1440,0.014939,0.122227,0.073776,0.984152,0.013127,0.986873,0.002720,834.000000,0.997282,0.041170,0.051600,13.826234,0.946199,0.163513,0.223933,85.611382,0.995445,0.053189,0.068676,28.065500,0.997684,0.037233,0.047258,137.933685
557,"[128, 256, 256, 128, 64]",5,256,0.000100,0.000000,0.000000,148036,328,629,5760,1440,0.015022,0.122565,0.072828,0.984046,0.003221,0.996779,0.012734,393.800000,0.997466,0.039857,0.049827,17.659111,0.945253,0.161283,0.225894,93.886894,0.996113,0.049394,0.063443,25.063715,0.997352,0.040780,0.050528,101.614388
558,"[128, 256, 128]",3,256,0.005000,0.001000,0.100000,73604,1022,1323,5760,1440,0.015076,0.122785,0.072690,0.983997,0.012607,0.987393,0.003396,699.400000,0.997620,0.037666,0.048285,14.963248,0.944859,0.166432,0.226705,105.152412,0.995491,0.052313,0.068328,26.826872,0.998020,0.034346,0.043696,83.065659
559,"[128, 256, 256, 128, 64]",5,256,0.005000,0.001000,0.100000,148036,1532,1833,5760,1440,0.015240,0.123452,0.076072,0.983860,0.012729,0.987271,0.003411,1254.500000,0.996018,0.046494,0.062454,17.656132,0.947531,0.161534,0.221143,91.524567,0.995246,0.051684,0.070159,31.516092,0.996645,0.044577,0.056871,129.404495
560,"[128, 256, 256, 128]",4,256,0.005000,0.001000,0.000000,139908,1034,1335,5760,1440,0.015306,0.123719,0.071754,0.983747,0.012813,0.987187,0.003439,813.800000,0.997562,0.036483,0.048867,14.473127,0.943820,0.165903,0.228830,111.410263,0.995637,0.051040,0.067211,29.290333,0.997971,0.033589,0.044233,72.543655
561,"[256, 512, 512, 256]",4,512,0.005000,0.001000,0.000000,541956,1544,1845,5760,1440,0.015315,0.123754,0.073871,0.983745,0.013321,0.986679,0.002934,1146.800000,0.997018,0.042227,0.054046,16.728333,0.944445,0.166291,0.227555,113.907196,0.995696,0.050735,0.066756,24.509218,0.997820,0.036231,0.045846,115.552277
562,"[64, 128, 128, 64]",4,128,0.005000,0.000100,0.200000,37188,661,962,5760,1440,0.015516,0.124562,0.079455,0.983597,0.012737,0.987263,0.003666,544.300000,0.996038,0.048905,0.062303,19.209805,0.947648,0.163556,0.220898,95.946594,0.994062,0.059810,0.078411,31.733974,0.996643,0.045550,0.056894,95.625412
563,"[256, 512, 256]",3,512,0.005000,0.001000,0.100000,278276,1841,2000,5760,1440,0.015562,0.124749,0.072952,0.983480,0.013638,0.986362,0.002882,1195.000000,0.997410,0.037996,0.050368,19.795595,0.943164,0.168174,0.230163,132.634827,0.995459,0.051442,0.068569,28.854986,0.997888,0.034194,0.045121,109.463501
564,"[64, 128, 128, 64]",4,128,0.005000,0.001000,0.200000,37188,1786,2000,5760,1440,0.015574,0.124797,0.077244,0.983513,0.013354,0.986646,0.003133,1153.100000,0.996436,0.045233,0.059091,18.446445,0.946801,0.160586,0.222678,87.515099,0.994878,0.054884,0.072825,33.057449,0.995938,0.048271,0.062580,170.923462
565,"[128, 256, 512, 256]",4,512,0.005000,0.001000,0.000000,305412,1360,1661,5760,1440,0.015594,0.124877,0.076172,0.983477,0.013784,0.986215,0.002739,1035.100000,0.996726,0.044721,0.056634,15.059149,0.944761,0.167190,0.226906,97.295227,0.994722,0.055832,0.073926,30.304600,0.997699,0.036946,0.047104,92.307922
566,"[256, 512, 256]",3,512,0.005000,0.001000,0.000000,278276,1120,1421,5760,1440,0.015695,0.125278,0.075462,0.983348,0.013787,0.986213,0.002865,838.000000,0.996548,0.043982,0.058151,17.605959,0.943844,0.167651,0.228781,103.301941,0.995694,0.051417,0.066770,27.359915,0.997306,0.038799,0.050967,122.467392
567,"[64, 128, 256, 128, 64]",5,256,0.005000,0.001000,0.000000,87108,1458,1759,5760,1440,0.015829,0.125815,0.078314,0.983227,0.014124,0.985876,0.002650,1075.300000,0.995998,0.049787,0.062617,20.693167,0.944860,0.166621,0.226703,96.142220,0.995275,0.051551,0.069947,29.433361,0.996774,0.045297,0.055769,114.365753
568,"[64, 128, 256, 256, 128]",5,256,0.005000,0.001000,0.000000,145284,1280,1581,5760,1440,0.015929,0.126210,0.076749,0.983145,0.013844,0.986156,0.003010,1067.300000,0.996284,0.046127,0.060338,17.603119,0.944949,0.162990,0.226519,99.828171,0.994050,0.058545,0.078486,31.491867,0.997298,0.039331,0.051036,124.454796
569,"[128, 256, 256, 128, 64]",5,256,0.005000,0.001000,0.000000,148036,1582,1883,5760,1440,0.015989,0.126446,0.079910,0.983075,0.014650,0.985350,0.002275,1242.800000,0.996034,0.049420,0.062332,20.357107,0.945107,0.167272,0.226194,98.298950,0.994647,0.056958,0.074447,26.628456,0.996512,0.045988,0.057989,72.183548
570,"[256, 512, 256]",3,512,0.005000,0.001000,0.200000,278276,1304,1605,5760,1440,0.016311,0.127714,0.075748,0.982696,0.014873,0.985127,0.002431,953.700000,0.997220,0.039860,0.052185,16.254215,0.940876,0.171938,0.234749,125.981628,0.994901,0.055207,0.072661,31.519178,0.997787,0.035987,0.046186,135.527969
571,"[64, 128, 256, 128, 64]",5,256,0.005000,0.000100,0.200000,87108,794,1095,5760,1440,0.016340,0.127828,0.085302,0.982763,0.013028,0.986972,0.004209,693.100000,0.994827,0.057186,0.071188,21.008995,0.947925,0.161051,0.220312,84.748611,0.993315,0.066918,0.083195,31.014149,0.994986,0.056051,0.069525,144.676971
572,"[64, 128, 256, 128, 64]",5,256,0.005000,0.001000,0.200000,87108,1999,2000,5760,1440,0.016348,0.127858,0.080215,0.982700,0.013232,0.986768,0.004068,1264.600000,0.995864,0.049588,0.063654,19.938358,0.944487,0.164556,0.227469,85.900810,0.994565,0.057503,0.075013,29.712475,0.995882,0.049215,0.063007,187.824051
573,"[128, 256, 128]",3,256,0.005000,0.001000,0.200000,73604,1739,2000,5760,1440,0.016364,0.127921,0.076840,0.982658,0.014243,0.985757,0.003099,1060.500000,0.996993,0.041984,0.054276,15.549297,0.941890,0.168261,0.232728,117.764153,0.994470,0.058473,0.075667,32.172668,0.997281,0.038640,0.051201,136.482788
574,"[128, 256, 256, 128, 64]",5,256,0.005000,0.001000,0.200000,148036,1992,2000,5760,1440,0.016462,0.128303,0.081410,0.982596,0.013764,0.986236,0.003640,1366.100000,0.995119,0.053090,0.069146,17.551006,0.945070,0.164303,0.226271,122.396027,0.994183,0.059770,0.077607,30.931288,0.996012,0.048475,0.062007,159.256729
575,"[128, 256, 512, 256, 128]",5,512,0.005000,0.001000,0.000000,338052,1251,1552,5760,1440,0.016989,0.130344,0.081228,0.982023,0.015593,0.984408,0.002384,1062.400000,0.994579,0.054103,0.072872,16.697849,0.942362,0.168744,0.231780,140.554825,0.994469,0.058891,0.075678,36.075191,0.996683,0.043176,0.056553,131.126831
576,"[64, 128, 64]",3,128,0.005000,0.001000,0.200000,20420,1224,1525,5760,1440,0.017193,0.131123,0.082359,0.981816,0.015383,0.984617,0.002801,791.300000,0.995716,0.051132,0.064781,18.649017,0.941433,0.170401,0.233642,130.794006,0.993577,0.062258,0.081550,33.970886,0.996538,0.045643,0.057773,160.652710
