trial_id,hidden_dims,output,MSE,RMSE,MAE,R2,MaxAbsErr,MeanRelErr%,P95RelErr%,P99RelErr%,MeanBias,StdErr
21,"[64, 128, 64]",Fx,0.001247,0.035314,0.026817,0.998727,0.171072,10.649805,30.159199,137.175836,-0.004590,0.035014
21,"[64, 128, 64]",Fy,0.040518,0.201291,0.145676,0.956529,1.295469,96.865669,232.068268,1151.023220,-0.012439,0.200907
21,"[64, 128, 64]",Fz,0.002192,0.046821,0.036001,0.997883,0.249343,20.816015,66.605190,210.133035,-0.005724,0.046470
21,"[64, 128, 64]",Torque,0.000954,0.030885,0.023723,0.999011,0.127753,43.034592,31.550296,182.970273,0.000001,0.030885
111,"[256, 512, 256]",Fx,0.000867,0.029446,0.023062,0.999115,0.136374,8.980931,20.502459,90.679686,-0.000426,0.029443
111,"[256, 512, 256]",Fy,0.041572,0.203892,0.146154,0.955398,1.213055,127.926788,221.153337,1395.640850,-0.000298,0.203892
111,"[256, 512, 256]",Fz,0.001999,0.044706,0.034125,0.998070,0.188981,19.516642,58.585942,333.253714,-0.003709,0.044552
111,"[256, 512, 256]",Torque,0.000898,0.029967,0.023426,0.999069,0.135827,30.324503,27.728371,139.581977,0.001857,0.029910
131,"[256, 512, 256]",Fx,0.001058,0.032534,0.024971,0.998919,0.138240,10.928422,32.336453,132.875290,-0.001728,0.032488
131,"[256, 512, 256]",Fy,0.040985,0.202447,0.146785,0.956028,1.205427,103.826462,239.777061,1135.911533,-0.000370,0.202447
131,"[256, 512, 256]",Fz,0.002375,0.048729,0.036804,0.997707,0.237164,22.967182,66.202272,248.475412,-0.008694,0.047947
131,"[256, 512, 256]",Torque,0.001048,0.032376,0.024920,0.998913,0.157265,66.541382,43.215058,167.678439,-0.008364,0.031278
45,"[64, 128, 64]",Fx,0.001482,0.038498,0.030354,0.998487,0.198488,12.670766,29.372540,161.676882,0.001442,0.038471
45,"[64, 128, 64]",Fy,0.040700,0.201741,0.145412,0.956334,1.248127,98.981659,212.824828,1426.854003,0.002616,0.201724
45,"[64, 128, 64]",Fz,0.002207,0.046979,0.037142,0.997868,0.212692,17.523333,73.871849,258.731192,0.006184,0.046570
45,"[64, 128, 64]",Torque,0.001302,0.036085,0.027719,0.998649,0.169299,26.343077,36.075708,219.300200,-0.003872,0.035877
143,"[256, 512, 256]",Fx,0.000969,0.031123,0.024659,0.999011,0.146594,8.756215,33.200954,122.442339,0.009097,0.029764
143,"[256, 512, 256]",Fy,0.041753,0.204336,0.145930,0.955204,1.233505,100.298286,228.909595,1260.205704,0.008780,0.204147
143,"[256, 512, 256]",Fz,0.002094,0.045764,0.035435,0.997977,0.240785,20.891298,60.554723,284.884211,0.006624,0.045282
143,"[256, 512, 256]",Torque,0.000882,0.029706,0.023760,0.999085,0.123405,65.982460,35.111397,202.469678,0.009558,0.028126
0,"[64, 128, 64]",Fx,0.001040,0.032246,0.025515,0.998939,0.145267,12.872954,34.796707,175.509483,0.002758,0.032128
0,"[64, 128, 64]",Fy,0.041876,0.204637,0.145716,0.955071,1.316941,88.776093,197.667273,1171.038065,-0.016549,0.203967
0,"[64, 128, 64]",Fz,0.001853,0.043041,0.033098,0.998211,0.241770,18.906576,60.670583,281.234838,-0.000153,0.043041
0,"[64, 128, 64]",Torque,0.000954,0.030880,0.024131,0.999011,0.139205,28.171696,33.821761,166.044004,0.002367,0.030789
33,"[64, 128, 64]",Fx,0.001014,0.031845,0.025617,0.998965,0.119464,10.009962,27.332057,123.057491,0.004982,0.031453
33,"[64, 128, 64]",Fy,0.041836,0.204539,0.145533,0.955115,1.351646,113.596222,218.718312,1304.061158,-0.008418,0.204365
33,"[64, 128, 64]",Fz,0.001937,0.044013,0.034061,0.998129,0.237852,19.223692,70.749206,263.426539,-0.003415,0.043880
33,"[64, 128, 64]",Torque,0.000973,0.031192,0.025237,0.998991,0.094912,64.564507,29.351604,164.320613,0.010457,0.029386
142,"[256, 512, 256]",Fx,0.000809,0.028448,0.022378,0.999174,0.132118,8.599411,26.598656,109.220231,-0.000866,0.028435
142,"[256, 512, 256]",Fy,0.042310,0.205694,0.146444,0.954606,1.142212,97.413887,215.420419,873.176973,0.001128,0.205691
142,"[256, 512, 256]",Fz,0.001870,0.043245,0.032993,0.998194,0.217552,19.451284,63.275685,260.515191,0.004745,0.042984
142,"[256, 512, 256]",Torque,0.000832,0.028838,0.022395,0.999137,0.114030,63.507824,31.783722,127.675088,-0.002662,0.028715
310,"[128, 256, 512, 256]",Fx,0.001091,0.033036,0.025324,0.998886,0.146834,10.177467,25.353537,142.419436,0.002617,0.032932
310,"[128, 256, 512, 256]",Fy,0.041725,0.204266,0.144992,0.955234,1.329934,93.619133,221.067198,1160.050605,0.014704,0.203736
310,"[128, 256, 512, 256]",Fz,0.002037,0.045138,0.033862,0.998032,0.228423,20.647005,66.515516,220.876310,0.000253,0.045137
310,"[128, 256, 512, 256]",Torque,0.001034,0.032162,0.025537,0.998927,0.128977,71.457817,34.971169,178.634283,0.010096,0.030536
24,"[64, 128, 64]",Fx,0.001258,0.035462,0.027639,0.998716,0.130987,11.921056,28.158664,134.538112,0.001104,0.035445
24,"[64, 128, 64]",Fy,0.041069,0.202655,0.146833,0.955937,1.111703,116.070335,235.740504,1325.829581,0.001138,0.202652
24,"[64, 128, 64]",Fz,0.002405,0.049046,0.038166,0.997677,0.221341,21.438568,63.332936,267.913452,-0.000129,0.049046
24,"[64, 128, 64]",Torque,0.001225,0.034994,0.027854,0.998730,0.125677,20.567350,37.407565,229.547527,0.001864,0.034944
323,"[128, 256, 512, 256]",Fx,0.001640,0.040492,0.032588,0.998326,0.179722,13.907181,33.795449,124.405747,0.010576,0.039087
323,"[128, 256, 512, 256]",Fy,0.040611,0.201522,0.144852,0.956429,1.397019,141.952911,200.357335,1736.499989,0.005883,0.201436
323,"[128, 256, 512, 256]",Fz,0.002303,0.047993,0.036311,0.997775,0.284281,23.572792,61.206485,303.489533,0.002152,0.047945
323,"[128, 256, 512, 256]",Torque,0.001498,0.038698,0.031048,0.998447,0.152753,85.986526,44.587059,181.226281,0.007375,0.037989
141,"[256, 512, 256]",Fx,0.000774,0.027821,0.021526,0.999210,0.111068,8.348370,23.773628,88.602842,-0.001120,0.027798
141,"[256, 512, 256]",Fy,0.042583,0.206357,0.145910,0.954313,1.422481,125.302147,231.301366,1256.216906,0.006925,0.206241
141,"[256, 512, 256]",Fz,0.001858,0.043107,0.032429,0.998205,0.205315,17.899586,56.761781,228.040530,0.002155,0.043053
141,"[256, 512, 256]",Torque,0.000850,0.029151,0.023646,0.999119,0.128123,40.334160,32.125669,137.626184,0.011005,0.026993
371,"[256, 512, 512, 256]",Fx,0.001224,0.034989,0.027150,0.998750,0.165542,12.741303,34.245982,137.912673,-0.004448,0.034705
371,"[256, 512, 512, 256]",Fy,0.042125,0.205244,0.146089,0.954805,1.360560,116.767509,207.841898,1226.868120,-0.009291,0.205034
371,"[256, 512, 512, 256]",Fz,0.001979,0.044489,0.033849,0.998088,0.252457,19.811213,56.665545,245.169613,0.003943,0.044314
371,"[256, 512, 512, 256]",Torque,0.000847,0.029101,0.022660,0.999122,0.119528,60.670692,34.107424,150.399536,-0.000714,0.029093
214,"[128, 256, 256, 128]",Fx,0.001513,0.038902,0.030000,0.998455,0.205820,13.825944,39.763189,180.892627,-0.008518,0.037958
214,"[128, 256, 256, 128]",Fy,0.041558,0.203859,0.146003,0.955413,1.164544,117.101364,213.013796,1299.535912,-0.004847,0.203801
214,"[128, 256, 256, 128]",Fz,0.002119,0.046032,0.034833,0.997953,0.212811,19.501093,60.002264,220.317446,0.002699,0.045953
214,"[128, 256, 256, 128]",Torque,0.001061,0.032568,0.025123,0.998900,0.153858,95.201965,39.725970,193.574858,-0.007094,0.031786
322,"[128, 256, 512, 256]",Fx,0.000939,0.030635,0.023541,0.999042,0.157169,9.415476,27.654443,174.932700,-0.000935,0.030621
322,"[128, 256, 512, 256]",Fy,0.042727,0.206706,0.146249,0.954158,1.549948,125.622246,201.539420,1385.626995,0.012426,0.206332
322,"[128, 256, 512, 256]",Fz,0.001866,0.043202,0.032698,0.998197,0.250245,21.418625,61.096952,355.713018,-0.006606,0.042694
322,"[128, 256, 512, 256]",Torque,0.000747,0.027338,0.021038,0.999225,0.108694,32.288071,33.024536,177.360825,0.006514,0.026550
83,"[128, 256, 128]",Fx,0.001267,0.035600,0.027410,0.998706,0.189110,10.408119,32.633624,112.950056,-0.000305,0.035599
83,"[128, 256, 128]",Fy,0.041299,0.203223,0.146748,0.955690,1.249998,107.591873,201.283848,1315.800748,-0.006657,0.203114
83,"[128, 256, 128]",Fz,0.002414,0.049134,0.036951,0.997668,0.246842,22.900841,68.620004,236.901376,-0.006252,0.048734
83,"[128, 256, 128]",Torque,0.001312,0.036219,0.028106,0.998639,0.186422,63.652626,35.175007,196.787238,0.004622,0.035923
99,"[256, 512, 256]",Fx,0.000965,0.031056,0.024032,0.999015,0.147819,10.546261,26.738727,140.009173,-0.006139,0.030444
99,"[256, 512, 256]",Fy,0.042308,0.205690,0.146192,0.954608,1.517399,120.079079,246.994380,1234.473203,-0.000961,0.205688
99,"[256, 512, 256]",Fz,0.002032,0.045079,0.033628,0.998037,0.241248,20.928261,55.850473,268.447812,-0.004818,0.044821
99,"[256, 512, 256]",Torque,0.000990,0.031467,0.024048,0.998973,0.150602,14.154345,38.825101,173.734011,-0.011066,0.029457
3,"[64, 128, 64]",Fx,0.001081,0.032884,0.025362,0.998896,0.191185,11.548189,33.878047,141.720223,-0.004919,0.032514
3,"[64, 128, 64]",Fy,0.041973,0.204874,0.148956,0.954967,1.073167,95.457909,216.403157,1662.464180,-0.003466,0.204844
3,"[64, 128, 64]",Fz,0.002214,0.047053,0.035100,0.997862,0.242863,15.563661,55.324631,246.273934,-0.009181,0.046148
3,"[64, 128, 64]",Torque,0.001038,0.032217,0.025074,0.998923,0.159365,33.966698,39.080607,198.528658,-0.009372,0.030824
94,"[128, 256, 128]",Fx,0.001639,0.040483,0.031371,0.998327,0.183698,12.654454,34.419186,138.365750,-0.002839,0.040383
94,"[128, 256, 128]",Fy,0.040775,0.201928,0.145417,0.956253,1.217413,84.826591,193.830867,1289.866573,-0.005207,0.201861
94,"[128, 256, 128]",Fz,0.002323,0.048201,0.037114,0.997756,0.206433,18.188520,57.799358,308.169360,0.007970,0.047538
94,"[128, 256, 128]",Torque,0.001647,0.040584,0.031906,0.998292,0.201529,32.264156,41.586485,156.557021,0.007002,0.039975
129,"[256, 512, 256]",Fx,0.001056,0.032497,0.025381,0.998922,0.150707,8.973052,28.986658,109.189386,0.002229,0.032421
129,"[256, 512, 256]",Fy,0.042641,0.206496,0.147363,0.954251,1.459182,120.942490,227.540240,1323.874021,0.007969,0.206342
129,"[256, 512, 256]",Fz,0.001853,0.043044,0.032653,0.998211,0.252547,17.574411,65.492441,188.318443,0.000808,0.043036
129,"[256, 512, 256]",Torque,0.000964,0.031053,0.024371,0.999000,0.133523,40.619194,32.465821,155.462065,0.002638,0.030941
274,"[64, 128, 256, 128]",Fx,0.001314,0.036247,0.027541,0.998659,0.177173,12.526373,26.569240,134.248189,-0.002095,0.036187
274,"[64, 128, 256, 128]",Fy,0.041925,0.204755,0.147438,0.955019,1.409807,93.903313,215.405102,1380.710785,0.001163,0.204752
274,"[64, 128, 256, 128]",Fz,0.002130,0.046157,0.034232,0.997942,0.231841,17.413609,50.705273,287.390141,-0.007419,0.045557
274,"[64, 128, 256, 128]",Torque,0.001154,0.033977,0.025958,0.998803,0.198350,33.969868,33.670778,156.533130,-0.007679,0.033098
286,"[64, 128, 256, 128]",Fx,0.001314,0.036250,0.028110,0.998659,0.160167,11.666302,30.355456,158.088643,-0.006046,0.035742
286,"[64, 128, 256, 128]",Fy,0.041794,0.204437,0.145973,0.955159,1.337585,113.272873,216.641080,1267.306320,0.002831,0.204417
286,"[64, 128, 256, 128]",Fz,0.002429,0.049285,0.036344,0.997654,0.223851,19.665298,56.888749,202.661719,-0.015596,0.046753
286,"[64, 128, 256, 128]",Torque,0.001147,0.033865,0.026376,0.998810,0.173395,50.079445,39.018790,210.130891,0.000628,0.033859
117,"[256, 512, 256]",Fx,0.001276,0.035716,0.027160,0.998698,0.180279,13.087052,32.166937,200.494780,-0.005514,0.035288
117,"[256, 512, 256]",Fy,0.042263,0.205580,0.147497,0.954657,1.395829,93.308182,208.669986,1158.180288,-0.004278,0.205535
117,"[256, 512, 256]",Fz,0.002193,0.046828,0.035510,0.997882,0.210409,18.238945,56.917707,265.518272,0.003453,0.046701
117,"[256, 512, 256]",Torque,0.001011,0.031801,0.024438,0.998951,0.132826,30.807461,34.374586,175.485741,-0.000598,0.031795
275,"[64, 128, 256, 128]",Fx,0.001626,0.040322,0.031573,0.998340,0.196595,13.628915,35.672765,149.944153,0.005648,0.039924
275,"[64, 128, 256, 128]",Fy,0.041419,0.203516,0.146108,0.955562,1.271360,125.312225,222.813007,1321.765573,0.009150,0.203310
275,"[64, 128, 256, 128]",Fz,0.002403,0.049015,0.037607,0.997680,0.190485,20.712301,59.236527,256.279295,-0.000503,0.049013
275,"[64, 128, 256, 128]",Torque,0.001301,0.036076,0.028151,0.998650,0.152010,97.979645,40.108256,181.369282,0.006815,0.035426
95,"[128, 256, 128]",Fx,0.000919,0.030314,0.023638,0.999062,0.121947,12.474639,30.717772,130.289795,0.005189,0.029866
95,"[128, 256, 128]",Fy,0.042640,0.206495,0.148752,0.954252,1.237477,87.546547,209.236858,1484.005432,0.003014,0.206473
95,"[128, 256, 128]",Fz,0.002144,0.046305,0.036292,0.997929,0.205426,19.751234,58.641640,223.868670,0.004744,0.046061
95,"[128, 256, 128]",Torque,0.001055,0.032478,0.025809,0.998906,0.122007,82.264656,41.046976,223.180684,0.009654,0.031010
288,"[128, 256, 512, 256]",Fx,0.000787,0.028045,0.022330,0.999197,0.137883,9.814027,23.896846,87.779450,0.003848,0.027780
288,"[128, 256, 512, 256]",Fy,0.043395,0.208316,0.149668,0.953442,1.487261,117.775185,228.492369,1373.393192,0.006409,0.208217
288,"[128, 256, 512, 256]",Fz,0.001839,0.042880,0.032184,0.998224,0.196329,19.114962,51.625798,255.309318,-0.003388,0.042746
288,"[128, 256, 512, 256]",Torque,0.000767,0.027694,0.021621,0.999204,0.133033,40.143879,27.360422,160.079786,0.001543,0.027651
273,"[64, 128, 256, 128]",Fx,0.001073,0.032755,0.025733,0.998905,0.171697,12.991426,29.793451,98.021011,0.008236,0.031703
273,"[64, 128, 256, 128]",Fy,0.042632,0.206475,0.147333,0.954261,1.456734,105.179695,235.050854,1450.837882,-0.012837,0.206075
273,"[64, 128, 256, 128]",Fz,0.002051,0.045291,0.034412,0.998019,0.191679,20.993647,58.379646,213.750046,0.005043,0.045009
273,"[64, 128, 256, 128]",Torque,0.001088,0.032983,0.026250,0.998872,0.116859,68.559639,37.109584,197.503515,0.005804,0.032469
130,"[256, 512, 256]",Fx,0.001227,0.035029,0.026724,0.998747,0.180428,10.443105,32.239573,153.042885,-0.008483,0.033986
130,"[256, 512, 256]",Fy,0.042505,0.206167,0.146353,0.954397,1.389460,96.528038,220.762118,903.627634,-0.016715,0.205488
130,"[256, 512, 256]",Fz,0.002174,0.046631,0.035013,0.997900,0.229924,18.785561,59.445478,238.210918,0.001589,0.046604
130,"[256, 512, 256]",Torque,0.000970,0.031142,0.024090,0.998994,0.147321,46.238773,33.688981,146.922626,-0.003284,0.030969
69,"[128, 256, 128]",Fx,0.001378,0.037128,0.027935,0.998593,0.159702,10.501036,28.658733,151.221703,-0.002057,0.037071
69,"[128, 256, 128]",Fy,0.041857,0.204589,0.145940,0.955093,1.413522,112.225235,228.910007,1506.197720,-0.002589,0.204572
69,"[128, 256, 128]",Fz,0.002412,0.049112,0.037270,0.997670,0.199238,18.246021,61.371542,257.778330,-0.005620,0.048789
69,"[128, 256, 128]",Torque,0.001234,0.035124,0.026926,0.998720,0.142781,45.512039,31.655574,221.085712,-0.001921,0.035072
335,"[128, 256, 512, 256]",Fx,0.001059,0.032537,0.025708,0.998919,0.207844,10.257183,27.362698,102.698632,0.003512,0.032346
335,"[128, 256, 512, 256]",Fy,0.042493,0.206138,0.145022,0.954410,1.467108,118.679771,222.037923,1323.766428,0.001786,0.206131
335,"[128, 256, 512, 256]",Fz,0.002205,0.046953,0.034804,0.997871,0.278025,20.015945,59.192559,272.939570,-0.004570,0.046730
335,"[128, 256, 512, 256]",Torque,0.001128,0.033579,0.026919,0.998830,0.117245,60.428440,35.813628,246.979209,0.008184,0.032567
114,"[256, 512, 256]",Fx,0.001523,0.039028,0.030106,0.998445,0.180941,13.112519,28.842943,144.408769,-0.009616,0.037825
114,"[256, 512, 256]",Fy,0.042027,0.205005,0.145803,0.954910,1.394103,118.141029,219.715550,1460.914349,0.000247,0.205005
114,"[256, 512, 256]",Fz,0.002267,0.047617,0.037235,0.997810,0.216785,21.214207,59.447972,254.576519,0.011067,0.046313
114,"[256, 512, 256]",Torque,0.001108,0.033291,0.026581,0.998850,0.127893,28.539055,34.643994,238.884162,0.002237,0.033215
339,"[256, 512, 512, 256]",Fx,0.001090,0.033012,0.025489,0.998888,0.139501,10.393214,27.926577,120.419171,-0.001988,0.032952
339,"[256, 512, 512, 256]",Fy,0.042674,0.206578,0.147853,0.954215,1.216769,96.592690,220.312943,1173.062566,0.000599,0.206577
339,"[256, 512, 512, 256]",Fz,0.002105,0.045882,0.035024,0.997967,0.221122,21.484529,52.921596,212.758479,0.003475,0.045750
339,"[256, 512, 512, 256]",Torque,0.001076,0.032801,0.025630,0.998884,0.132056,26.413553,36.872428,155.559818,0.002713,0.032689
354,"[256, 512, 512, 256]",Fx,0.001141,0.033784,0.026880,0.998835,0.167560,10.290541,30.841830,96.960431,0.006932,0.033066
354,"[256, 512, 512, 256]",Fy,0.042574,0.206335,0.144354,0.954323,1.512897,123.277069,228.123989,1309.100441,0.006917,0.206219
354,"[256, 512, 512, 256]",Fz,0.002135,0.046203,0.034746,0.997938,0.227557,21.124006,54.201781,232.724182,-0.002120,0.046154
354,"[256, 512, 512, 256]",Torque,0.001114,0.033382,0.026071,0.998844,0.188343,77.750778,29.280529,136.801715,0.003786,0.033166
12,"[64, 128, 64]",Fx,0.001148,0.033878,0.026450,0.998828,0.165938,11.437541,38.844115,161.720337,-0.001540,0.033843
12,"[64, 128, 64]",Fy,0.042552,0.206282,0.147084,0.954346,1.326289,125.619316,229.296774,1441.730918,-0.008647,0.206101
12,"[64, 128, 64]",Fz,0.002271,0.047660,0.036789,0.997806,0.248845,20.481464,64.185814,193.001303,-0.002387,0.047600
12,"[64, 128, 64]",Torque,0.001083,0.032902,0.025856,0.998877,0.127105,32.418987,35.120277,209.979701,-0.001409,0.032872
118,"[256, 512, 256]",Fx,0.001295,0.035992,0.027263,0.998678,0.172354,10.487950,34.567274,103.372779,0.000047,0.035992
118,"[256, 512, 256]",Fy,0.042026,0.205002,0.145996,0.954911,1.320408,108.550987,204.823824,1331.501671,-0.000434,0.205001
118,"[256, 512, 256]",Fz,0.002586,0.050853,0.038583,0.997502,0.279210,18.842566,67.253522,257.656098,-0.007568,0.050286
118,"[256, 512, 256]",Torque,0.001148,0.033883,0.025374,0.998809,0.168511,96.745148,32.979102,163.691691,-0.000403,0.033880
283,"[64, 128, 256, 128]",Fx,0.001781,0.042198,0.032652,0.998182,0.226544,11.150694,32.717867,112.790963,-0.007146,0.041589
283,"[64, 128, 256, 128]",Fy,0.040436,0.201086,0.142804,0.956617,1.346133,99.120605,227.352425,995.895556,0.003010,0.201064
283,"[64, 128, 256, 128]",Fz,0.003201,0.056581,0.043317,0.996908,0.230830,26.177610,75.880694,318.000920,-0.006786,0.056173
283,"[64, 128, 256, 128]",Torque,0.001688,0.041088,0.031785,0.998249,0.186845,60.161221,37.212207,216.503909,-0.008867,0.040119
435,"[128, 256, 512, 256, 128]",Fx,0.001603,0.040040,0.031225,0.998363,0.178442,15.311819,40.508770,157.082725,0.016213,0.036610
435,"[128, 256, 512, 256, 128]",Fy,0.041470,0.203643,0.145198,0.955507,1.447015,110.052254,203.711340,1180.456086,-0.003682,0.203609
435,"[128, 256, 512, 256, 128]",Fz,0.002854,0.053425,0.040547,0.997243,0.249266,23.365255,69.511317,309.427466,0.012934,0.051835
435,"[128, 256, 512, 256, 128]",Torque,0.001212,0.034816,0.027037,0.998743,0.139074,78.188469,44.743018,149.482405,0.004080,0.034576
70,"[128, 256, 128]",Fx,0.001409,0.037536,0.029088,0.998562,0.155693,11.732335,37.220033,107.852667,0.004105,0.037311
70,"[128, 256, 128]",Fy,0.042301,0.205672,0.147371,0.954616,1.386630,99.890015,215.908578,1299.483589,-0.002576,0.205655
70,"[128, 256, 128]",Fz,0.002295,0.047909,0.036927,0.997783,0.207377,20.246531,63.372319,278.767421,0.000123,0.047909
70,"[128, 256, 128]",Torque,0.001174,0.034259,0.026890,0.998783,0.125567,59.395172,35.908956,257.279888,-0.002501,0.034167
123,"[256, 512, 256]",Fx,0.000691,0.026280,0.020398,0.999295,0.116702,8.230090,23.252003,103.274821,-0.003466,0.026050
123,"[256, 512, 256]",Fy,0.044268,0.210399,0.148640,0.952506,1.412980,116.727867,229.129122,1338.827142,0.013207,0.209984
123,"[256, 512, 256]",Fz,0.001647,0.040581,0.030677,0.998409,0.179376,15.277841,52.351471,222.240955,0.001621,0.040549
123,"[256, 512, 256]",Torque,0.000649,0.025467,0.019913,0.999327,0.107339,36.262383,28.287674,130.165805,-0.002818,0.025311
227,"[128, 256, 256, 128]",Fx,0.001695,0.041173,0.032545,0.998269,0.179964,16.044994,41.181318,151.541549,0.010628,0.039778
227,"[128, 256, 256, 128]",Fy,0.041889,0.204667,0.147026,0.955058,1.315567,100.040344,222.215753,1396.541444,0.017253,0.203939
227,"[128, 256, 256, 128]",Fz,0.002271,0.047659,0.035720,0.997806,0.304061,21.539259,57.107748,261.181780,0.001663,0.047630
227,"[128, 256, 256, 128]",Torque,0.001410,0.037543,0.029618,0.998538,0.141116,69.695518,46.836943,206.764335,0.013650,0.034974
147,"[64, 128, 128, 64]",Fx,0.001204,0.034696,0.026498,0.998771,0.221312,12.232670,32.553755,124.711868,-0.004109,0.034452
147,"[64, 128, 128, 64]",Fy,0.042747,0.206753,0.146461,0.954137,1.447547,111.409973,216.131725,1284.145551,0.013289,0.206326
147,"[64, 128, 128, 64]",Fz,0.002204,0.046944,0.035014,0.997872,0.213322,24.726460,61.436008,251.264803,-0.004346,0.046743
147,"[64, 128, 128, 64]",Torque,0.001120,0.033466,0.025692,0.998838,0.176353,38.678047,42.833532,174.032280,-0.001171,0.033446
383,"[256, 512, 512, 256]",Fx,0.001192,0.034533,0.026518,0.998783,0.182369,9.081835,25.543056,107.598561,-0.005346,0.034116
383,"[256, 512, 512, 256]",Fy,0.043040,0.207461,0.149073,0.953823,1.486135,113.438652,228.807150,1503.177686,0.014487,0.206954
383,"[256, 512, 512, 256]",Fz,0.001940,0.044043,0.034070,0.998126,0.227675,18.974764,58.824334,213.328666,0.002981,0.043942
383,"[256, 512, 512, 256]",Torque,0.001126,0.033550,0.025803,0.998832,0.159666,78.846634,34.621232,182.596983,-0.005094,0.033161
263,"[64, 128, 256, 128]",Fx,0.001944,0.044086,0.034060,0.998016,0.241029,13.462345,39.698500,201.529642,-0.007062,0.043517
263,"[64, 128, 256, 128]",Fy,0.041099,0.202728,0.145331,0.955906,1.295918,93.586830,207.153351,1243.892999,0.002411,0.202714
263,"[64, 128, 256, 128]",Fz,0.002716,0.052112,0.040935,0.997377,0.200400,22.948055,65.164297,295.631000,0.003502,0.051994
263,"[64, 128, 256, 128]",Torque,0.001588,0.039851,0.031417,0.998353,0.148268,78.036201,41.301716,303.994693,0.003679,0.039681
226,"[128, 256, 256, 128]",Fx,0.001174,0.034266,0.026491,0.998801,0.142850,14.025516,28.323678,175.849846,-0.001824,0.034218
226,"[128, 256, 256, 128]",Fy,0.043092,0.207585,0.145580,0.953768,1.452677,120.921806,225.488659,1372.986261,-0.000343,0.207585
226,"[128, 256, 256, 128]",Fz,0.002150,0.046369,0.034974,0.997923,0.250529,20.643278,68.079727,304.544743,-0.005731,0.046014
226,"[128, 256, 256, 128]",Torque,0.000986,0.031406,0.024259,0.998977,0.131194,36.696087,40.461989,204.333392,0.001121,0.031386
466,"[128, 256, 512, 256, 128]",Fx,0.001609,0.040108,0.031375,0.998358,0.183317,11.386431,33.129751,127.849646,-0.000371,0.040106
466,"[128, 256, 512, 256, 128]",Fy,0.041838,0.204543,0.144442,0.955113,1.673458,118.892014,216.306145,1173.269108,-0.001457,0.204538
466,"[128, 256, 512, 256, 128]",Fz,0.002447,0.049465,0.037553,0.997637,0.223051,21.125849,53.585864,224.462189,0.002489,0.049403
466,"[128, 256, 512, 256, 128]",Torque,0.001516,0.038931,0.030343,0.998428,0.157597,81.815018,39.749061,159.586888,0.000456,0.038928
82,"[128, 256, 128]",Fx,0.000994,0.031533,0.024390,0.998985,0.154552,10.882000,28.653287,119.238199,-0.001228,0.031509
82,"[128, 256, 128]",Fy,0.043264,0.208000,0.148033,0.953583,1.349538,106.971428,233.374070,1042.978433,0.005050,0.207939
82,"[128, 256, 128]",Fz,0.002317,0.048133,0.037116,0.997762,0.224766,19.627829,65.369979,295.103110,-0.003937,0.047971
82,"[128, 256, 128]",Torque,0.000858,0.029284,0.022694,0.999111,0.111797,35.791904,27.468423,189.846258,0.000426,0.029280
34,"[64, 128, 64]",Fx,0.001280,0.035782,0.027659,0.998693,0.146370,11.750254,33.101381,174.739173,-0.006544,0.035178
34,"[64, 128, 64]",Fy,0.042397,0.205906,0.147438,0.954512,1.382404,118.187805,214.413514,1463.520776,0.003035,0.205884
34,"[64, 128, 64]",Fz,0.002564,0.050637,0.038494,0.997523,0.257808,24.188875,72.008498,258.205685,0.009476,0.049743
34,"[64, 128, 64]",Torque,0.001223,0.034975,0.027401,0.998731,0.146718,85.028946,36.297656,170.121199,0.005323,0.034567
550,"[128, 256, 256, 128, 64]",Fx,0.001982,0.044517,0.034809,0.997977,0.224915,15.717512,40.625172,214.871637,-0.002572,0.044442
550,"[128, 256, 256, 128, 64]",Fy,0.041497,0.203709,0.147569,0.955478,1.136705,109.880730,221.144981,1483.538942,-0.003602,0.203677
550,"[128, 256, 256, 128, 64]",Fz,0.002457,0.049566,0.036722,0.997627,0.256334,20.778795,66.176176,301.041712,-0.002883,0.049482
550,"[128, 256, 256, 128, 64]",Torque,0.001532,0.039141,0.029928,0.998411,0.182461,76.338516,48.118088,192.192274,-0.001444,0.039114
315,"[128, 256, 512, 256]",Fx,0.000634,0.025182,0.019511,0.999353,0.150532,8.844226,17.559961,78.770797,0.000434,0.025179
315,"[128, 256, 512, 256]",Fy,0.044534,0.211030,0.148239,0.952220,1.638199,119.720139,223.529951,1654.284962,-0.000339,0.211030
315,"[128, 256, 512, 256]",Fz,0.001673,0.040906,0.029977,0.998384,0.257089,14.588405,49.263069,198.717021,-0.004694,0.040636
315,"[128, 256, 512, 256]",Torque,0.000627,0.025050,0.019212,0.999349,0.143905,28.571482,20.782637,114.542098,0.000216,0.025049
46,"[64, 128, 64]",Fx,0.001322,0.036355,0.028372,0.998651,0.161750,12.267331,34.582856,168.831477,-0.004188,0.036113
46,"[64, 128, 64]",Fy,0.042127,0.205248,0.149662,0.954803,1.214923,135.405624,243.776271,1395.799493,-0.003242,0.205222
46,"[64, 128, 64]",Fz,0.002638,0.051364,0.039441,0.997452,0.235470,20.740471,67.473188,307.605866,-0.009142,0.050544
46,"[64, 128, 64]",Torque,0.001394,0.037336,0.028974,0.998554,0.196940,35.594120,55.265298,233.834537,-0.006894,0.036694
531,"[128, 256, 256, 128, 64]",Fx,0.001181,0.034360,0.026283,0.998795,0.135481,12.860294,32.617331,132.765145,-0.000947,0.034347
531,"[128, 256, 256, 128, 64]",Fy,0.042575,0.206338,0.148907,0.954322,1.368859,90.776924,227.807344,1322.076709,-0.011798,0.206000
531,"[128, 256, 256, 128, 64]",Fz,0.002332,0.048292,0.036297,0.997748,0.257337,24.390186,63.571578,297.197675,0.002515,0.048226
531,"[128, 256, 256, 128, 64]",Torque,0.001411,0.037559,0.028494,0.998537,0.206054,65.799370,39.300934,200.199961,0.000255,0.037558
213,"[128, 256, 256, 128]",Fx,0.001802,0.042445,0.033156,0.998161,0.174983,10.974676,34.870136,156.262801,-0.004856,0.042166
213,"[128, 256, 256, 128]",Fy,0.041462,0.203623,0.146625,0.955516,1.165641,123.168968,224.925357,1296.534388,-0.000167,0.203623
213,"[128, 256, 256, 128]",Fz,0.002728,0.052226,0.039763,0.997366,0.286435,20.734791,57.545429,258.148524,-0.003711,0.052094
213,"[128, 256, 256, 128]",Torque,0.001519,0.038974,0.030071,0.998425,0.163842,26.400530,37.020163,237.564307,-0.004807,0.038676
15,"[64, 128, 64]",Fx,0.001246,0.035295,0.027718,0.998728,0.145291,10.909590,30.040124,128.712521,0.001704,0.035254
15,"[64, 128, 64]",Fy,0.042560,0.206302,0.147320,0.954337,1.337754,117.751328,222.763539,1258.197864,0.005462,0.206230
15,"[64, 128, 64]",Fz,0.002513,0.050131,0.038102,0.997573,0.228626,17.462751,57.074865,226.328533,-0.006029,0.049767
15,"[64, 128, 64]",Torque,0.001263,0.035541,0.027449,0.998690,0.161608,37.756004,34.643224,180.876626,-0.004995,0.035188
311,"[128, 256, 512, 256]",Fx,0.001450,0.038083,0.029385,0.998519,0.157484,12.287343,29.034819,126.811656,-0.000801,0.038075
311,"[128, 256, 512, 256]",Fy,0.042362,0.205819,0.146313,0.954551,1.399832,109.156166,217.524232,1317.741080,-0.002953,0.205798
311,"[128, 256, 512, 256]",Fz,0.002443,0.049430,0.037176,0.997640,0.210889,21.950806,62.237755,329.672508,-0.001104,0.049418
311,"[128, 256, 512, 256]",Torque,0.001336,0.036555,0.028509,0.998614,0.165193,62.269932,36.580982,128.223270,-0.002607,0.036462
370,"[256, 512, 512, 256]",Fx,0.001168,0.034180,0.026606,0.998807,0.148556,10.325734,26.556037,141.871784,0.006212,0.033611
370,"[256, 512, 512, 256]",Fy,0.043321,0.208136,0.148287,0.953522,1.759020,141.205490,211.456545,1268.005721,-0.017393,0.207408
370,"[256, 512, 512, 256]",Fz,0.002117,0.046015,0.035223,0.997955,0.240251,19.129223,56.217973,292.634175,0.001222,0.045999
370,"[256, 512, 512, 256]",Torque,0.000995,0.031536,0.024955,0.998968,0.125147,41.350788,34.594333,162.917021,0.004981,0.031140
215,"[128, 256, 256, 128]",Fx,0.001748,0.041812,0.031801,0.998215,0.216278,11.991446,33.746008,166.071513,-0.006530,0.041299
215,"[128, 256, 256, 128]",Fy,0.041730,0.204279,0.146018,0.955229,1.281145,115.462784,204.622173,1233.981384,-0.000048,0.204279
215,"[128, 256, 256, 128]",Fz,0.002822,0.053124,0.039221,0.997274,0.288165,19.292404,64.563068,217.319795,-0.009595,0.052251
215,"[128, 256, 256, 128]",Torque,0.001313,0.036230,0.028157,0.998639,0.151522,53.099457,41.578596,206.534804,-0.001469,0.036200
382,"[256, 512, 512, 256]",Fx,0.001030,0.032088,0.025546,0.998949,0.177263,11.730074,25.587471,149.896825,0.003893,0.031851
382,"[256, 512, 512, 256]",Fy,0.043292,0.208068,0.147767,0.953552,1.364171,97.804871,235.458086,1580.797202,-0.002828,0.208049
382,"[256, 512, 512, 256]",Fz,0.002245,0.047386,0.035254,0.997831,0.242145,22.498281,66.099840,210.792146,-0.007337,0.046815
382,"[256, 512, 512, 256]",Torque,0.001071,0.032719,0.025394,0.998890,0.171163,46.205391,33.337250,159.137164,-0.002752,0.032603
357,"[256, 512, 512, 256]",Fx,0.001831,0.042785,0.033101,0.998131,0.213036,12.132116,37.314521,126.524963,-0.000496,0.042782
357,"[256, 512, 512, 256]",Fy,0.041233,0.203058,0.146622,0.955762,0.986270,134.013565,194.330163,1364.062305,-0.010566,0.202783
357,"[256, 512, 512, 256]",Fz,0.002806,0.052974,0.041164,0.997290,0.257045,24.412497,74.101326,397.246713,0.006997,0.052510
357,"[256, 512, 512, 256]",Torque,0.001780,0.042195,0.032712,0.998153,0.160520,37.739555,41.022904,247.815119,-0.003380,0.042059
514,"[64, 128, 256, 256, 128]",Fx,0.001647,0.040588,0.031104,0.998318,0.176607,13.355993,37.406120,143.464680,0.003128,0.040467
514,"[64, 128, 256, 256, 128]",Fy,0.042607,0.206414,0.148833,0.954288,1.388531,123.876755,209.882384,1191.099384,0.008812,0.206226
514,"[64, 128, 256, 256, 128]",Fz,0.002306,0.048023,0.036146,0.997773,0.219251,20.021065,58.464318,227.046832,0.001276,0.048006
514,"[64, 128, 256, 256, 128]",Torque,0.001092,0.033044,0.025855,0.998867,0.131746,71.078850,37.965100,157.568822,0.004924,0.032675
328,"[128, 256, 512, 256]",Fx,0.001437,0.037907,0.029619,0.998533,0.129423,9.393520,28.772058,97.599919,0.000227,0.037906
328,"[128, 256, 512, 256]",Fy,0.042344,0.205777,0.147218,0.954569,1.359725,96.900108,226.054363,1386.314741,-0.001877,0.205769
328,"[128, 256, 512, 256]",Fz,0.002604,0.051032,0.039364,0.997485,0.222093,21.135387,67.648430,256.711801,-0.004022,0.050874
328,"[128, 256, 512, 256]",Torque,0.001291,0.035933,0.028395,0.998661,0.136993,56.081081,34.251926,169.814747,0.003386,0.035773
140,"[256, 512, 256]",Fx,0.001469,0.038325,0.029853,0.998501,0.149966,14.713138,38.839938,168.475428,0.003555,0.038160
140,"[256, 512, 256]",Fy,0.042027,0.205006,0.147894,0.954909,1.231128,95.064201,208.287092,1241.242003,-0.012377,0.204632
140,"[256, 512, 256]",Fz,0.002910,0.053945,0.041902,0.997189,0.286749,20.203800,65.872641,297.763087,0.005412,0.053672
140,"[256, 512, 256]",Torque,0.001296,0.036006,0.028368,0.998655,0.139232,62.539509,41.651976,236.298743,0.007262,0.035266
306,"[128, 256, 512, 256]",Fx,0.001137,0.033717,0.026864,0.998839,0.131160,12.382051,33.083853,123.544563,0.010826,0.031932
306,"[128, 256, 512, 256]",Fy,0.043413,0.208357,0.148569,0.953423,1.533808,133.998276,230.964964,1157.397285,0.003045,0.208335
306,"[128, 256, 512, 256]",Fz,0.002030,0.045055,0.034179,0.998039,0.212251,17.776834,62.140349,251.123902,-0.000486,0.045053
306,"[128, 256, 512, 256]",Torque,0.001171,0.034223,0.027372,0.998785,0.120824,27.110205,39.150329,170.593555,0.015445,0.030540
280,"[64, 128, 256, 128]",Fx,0.001877,0.043320,0.033946,0.998084,0.265138,12.358155,34.245788,156.390553,0.006294,0.042860
280,"[64, 128, 256, 128]",Fy,0.041127,0.202797,0.146655,0.955876,1.200349,100.170303,217.537576,1224.989576,0.012638,0.202403
280,"[64, 128, 256, 128]",Fz,0.002956,0.054370,0.043039,0.997145,0.229051,25.469469,63.423383,321.044692,0.013924,0.052556
280,"[64, 128, 256, 128]",Torque,0.001809,0.042531,0.033630,0.998124,0.219361,64.695595,38.656063,276.465122,0.007714,0.041826
332,"[128, 256, 512, 256]",Fx,0.001435,0.037880,0.029051,0.998535,0.218920,9.097534,26.269703,101.321139,-0.006681,0.037286
332,"[128, 256, 512, 256]",Fy,0.042367,0.205833,0.146682,0.954545,1.343728,107.163864,213.533777,1319.132089,-0.005872,0.205749
332,"[128, 256, 512, 256]",Fz,0.002683,0.051800,0.038586,0.997408,0.299060,19.313938,65.140716,255.868719,-0.011966,0.050399
332,"[128, 256, 512, 256]",Torque,0.001298,0.036031,0.028420,0.998653,0.211233,89.813766,41.926102,147.911177,0.007931,0.035148
246,"[64, 128, 256, 128]",Fx,0.001363,0.036918,0.028360,0.998609,0.164942,9.497311,30.642579,120.456528,0.006334,0.036371
246,"[64, 128, 256, 128]",Fy,0.042347,0.205783,0.145673,0.954567,1.317426,99.350899,204.745652,1322.882291,0.000251,0.205783
246,"[64, 128, 256, 128]",Fz,0.002704,0.051998,0.039347,0.997389,0.226944,22.963264,62.234351,228.087352,-0.003550,0.051876
246,"[64, 128, 256, 128]",Torque,0.001376,0.037092,0.028684,0.998573,0.140684,40.300903,35.705968,223.519341,0.004731,0.036789
334,"[128, 256, 512, 256]",Fx,0.001128,0.033579,0.025461,0.998849,0.184057,9.444327,23.982035,84.149432,-0.007260,0.032784
334,"[128, 256, 512, 256]",Fy,0.043442,0.208428,0.147097,0.953392,1.776118,118.346008,230.707626,1312.733173,-0.001302,0.208423
334,"[128, 256, 512, 256]",Fz,0.002209,0.047001,0.035112,0.997866,0.276922,21.521818,69.604135,308.336143,-0.007425,0.046411
334,"[128, 256, 512, 256]",Torque,0.001018,0.031903,0.025002,0.998944,0.137196,43.153061,27.608291,139.175152,0.001368,0.031874
351,"[256, 512, 512, 256]",Fx,0.000737,0.027152,0.020398,0.999247,0.161394,9.402205,20.468530,80.898220,-0.005578,0.026573
351,"[256, 512, 512, 256]",Fy,0.044627,0.211251,0.149982,0.952120,1.522394,109.380707,233.221278,1358.315554,-0.003597,0.211221
351,"[256, 512, 512, 256]",Fz,0.001754,0.041876,0.030344,0.998306,0.263254,19.551455,54.582553,262.832284,-0.006768,0.041325
351,"[256, 512, 512, 256]",Torque,0.000725,0.026933,0.019975,0.999248,0.211133,25.129107,22.889102,95.763708,-0.005265,0.026414
22,"[64, 128, 64]",Fx,0.001779,0.042177,0.032448,0.998184,0.215431,11.047016,36.746513,128.387700,-0.001662,0.042145
22,"[64, 128, 64]",Fy,0.041839,0.204545,0.146810,0.955112,1.358435,121.867493,199.845750,1037.779041,0.005234,0.204478
22,"[64, 128, 64]",Fz,0.002696,0.051922,0.039532,0.997396,0.255956,22.667253,65.349966,221.558913,-0.002100,0.051879
22,"[64, 128, 64]",Torque,0.001542,0.039264,0.030346,0.998401,0.167116,57.554482,40.340488,176.048264,-0.004524,0.039002
60,"[128, 256, 128]",Fx,0.001298,0.036028,0.027711,0.998675,0.147523,10.851093,29.113589,113.875463,-0.010985,0.034312
60,"[128, 256, 128]",Fy,0.042617,0.206440,0.150357,0.954276,1.171398,119.612976,207.763808,1355.859720,0.016592,0.205772
60,"[128, 256, 128]",Fz,0.002752,0.052459,0.040137,0.997342,0.239637,25.450689,68.660490,263.598246,0.010552,0.051387
60,"[128, 256, 128]",Torque,0.001214,0.034840,0.027508,0.998741,0.147836,57.211067,43.582980,182.123840,0.003711,0.034642
78,"[128, 256, 128]",Fx,0.001230,0.035069,0.027074,0.998745,0.156696,9.946391,26.252708,144.225934,-0.004945,0.034718
78,"[128, 256, 128]",Fy,0.042925,0.207184,0.149429,0.953946,1.455533,90.721756,223.076395,1151.320929,0.007128,0.207062
78,"[128, 256, 128]",Fz,0.002577,0.050767,0.038840,0.997511,0.275346,21.917242,62.968760,226.766383,-0.008758,0.050006
78,"[128, 256, 128]",Torque,0.001154,0.033967,0.026270,0.998803,0.137843,47.526382,33.143836,201.389716,-0.007377,0.033157
210,"[128, 256, 256, 128]",Fx,0.001038,0.032213,0.024484,0.998941,0.187653,10.597535,23.516503,103.520831,-0.000560,0.032209
210,"[128, 256, 256, 128]",Fy,0.044070,0.209928,0.148912,0.952718,1.637980,116.646965,204.970390,1443.910881,0.014521,0.209425
210,"[128, 256, 256, 128]",Fz,0.001901,0.043599,0.033007,0.998164,0.258773,21.431814,54.616126,221.501853,0.001618,0.043569
210,"[128, 256, 256, 128]",Torque,0.000880,0.029661,0.023106,0.999087,0.154918,55.453667,33.846118,137.632095,0.007187,0.028778
76,"[128, 256, 128]",Fx,0.001666,0.040820,0.031976,0.998299,0.197427,12.937067,36.381638,177.777765,-0.003459,0.040673
76,"[128, 256, 128]",Fy,0.041636,0.204050,0.147244,0.955329,1.191430,105.456032,240.089236,918.247284,0.000025,0.204050
76,"[128, 256, 128]",Fz,0.003093,0.055617,0.041896,0.997012,0.244916,21.464573,68.922591,324.724140,-0.004580,0.055428
76,"[128, 256, 128]",Torque,0.001493,0.038640,0.029913,0.998451,0.177045,23.249132,35.997550,221.017145,-0.000943,0.038629
93,"[128, 256, 128]",Fx,0.001033,0.032139,0.025208,0.998946,0.146355,11.124166,34.534924,112.672123,-0.002649,0.032030
93,"[128, 256, 128]",Fy,0.043674,0.208984,0.146423,0.953142,1.205453,93.103317,251.586241,1127.804464,0.008858,0.208796
93,"[128, 256, 128]",Fz,0.002198,0.046880,0.036133,0.997877,0.206607,17.169371,61.922341,203.767060,0.002170,0.046830
93,"[128, 256, 128]",Torque,0.001075,0.032786,0.025839,0.998885,0.148286,30.224314,43.217739,152.979127,-0.000120,0.032786
77,"[128, 256, 128]",Fx,0.001547,0.039328,0.031064,0.998421,0.204650,11.578436,30.300899,137.378886,0.003299,0.039189
77,"[128, 256, 128]",Fy,0.041711,0.204233,0.147294,0.955248,1.343771,112.515518,222.714395,1297.560292,0.012349,0.203860
77,"[128, 256, 128]",Fz,0.003139,0.056030,0.043247,0.996968,0.259542,22.453119,60.598149,156.046778,-0.002834,0.055958
77,"[128, 256, 128]",Torque,0.001595,0.039933,0.032751,0.998346,0.122263,110.758575,43.890403,249.164664,0.015058,0.036984
92,"[128, 256, 128]",Fx,0.001348,0.036717,0.028726,0.998624,0.172727,13.358444,35.366506,151.364581,0.010483,0.035189
92,"[128, 256, 128]",Fy,0.042720,0.206687,0.149156,0.954167,1.349174,79.019798,217.966247,1195.615592,-0.003938,0.206650
92,"[128, 256, 128]",Fz,0.002464,0.049635,0.036483,0.997621,0.329134,19.921026,65.443343,285.979692,-0.011667,0.048244
92,"[128, 256, 128]",Torque,0.001476,0.038413,0.029913,0.998470,0.161619,47.326828,36.784360,255.262282,-0.000769,0.038405
81,"[128, 256, 128]",Fx,0.001211,0.034806,0.026717,0.998763,0.201272,10.980212,30.306752,144.513241,-0.000940,0.034794
81,"[128, 256, 128]",Fy,0.043742,0.209147,0.151060,0.953069,1.268703,94.100311,220.376537,1253.302549,0.003700,0.209114
81,"[128, 256, 128]",Fz,0.002132,0.046179,0.035556,0.997940,0.249883,18.645721,54.527740,243.416578,0.004628,0.045946
81,"[128, 256, 128]",Torque,0.000936,0.030598,0.024015,0.999029,0.134184,25.848524,29.775642,144.593157,0.007111,0.029760
166,"[64, 128, 128, 64]",Fx,0.002203,0.046933,0.035873,0.997751,0.197268,14.457824,40.709964,204.514279,-0.015066,0.044449
166,"[64, 128, 128, 64]",Fy,0.041430,0.203544,0.146851,0.955550,1.418481,110.514832,202.561166,1127.925177,0.002293,0.203532
166,"[64, 128, 128, 64]",Fz,0.002877,0.053640,0.041079,0.997221,0.323219,21.685230,71.084083,238.878226,-0.000437,0.053638
166,"[64, 128, 128, 64]",Torque,0.001516,0.038938,0.029852,0.998427,0.164580,58.408508,42.381496,163.885116,-0.005448,0.038555
178,"[64, 128, 128, 64]",Fx,0.002059,0.045380,0.034410,0.997898,0.268470,15.483055,35.875085,182.512924,-0.013162,0.043429
178,"[64, 128, 128, 64]",Fy,0.041546,0.203827,0.146762,0.955426,1.246546,128.877335,200.446702,1446.681361,0.006381,0.203728
178,"[64, 128, 128, 64]",Fz,0.002855,0.053434,0.040897,0.997242,0.262984,20.756790,66.930594,227.242516,0.002713,0.053365
178,"[64, 128, 128, 64]",Torque,0.001666,0.040820,0.031118,0.998272,0.192948,90.766754,42.910030,169.531400,-0.008545,0.039915
467,"[128, 256, 512, 256, 128]",Fx,0.001927,0.043897,0.033968,0.998033,0.220690,11.434238,27.664702,144.905253,-0.001526,0.043871
467,"[128, 256, 512, 256, 128]",Fy,0.041967,0.204859,0.146228,0.954974,1.558496,121.751442,224.100082,1252.560658,0.004653,0.204806
467,"[128, 256, 512, 256, 128]",Fz,0.002536,0.050361,0.037591,0.997550,0.259525,18.510105,56.963561,264.560687,-0.004404,0.050168
467,"[128, 256, 512, 256, 128]",Torque,0.001700,0.041230,0.032292,0.998237,0.181486,76.672775,42.446012,208.460887,0.001235,0.041211
91,"[128, 256, 128]",Fx,0.001323,0.036369,0.028751,0.998650,0.164809,13.307766,36.787759,149.640368,0.000048,0.036368
91,"[128, 256, 128]",Fy,0.042754,0.206771,0.149205,0.954130,1.163323,91.904533,214.056779,1328.293916,0.004834,0.206714
91,"[128, 256, 128]",Fz,0.002784,0.052760,0.040591,0.997311,0.262247,23.895193,65.246712,266.176870,-0.007011,0.052292
91,"[128, 256, 128]",Torque,0.001319,0.036313,0.028173,0.998632,0.151260,47.238152,37.400413,173.237617,-0.000331,0.036311
359,"[256, 512, 512, 256]",Fx,0.001483,0.038504,0.029746,0.998487,0.158161,11.209720,28.409902,122.654043,-0.000625,0.038499
359,"[256, 512, 512, 256]",Fy,0.042914,0.207157,0.148817,0.953958,1.250816,117.338387,201.817307,1401.807719,0.010412,0.206895
359,"[256, 512, 512, 256]",Fz,0.002516,0.050155,0.038243,0.997570,0.252668,19.444090,59.897389,320.091123,-0.002469,0.050094
359,"[256, 512, 512, 256]",Torque,0.001278,0.035746,0.028009,0.998675,0.154099,87.510246,34.694014,192.455062,0.011801,0.033741
196,"[128, 256, 256, 128]",Fx,0.002090,0.045712,0.035811,0.997867,0.220503,12.916699,31.254960,176.133592,-0.003747,0.045558
196,"[128, 256, 256, 128]",Fy,0.041627,0.204026,0.144420,0.955339,1.379538,100.346352,194.692168,1078.097102,0.010837,0.203738
196,"[128, 256, 256, 128]",Fz,0.002569,0.050688,0.038649,0.997518,0.264978,22.977095,67.660952,295.336310,-0.007804,0.050084
196,"[128, 256, 256, 128]",Torque,0.001923,0.043855,0.033872,0.998005,0.203940,55.264664,36.421594,182.054710,-0.008691,0.042985
358,"[256, 512, 512, 256]",Fx,0.001279,0.035762,0.027122,0.998694,0.186767,12.706761,32.567608,166.275643,-0.003052,0.035632
358,"[256, 512, 512, 256]",Fy,0.043946,0.209632,0.149160,0.952851,1.466899,121.673439,202.840086,1263.374596,0.006705,0.209525
358,"[256, 512, 512, 256]",Fz,0.002119,0.046033,0.034986,0.997953,0.216501,19.256523,56.119129,201.914282,-0.001463,0.046009
358,"[256, 512, 512, 256]",Torque,0.000881,0.029683,0.022882,0.999086,0.152170,53.689919,30.609106,121.662242,-0.004537,0.029335
27,"[64, 128, 64]",Fx,0.001471,0.038354,0.030236,0.998498,0.206615,11.969376,38.359434,136.098691,0.006223,0.037845
27,"[64, 128, 64]",Fy,0.042594,0.206383,0.148123,0.954302,1.358241,88.631706,216.021385,1473.711989,-0.003156,0.206359
27,"[64, 128, 64]",Fz,0.002817,0.053075,0.040800,0.997279,0.262213,22.887636,69.811680,243.676809,-0.001881,0.053041
27,"[64, 128, 64]",Torque,0.001399,0.037407,0.029618,0.998549,0.134307,41.609219,41.027042,210.368940,0.007557,0.036636
483,"[64, 128, 256, 256, 128]",Fx,0.001148,0.033882,0.025984,0.998828,0.185539,12.328591,34.507876,155.268422,0.001295,0.033858
483,"[64, 128, 256, 256, 128]",Fy,0.043435,0.208410,0.149578,0.953400,1.200941,98.339127,223.161743,1254.216925,-0.002315,0.208397
483,"[64, 128, 256, 256, 128]",Fz,0.002483,0.049826,0.036733,0.997602,0.285869,25.839518,61.602169,223.961259,0.003537,0.049700
483,"[64, 128, 256, 256, 128]",Torque,0.001231,0.035085,0.026686,0.998723,0.217049,40.767708,41.869028,243.354028,0.004863,0.034747
18,"[64, 128, 64]",Fx,0.001007,0.031740,0.024586,0.998972,0.171872,10.083641,27.981549,139.371503,-0.002860,0.031611
18,"[64, 128, 64]",Fy,0.044119,0.210046,0.148347,0.952665,1.821425,116.846008,222.511515,1324.100670,0.003470,0.210017
18,"[64, 128, 64]",Fz,0.002165,0.046526,0.035713,0.997909,0.278400,21.986385,64.157336,237.313876,0.003081,0.046424
18,"[64, 128, 64]",Torque,0.001028,0.032060,0.024532,0.998934,0.169315,29.924458,29.758598,208.573400,-0.006795,0.031332
450,"[128, 256, 512, 256, 128]",Fx,0.001793,0.042343,0.030630,0.998170,0.226960,9.673416,25.778622,136.969666,-0.010815,0.040939
450,"[128, 256, 512, 256, 128]",Fy,0.043001,0.207368,0.148333,0.953864,1.314118,128.465958,220.983154,1077.418242,0.008406,0.207197
450,"[128, 256, 512, 256, 128]",Fz,0.002333,0.048304,0.036217,0.997746,0.278672,25.219444,59.614704,282.654179,-0.003690,0.048163
450,"[128, 256, 512, 256, 128]",Torque,0.001208,0.034758,0.026700,0.998747,0.163614,50.231197,36.691445,177.006800,-0.002287,0.034683
195,"[128, 256, 256, 128]",Fx,0.000894,0.029903,0.023072,0.999087,0.173364,10.904664,28.283846,148.792775,-0.000631,0.029896
195,"[128, 256, 256, 128]",Fy,0.044490,0.210927,0.147844,0.952267,2.138474,114.318253,212.617894,1175.781456,-0.003631,0.210895
195,"[128, 256, 256, 128]",Fz,0.002131,0.046164,0.035090,0.997942,0.229046,20.316799,66.965987,241.274964,0.000303,0.046163
195,"[128, 256, 256, 128]",Torque,0.000843,0.029038,0.022441,0.999125,0.123039,22.162127,35.636505,140.703847,0.002249,0.028951
285,"[64, 128, 256, 128]",Fx,0.001399,0.037401,0.028989,0.998572,0.149453,13.380102,38.259120,155.767547,-0.004757,0.037097
285,"[64, 128, 256, 128]",Fy,0.042260,0.205573,0.147554,0.954660,1.212902,113.522377,211.814670,1205.149615,0.000960,0.205571
285,"[64, 128, 256, 128]",Fz,0.003212,0.056677,0.043482,0.996898,0.251643,20.230167,75.812620,260.071743,-0.011012,0.055597
285,"[64, 128, 256, 128]",Torque,0.001489,0.038583,0.029940,0.998456,0.137466,44.058907,49.537133,249.228332,-0.004433,0.038328
390,"[64, 128, 256, 128, 64]",Fx,0.001512,0.038881,0.030869,0.998457,0.133012,12.637868,30.530283,153.023392,0.009222,0.037771
390,"[64, 128, 256, 128, 64]",Fy,0.042540,0.206253,0.148076,0.954359,1.326085,124.652679,211.951104,1450.791022,-0.006969,0.206135
390,"[64, 128, 256, 128, 64]",Fz,0.002931,0.054137,0.040778,0.997169,0.227005,22.963591,67.665525,272.962930,-0.001627,0.054112
390,"[64, 128, 256, 128, 64]",Torque,0.001386,0.037227,0.028450,0.998563,0.157197,48.667412,31.470021,148.404845,0.002473,0.037145
63,"[128, 256, 128]",Fx,0.001329,0.036457,0.028939,0.998643,0.126138,11.301317,26.922743,108.097472,0.012914,0.034093
63,"[128, 256, 128]",Fy,0.043522,0.208619,0.148771,0.953306,1.362360,119.882996,227.564496,1266.581783,-0.026372,0.206945
63,"[128, 256, 128]",Fz,0.002309,0.048052,0.036598,0.997770,0.220893,19.819227,63.095238,234.273464,0.002260,0.047999
63,"[128, 256, 128]",Torque,0.001238,0.035185,0.028034,0.998716,0.126260,62.091621,29.493561,152.902652,0.008947,0.034028
48,"[128, 256, 128]",Fx,0.000810,0.028464,0.021780,0.999173,0.140844,10.174470,20.557523,100.080445,0.002285,0.028373
48,"[128, 256, 128]",Fy,0.044901,0.211899,0.151157,0.951826,1.225169,109.290710,233.327215,945.018082,-0.005630,0.211824
48,"[128, 256, 128]",Fz,0.001925,0.043870,0.033136,0.998141,0.187744,18.242571,57.942055,230.088256,-0.003342,0.043742
48,"[128, 256, 128]",Torque,0.000776,0.027858,0.021392,0.999195,0.124732,28.717123,26.045935,104.182275,0.001151,0.027834
321,"[128, 256, 512, 256]",Fx,0.001622,0.040268,0.030015,0.998345,0.238038,11.550743,36.359226,170.624786,-0.014594,0.037531
321,"[128, 256, 512, 256]",Fy,0.043401,0.208330,0.151539,0.953435,1.565754,104.533257,223.083218,1071.210488,0.006805,0.208219
321,"[128, 256, 512, 256]",Fz,0.002197,0.046875,0.035995,0.997878,0.214517,17.521170,58.911048,199.908585,0.002751,0.046794
321,"[128, 256, 512, 256]",Torque,0.001204,0.034702,0.026181,0.998751,0.148602,30.325638,45.499802,189.686419,-0.013521,0.031960
6,"[64, 128, 64]",Fx,0.001546,0.039319,0.030737,0.998422,0.167210,12.612900,33.729801,163.911142,0.001771,0.039279
6,"[64, 128, 64]",Fy,0.042847,0.206994,0.149442,0.954030,1.324862,125.911652,221.817390,893.678036,0.004038,0.206955
6,"[64, 128, 64]",Fz,0.002805,0.052959,0.040111,0.997291,0.248942,24.370312,66.893169,342.146382,0.000395,0.052957
6,"[64, 128, 64]",Torque,0.001229,0.035058,0.027509,0.998725,0.170422,79.417503,41.860226,142.270038,0.006569,0.034437
292,"[128, 256, 512, 256]",Fx,0.001886,0.043426,0.033796,0.998075,0.163004,13.924306,33.393829,149.254626,-0.006642,0.042915
292,"[128, 256, 512, 256]",Fy,0.042190,0.205402,0.143829,0.954735,1.572854,129.818085,219.095287,1385.882311,-0.003457,0.205373
292,"[128, 256, 512, 256]",Fz,0.002858,0.053465,0.040928,0.997239,0.266177,24.571201,62.064655,246.423375,-0.000169,0.053465
292,"[128, 256, 512, 256]",Torque,0.001508,0.038837,0.030749,0.998436,0.170884,65.342705,37.001997,162.586135,-0.003758,0.038655
418,"[64, 128, 256, 128, 64]",Fx,0.001615,0.040187,0.031962,0.998351,0.200848,12.797311,34.020587,137.495710,-0.002819,0.040088
418,"[64, 128, 256, 128, 64]",Fy,0.042430,0.205985,0.147650,0.954478,1.391411,115.421791,218.753332,1357.545619,-0.004650,0.205932
418,"[64, 128, 256, 128, 64]",Fz,0.002843,0.053322,0.040228,0.997254,0.288409,20.770918,60.033518,240.020888,0.002304,0.053272
418,"[64, 128, 256, 128, 64]",Torque,0.001566,0.039574,0.030823,0.998376,0.186566,92.650757,53.707058,204.654500,0.002660,0.039484
96,"[256, 512, 256]",Fx,0.000937,0.030608,0.023295,0.999044,0.145108,9.446367,24.675038,73.535078,-0.006618,0.029884
96,"[256, 512, 256]",Fy,0.044727,0.211489,0.149843,0.952012,1.595908,98.241562,220.848257,1116.906664,0.000153,0.211489
96,"[256, 512, 256]",Fz,0.001980,0.044499,0.033102,0.998087,0.258390,18.113094,58.763058,224.205503,-0.007327,0.043892
96,"[256, 512, 256]",Torque,0.000813,0.028510,0.021728,0.999157,0.149454,30.033577,25.854480,134.057760,-0.003489,0.028296
71,"[128, 256, 128]",Fx,0.001440,0.037944,0.029258,0.998530,0.158947,14.222477,37.820346,133.672042,-0.000139,0.037944
71,"[128, 256, 128]",Fy,0.043118,0.207648,0.148961,0.953739,1.261916,109.943672,215.526153,1340.668995,-0.003125,0.207625
71,"[128, 256, 128]",Fz,0.002713,0.052089,0.039858,0.997379,0.264589,24.589958,77.723066,254.936984,-0.006800,0.051643
71,"[128, 256, 128]",Torque,0.001190,0.034500,0.026917,0.998765,0.131514,92.091446,41.553506,204.816946,0.000151,0.034499
124,"[256, 512, 256]",Fx,0.001410,0.037546,0.030046,0.998561,0.185547,11.690146,28.888445,122.632815,0.001484,0.037516
124,"[256, 512, 256]",Fy,0.043689,0.209018,0.148341,0.953127,1.420606,101.595009,243.453450,1081.679279,-0.005745,0.208939
124,"[256, 512, 256]",Fz,0.002012,0.044851,0.034840,0.998057,0.173658,20.961269,58.794616,200.970961,0.002751,0.044766
124,"[256, 512, 256]",Torque,0.001375,0.037079,0.029747,0.998574,0.213234,43.136494,37.781494,149.423844,0.007593,0.036293
192,"[128, 256, 256, 128]",Fx,0.000875,0.029574,0.023031,0.999107,0.123804,10.084535,22.290082,113.463756,0.001993,0.029507
192,"[128, 256, 256, 128]",Fy,0.044814,0.211694,0.150285,0.951919,1.446325,113.277061,248.600204,1108.928591,0.000436,0.211693
192,"[128, 256, 256, 128]",Fz,0.001977,0.044469,0.033362,0.998090,0.243373,23.537424,48.089762,271.263260,-0.003210,0.044353
192,"[128, 256, 256, 128]",Torque,0.000843,0.029042,0.022607,0.999125,0.121497,17.440037,27.340337,133.059534,0.000806,0.029030
144,"[64, 128, 128, 64]",Fx,0.001092,0.033052,0.025363,0.998885,0.144723,11.033385,31.636382,151.377914,-0.007099,0.032281
144,"[64, 128, 128, 64]",Fy,0.043985,0.209726,0.150784,0.952809,1.435980,90.606758,225.760890,1389.738162,0.011008,0.209437
144,"[64, 128, 128, 64]",Fz,0.002483,0.049832,0.037902,0.997602,0.270035,23.528898,70.230508,304.281697,-0.013726,0.047904
144,"[64, 128, 128, 64]",Torque,0.000952,0.030860,0.024326,0.999012,0.131164,37.579887,32.315004,171.420583,0.006339,0.030202
126,"[256, 512, 256]",Fx,0.001138,0.033733,0.025957,0.998838,0.174984,12.200394,32.482737,153.505070,-0.011099,0.031855
126,"[256, 512, 256]",Fy,0.044074,0.209939,0.151545,0.952713,1.677724,117.975075,220.723020,1061.754586,-0.015455,0.209370
126,"[256, 512, 256]",Fz,0.002192,0.046819,0.036106,0.997883,0.203953,19.815302,63.851539,287.966600,-0.014429,0.044540
126,"[256, 512, 256]",Torque,0.001111,0.033325,0.025431,0.998848,0.205550,50.936996,37.456183,150.415236,-0.015494,0.029503
54,"[128, 256, 128]",Fx,0.001296,0.035999,0.028541,0.998677,0.126557,10.934419,31.872639,188.070837,0.005317,0.035604
54,"[128, 256, 128]",Fy,0.043465,0.208482,0.150595,0.953367,1.301843,89.067001,212.819396,1136.162858,-0.000135,0.208482
54,"[128, 256, 128]",Fz,0.002351,0.048491,0.037050,0.997729,0.229458,19.478052,60.391207,207.149151,0.007067,0.047973
54,"[128, 256, 128]",Torque,0.001410,0.037553,0.030010,0.998537,0.153110,39.380680,34.419335,212.660951,0.009212,0.036406
198,"[128, 256, 256, 128]",Fx,0.001478,0.038445,0.029304,0.998491,0.180290,11.190590,32.823087,108.579949,0.002644,0.038354
198,"[128, 256, 256, 128]",Fy,0.043224,0.207903,0.151106,0.953626,1.298021,113.879494,205.370509,1406.063284,0.012908,0.207502
198,"[128, 256, 256, 128]",Fz,0.002691,0.051870,0.039164,0.997401,0.300994,19.918741,53.372234,246.550057,0.000180,0.051870
198,"[128, 256, 256, 128]",Torque,0.001132,0.033641,0.026678,0.998826,0.158184,37.030079,30.737295,179.697130,0.007186,0.032864
558,"[128, 256, 256, 128, 64]",Fx,0.001293,0.035963,0.028429,0.998680,0.210281,10.674741,25.537789,102.559457,0.002153,0.035899
558,"[128, 256, 256, 128, 64]",Fy,0.043378,0.208274,0.146339,0.953460,1.704878,115.497360,222.354678,1413.840450,0.000372,0.208274
558,"[128, 256, 256, 128, 64]",Fz,0.002463,0.049627,0.037537,0.997621,0.284093,20.767714,56.065619,265.017001,-0.004493,0.049423
558,"[128, 256, 256, 128, 64]",Torque,0.001394,0.037334,0.029620,0.998554,0.159687,26.598284,29.079192,140.149914,0.001995,0.037281
454,"[128, 256, 512, 256, 128]",Fx,0.001428,0.037789,0.029100,0.998542,0.195401,11.759121,32.840792,111.486518,-0.002751,0.037689
454,"[128, 256, 512, 256, 128]",Fy,0.042961,0.207269,0.149061,0.953908,1.296115,125.200218,222.204476,1120.470249,-0.015915,0.206657
454,"[128, 256, 512, 256, 128]",Fz,0.002782,0.052745,0.039226,0.997313,0.260812,20.635157,61.919794,261.705126,-0.003126,0.052652
454,"[128, 256, 512, 256, 128]",Torque,0.001455,0.038145,0.029272,0.998491,0.184919,77.983185,39.923852,225.606337,-0.001190,0.038126
326,"[128, 256, 512, 256]",Fx,0.001519,0.038979,0.030813,0.998449,0.169583,14.128453,35.730230,127.929061,0.001382,0.038955
326,"[128, 256, 512, 256]",Fy,0.043057,0.207501,0.148036,0.953805,1.369004,104.803230,243.848412,1136.940255,0.003394,0.207474
326,"[128, 256, 512, 256]",Fz,0.002598,0.050970,0.038334,0.997491,0.235884,24.400898,68.259251,358.839735,-0.004588,0.050763
326,"[128, 256, 512, 256]",Torque,0.001464,0.038260,0.030248,0.998482,0.161843,38.283947,38.665857,265.277944,0.005116,0.037917
119,"[256, 512, 256]",Fx,0.001416,0.037626,0.029760,0.998555,0.180325,13.559570,36.637300,135.366267,0.003843,0.037430
119,"[256, 512, 256]",Fy,0.043608,0.208826,0.148679,0.953213,1.283959,98.693748,236.292226,1151.155612,0.009471,0.208611
119,"[256, 512, 256]",Fz,0.002482,0.049816,0.037876,0.997603,0.262802,20.853989,61.380473,219.206233,-0.000012,0.049816
119,"[256, 512, 256]",Torque,0.001153,0.033950,0.026279,0.998805,0.144800,78.934891,32.794196,261.269982,0.002338,0.033870
325,"[128, 256, 512, 256]",Fx,0.001466,0.038287,0.029397,0.998504,0.171884,11.755100,26.748214,154.523840,-0.005137,0.037941
325,"[128, 256, 512, 256]",Fy,0.043223,0.207902,0.148758,0.953626,1.113898,108.627411,255.712227,1222.307412,-0.000546,0.207901
325,"[128, 256, 512, 256]",Fz,0.002654,0.051520,0.038767,0.997436,0.236403,20.471418,68.674590,242.521108,-0.005504,0.051225
325,"[128, 256, 512, 256]",Torque,0.001321,0.036344,0.028310,0.998630,0.180074,27.253233,34.350349,189.494482,-0.002282,0.036272
455,"[128, 256, 512, 256, 128]",Fx,0.001825,0.042725,0.032093,0.998137,0.255690,14.714323,37.415188,165.973803,-0.002236,0.042666
455,"[128, 256, 512, 256, 128]",Fy,0.042109,0.205204,0.147454,0.954822,1.240357,123.509979,220.303586,1199.996882,-0.005863,0.205120
455,"[128, 256, 512, 256, 128]",Fz,0.002851,0.053390,0.041160,0.997247,0.278893,24.209793,73.119057,239.168957,0.015349,0.051136
455,"[128, 256, 512, 256, 128]",Torque,0.001896,0.043543,0.033198,0.998033,0.189533,138.753372,50.893429,215.975360,0.007562,0.042881
262,"[64, 128, 256, 128]",Fx,0.001301,0.036074,0.027776,0.998672,0.174072,12.180485,32.736367,154.676017,0.000373,0.036072
262,"[64, 128, 256, 128]",Fy,0.043882,0.209480,0.148456,0.952920,1.681168,99.047180,218.034931,1742.090984,0.016351,0.208841
262,"[64, 128, 256, 128]",Fz,0.002437,0.049367,0.037321,0.997646,0.251841,23.352030,55.362665,260.599279,-0.004686,0.049144
262,"[64, 128, 256, 128]",Torque,0.001063,0.032611,0.025110,0.998897,0.155879,73.680130,41.811426,190.496588,0.004513,0.032297
162,"[64, 128, 128, 64]",Fx,0.001528,0.039084,0.030690,0.998441,0.190514,13.297832,36.180654,166.217864,0.003873,0.038892
162,"[64, 128, 128, 64]",Fy,0.042934,0.207206,0.149825,0.953936,1.248115,114.357422,234.063445,1094.925835,0.011984,0.206859
162,"[64, 128, 128, 64]",Fz,0.002809,0.053000,0.038606,0.997287,0.308103,19.849049,67.584002,263.366664,-0.010769,0.051894
162,"[64, 128, 128, 64]",Torque,0.001414,0.037603,0.029330,0.998533,0.157325,40.068390,36.563832,160.545745,0.002593,0.037514
16,"[64, 128, 64]",Fx,0.001500,0.038731,0.030609,0.998469,0.135608,13.019164,42.556069,157.536569,0.006904,0.038111
16,"[64, 128, 64]",Fy,0.041889,0.204669,0.148143,0.955057,1.252429,107.848305,224.043725,999.633621,0.001082,0.204666
16,"[64, 128, 64]",Fz,0.003700,0.060830,0.045290,0.996426,0.287067,26.825851,79.750020,284.495718,-0.018989,0.057790
16,"[64, 128, 64]",Torque,0.001597,0.039957,0.031347,0.998344,0.157039,54.388531,46.494245,286.558327,0.007996,0.039148
432,"[128, 256, 512, 256, 128]",Fx,0.000806,0.028384,0.021824,0.999178,0.164213,10.458943,22.919408,101.349336,0.003119,0.028212
432,"[128, 256, 512, 256, 128]",Fy,0.044901,0.211898,0.148903,0.951826,1.382041,128.682053,258.078207,1095.032820,0.002215,0.211887
432,"[128, 256, 512, 256, 128]",Fz,0.002056,0.045339,0.035098,0.998015,0.230314,17.428719,66.436587,244.372036,0.008837,0.044469
432,"[128, 256, 512, 256, 128]",Torque,0.000946,0.030761,0.022804,0.999019,0.156411,32.601982,28.273028,149.105049,-0.002782,0.030635
136,"[256, 512, 256]",Fx,0.001072,0.032745,0.025872,0.998905,0.126111,12.706678,31.034823,168.591191,0.003634,0.032543
136,"[256, 512, 256]",Fy,0.044500,0.210951,0.152665,0.952256,1.260221,82.020950,221.862393,1064.142043,-0.008621,0.210775
136,"[256, 512, 256]",Fz,0.002160,0.046472,0.035669,0.997914,0.235832,20.208414,61.371957,249.496944,0.001049,0.046460
136,"[256, 512, 256]",Torque,0.000982,0.031335,0.024908,0.998982,0.125356,70.410767,39.877435,183.615152,0.001776,0.031285
387,"[64, 128, 256, 128, 64]",Fx,0.001519,0.038975,0.030547,0.998449,0.170546,14.176081,33.509329,171.718841,0.004047,0.038764
387,"[64, 128, 256, 128, 64]",Fy,0.042908,0.207143,0.148090,0.953965,1.231589,112.818275,201.469688,1301.020092,-0.000411,0.207142
387,"[64, 128, 256, 128, 64]",Fz,0.002917,0.054012,0.041580,0.997182,0.297961,25.888626,71.009215,273.891069,0.006668,0.053599
387,"[64, 128, 256, 128, 64]",Torque,0.001371,0.037026,0.029461,0.998578,0.176239,65.557487,39.645083,226.383786,0.009940,0.035667
329,"[128, 256, 512, 256]",Fx,0.001109,0.033300,0.025853,0.998868,0.149172,11.458621,31.370099,112.799327,0.008209,0.032272
329,"[128, 256, 512, 256]",Fy,0.043825,0.209345,0.150034,0.952980,1.439559,90.066772,232.335902,1327.788459,0.005385,0.209275
329,"[128, 256, 512, 256]",Fz,0.002561,0.050603,0.039127,0.997527,0.204743,22.547375,69.162025,282.202631,0.015141,0.048285
329,"[128, 256, 512, 256]",Torque,0.001225,0.035005,0.027088,0.998729,0.157727,46.587044,40.147260,229.998439,0.001147,0.034987
258,"[64, 128, 256, 128]",Fx,0.001087,0.032971,0.024962,0.998890,0.184968,9.017931,24.936820,99.498065,-0.006679,0.032287
258,"[64, 128, 256, 128]",Fy,0.044678,0.211372,0.151917,0.952065,1.527766,118.115280,211.681012,1241.879784,0.008822,0.211188
258,"[64, 128, 256, 128]",Fz,0.002053,0.045309,0.033653,0.998017,0.258324,19.314936,52.224123,269.584622,-0.008484,0.044508
258,"[64, 128, 256, 128]",Torque,0.000927,0.030454,0.023065,0.999038,0.149042,25.374313,28.418545,138.766563,-0.006846,0.029674
62,"[128, 256, 128]",Fx,0.001553,0.039410,0.030414,0.998415,0.142428,10.691715,33.074724,173.494763,-0.008956,0.038379
62,"[128, 256, 128]",Fy,0.042028,0.205007,0.146228,0.954909,1.267255,76.849174,195.300329,1116.037766,-0.010119,0.204757
62,"[128, 256, 128]",Fz,0.003491,0.059081,0.046356,0.996629,0.275975,24.226442,80.239775,342.188809,-0.013382,0.057545
62,"[128, 256, 128]",Torque,0.001715,0.041415,0.031333,0.998221,0.170971,48.543728,39.928958,231.312270,-0.010470,0.040069
238,"[128, 256, 256, 128]",Fx,0.001921,0.043828,0.033902,0.998039,0.215516,11.900513,30.566587,108.538293,-0.001318,0.043808
238,"[128, 256, 256, 128]",Fy,0.042148,0.205299,0.144530,0.954780,1.374417,90.910614,206.354840,1187.093218,0.013524,0.204853
238,"[128, 256, 256, 128]",Fz,0.002926,0.054093,0.042052,0.997174,0.338972,28.597527,66.156105,273.767986,0.005599,0.053802
238,"[128, 256, 256, 128]",Torque,0.001803,0.042458,0.032610,0.998130,0.206106,80.590340,41.990628,167.821073,-0.000240,0.042458
61,"[128, 256, 128]",Fx,0.001484,0.038522,0.030459,0.998485,0.168282,15.418156,40.478145,138.877160,0.010769,0.036987
61,"[128, 256, 128]",Fy,0.042566,0.206316,0.148021,0.954331,1.235249,107.655121,213.302126,964.608088,-0.003109,0.206293
61,"[128, 256, 128]",Fz,0.003146,0.056086,0.042785,0.996962,0.274291,23.850426,72.801860,274.414540,-0.007501,0.055583
61,"[128, 256, 128]",Torque,0.001611,0.040138,0.032223,0.998329,0.151349,56.944370,41.085435,292.797590,0.015690,0.036944
546,"[128, 256, 256, 128, 64]",Fx,0.001410,0.037553,0.029475,0.998560,0.160064,12.174638,30.178666,136.983507,0.000630,0.037547
546,"[128, 256, 256, 128, 64]",Fy,0.043289,0.208061,0.147283,0.953555,1.565200,92.121460,218.523269,1322.985583,-0.006563,0.207958
546,"[128, 256, 256, 128, 64]",Fz,0.002616,0.051147,0.037576,0.997473,0.323325,18.856655,53.934031,233.474294,-0.006520,0.050729
546,"[128, 256, 256, 128, 64]",Torque,0.001501,0.038744,0.029410,0.998443,0.197115,20.565411,32.090783,185.057037,-0.005421,0.038363
108,"[256, 512, 256]",Fx,0.001306,0.036135,0.028885,0.998667,0.133667,13.025570,34.434895,143.583697,0.015533,0.032626
108,"[256, 512, 256]",Fy,0.043919,0.209568,0.149607,0.952880,1.319525,127.659050,227.880268,1384.408363,0.005076,0.209507
108,"[256, 512, 256]",Fz,0.002251,0.047447,0.036101,0.997826,0.209470,19.596294,58.593618,284.758854,0.002310,0.047391
108,"[256, 512, 256]",Torque,0.001348,0.036714,0.028551,0.998602,0.139885,95.234200,41.612387,262.220959,0.013246,0.034241
502,"[64, 128, 256, 256, 128]",Fx,0.001699,0.041220,0.031257,0.998266,0.282839,12.152775,32.849348,126.601473,-0.005846,0.040804
502,"[64, 128, 256, 256, 128]",Fy,0.043128,0.207673,0.150436,0.953728,1.399521,118.733009,223.728474,1070.936664,0.001895,0.207664
502,"[64, 128, 256, 256, 128]",Fz,0.002641,0.051394,0.039209,0.997449,0.256394,21.176023,73.829564,280.943660,0.001006,0.051384
502,"[64, 128, 256, 256, 128]",Torque,0.001448,0.038050,0.030093,0.998498,0.192253,63.993935,40.857742,184.380897,0.005615,0.037634
72,"[128, 256, 128]",Fx,0.001424,0.037731,0.029971,0.998547,0.138513,11.213796,32.963790,145.055721,0.008492,0.036763
72,"[128, 256, 128]",Fy,0.043540,0.208662,0.149268,0.953287,1.219671,119.878990,224.520080,1384.708939,-0.010725,0.208386
72,"[128, 256, 128]",Fz,0.002511,0.050107,0.038652,0.997575,0.222453,24.279613,60.172418,275.346494,-0.005585,0.049795
72,"[128, 256, 128]",Torque,0.001443,0.037992,0.030049,0.998503,0.178179,30.555714,37.884698,213.777618,-0.001237,0.037972
43,"[64, 128, 64]",Fx,0.001702,0.041252,0.032409,0.998263,0.185261,13.409277,40.664754,219.711840,-0.000831,0.041244
43,"[64, 128, 64]",Fy,0.042549,0.206275,0.147443,0.954349,1.352570,94.664040,217.138983,1111.786630,0.008518,0.206099
43,"[64, 128, 64]",Fz,0.002982,0.054610,0.042484,0.997120,0.296697,20.142984,78.707295,330.825976,0.010867,0.053518
43,"[64, 128, 64]",Torque,0.001704,0.041285,0.032435,0.998232,0.159615,35.467392,47.279266,285.152159,0.000105,0.041285
374,"[256, 512, 512, 256]",Fx,0.001534,0.039163,0.029528,0.998434,0.186769,12.964464,34.758035,189.093490,-0.008185,0.038298
374,"[256, 512, 512, 256]",Fy,0.042590,0.206374,0.148762,0.954305,1.334184,96.497849,217.151748,1301.883662,-0.013578,0.205927
374,"[256, 512, 512, 256]",Fz,0.003456,0.058784,0.044676,0.996662,0.352602,22.863579,65.917063,212.927328,-0.004898,0.058580
374,"[256, 512, 512, 256]",Torque,0.001364,0.036934,0.027529,0.998585,0.163345,57.833099,39.792353,193.659275,-0.004916,0.036606
102,"[256, 512, 256]",Fx,0.001586,0.039827,0.030897,0.998381,0.194681,11.180019,30.684103,125.267355,0.002529,0.039746
102,"[256, 512, 256]",Fy,0.042964,0.207277,0.151443,0.953905,1.334581,117.918205,226.171847,1409.917196,0.011131,0.206978
102,"[256, 512, 256]",Fz,0.002994,0.054714,0.042437,0.997109,0.228471,25.718615,78.872689,277.214175,0.012716,0.053216
102,"[256, 512, 256]",Torque,0.001421,0.037693,0.029838,0.998526,0.161589,84.394196,38.032735,177.683842,0.009705,0.036422
66,"[128, 256, 128]",Fx,0.001234,0.035132,0.026708,0.998740,0.177650,11.207918,25.751650,128.789170,-0.005256,0.034737
66,"[128, 256, 128]",Fy,0.044371,0.210644,0.151155,0.952395,1.414906,113.666306,220.302330,1578.717666,0.008517,0.210471
66,"[128, 256, 128]",Fz,0.002229,0.047213,0.035582,0.997847,0.234167,19.967104,64.517869,233.215158,0.000155,0.047213
66,"[128, 256, 128]",Torque,0.001157,0.034014,0.026078,0.998800,0.168903,26.238401,35.633504,209.983535,-0.002923,0.033888
503,"[64, 128, 256, 256, 128]",Fx,0.001771,0.042082,0.032538,0.998192,0.210905,15.283753,40.156772,148.787995,0.008555,0.041203
503,"[64, 128, 256, 256, 128]",Fy,0.042562,0.206305,0.148611,0.954336,1.271385,102.620422,222.410392,1200.737659,0.007371,0.206173
503,"[64, 128, 256, 256, 128]",Fz,0.002981,0.054598,0.041153,0.997121,0.288820,21.636147,65.078915,307.275007,-0.004563,0.054407
503,"[64, 128, 256, 256, 128]",Torque,0.001678,0.040964,0.031739,0.998260,0.152064,70.223358,47.091050,190.213493,0.006585,0.040431
128,"[256, 512, 256]",Fx,0.002099,0.045817,0.037377,0.997857,0.177084,12.458098,42.689260,156.972407,0.004944,0.045549
128,"[256, 512, 256]",Fy,0.042156,0.205319,0.146991,0.954772,1.340984,91.492416,209.994834,1251.324507,0.008625,0.205138
128,"[256, 512, 256]",Fz,0.003118,0.055840,0.042896,0.996988,0.239746,16.398994,64.966730,206.461875,0.001503,0.055819
128,"[256, 512, 256]",Torque,0.001619,0.040233,0.032819,0.998321,0.128528,46.250549,34.838401,177.167457,0.004455,0.039986
498,"[64, 128, 256, 256, 128]",Fx,0.001040,0.032253,0.024436,0.998938,0.158890,10.441091,28.118796,103.623359,-0.004332,0.031961
498,"[64, 128, 256, 256, 128]",Fy,0.044766,0.211579,0.149739,0.951971,1.587122,121.739182,212.469153,1407.520990,0.004081,0.211540
498,"[64, 128, 256, 256, 128]",Fz,0.002086,0.045675,0.035298,0.997985,0.228177,21.595589,64.401342,262.817753,0.001782,0.045640
498,"[64, 128, 256, 256, 128]",Torque,0.001138,0.033734,0.025487,0.998820,0.175918,22.567053,28.438248,136.624093,0.000051,0.033734
204,"[128, 256, 256, 128]",Fx,0.001098,0.033131,0.026383,0.998879,0.155877,9.896766,22.029957,114.881278,0.001143,0.033112
204,"[128, 256, 256, 128]",Fy,0.044633,0.211265,0.151057,0.952114,1.462517,100.707924,220.501623,1324.509165,-0.001382,0.211260
204,"[128, 256, 256, 128]",Fz,0.002339,0.048361,0.036257,0.997741,0.252823,21.966555,51.186972,281.749845,-0.001041,0.048350
204,"[128, 256, 256, 128]",Torque,0.000996,0.031560,0.024782,0.998967,0.131893,47.709564,27.235236,137.762873,0.001261,0.031534
51,"[128, 256, 128]",Fx,0.001207,0.034743,0.026831,0.998768,0.163703,9.949434,29.150039,101.361575,-0.001296,0.034719
51,"[128, 256, 128]",Fy,0.044145,0.210106,0.150877,0.952638,1.262089,113.645721,211.179280,931.082400,-0.018605,0.209281
51,"[128, 256, 128]",Fz,0.002564,0.050631,0.038490,0.997524,0.230479,22.733963,66.656141,316.073520,-0.003804,0.050488
51,"[128, 256, 128]",Torque,0.001187,0.034454,0.026227,0.998769,0.147268,28.933376,33.213139,201.657475,-0.004934,0.034099
74,"[128, 256, 128]",Fx,0.001901,0.043599,0.035660,0.998060,0.154840,15.257257,40.929460,223.553883,0.017748,0.039823
74,"[128, 256, 128]",Fy,0.042312,0.205699,0.149175,0.954604,1.189943,98.540314,223.147532,1110.796344,0.010713,0.205419
74,"[128, 256, 128]",Fz,0.003173,0.056327,0.042647,0.996936,0.249892,26.570936,60.411542,332.551756,-0.009255,0.055562
74,"[128, 256, 128]",Torque,0.001726,0.041549,0.033927,0.998209,0.143395,127.947311,50.591745,234.078130,0.018201,0.037351
369,"[256, 512, 512, 256]",Fx,0.001139,0.033745,0.027027,0.998838,0.120937,10.631277,32.367774,139.754765,0.004954,0.033379
369,"[256, 512, 512, 256]",Fy,0.044736,0.211509,0.149807,0.952003,1.321223,117.609245,229.917596,1300.087140,-0.009476,0.211297
369,"[256, 512, 512, 256]",Fz,0.002269,0.047637,0.036184,0.997808,0.237165,21.013199,58.564590,251.414974,-0.004372,0.047436
369,"[256, 512, 512, 256]",Torque,0.000975,0.031230,0.024304,0.998988,0.136640,50.701454,29.349985,153.797800,0.006066,0.030635
28,"[64, 128, 64]",Fx,0.001463,0.038253,0.029872,0.998506,0.151839,12.900027,39.337854,150.807453,0.007116,0.037586
28,"[64, 128, 64]",Fy,0.042924,0.207180,0.149390,0.953948,1.249316,98.495766,217.115255,926.910043,-0.005883,0.207097
28,"[64, 128, 64]",Fz,0.003217,0.056718,0.043153,0.996893,0.233398,22.264238,78.640471,332.914546,-0.001859,0.056688
28,"[64, 128, 64]",Torque,0.001516,0.038934,0.030837,0.998428,0.172051,35.975372,42.756464,260.806089,0.008155,0.038071
277,"[64, 128, 256, 128]",Fx,0.001588,0.039844,0.030669,0.998379,0.197450,10.823393,34.481470,137.074924,-0.007714,0.039090
277,"[64, 128, 256, 128]",Fy,0.042795,0.206871,0.148181,0.954085,1.310158,94.403366,224.906409,1353.906737,-0.006377,0.206772
277,"[64, 128, 256, 128]",Fz,0.003230,0.056829,0.043220,0.996881,0.238617,23.027962,68.948578,266.531587,-0.011859,0.055578
277,"[64, 128, 256, 128]",Torque,0.001520,0.038984,0.030366,0.998424,0.149612,71.126259,47.957528,275.073250,-0.001828,0.038941
139,"[256, 512, 256]",Fx,0.001503,0.038763,0.030069,0.998466,0.207718,12.279667,33.466487,128.747385,0.001092,0.038748
139,"[256, 512, 256]",Fy,0.043604,0.208815,0.149271,0.953218,1.205819,109.587791,209.985487,1288.209637,-0.010241,0.208563
139,"[256, 512, 256]",Fz,0.002379,0.048780,0.037543,0.997702,0.242452,21.599852,68.710544,298.013296,0.007283,0.048233
139,"[256, 512, 256]",Torque,0.001658,0.040721,0.032223,0.998280,0.168339,36.929626,38.727649,195.336247,0.001513,0.040693
133,"[256, 512, 256]",Fx,0.001044,0.032307,0.025060,0.998935,0.147253,12.642578,35.210546,161.166828,-0.004720,0.031960
133,"[256, 512, 256]",Fy,0.044571,0.211118,0.153096,0.952181,1.113251,119.949776,224.389710,1254.019814,0.018137,0.210338
133,"[256, 512, 256]",Fz,0.002482,0.049820,0.039018,0.997603,0.224556,23.600716,67.563415,204.744413,-0.016632,0.046962
133,"[256, 512, 256]",Torque,0.001054,0.032458,0.025396,0.998907,0.154878,33.629894,38.542206,162.567318,-0.003204,0.032299
73,"[128, 256, 128]",Fx,0.001606,0.040077,0.030892,0.998360,0.146275,12.553146,31.352012,138.137178,-0.001453,0.040050
73,"[128, 256, 128]",Fy,0.043311,0.208114,0.148755,0.953532,1.295951,137.258575,224.639183,1451.197471,-0.000364,0.208114
73,"[128, 256, 128]",Fz,0.002560,0.050600,0.039751,0.997527,0.247438,24.312609,69.070892,272.639123,0.000925,0.050591
73,"[128, 256, 128]",Torque,0.001675,0.040932,0.032411,0.998262,0.140841,127.954941,45.826360,186.004054,0.004410,0.040694
270,"[64, 128, 256, 128]",Fx,0.001340,0.036604,0.028745,0.998632,0.147943,9.308532,23.199934,143.589976,0.000466,0.036601
270,"[64, 128, 256, 128]",Fy,0.043959,0.209665,0.150940,0.952837,1.715160,112.988083,229.039408,1597.424041,0.016394,0.209023
270,"[64, 128, 256, 128]",Fz,0.002514,0.050137,0.038094,0.997572,0.249781,17.167645,56.862251,227.226679,-0.003584,0.050009
270,"[64, 128, 256, 128]",Torque,0.001348,0.036713,0.029039,0.998602,0.196365,24.019459,33.639699,162.463522,0.003460,0.036550
291,"[128, 256, 512, 256]",Fx,0.001122,0.033503,0.026245,0.998854,0.121246,8.708401,28.436926,103.498864,-0.002764,0.033388
291,"[128, 256, 512, 256]",Fy,0.044540,0.211046,0.151856,0.952213,1.523448,128.958405,222.870493,1309.542009,-0.008309,0.210882
291,"[128, 256, 512, 256]",Fz,0.002327,0.048239,0.036633,0.997752,0.242557,21.841372,71.094405,233.291724,0.001423,0.048218
291,"[128, 256, 512, 256]",Torque,0.001176,0.034299,0.027320,0.998780,0.142762,47.498962,31.726687,182.790607,0.004453,0.034009
381,"[256, 512, 512, 256]",Fx,0.001787,0.042274,0.034356,0.998176,0.211131,11.913710,25.990710,108.139653,0.009077,0.041288
381,"[256, 512, 512, 256]",Fy,0.043750,0.209165,0.149633,0.953061,1.691383,128.564819,219.621595,1320.819862,0.003118,0.209141
381,"[256, 512, 512, 256]",Fz,0.002292,0.047877,0.036771,0.997786,0.210921,19.981350,60.036210,316.701262,-0.001255,0.047860
381,"[256, 512, 512, 256]",Torque,0.001348,0.036719,0.028829,0.998602,0.158717,28.670712,32.445886,208.484098,0.002143,0.036656
75,"[128, 256, 128]",Fx,0.001330,0.036471,0.028384,0.998642,0.147485,12.180782,37.576173,137.738085,-0.009632,0.035176
75,"[128, 256, 128]",Fy,0.043994,0.209748,0.149778,0.952799,1.440203,93.966545,224.948325,1267.288057,0.014311,0.209259
75,"[128, 256, 128]",Fz,0.002605,0.051037,0.038382,0.997484,0.255574,26.771618,60.435756,347.951186,-0.001750,0.051007
75,"[128, 256, 128]",Torque,0.001253,0.035397,0.027538,0.998700,0.154595,46.013901,44.645070,198.521436,-0.000880,0.035386
255,"[64, 128, 256, 128]",Fx,0.001562,0.039519,0.031035,0.998406,0.153784,12.383353,30.503115,86.246207,-0.001089,0.039504
255,"[64, 128, 256, 128]",Fy,0.043396,0.208316,0.147614,0.953441,1.414450,128.679413,223.162781,1281.977283,0.001403,0.208312
255,"[64, 128, 256, 128]",Fz,0.002688,0.051843,0.040460,0.997404,0.226343,22.993814,61.324975,216.458359,0.004679,0.051631
255,"[64, 128, 256, 128]",Torque,0.001556,0.039452,0.031026,0.998386,0.175576,47.022476,32.738859,200.723825,0.003050,0.039333
86,"[128, 256, 128]",Fx,0.001796,0.042384,0.032898,0.998166,0.237988,12.895559,37.501161,172.294280,-0.001291,0.042364
86,"[128, 256, 128]",Fy,0.042465,0.206071,0.149966,0.954440,1.218404,117.906380,237.032217,1153.607098,0.004957,0.206011
86,"[128, 256, 128]",Fz,0.003124,0.055889,0.043548,0.996983,0.293628,26.950954,71.455945,363.004473,0.008573,0.055227
86,"[128, 256, 128]",Torque,0.001835,0.042834,0.034322,0.998097,0.149270,82.968948,45.549904,295.405319,0.011804,0.041175
243,"[64, 128, 256, 128]",Fx,0.001061,0.032576,0.025032,0.998917,0.154490,12.285200,33.109882,146.638111,0.001887,0.032521
243,"[64, 128, 256, 128]",Fy,0.044693,0.211406,0.150549,0.952050,1.744380,107.776291,239.097884,1175.793429,0.012387,0.211043
243,"[64, 128, 256, 128]",Fz,0.002398,0.048974,0.037670,0.997684,0.206224,22.525755,73.621719,252.265007,-0.007434,0.048406
243,"[64, 128, 256, 128]",Torque,0.001073,0.032758,0.025182,0.998887,0.142381,61.278645,41.585851,166.247817,0.000967,0.032744
562,"[128, 256, 256, 128, 64]",Fx,0.002331,0.048282,0.037669,0.997620,0.223246,15.557215,37.991249,214.605148,-0.003892,0.048125
562,"[128, 256, 256, 128, 64]",Fy,0.042276,0.205612,0.146915,0.954642,1.656845,93.805870,214.388187,1228.603630,0.000766,0.205611
562,"[128, 256, 256, 128, 64]",Fz,0.003106,0.055735,0.042637,0.997000,0.257228,26.327578,59.637120,284.971886,0.006378,0.055369
562,"[128, 256, 256, 128, 64]",Torque,0.001527,0.039077,0.030817,0.998416,0.165334,51.627483,42.446846,218.345527,0.002416,0.039003
31,"[64, 128, 64]",Fx,0.001662,0.040771,0.031900,0.998303,0.174940,13.160243,40.790225,150.011464,-0.005074,0.040454
31,"[64, 128, 64]",Fy,0.042933,0.207204,0.149860,0.953937,1.285825,104.019768,224.809226,1444.601682,0.008257,0.207039
31,"[64, 128, 64]",Fz,0.003279,0.057263,0.044602,0.996833,0.330939,21.909361,79.695462,296.113618,0.004155,0.057112
31,"[64, 128, 64]",Torque,0.001375,0.037078,0.029283,0.998574,0.131851,60.358284,42.307656,202.080529,0.000748,0.037070
313,"[128, 256, 512, 256]",Fx,0.002202,0.046925,0.037464,0.997752,0.190764,13.324781,40.014736,156.778839,-0.006923,0.046411
313,"[128, 256, 512, 256]",Fy,0.042075,0.205122,0.147274,0.954858,1.252319,92.469391,214.659484,1254.702377,0.012106,0.204764
313,"[128, 256, 512, 256]",Fz,0.003362,0.057984,0.044493,0.996753,0.262904,22.311750,67.742786,284.312879,0.005479,0.057725
313,"[128, 256, 512, 256]",Torque,0.001636,0.040442,0.032466,0.998304,0.148534,66.942596,39.469462,167.359890,0.003504,0.040290
80,"[128, 256, 128]",Fx,0.001549,0.039359,0.031572,0.998419,0.157926,11.584331,30.140137,143.523550,0.004310,0.039123
80,"[128, 256, 128]",Fy,0.042620,0.206446,0.148823,0.954273,1.243457,93.483261,219.473627,1378.459675,0.003214,0.206421
80,"[128, 256, 128]",Fz,0.003583,0.059859,0.047762,0.996539,0.205748,18.786110,63.680681,260.845485,0.007722,0.059359
80,"[128, 256, 128]",Torque,0.001550,0.039372,0.031282,0.998392,0.181329,37.925800,36.572570,137.993893,0.002782,0.039273
121,"[256, 512, 256]",Fx,0.001774,0.042121,0.033458,0.998189,0.140954,12.350868,38.379581,123.760208,-0.008852,0.041181
121,"[256, 512, 256]",Fy,0.042426,0.205977,0.148866,0.954481,1.207510,109.460571,229.037396,1266.833140,-0.005925,0.205891
121,"[256, 512, 256]",Fz,0.002761,0.052546,0.040525,0.997333,0.216760,26.228382,74.527841,321.468009,-0.011217,0.051334
121,"[256, 512, 256]",Torque,0.002346,0.048433,0.037597,0.997567,0.206172,59.668045,52.453160,193.298544,-0.017777,0.045053
190,"[64, 128, 128, 64]",Fx,0.002074,0.045546,0.035541,0.997882,0.215705,14.022603,37.530898,172.426927,0.002431,0.045481
190,"[64, 128, 128, 64]",Fy,0.042091,0.205162,0.148117,0.954841,1.103524,90.065231,226.971201,1196.679813,-0.013943,0.204688
190,"[64, 128, 128, 64]",Fz,0.003273,0.057207,0.044776,0.996839,0.248718,27.476894,72.012970,308.745421,0.008895,0.056511
190,"[64, 128, 128, 64]",Torque,0.001911,0.043715,0.035340,0.998018,0.160720,74.739357,51.659259,221.441381,0.009280,0.042719
549,"[128, 256, 256, 128, 64]",Fx,0.001551,0.039383,0.030140,0.998417,0.177033,11.311678,29.661038,163.058199,-0.001971,0.039334
549,"[128, 256, 256, 128, 64]",Fy,0.043676,0.208988,0.150553,0.953141,1.263822,119.436874,227.345405,1178.561420,-0.000860,0.208986
549,"[128, 256, 256, 128, 64]",Fz,0.002842,0.053308,0.040524,0.997255,0.262908,21.843891,63.919865,220.232829,-0.003770,0.053175
549,"[128, 256, 256, 128, 64]",Torque,0.001293,0.035954,0.028558,0.998659,0.154124,27.122847,39.165852,202.471022,0.003215,0.035810
376,"[256, 512, 512, 256]",Fx,0.001652,0.040648,0.032068,0.998313,0.167818,9.530595,26.491327,106.046956,0.002787,0.040553
376,"[256, 512, 512, 256]",Fy,0.043275,0.208028,0.147842,0.953570,1.251145,98.298904,214.407973,1147.090332,0.006033,0.207940
376,"[256, 512, 512, 256]",Fz,0.002931,0.054143,0.042055,0.997169,0.214596,22.389391,63.233587,250.403911,0.002899,0.054065
376,"[256, 512, 512, 256]",Torque,0.001508,0.038827,0.031320,0.998436,0.145424,49.458752,42.168966,197.278052,0.006158,0.038335
233,"[128, 256, 256, 128]",Fx,0.001552,0.039395,0.031000,0.998416,0.169888,12.961187,36.161115,130.954329,0.000875,0.039385
233,"[128, 256, 256, 128]",Fy,0.043271,0.208016,0.149919,0.953575,1.304184,96.057663,230.581167,1136.924814,-0.007791,0.207870
233,"[128, 256, 256, 128]",Fz,0.002834,0.053234,0.040597,0.997263,0.235522,26.460655,68.041286,267.700714,0.001438,0.053215
233,"[128, 256, 256, 128]",Torque,0.001729,0.041586,0.032694,0.998206,0.149696,95.475128,45.122491,262.986265,-0.001035,0.041573
510,"[64, 128, 256, 256, 128]",Fx,0.001269,0.035621,0.026888,0.998705,0.163217,11.550801,26.172969,106.342775,-0.002291,0.035547
510,"[64, 128, 256, 256, 128]",Fy,0.044883,0.211855,0.151539,0.951846,1.281559,134.109940,234.493099,1783.251521,-0.003942,0.211819
510,"[64, 128, 256, 256, 128]",Fz,0.002198,0.046882,0.034806,0.997877,0.288786,18.498854,50.111496,303.197898,-0.004683,0.046648
510,"[64, 128, 256, 256, 128]",Torque,0.001046,0.032338,0.025444,0.998915,0.168308,65.507858,33.583364,203.222395,0.003311,0.032168
122,"[256, 512, 256]",Fx,0.001512,0.038878,0.030756,0.998457,0.178380,14.437793,37.950268,170.312730,0.004985,0.038558
122,"[256, 512, 256]",Fy,0.043503,0.208574,0.148552,0.953326,1.351607,99.239594,212.724776,1065.275970,-0.001572,0.208568
122,"[256, 512, 256]",Fz,0.003073,0.055433,0.042129,0.997032,0.281422,20.062202,77.790666,343.556864,-0.020979,0.051309
122,"[256, 512, 256]",Torque,0.001326,0.036409,0.028924,0.998625,0.143412,30.611166,38.361282,200.148729,0.002814,0.036300
42,"[64, 128, 64]",Fx,0.001535,0.039183,0.030335,0.998433,0.156558,13.870131,42.331810,161.582850,0.004637,0.038908
42,"[64, 128, 64]",Fy,0.043487,0.208535,0.149965,0.953344,1.329465,89.725876,249.067575,1431.179482,0.007186,0.208411
42,"[64, 128, 64]",Fz,0.002908,0.053929,0.041456,0.997191,0.284937,22.200937,64.682298,245.389387,-0.000447,0.053927
42,"[64, 128, 64]",Torque,0.001488,0.038570,0.029843,0.998457,0.157495,34.500591,49.313000,245.182760,0.004805,0.038270
125,"[256, 512, 256]",Fx,0.001817,0.042621,0.033633,0.998146,0.186988,11.324248,36.982766,104.669865,0.003115,0.042507
125,"[256, 512, 256]",Fy,0.042713,0.206671,0.148490,0.954174,1.401119,87.782707,231.135227,1124.171450,0.018232,0.205866
125,"[256, 512, 256]",Fz,0.002799,0.052906,0.040177,0.997297,0.233709,22.439447,55.746635,228.666324,-0.007004,0.052440
125,"[256, 512, 256]",Torque,0.002138,0.046241,0.036197,0.997782,0.176939,36.166725,43.502104,187.338215,-0.000391,0.046239
515,"[64, 128, 256, 256, 128]",Fx,0.002019,0.044937,0.034218,0.997939,0.221355,13.015882,41.153671,187.232961,-0.006727,0.044431
515,"[64, 128, 256, 256, 128]",Fy,0.042987,0.207334,0.146114,0.953880,1.571250,90.274574,210.580589,1198.192836,0.003887,0.207297
515,"[64, 128, 256, 256, 128]",Fz,0.002750,0.052436,0.040520,0.997344,0.249945,20.311625,65.382649,302.189420,0.008843,0.051685
515,"[64, 128, 256, 256, 128]",Torque,0.001719,0.041455,0.031594,0.998218,0.168333,61.691570,51.994707,277.504476,-0.004872,0.041168
230,"[128, 256, 256, 128]",Fx,0.001754,0.041878,0.032122,0.998210,0.180809,12.746289,36.955161,154.708975,-0.005087,0.041568
230,"[128, 256, 256, 128]",Fy,0.042434,0.205995,0.149624,0.954473,1.190198,102.181175,218.906522,1154.362380,-0.000402,0.205995
230,"[128, 256, 256, 128]",Fz,0.003086,0.055549,0.042883,0.997020,0.261437,31.281397,76.409826,350.880504,-0.003837,0.055416
230,"[128, 256, 256, 128]",Torque,0.002203,0.046938,0.036565,0.997715,0.201360,77.741051,59.221201,335.087034,-0.011119,0.045602
373,"[256, 512, 512, 256]",Fx,0.001152,0.033948,0.026601,0.998824,0.117429,10.995562,28.567257,123.185991,-0.004535,0.033643
373,"[256, 512, 512, 256]",Fy,0.044576,0.211131,0.149582,0.952175,1.421439,110.875847,257.893742,1196.730532,0.006717,0.211024
373,"[256, 512, 512, 256]",Fz,0.002641,0.051386,0.040161,0.997450,0.235372,25.040625,62.490403,199.034675,0.010372,0.050328
373,"[256, 512, 512, 256]",Torque,0.001118,0.033439,0.026398,0.998840,0.138673,65.392738,39.316603,173.202372,0.003326,0.033273
39,"[64, 128, 64]",Fx,0.001529,0.039098,0.030082,0.998440,0.216971,14.911195,36.243459,200.250300,0.002591,0.039012
39,"[64, 128, 64]",Fy,0.043590,0.208782,0.151003,0.953233,1.257514,102.493095,221.430473,1274.865764,-0.005510,0.208709
39,"[64, 128, 64]",Fz,0.002831,0.053203,0.041264,0.997266,0.221462,23.803152,69.344581,348.623942,0.000917,0.053195
39,"[64, 128, 64]",Torque,0.001559,0.039488,0.031022,0.998383,0.149919,46.958321,43.381160,305.137303,0.012406,0.037488
36,"[64, 128, 64]",Fx,0.001870,0.043239,0.034247,0.998092,0.148015,16.242165,38.983323,222.055033,0.007731,0.042542
36,"[64, 128, 64]",Fy,0.042881,0.207078,0.151435,0.953993,1.138897,90.024467,243.832420,1214.642356,0.002567,0.207062
36,"[64, 128, 64]",Fz,0.003244,0.056960,0.043484,0.996866,0.266247,21.924767,63.387840,246.617802,-0.006271,0.056614
36,"[64, 128, 64]",Torque,0.001530,0.039116,0.030895,0.998413,0.151599,83.741112,46.327456,282.040752,-0.000514,0.039112
225,"[128, 256, 256, 128]",Fx,0.001795,0.042363,0.033126,0.998168,0.194724,12.841946,32.530227,173.419595,0.001330,0.042343
225,"[128, 256, 256, 128]",Fy,0.043389,0.208300,0.147950,0.953448,1.387155,114.002831,240.036583,1271.344327,0.000108,0.208300
225,"[128, 256, 256, 128]",Fz,0.002680,0.051773,0.040311,0.997411,0.261803,22.741764,73.713179,333.504005,0.004659,0.051563
225,"[128, 256, 256, 128]",Torque,0.001668,0.040841,0.033131,0.998270,0.148552,47.929569,39.035740,155.648997,0.008536,0.039939
85,"[128, 256, 128]",Fx,0.001702,0.041255,0.033212,0.998263,0.153236,14.773158,40.077749,166.593385,0.008932,0.040277
85,"[128, 256, 128]",Fy,0.043127,0.207670,0.151047,0.953730,1.187704,104.092972,215.660612,1175.099054,0.003889,0.207634
85,"[128, 256, 128]",Fz,0.003077,0.055473,0.042982,0.997028,0.197700,20.774652,66.497968,279.264440,0.003742,0.055346
85,"[128, 256, 128]",Torque,0.001627,0.040340,0.031954,0.998312,0.155804,35.409340,41.850710,241.868338,0.004238,0.040117
459,"[128, 256, 512, 256, 128]",Fx,0.001207,0.034741,0.026419,0.998768,0.226709,10.469766,25.847921,120.203316,-0.010626,0.033076
459,"[128, 256, 512, 256, 128]",Fy,0.045055,0.212262,0.151179,0.951661,1.554259,105.464516,225.499470,1351.519982,0.016247,0.211639
459,"[128, 256, 512, 256, 128]",Fz,0.002177,0.046657,0.034877,0.997898,0.250547,19.895115,58.767752,277.112745,-0.004064,0.046479
459,"[128, 256, 512, 256, 128]",Torque,0.001107,0.033277,0.024805,0.998851,0.250598,56.669075,31.889808,109.416128,-0.008751,0.032106
150,"[64, 128, 128, 64]",Fx,0.001557,0.039463,0.030766,0.998410,0.186631,11.641191,32.551003,157.058980,0.005437,0.039087
150,"[64, 128, 128, 64]",Fy,0.043527,0.208632,0.148626,0.953300,1.297551,96.281273,189.106276,1506.518325,0.000099,0.208632
150,"[64, 128, 128, 64]",Fz,0.002913,0.053968,0.040294,0.997187,0.268412,24.633268,62.108702,248.624620,-0.003594,0.053848
150,"[64, 128, 128, 64]",Torque,0.001565,0.039560,0.030543,0.998377,0.169772,101.693634,32.806861,169.527025,0.000715,0.039553
495,"[64, 128, 256, 256, 128]",Fx,0.000868,0.029459,0.022851,0.999114,0.121242,8.568572,22.881599,107.045341,-0.001548,0.029418
495,"[64, 128, 256, 256, 128]",Fy,0.045728,0.213841,0.153237,0.950939,1.545711,107.278366,233.977941,1473.857660,0.004364,0.213797
495,"[64, 128, 256, 256, 128]",Fz,0.002133,0.046186,0.033827,0.997940,0.228253,19.057392,53.818921,231.121052,-0.010657,0.044940
495,"[64, 128, 256, 256, 128]",Torque,0.000833,0.028868,0.021607,0.999136,0.135864,29.943502,29.732299,183.791903,-0.004981,0.028435
300,"[128, 256, 512, 256]",Fx,0.001005,0.031695,0.023849,0.998975,0.160209,8.338632,19.866670,93.555747,-0.008106,0.030641
300,"[128, 256, 512, 256]",Fy,0.045549,0.213421,0.150576,0.951131,1.710437,121.807098,236.578724,1522.044302,-0.004367,0.213377
300,"[128, 256, 512, 256]",Fz,0.002001,0.044735,0.034425,0.998067,0.214378,17.701981,53.534656,250.186620,0.004472,0.044511
300,"[128, 256, 512, 256]",Torque,0.001014,0.031848,0.024589,0.998948,0.178951,25.366152,28.049113,149.902537,-0.003210,0.031686
331,"[128, 256, 512, 256]",Fx,0.001283,0.035819,0.027663,0.998690,0.160828,11.388062,29.681569,119.489187,-0.003378,0.035659
331,"[128, 256, 512, 256]",Fy,0.044384,0.210675,0.148874,0.952381,1.420184,128.417572,246.867918,1379.141506,0.006842,0.210563
331,"[128, 256, 512, 256]",Fz,0.002440,0.049393,0.037724,0.997644,0.215187,22.697653,77.223056,289.495570,-0.012463,0.047795
331,"[128, 256, 512, 256]",Torque,0.001465,0.038281,0.029138,0.998480,0.186488,28.942171,37.237313,135.998100,-0.010802,0.036725
115,"[256, 512, 256]",Fx,0.002749,0.052427,0.041504,0.997194,0.219049,12.028166,32.901786,110.428883,-0.009320,0.051592
115,"[256, 512, 256]",Fy,0.042160,0.205329,0.146558,0.954767,1.448578,123.152016,226.939861,1122.823798,0.011525,0.205006
115,"[256, 512, 256]",Fz,0.002738,0.052324,0.039525,0.997356,0.253257,21.298479,58.746946,222.167097,-0.008586,0.051614
115,"[256, 512, 256]",Torque,0.001947,0.044120,0.034885,0.997981,0.172500,24.237104,37.962015,174.680452,-0.000802,0.044112
235,"[128, 256, 256, 128]",Fx,0.002280,0.047753,0.037563,0.997672,0.195643,14.456446,39.935862,184.642678,-0.007734,0.047122
235,"[128, 256, 256, 128]",Fy,0.041520,0.203764,0.148371,0.955454,1.327744,100.758682,228.145818,1619.046653,0.013606,0.203309
235,"[128, 256, 256, 128]",Fz,0.003327,0.057677,0.044362,0.996787,0.218039,26.321785,81.527911,460.991539,-0.010266,0.056756
235,"[128, 256, 256, 128]",Torque,0.002472,0.049722,0.037999,0.997436,0.211410,34.027832,45.248640,239.345985,-0.013293,0.047912
333,"[128, 256, 512, 256]",Fx,0.001601,0.040008,0.031548,0.998366,0.179839,10.423073,31.937993,143.165116,-0.004792,0.039720
333,"[128, 256, 512, 256]",Fy,0.043811,0.209311,0.150456,0.952996,1.558537,97.693314,218.976340,1128.818322,0.007982,0.209159
333,"[128, 256, 512, 256]",Fz,0.002523,0.050228,0.039213,0.997563,0.241763,21.910707,70.044366,290.562000,0.005408,0.049936
333,"[128, 256, 512, 256]",Torque,0.001666,0.040821,0.032760,0.998272,0.162165,42.190735,41.528428,187.136503,0.006472,0.040305
134,"[256, 512, 256]",Fx,0.001382,0.037172,0.029597,0.998590,0.128565,12.712759,32.063508,120.784829,0.001400,0.037146
134,"[256, 512, 256]",Fy,0.044053,0.209889,0.151835,0.952736,1.174359,98.882034,238.548206,1128.553712,0.025950,0.208278
134,"[256, 512, 256]",Fz,0.003015,0.054906,0.042502,0.997088,0.242007,23.501158,63.157675,277.678395,-0.003449,0.054798
134,"[256, 512, 256]",Torque,0.001167,0.034158,0.026977,0.998790,0.131162,24.652197,36.570855,170.934554,0.001159,0.034138
64,"[128, 256, 128]",Fx,0.001704,0.041277,0.031294,0.998261,0.191932,12.836908,34.940187,164.171116,-0.004811,0.040996
64,"[128, 256, 128]",Fy,0.043603,0.208814,0.150691,0.953218,1.298756,106.978691,207.352631,1174.228715,-0.012893,0.208416
64,"[128, 256, 128]",Fz,0.002933,0.054161,0.040845,0.997167,0.262900,18.626524,64.293681,246.655849,-0.011108,0.053009
64,"[128, 256, 128]",Torque,0.001387,0.037240,0.028629,0.998562,0.181434,51.326210,37.524431,231.521699,-0.003260,0.037098
366,"[256, 512, 512, 256]",Fx,0.000874,0.029556,0.022977,0.999108,0.110043,10.473238,24.581132,133.437986,-0.000218,0.029555
366,"[256, 512, 512, 256]",Fy,0.045785,0.213974,0.150961,0.950878,1.312311,99.654015,226.853556,1408.453743,-0.001041,0.213971
366,"[256, 512, 512, 256]",Fz,0.002020,0.044949,0.033839,0.998049,0.239751,14.752894,53.106371,175.449193,-0.006197,0.044520
366,"[256, 512, 512, 256]",Torque,0.000951,0.030841,0.023476,0.999013,0.150998,31.558382,32.418721,123.944455,-0.005274,0.030387
348,"[256, 512, 512, 256]",Fx,0.000843,0.029032,0.022812,0.999140,0.142916,8.498374,19.204039,77.884452,0.002271,0.028943
348,"[256, 512, 512, 256]",Fy,0.045881,0.214199,0.150068,0.950775,1.478328,122.209984,237.244730,1055.657147,0.000217,0.214199
348,"[256, 512, 512, 256]",Fz,0.001956,0.044230,0.032667,0.998111,0.209604,17.973917,54.766069,214.875374,-0.004734,0.043976
348,"[256, 512, 512, 256]",Torque,0.000954,0.030880,0.023844,0.999011,0.139182,11.558640,25.758069,104.842279,-0.001167,0.030858
239,"[128, 256, 256, 128]",Fx,0.001826,0.042734,0.032954,0.998136,0.225718,12.154454,34.311184,158.946034,-0.001901,0.042692
239,"[128, 256, 256, 128]",Fy,0.043332,0.208163,0.147899,0.953510,1.326893,95.582397,221.312395,1406.043182,0.002855,0.208143
239,"[128, 256, 256, 128]",Fz,0.002832,0.053220,0.040293,0.997264,0.282396,26.129337,64.793261,291.748524,0.000137,0.053220
239,"[128, 256, 256, 128]",Torque,0.001695,0.041167,0.032973,0.998242,0.200965,55.632423,42.819678,187.863078,0.008265,0.040329
13,"[64, 128, 64]",Fx,0.001946,0.044116,0.033693,0.998013,0.246794,15.776917,43.203342,179.509340,0.007731,0.043434
13,"[64, 128, 64]",Fy,0.042081,0.205138,0.148293,0.954851,1.258979,89.838654,216.177634,1043.643925,0.007480,0.205001
13,"[64, 128, 64]",Fz,0.003581,0.059840,0.045979,0.996542,0.253719,27.681356,85.639804,285.501651,-0.006011,0.059537
13,"[64, 128, 64]",Torque,0.002082,0.045632,0.035156,0.997840,0.186325,95.113556,61.599982,239.513077,0.002550,0.045560
287,"[64, 128, 256, 128]",Fx,0.001627,0.040334,0.032005,0.998339,0.159505,14.094721,42.262119,179.165762,0.012170,0.038454
287,"[64, 128, 256, 128]",Fy,0.043876,0.209466,0.147773,0.952926,1.461110,95.227005,234.818973,1234.436033,-0.012323,0.209103
287,"[64, 128, 256, 128]",Fz,0.002688,0.051847,0.040019,0.997404,0.223607,24.547802,86.783120,393.232792,0.011730,0.050503
287,"[64, 128, 256, 128]",Torque,0.001555,0.039438,0.031323,0.998387,0.164191,71.329659,43.754061,252.490108,0.008119,0.038593
127,"[256, 512, 256]",Fx,0.002280,0.047746,0.039228,0.997673,0.249784,12.008581,28.684201,126.531135,0.005827,0.047389
127,"[256, 512, 256]",Fy,0.042947,0.207238,0.148758,0.953922,1.601372,113.124916,209.313214,1111.548210,0.022191,0.206046
127,"[256, 512, 256]",Fz,0.002620,0.051188,0.039181,0.997469,0.209124,20.027687,68.361509,278.237688,-0.011853,0.049797
127,"[256, 512, 256]",Torque,0.001899,0.043580,0.034343,0.998030,0.248043,44.557331,38.139104,164.693965,-0.008663,0.042710
405,"[64, 128, 256, 128, 64]",Fx,0.002147,0.046341,0.033967,0.997808,0.212037,11.703999,30.802941,135.810435,-0.015340,0.043728
405,"[64, 128, 256, 128, 64]",Fy,0.043868,0.209447,0.148890,0.952934,1.186205,131.567291,225.613274,1340.188716,0.001764,0.209440
405,"[64, 128, 256, 128, 64]",Fz,0.002402,0.049007,0.036884,0.997680,0.264289,18.677780,50.818132,201.359841,-0.003046,0.048912
405,"[64, 128, 256, 128, 64]",Torque,0.001335,0.036533,0.027691,0.998616,0.186404,27.222952,34.764895,217.922546,-0.007587,0.035736
355,"[256, 512, 512, 256]",Fx,0.001911,0.043713,0.033058,0.998049,0.262069,12.378915,33.470052,129.437188,-0.012640,0.041845
355,"[256, 512, 512, 256]",Fy,0.042788,0.206853,0.145891,0.954093,1.637030,109.781281,209.662617,1076.586573,-0.010198,0.206601
355,"[256, 512, 512, 256]",Fz,0.003361,0.057976,0.043159,0.996754,0.295082,20.549864,64.877234,254.363456,-0.016641,0.055536
355,"[256, 512, 512, 256]",Torque,0.001697,0.041194,0.031016,0.998240,0.233692,56.621841,34.266707,179.303796,-0.010879,0.039732
517,"[64, 128, 256, 256, 128]",Fx,0.001613,0.040167,0.031750,0.998353,0.174600,14.693630,34.049724,166.022976,0.007098,0.039535
517,"[64, 128, 256, 256, 128]",Fy,0.042679,0.206588,0.147725,0.954211,1.223677,93.926910,229.605864,1361.675114,-0.008503,0.206413
517,"[64, 128, 256, 256, 128]",Fz,0.003585,0.059877,0.044971,0.996537,0.350609,22.836697,68.643748,325.808466,-0.002562,0.059822
517,"[64, 128, 256, 256, 128]",Torque,0.001880,0.043359,0.034108,0.998050,0.154332,48.186268,42.384127,199.308691,0.001398,0.043337
318,"[128, 256, 512, 256]",Fx,0.002072,0.045517,0.034896,0.997885,0.180878,13.217683,36.342912,174.373975,-0.017040,0.042207
318,"[128, 256, 512, 256]",Fy,0.043509,0.208589,0.147891,0.953319,1.652744,128.275635,223.204911,1534.988387,-0.006487,0.208488
318,"[128, 256, 512, 256]",Fz,0.002353,0.048507,0.036355,0.997727,0.249382,19.873705,54.415489,260.032891,-0.010258,0.047410
318,"[128, 256, 512, 256]",Torque,0.001855,0.043075,0.033212,0.998076,0.205103,26.614052,40.701877,334.500831,-0.012931,0.041088
312,"[128, 256, 512, 256]",Fx,0.001128,0.033582,0.025360,0.998849,0.148836,9.748311,24.344289,109.951175,-0.004605,0.033265
312,"[128, 256, 512, 256]",Fy,0.045006,0.212147,0.148459,0.951713,1.543140,100.996658,226.276236,1163.320940,-0.004250,0.212105
312,"[128, 256, 512, 256]",Fz,0.002513,0.050129,0.038590,0.997573,0.245322,21.433125,55.650973,265.071684,-0.000720,0.050124
312,"[128, 256, 512, 256]",Torque,0.001143,0.033810,0.026806,0.998814,0.136322,38.108795,30.855952,209.000191,0.006260,0.033226
293,"[128, 256, 512, 256]",Fx,0.001977,0.044460,0.034343,0.997982,0.192389,15.024669,31.339818,171.757979,-0.005522,0.044115
293,"[128, 256, 512, 256]",Fy,0.041547,0.203832,0.146136,0.955424,1.302356,103.429276,203.968298,1289.791292,-0.002533,0.203816
293,"[128, 256, 512, 256]",Fz,0.003911,0.062534,0.048208,0.996223,0.276148,23.688938,62.188142,277.963208,-0.013299,0.061103
293,"[128, 256, 512, 256]",Torque,0.002361,0.048585,0.037953,0.997552,0.202534,75.367699,35.556897,199.552070,-0.012654,0.046908
97,"[256, 512, 256]",Fx,0.001745,0.041770,0.031994,0.998219,0.184432,15.621479,37.121223,196.891988,-0.004140,0.041565
97,"[256, 512, 256]",Fy,0.043306,0.208102,0.147818,0.953537,1.499517,116.070999,233.582634,1390.181989,0.003474,0.208073
97,"[256, 512, 256]",Fz,0.002860,0.053475,0.041046,0.997238,0.235023,22.355049,72.711945,273.979240,-0.004677,0.053270
97,"[256, 512, 256]",Torque,0.001896,0.043548,0.033458,0.998033,0.172659,52.050461,39.452770,188.300300,0.000358,0.043546
222,"[128, 256, 256, 128]",Fx,0.001314,0.036254,0.029045,0.998658,0.162452,10.307851,24.945868,100.239205,0.001701,0.036214
222,"[128, 256, 256, 128]",Fy,0.045112,0.212395,0.152530,0.951600,1.421224,109.896439,228.621485,1392.829183,0.010325,0.212144
222,"[128, 256, 256, 128]",Fz,0.002209,0.046995,0.035847,0.997867,0.223541,23.736116,67.818172,259.979399,-0.000383,0.046993
222,"[128, 256, 256, 128]",Torque,0.001178,0.034318,0.027527,0.998778,0.159811,49.204971,29.450449,156.141912,0.004665,0.033999
380,"[256, 512, 512, 256]",Fx,0.001501,0.038738,0.030397,0.998468,0.192458,12.994150,31.107149,151.666315,0.003655,0.038565
380,"[256, 512, 512, 256]",Fy,0.043930,0.209595,0.150684,0.952868,1.515952,103.690216,237.050053,1625.114220,0.019723,0.208665
380,"[256, 512, 512, 256]",Fz,0.002958,0.054388,0.043019,0.997143,0.225237,20.871824,67.645662,216.103205,0.009286,0.053590
380,"[256, 512, 512, 256]",Torque,0.001424,0.037737,0.029688,0.998523,0.137263,49.048302,35.707105,209.952714,0.008784,0.036701
336,"[256, 512, 512, 256]",Fx,0.000717,0.026782,0.020503,0.999268,0.146793,9.469610,22.365379,90.120481,0.000382,0.026779
336,"[256, 512, 512, 256]",Fy,0.046352,0.215295,0.152009,0.950270,1.569621,101.635712,239.433572,1013.077951,0.004902,0.215239
336,"[256, 512, 512, 256]",Fz,0.002032,0.045081,0.032866,0.998037,0.257237,18.903347,53.319491,217.280903,-0.014734,0.042606
336,"[256, 512, 512, 256]",Torque,0.000717,0.026768,0.020909,0.999257,0.107991,31.243532,27.053153,148.175041,0.002159,0.026680
90,"[128, 256, 128]",Fx,0.001580,0.039753,0.031027,0.998387,0.173728,13.583368,35.566002,123.512194,-0.004792,0.039463
90,"[128, 256, 128]",Fy,0.044219,0.210284,0.150793,0.952558,1.185101,103.731010,234.008521,1315.920378,0.004222,0.210242
90,"[128, 256, 128]",Fz,0.002585,0.050845,0.039530,0.997503,0.220872,22.361513,64.123868,251.778910,0.003098,0.050750
90,"[128, 256, 128]",Torque,0.001450,0.038084,0.029965,0.998496,0.138366,24.514788,39.439287,181.719774,-0.000156,0.038083
47,"[64, 128, 64]",Fx,0.002077,0.045573,0.035671,0.997880,0.203307,19.492260,44.283306,207.084467,0.003126,0.045465
47,"[64, 128, 64]",Fy,0.042496,0.206146,0.147971,0.954406,1.445467,101.317223,217.489185,1406.048710,0.014006,0.205670
47,"[64, 128, 64]",Fz,0.003471,0.058911,0.045684,0.996648,0.236938,26.099068,75.921026,276.741837,-0.010575,0.057954
47,"[64, 128, 64]",Torque,0.001805,0.042483,0.034214,0.998128,0.182415,78.365883,55.203710,342.681487,0.013169,0.040390
30,"[64, 128, 64]",Fx,0.001803,0.042460,0.033672,0.998160,0.196488,13.918573,30.246138,161.600607,-0.000007,0.042460
30,"[64, 128, 64]",Fy,0.043330,0.208158,0.150691,0.953512,1.301857,123.335190,226.728145,1120.406927,0.011001,0.207867
30,"[64, 128, 64]",Fz,0.003060,0.055319,0.042523,0.997044,0.284551,20.785652,60.043461,322.250672,-0.000541,0.055316
30,"[64, 128, 64]",Torque,0.001688,0.041083,0.032561,0.998249,0.157497,43.923134,48.178861,187.729512,-0.002894,0.040981
49,"[128, 256, 128]",Fx,0.001752,0.041862,0.034134,0.998211,0.178837,14.787315,40.564859,192.103157,0.014625,0.039224
49,"[128, 256, 128]",Fy,0.043401,0.208328,0.150107,0.953436,1.541666,117.528122,211.356948,1059.275964,-0.001802,0.208321
49,"[128, 256, 128]",Fz,0.002932,0.054147,0.042406,0.997168,0.277267,23.276508,70.451199,282.684916,0.018846,0.050761
49,"[128, 256, 128]",Torque,0.001800,0.042432,0.034308,0.998133,0.195830,79.301277,47.070545,192.815497,0.014161,0.039999
112,"[256, 512, 256]",Fx,0.001647,0.040583,0.033017,0.998319,0.131202,11.431325,31.398297,117.704647,-0.003968,0.040388
112,"[256, 512, 256]",Fy,0.043840,0.209379,0.150238,0.952965,1.353817,139.223679,216.292228,1224.934805,0.010115,0.209134
112,"[256, 512, 256]",Fz,0.002838,0.053271,0.041095,0.997259,0.203964,20.183319,74.173196,315.522026,-0.011886,0.051928
112,"[256, 512, 256]",Torque,0.001565,0.039563,0.031212,0.998376,0.138335,34.787560,46.590261,198.192047,-0.008135,0.038718
406,"[64, 128, 256, 128, 64]",Fx,0.001956,0.044225,0.033980,0.998003,0.225155,12.606684,40.302637,136.226140,-0.004025,0.044041
406,"[64, 128, 256, 128, 64]",Fy,0.043260,0.207991,0.150423,0.953587,1.278478,103.555069,228.268368,1500.042026,0.002398,0.207977
406,"[64, 128, 256, 128, 64]",Fz,0.003117,0.055826,0.042153,0.996990,0.267688,23.085745,62.711242,322.395714,-0.003739,0.055700
406,"[64, 128, 256, 128, 64]",Torque,0.001558,0.039476,0.030401,0.998384,0.196207,46.615017,42.717691,237.619351,-0.000636,0.039470
25,"[64, 128, 64]",Fx,0.001537,0.039205,0.030997,0.998431,0.181108,15.633760,38.451364,186.528322,-0.001373,0.039181
25,"[64, 128, 64]",Fy,0.043306,0.208100,0.151451,0.953538,1.263198,111.190613,208.073291,1325.724666,0.001585,0.208094
25,"[64, 128, 64]",Fz,0.003348,0.057859,0.044565,0.996767,0.246690,28.812719,74.159694,326.902060,0.011194,0.056766
25,"[64, 128, 64]",Torque,0.001780,0.042194,0.033110,0.998153,0.202749,60.164875,48.169159,265.247320,-0.000752,0.042187
88,"[128, 256, 128]",Fx,0.001258,0.035474,0.027605,0.998715,0.133821,12.108835,38.384540,143.640388,-0.005233,0.035086
88,"[128, 256, 128]",Fy,0.044669,0.211350,0.152425,0.952075,1.187545,108.213432,229.835246,791.369830,0.004230,0.211308
88,"[128, 256, 128]",Fz,0.002751,0.052446,0.040934,0.997343,0.277612,23.841564,71.760638,280.852915,0.001703,0.052419
88,"[128, 256, 128]",Torque,0.001304,0.036116,0.028702,0.998647,0.137982,63.205513,45.542264,237.861711,0.002151,0.036051
89,"[128, 256, 128]",Fx,0.001650,0.040619,0.032801,0.998316,0.164456,11.935581,32.769728,163.518392,0.012081,0.038781
89,"[128, 256, 128]",Fy,0.043634,0.208887,0.149549,0.953186,1.192014,103.259178,238.436441,1185.406521,-0.012981,0.208484
89,"[128, 256, 128]",Fz,0.002878,0.053647,0.042429,0.997220,0.253158,23.395538,61.984275,292.011069,0.007858,0.053068
89,"[128, 256, 128]",Torque,0.001826,0.042733,0.034105,0.998106,0.199881,81.024841,47.893792,274.860413,0.009905,0.041569
480,"[64, 128, 256, 256, 128]",Fx,0.001496,0.038680,0.029070,0.998473,0.195000,11.388775,30.933401,146.697124,-0.014247,0.035961
480,"[64, 128, 256, 256, 128]",Fy,0.045081,0.212323,0.148915,0.951633,1.782168,111.351646,224.771088,1497.660598,0.010820,0.212047
480,"[64, 128, 256, 256, 128]",Fz,0.002371,0.048698,0.037065,0.997710,0.213142,18.767677,50.876670,262.956616,0.003687,0.048558
480,"[64, 128, 256, 256, 128]",Torque,0.001042,0.032288,0.025484,0.998919,0.133490,53.930843,31.364796,227.615311,0.002972,0.032151
447,"[128, 256, 512, 256, 128]",Fx,0.000881,0.029684,0.022454,0.999101,0.191628,10.126989,24.342413,117.600727,-0.006260,0.029016
447,"[128, 256, 512, 256, 128]",Fy,0.046474,0.215578,0.152759,0.950139,1.545128,119.346527,212.502898,1327.435475,0.002326,0.215566
447,"[128, 256, 512, 256, 128]",Fz,0.001860,0.043130,0.031782,0.998203,0.229461,18.240522,51.337840,229.175210,-0.005513,0.042776
447,"[128, 256, 512, 256, 128]",Torque,0.000783,0.027983,0.020913,0.999188,0.175396,17.306707,25.034704,105.787515,-0.003433,0.027771
207,"[128, 256, 256, 128]",Fx,0.001571,0.039639,0.031304,0.998396,0.147664,11.513967,31.940675,122.081169,0.004440,0.039389
207,"[128, 256, 256, 128]",Fy,0.044226,0.210299,0.149037,0.952551,1.405638,124.054642,220.736966,936.963009,-0.013558,0.209862
207,"[128, 256, 256, 128]",Fz,0.002676,0.051732,0.039990,0.997415,0.237010,17.585819,63.959729,179.452220,0.006871,0.051274
207,"[128, 256, 256, 128]",Torque,0.001528,0.039086,0.031145,0.998415,0.155422,40.534260,41.105237,168.709237,0.013725,0.036597
363,"[256, 512, 512, 256]",Fx,0.001030,0.032096,0.024747,0.998948,0.139491,11.545178,24.702277,91.909737,-0.003545,0.031900
363,"[256, 512, 512, 256]",Fy,0.045154,0.212495,0.150379,0.951555,1.695039,126.175888,242.314611,1250.645027,-0.007769,0.212353
363,"[256, 512, 512, 256]",Fz,0.002523,0.050230,0.037943,0.997563,0.232673,19.732763,59.134814,274.104100,-0.006318,0.049831
363,"[256, 512, 512, 256]",Torque,0.001305,0.036119,0.028362,0.998647,0.146562,17.122725,33.020916,158.855873,-0.003787,0.035920
137,"[256, 512, 256]",Fx,0.001290,0.035911,0.028394,0.998684,0.173023,13.022474,36.478810,133.822760,0.008573,0.034873
137,"[256, 512, 256]",Fy,0.044729,0.211491,0.150352,0.952011,1.447852,108.398361,223.771274,1076.564669,0.001169,0.211488
137,"[256, 512, 256]",Fz,0.002477,0.049765,0.039079,0.997608,0.219825,23.392347,57.571597,250.425931,0.013774,0.047821
137,"[256, 512, 256]",Torque,0.001530,0.039118,0.031461,0.998413,0.172585,53.610317,40.819323,195.072257,0.018112,0.034672
265,"[64, 128, 256, 128]",Fx,0.002492,0.049918,0.039233,0.997456,0.233531,16.253296,41.431490,204.718963,0.017511,0.046746
265,"[64, 128, 256, 128]",Fy,0.041617,0.204003,0.147344,0.955349,1.296968,93.784904,205.599529,1095.758336,0.006250,0.203907
265,"[64, 128, 256, 128]",Fz,0.003803,0.061669,0.047221,0.996327,0.263925,25.902805,75.304006,308.650114,-0.006728,0.061300
265,"[64, 128, 256, 128]",Torque,0.002114,0.045977,0.036772,0.997808,0.199639,25.253090,40.319862,238.664111,0.014817,0.043524
19,"[64, 128, 64]",Fx,0.001827,0.042747,0.033925,0.998135,0.165417,12.625769,35.155885,151.806119,-0.001099,0.042733
19,"[64, 128, 64]",Fy,0.042973,0.207298,0.148842,0.953895,1.363076,93.398163,210.559493,1177.049728,0.005549,0.207224
19,"[64, 128, 64]",Fz,0.003600,0.059999,0.046552,0.996523,0.283553,24.486219,62.685522,251.442513,-0.003856,0.059875
19,"[64, 128, 64]",Torque,0.001664,0.040792,0.032120,0.998274,0.159723,38.350109,42.825187,200.192866,-0.004266,0.040568
477,"[128, 256, 512, 256, 128]",Fx,0.001342,0.036633,0.028303,0.998630,0.167047,10.586652,28.824462,135.032012,-0.007775,0.035799
477,"[128, 256, 512, 256, 128]",Fy,0.045069,0.212295,0.150344,0.951646,1.485899,103.697746,210.593913,1380.406897,0.005444,0.212225
477,"[128, 256, 512, 256, 128]",Fz,0.002277,0.047713,0.035457,0.997801,0.267278,22.675993,56.269771,237.856897,-0.008377,0.046972
477,"[128, 256, 512, 256, 128]",Torque,0.001401,0.037435,0.029018,0.998546,0.141624,20.665213,35.610078,198.319604,-0.011891,0.035496
349,"[256, 512, 512, 256]",Fx,0.001555,0.039435,0.030629,0.998412,0.205840,12.042001,29.023252,125.789249,-0.007261,0.038761
349,"[256, 512, 512, 256]",Fy,0.043425,0.208386,0.150284,0.953410,1.323322,123.585831,211.392987,1111.129851,0.002135,0.208375
349,"[256, 512, 512, 256]",Fz,0.003294,0.057390,0.043404,0.996819,0.250856,24.419233,69.353950,317.842236,-0.017048,0.054800
349,"[256, 512, 512, 256]",Torque,0.001817,0.042628,0.032100,0.998115,0.235517,86.181786,33.821974,150.894140,-0.009180,0.041627
110,"[256, 512, 256]",Fx,0.002178,0.046667,0.036544,0.997777,0.191462,13.223887,40.428663,139.979289,-0.002681,0.046590
110,"[256, 512, 256]",Fy,0.042237,0.205516,0.149799,0.954685,1.486400,95.973061,221.683845,1026.422122,-0.004193,0.205473
110,"[256, 512, 256]",Fz,0.003490,0.059072,0.046057,0.996630,0.248718,27.862200,74.860141,296.613266,-0.000936,0.059065
110,"[256, 512, 256]",Torque,0.002219,0.047106,0.037273,0.997698,0.162009,63.227024,46.670912,287.505255,-0.007397,0.046522
399,"[64, 128, 256, 128, 64]",Fx,0.001294,0.035971,0.027753,0.998679,0.196142,12.350339,33.157026,104.331236,-0.001329,0.035947
399,"[64, 128, 256, 128, 64]",Fy,0.044848,0.211775,0.150229,0.951883,1.522404,101.199196,226.903142,1305.673716,0.006928,0.211661
399,"[64, 128, 256, 128, 64]",Fz,0.002635,0.051334,0.037921,0.997455,0.233647,19.508104,55.707758,289.441933,-0.013537,0.049517
399,"[64, 128, 256, 128, 64]",Torque,0.001379,0.037134,0.028252,0.998570,0.195220,16.789421,33.760435,176.792066,-0.009924,0.035784
240,"[64, 128, 256, 128]",Fx,0.001145,0.033842,0.027059,0.998831,0.191477,9.949712,31.214292,104.453401,0.006788,0.033154
240,"[64, 128, 256, 128]",Fy,0.045441,0.213168,0.153229,0.951247,1.406682,137.609695,230.929340,1329.586527,-0.014799,0.212654
240,"[64, 128, 256, 128]",Fz,0.002553,0.050523,0.039312,0.997535,0.250022,21.155445,61.105387,216.565253,-0.000736,0.050518
240,"[64, 128, 256, 128]",Torque,0.001023,0.031984,0.025232,0.998939,0.145522,39.398106,31.821562,191.795365,0.002149,0.031912
309,"[128, 256, 512, 256]",Fx,0.001977,0.044466,0.034346,0.997982,0.240614,11.624406,31.664834,147.281769,-0.002771,0.044380
309,"[128, 256, 512, 256]",Fy,0.044229,0.210307,0.150543,0.952547,1.455665,115.878426,230.507816,1469.843208,0.010135,0.210062
309,"[128, 256, 512, 256]",Fz,0.002606,0.051051,0.039578,0.997483,0.228562,20.297947,69.598245,275.558194,0.006525,0.050632
309,"[128, 256, 512, 256]",Torque,0.001350,0.036745,0.028280,0.998600,0.206339,24.524311,32.774574,183.081982,-0.002708,0.036645
14,"[64, 128, 64]",Fx,0.002435,0.049345,0.037775,0.997514,0.275129,17.939558,40.718799,203.454465,-0.010618,0.048189
14,"[64, 128, 64]",Fy,0.041959,0.204839,0.147319,0.954983,1.245085,104.873734,203.811630,1293.565656,0.007511,0.204701
14,"[64, 128, 64]",Fz,0.003599,0.059990,0.045977,0.996524,0.260335,23.256767,71.501096,360.114581,-0.007837,0.059476
14,"[64, 128, 64]",Torque,0.002174,0.046623,0.036811,0.997745,0.225364,39.273155,54.696221,248.963097,0.001127,0.046610
67,"[128, 256, 128]",Fx,0.002285,0.047800,0.039246,0.997668,0.163388,12.028298,30.373933,133.753563,0.016293,0.044938
67,"[128, 256, 128]",Fy,0.042201,0.205429,0.148515,0.954723,1.420674,111.950096,207.957561,985.810908,0.009383,0.205214
67,"[128, 256, 128]",Fz,0.003549,0.059571,0.045905,0.996573,0.243199,20.632072,67.680486,264.634208,-0.002356,0.059524
67,"[128, 256, 128]",Torque,0.002138,0.046238,0.038306,0.997783,0.183564,29.650293,36.028418,165.455253,0.012011,0.044651
528,"[128, 256, 256, 128, 64]",Fx,0.000996,0.031556,0.023888,0.998984,0.180294,10.420181,26.415510,149.924828,-0.005462,0.031079
528,"[128, 256, 256, 128, 64]",Fy,0.046074,0.214649,0.151554,0.950568,1.729321,88.158943,234.971030,1100.897769,0.000784,0.214647
528,"[128, 256, 256, 128, 64]",Fz,0.002157,0.046447,0.035047,0.997916,0.203464,19.362095,51.818519,189.631121,-0.005488,0.046122
528,"[128, 256, 256, 128, 64]",Torque,0.000964,0.031044,0.023803,0.999000,0.157625,28.097086,34.374142,152.766568,-0.001859,0.030988
109,"[256, 512, 256]",Fx,0.001417,0.037643,0.029138,0.998554,0.159587,13.064486,36.113704,121.253666,-0.001818,0.037599
109,"[256, 512, 256]",Fy,0.043746,0.209156,0.151525,0.953065,1.352469,117.516632,212.320186,1537.738683,0.004255,0.209113
109,"[256, 512, 256]",Fz,0.003392,0.058241,0.045086,0.996724,0.229697,25.235628,84.536602,361.665148,0.009621,0.057441
109,"[256, 512, 256]",Torque,0.001645,0.040554,0.031651,0.998294,0.174793,60.782269,44.433871,185.645368,0.012030,0.038728
523,"[64, 128, 256, 256, 128]",Fx,0.001773,0.042104,0.033249,0.998190,0.184442,13.171696,33.688237,185.826277,-0.000255,0.042103
523,"[64, 128, 256, 256, 128]",Fy,0.043408,0.208345,0.149673,0.953428,1.261367,103.141121,220.564703,1414.477151,0.017254,0.207629
523,"[64, 128, 256, 256, 128]",Fz,0.003291,0.057367,0.043691,0.996821,0.231151,23.028515,71.556874,321.517124,-0.008353,0.056756
523,"[64, 128, 256, 256, 128]",Torque,0.001758,0.041923,0.033424,0.998177,0.133773,76.148285,47.755308,236.940178,0.009328,0.040872
304,"[128, 256, 512, 256]",Fx,0.001903,0.043623,0.033484,0.998057,0.196804,11.097631,28.148671,106.015228,-0.006869,0.043078
304,"[128, 256, 512, 256]",Fy,0.043840,0.209381,0.148683,0.952964,1.864215,118.064095,208.747939,1112.448333,0.007418,0.209249
304,"[128, 256, 512, 256]",Fz,0.003021,0.054964,0.041636,0.997082,0.323906,23.352198,62.213495,294.937246,-0.003212,0.054870
304,"[128, 256, 512, 256]",Torque,0.001467,0.038301,0.031514,0.998478,0.160412,44.535545,38.228855,227.703096,0.009373,0.037136
342,"[256, 512, 512, 256]",Fx,0.001610,0.040121,0.031392,0.998357,0.157871,12.333850,34.985960,103.149885,-0.002450,0.040046
342,"[256, 512, 512, 256]",Fy,0.044460,0.210855,0.151933,0.952300,1.441311,142.673416,229.065285,1197.688796,-0.004433,0.210808
342,"[256, 512, 512, 256]",Fz,0.002752,0.052461,0.039501,0.997342,0.262169,23.841225,64.003842,275.229814,-0.013840,0.050602
342,"[256, 512, 512, 256]",Torque,0.001420,0.037688,0.029341,0.998527,0.141673,64.060860,39.080032,247.541613,-0.005800,0.037239
29,"[64, 128, 64]",Fx,0.001773,0.042111,0.033438,0.998190,0.166038,13.663828,47.328294,154.105822,0.001816,0.042072
29,"[64, 128, 64]",Fy,0.043002,0.207369,0.149668,0.953864,1.493268,95.685287,219.147768,1472.135686,0.000075,0.207369
29,"[64, 128, 64]",Fz,0.003595,0.059956,0.045984,0.996528,0.256545,22.001322,62.600315,299.735083,-0.008600,0.059336
29,"[64, 128, 64]",Torque,0.001878,0.043339,0.033772,0.998052,0.167533,104.409180,49.575616,252.944320,0.007363,0.042709
314,"[128, 256, 512, 256]",Fx,0.002240,0.047329,0.038543,0.997713,0.175317,13.678026,36.403238,164.909288,0.004118,0.047150
314,"[128, 256, 512, 256]",Fy,0.042760,0.206786,0.148165,0.954123,1.499146,95.832001,209.424751,887.089114,-0.018563,0.205951
314,"[128, 256, 512, 256]",Fz,0.002895,0.053803,0.041418,0.997204,0.292630,22.278011,75.128902,276.285506,-0.005403,0.053531
314,"[128, 256, 512, 256]",Torque,0.002358,0.048560,0.039502,0.997554,0.154024,66.941963,41.630688,209.065944,0.013255,0.046716
278,"[64, 128, 256, 128]",Fx,0.001865,0.043182,0.033447,0.998097,0.212398,16.863646,41.638277,223.123131,-0.007347,0.042552
278,"[64, 128, 256, 128]",Fy,0.042897,0.207116,0.149868,0.953976,1.203660,108.862312,218.853300,1525.374746,-0.007301,0.206987
278,"[64, 128, 256, 128]",Fz,0.003701,0.060839,0.045787,0.996425,0.237024,26.102365,78.592737,383.919593,-0.020919,0.057129
278,"[64, 128, 256, 128]",Torque,0.001795,0.042368,0.033679,0.998138,0.162326,91.853256,57.231554,254.478913,-0.008545,0.041497
252,"[64, 128, 256, 128]",Fx,0.001567,0.039581,0.031708,0.998401,0.234115,13.667949,36.732606,137.939704,0.007035,0.038951
252,"[64, 128, 256, 128]",Fy,0.044778,0.211609,0.150205,0.951958,1.358552,124.659225,229.556401,1094.946139,0.016000,0.211003
252,"[64, 128, 256, 128]",Fz,0.002484,0.049844,0.038233,0.997600,0.205020,21.219593,69.510130,279.842382,-0.010602,0.048703
252,"[64, 128, 256, 128]",Torque,0.001453,0.038118,0.029133,0.998493,0.183765,37.771500,36.287225,166.398678,-0.002552,0.038032
303,"[128, 256, 512, 256]",Fx,0.000850,0.029154,0.022024,0.999132,0.221262,10.207124,22.916255,147.920573,-0.003945,0.028886
303,"[128, 256, 512, 256]",Fy,0.046810,0.216357,0.152154,0.949778,1.799840,121.529907,220.048856,1416.957426,-0.020538,0.215380
303,"[128, 256, 512, 256]",Fz,0.001846,0.042968,0.032374,0.998217,0.215904,18.482077,48.677679,237.972845,-0.001364,0.042947
303,"[128, 256, 512, 256]",Torque,0.000783,0.027983,0.021468,0.999188,0.190580,33.549725,27.639592,160.767120,0.000089,0.027983
438,"[128, 256, 512, 256, 128]",Fx,0.001896,0.043539,0.033111,0.998065,0.178036,11.946982,35.252497,148.891443,-0.003350,0.043410
438,"[128, 256, 512, 256, 128]",Fy,0.043605,0.208818,0.152481,0.953217,1.215998,98.398102,204.170293,1232.638408,0.014370,0.208323
438,"[128, 256, 512, 256, 128]",Fz,0.003371,0.058056,0.044086,0.996745,0.256846,25.567768,60.073311,319.737464,-0.002373,0.058008
438,"[128, 256, 512, 256, 128]",Torque,0.001425,0.037743,0.029314,0.998522,0.163244,25.094597,37.225462,176.148815,-0.007121,0.037065
294,"[128, 256, 512, 256]",Fx,0.001546,0.039314,0.030861,0.998422,0.142984,12.165091,37.766232,160.683277,0.000413,0.039312
294,"[128, 256, 512, 256]",Fy,0.044385,0.210678,0.153035,0.952379,1.445205,85.885040,207.643865,1003.901482,-0.003468,0.210650
294,"[128, 256, 512, 256]",Fz,0.002900,0.053853,0.041849,0.997199,0.246889,25.060770,71.745559,257.612288,0.004221,0.053687
294,"[128, 256, 512, 256]",Torque,0.001473,0.038374,0.030653,0.998473,0.143655,79.393623,39.829736,272.809249,0.010634,0.036871
79,"[128, 256, 128]",Fx,0.002053,0.045307,0.036894,0.997905,0.180282,12.224770,31.601322,134.507755,0.011594,0.043798
79,"[128, 256, 128]",Fy,0.042678,0.206586,0.147676,0.954211,1.364003,128.621185,232.582495,1236.447566,0.015908,0.205973
79,"[128, 256, 128]",Fz,0.003187,0.056457,0.044704,0.996921,0.246199,24.809019,60.671526,316.161979,0.005258,0.056212
79,"[128, 256, 128]",Torque,0.002395,0.048940,0.039693,0.997516,0.179258,99.246964,38.189975,195.963659,0.010197,0.047866
360,"[256, 512, 512, 256]",Fx,0.001503,0.038764,0.031425,0.998466,0.124163,14.940356,29.994370,130.017664,-0.000602,0.038760
360,"[256, 512, 512, 256]",Fy,0.044763,0.211573,0.150457,0.951974,1.204159,122.410652,221.738968,1384.569641,-0.005404,0.211504
360,"[256, 512, 512, 256]",Fz,0.002571,0.050706,0.039579,0.997517,0.238811,22.080151,62.173901,295.203551,0.014684,0.048533
360,"[256, 512, 512, 256]",Torque,0.001484,0.038524,0.031253,0.998461,0.148802,61.554020,35.530544,201.488489,0.008995,0.037459
377,"[256, 512, 512, 256]",Fx,0.001549,0.039360,0.030559,0.998419,0.215542,10.546152,26.032747,108.383164,-0.004869,0.039057
377,"[256, 512, 512, 256]",Fy,0.044709,0.211444,0.150667,0.952033,1.520669,94.186218,237.019514,1099.912241,0.010935,0.211161
377,"[256, 512, 512, 256]",Fz,0.002509,0.050086,0.037911,0.997577,0.252816,23.658848,67.353847,262.144852,-0.005083,0.049828
377,"[256, 512, 512, 256]",Torque,0.001578,0.039729,0.031379,0.998363,0.196446,46.137032,32.834617,133.993178,0.003573,0.039568
100,"[256, 512, 256]",Fx,0.002720,0.052156,0.041112,0.997223,0.194428,17.357988,37.586025,202.832064,-0.022651,0.046981
100,"[256, 512, 256]",Fy,0.042472,0.206088,0.148829,0.954432,1.610133,111.880913,204.380861,1156.141938,0.004334,0.206043
100,"[256, 512, 256]",Fz,0.003281,0.057276,0.044056,0.996832,0.250205,24.512085,76.603816,262.834557,-0.010341,0.056335
100,"[256, 512, 256]",Torque,0.001899,0.043575,0.034942,0.998031,0.169894,51.371502,40.857899,245.132863,-0.002566,0.043499
120,"[256, 512, 256]",Fx,0.000906,0.030098,0.024009,0.999075,0.113160,10.371107,28.058499,108.810237,0.010961,0.028031
120,"[256, 512, 256]",Fy,0.046351,0.215293,0.153918,0.950270,1.210833,112.806664,266.621269,1272.380734,0.000906,0.215291
120,"[256, 512, 256]",Fz,0.002077,0.045578,0.034603,0.997994,0.204693,18.114456,54.218484,204.122969,0.009439,0.044590
120,"[256, 512, 256]",Torque,0.001054,0.032461,0.025503,0.998907,0.117331,42.423420,34.991719,96.779880,0.015985,0.028253
316,"[128, 256, 512, 256]",Fx,0.001432,0.037839,0.029435,0.998538,0.213150,12.217163,33.144918,179.794480,0.001104,0.037823
316,"[128, 256, 512, 256]",Fy,0.044084,0.209962,0.148892,0.952703,1.383873,116.211838,213.473234,1235.445641,-0.000145,0.209962
316,"[128, 256, 512, 256]",Fz,0.003152,0.056141,0.041393,0.996956,0.286393,19.027241,62.179365,273.986007,-0.020374,0.052313
316,"[128, 256, 512, 256]",Torque,0.001723,0.041511,0.030535,0.998213,0.196034,26.140766,34.945086,160.158602,-0.010770,0.040089
229,"[128, 256, 256, 128]",Fx,0.001663,0.040777,0.032486,0.998303,0.161861,15.977676,35.399812,147.777586,0.001029,0.040764
229,"[128, 256, 256, 128]",Fy,0.044340,0.210570,0.153439,0.952428,1.284904,112.920616,242.408126,1358.731475,0.018858,0.209724
229,"[128, 256, 256, 128]",Fz,0.002879,0.053659,0.041273,0.997219,0.254490,18.789742,72.084204,270.871221,0.000298,0.053658
229,"[128, 256, 256, 128]",Torque,0.001528,0.039086,0.030984,0.998415,0.140259,122.499306,47.081700,238.860202,0.001866,0.039041
219,"[128, 256, 256, 128]",Fx,0.001367,0.036971,0.029393,0.998605,0.157836,11.054764,27.882640,102.861974,0.001035,0.036956
219,"[128, 256, 256, 128]",Fy,0.045617,0.213580,0.153198,0.951059,1.545690,102.923264,249.159985,1233.587754,-0.004160,0.213540
219,"[128, 256, 256, 128]",Fz,0.002208,0.046992,0.036366,0.997867,0.194149,23.081491,57.490553,244.217532,0.005875,0.046623
219,"[128, 256, 256, 128]",Torque,0.001238,0.035191,0.027633,0.998715,0.158077,22.470673,33.697688,202.897868,0.001431,0.035162
98,"[256, 512, 256]",Fx,0.002659,0.051563,0.038894,0.997286,0.239476,12.055561,33.113900,97.626729,-0.013922,0.049648
98,"[256, 512, 256]",Fy,0.043018,0.207408,0.147476,0.953846,1.281317,108.920357,228.324870,1215.154609,-0.010492,0.207143
98,"[256, 512, 256]",Fz,0.002968,0.054477,0.042713,0.997134,0.241357,24.261345,77.097985,287.664371,-0.007182,0.054001
98,"[256, 512, 256]",Torque,0.001799,0.042414,0.033161,0.998134,0.191056,46.561996,35.379099,171.956649,-0.002869,0.042316
492,"[64, 128, 256, 256, 128]",Fx,0.001307,0.036152,0.029215,0.998666,0.121008,11.985913,32.820921,151.242812,0.005165,0.035782
492,"[64, 128, 256, 256, 128]",Fy,0.045462,0.213217,0.152023,0.951225,1.306974,119.316025,238.509473,1082.706592,-0.006065,0.213131
492,"[64, 128, 256, 256, 128]",Fz,0.002302,0.047984,0.036511,0.997776,0.190344,22.413975,54.854489,268.913088,-0.003477,0.047858
492,"[64, 128, 256, 256, 128]",Torque,0.001373,0.037057,0.029074,0.998576,0.159362,31.376936,40.280269,234.497237,0.009894,0.035711
232,"[128, 256, 256, 128]",Fx,0.001786,0.042264,0.032559,0.998177,0.198747,12.631565,31.216509,146.261221,-0.004398,0.042035
232,"[128, 256, 256, 128]",Fy,0.043590,0.208782,0.150779,0.953233,1.447120,88.788353,239.293228,1040.700167,-0.010299,0.208528
232,"[128, 256, 256, 128]",Fz,0.003356,0.057928,0.045965,0.996759,0.276969,24.752439,68.190532,375.909518,0.013361,0.056366
232,"[128, 256, 256, 128]",Torque,0.001715,0.041413,0.032710,0.998221,0.188506,60.808365,42.080428,229.702792,-0.004257,0.041194
527,"[64, 128, 256, 256, 128]",Fx,0.002079,0.045601,0.035514,0.997877,0.200955,14.173243,36.890976,183.341422,-0.003222,0.045487
527,"[64, 128, 256, 256, 128]",Fy,0.044127,0.210065,0.148977,0.952656,1.715464,87.407898,238.231926,1363.957390,0.012849,0.209671
527,"[64, 128, 256, 256, 128]",Fz,0.002708,0.052038,0.040203,0.997385,0.322853,24.117464,73.104727,310.713367,0.001784,0.052008
527,"[64, 128, 256, 256, 128]",Torque,0.001534,0.039172,0.030605,0.998408,0.145111,125.289520,42.213026,227.406932,0.005527,0.038780
179,"[64, 128, 128, 64]",Fx,0.002809,0.053001,0.041965,0.997132,0.202071,17.021130,48.460115,200.971706,-0.000150,0.053001
179,"[64, 128, 128, 64]",Fy,0.041748,0.204324,0.145508,0.955209,1.171299,113.981987,201.523884,1306.741256,-0.004397,0.204277
179,"[64, 128, 128, 64]",Fz,0.003489,0.059069,0.046401,0.996630,0.217944,23.793125,71.449454,231.870209,0.017541,0.056404
179,"[64, 128, 128, 64]",Torque,0.002433,0.049322,0.039714,0.997477,0.184153,74.079353,64.051995,323.308734,0.012358,0.047748
26,"[64, 128, 64]",Fx,0.001814,0.042587,0.033702,0.998149,0.161650,18.479998,43.626709,194.743327,0.009472,0.041520
26,"[64, 128, 64]",Fy,0.043372,0.208259,0.151009,0.953467,1.302796,95.377411,244.119685,940.315610,-0.013596,0.207815
26,"[64, 128, 64]",Fz,0.003355,0.057927,0.045628,0.996759,0.246682,25.714188,74.078993,288.091430,0.005743,0.057641
26,"[64, 128, 64]",Torque,0.001944,0.044088,0.034629,0.997984,0.211300,101.562370,54.198112,264.484957,0.005701,0.043717
462,"[128, 256, 512, 256, 128]",Fx,0.001192,0.034527,0.025576,0.998783,0.184202,9.261893,28.247625,128.102780,-0.007810,0.033632
462,"[128, 256, 512, 256, 128]",Fy,0.046081,0.214666,0.149989,0.950560,1.589827,102.976349,214.185363,1062.670204,0.009760,0.214444
462,"[128, 256, 512, 256, 128]",Fz,0.002078,0.045589,0.033970,0.997993,0.218696,21.544281,55.708364,259.797032,-0.006839,0.045073
462,"[128, 256, 512, 256, 128]",Torque,0.001148,0.033886,0.025235,0.998809,0.159763,39.955925,36.118685,197.016640,-0.012152,0.031632
174,"[64, 128, 128, 64]",Fx,0.001522,0.039019,0.029477,0.998446,0.197095,13.188452,33.175258,154.839373,-0.006728,0.038435
174,"[64, 128, 128, 64]",Fy,0.044777,0.211607,0.150895,0.951959,1.344445,106.702744,235.902338,1606.959694,0.013913,0.211149
174,"[64, 128, 128, 64]",Fz,0.002690,0.051863,0.039776,0.997402,0.256607,20.563818,57.669007,234.322822,-0.001071,0.051852
174,"[64, 128, 128, 64]",Torque,0.001522,0.039006,0.029645,0.998422,0.150404,31.189144,34.396656,179.154901,-0.000920,0.038996
478,"[128, 256, 512, 256, 128]",Fx,0.001639,0.040485,0.031583,0.998327,0.203561,12.593616,30.679640,105.316734,0.005899,0.040053
478,"[128, 256, 512, 256, 128]",Fy,0.045029,0.212201,0.151229,0.951689,1.377875,98.676277,231.903202,1081.129459,-0.007755,0.212059
478,"[128, 256, 512, 256, 128]",Fz,0.002177,0.046660,0.035543,0.997897,0.212945,21.053957,60.669498,253.499556,-0.001487,0.046636
478,"[128, 256, 512, 256, 128]",Torque,0.001669,0.040854,0.030362,0.998269,0.175818,56.406303,42.480783,214.980920,-0.008992,0.039852
216,"[128, 256, 256, 128]",Fx,0.001489,0.038588,0.030903,0.998480,0.157298,13.435220,33.547331,165.417913,0.008027,0.037744
216,"[128, 256, 256, 128]",Fy,0.044706,0.211439,0.148469,0.952035,1.447919,103.371292,223.843964,928.849509,-0.005381,0.211371
216,"[128, 256, 256, 128]",Fz,0.002887,0.053728,0.041339,0.997212,0.220887,21.500683,64.395235,226.218268,-0.001124,0.053716
216,"[128, 256, 256, 128]",Torque,0.001445,0.038014,0.028955,0.998501,0.171261,18.543619,37.337030,152.099051,-0.003900,0.037813
402,"[64, 128, 256, 128, 64]",Fx,0.001496,0.038675,0.030713,0.998473,0.161067,13.525294,40.805238,151.905189,0.005331,0.038306
402,"[64, 128, 256, 128, 64]",Fy,0.044054,0.209892,0.152748,0.952735,1.304016,113.055664,218.287811,1265.666381,-0.018151,0.209105
402,"[64, 128, 256, 128, 64]",Fz,0.003114,0.055800,0.043019,0.996993,0.247106,25.213226,71.817526,310.806606,0.007645,0.055274
402,"[64, 128, 256, 128, 64]",Torque,0.001873,0.043273,0.033338,0.998058,0.178699,35.104355,43.025047,164.326531,0.001920,0.043230
138,"[256, 512, 256]",Fx,0.001073,0.032750,0.025503,0.998905,0.122066,10.561889,30.707179,130.648742,-0.005557,0.032275
138,"[256, 512, 256]",Fy,0.046277,0.215121,0.152477,0.950350,1.240050,116.419029,238.891505,1115.799052,0.014763,0.214614
138,"[256, 512, 256]",Fz,0.002175,0.046641,0.035596,0.997899,0.214560,22.065693,57.801405,246.959472,-0.008926,0.045779
138,"[256, 512, 256]",Torque,0.001013,0.031829,0.025072,0.998949,0.134884,52.594212,38.125149,257.922940,-0.008939,0.030548
20,"[64, 128, 64]",Fx,0.002618,0.051166,0.041678,0.997328,0.172690,13.520177,36.299650,160.210941,0.007376,0.050632
20,"[64, 128, 64]",Fy,0.041310,0.203248,0.145417,0.955679,1.243669,100.727692,199.722424,1386.451631,-0.001655,0.203242
20,"[64, 128, 64]",Fz,0.003678,0.060647,0.046745,0.996448,0.286977,27.141775,76.568627,265.320984,-0.001848,0.060619
20,"[64, 128, 64]",Torque,0.002935,0.054176,0.043846,0.996956,0.184602,81.708656,50.525729,260.281455,0.006198,0.053820
508,"[64, 128, 256, 256, 128]",Fx,0.002127,0.046119,0.035489,0.997829,0.228607,12.291588,32.616234,165.425646,-0.005809,0.045752
508,"[64, 128, 256, 256, 128]",Fy,0.043420,0.208376,0.149628,0.953415,1.403302,102.649933,213.994755,1078.442167,0.007986,0.208222
508,"[64, 128, 256, 256, 128]",Fz,0.003391,0.058229,0.043670,0.996725,0.261875,22.056313,61.840659,223.883097,-0.004921,0.058021
508,"[64, 128, 256, 256, 128]",Torque,0.001625,0.040309,0.031600,0.998315,0.202807,29.490635,44.798408,169.995115,0.000430,0.040306
307,"[128, 256, 512, 256]",Fx,0.001534,0.039171,0.030853,0.998434,0.158235,10.890970,29.896368,122.646261,0.000674,0.039165
307,"[128, 256, 512, 256]",Fy,0.044874,0.211836,0.150676,0.951855,1.510491,126.332237,229.599902,1338.560441,0.009541,0.211621
307,"[128, 256, 512, 256]",Fz,0.002663,0.051601,0.039230,0.997428,0.327856,20.580463,66.983736,241.976979,-0.004320,0.051420
307,"[128, 256, 512, 256]",Torque,0.001493,0.038636,0.029811,0.998452,0.176249,30.810482,31.663244,164.180956,0.000467,0.038634
116,"[256, 512, 256]",Fx,0.002029,0.045050,0.034548,0.997928,0.178304,11.544035,32.186642,136.940700,-0.010595,0.043786
116,"[256, 512, 256]",Fy,0.043492,0.208547,0.147746,0.953338,1.588385,95.142319,232.295407,1517.003552,0.013226,0.208127
116,"[256, 512, 256]",Fz,0.003276,0.057237,0.041960,0.996836,0.245907,20.956402,62.158625,301.837292,-0.014270,0.055430
116,"[256, 512, 256]",Torque,0.001769,0.042054,0.032943,0.998166,0.154644,16.745985,36.318028,141.878334,-0.008509,0.041184
378,"[256, 512, 512, 256]",Fx,0.001224,0.034985,0.026784,0.998751,0.165027,8.994324,24.446984,111.263191,-0.004530,0.034690
378,"[256, 512, 512, 256]",Fy,0.045339,0.212929,0.152019,0.951356,1.353433,107.362595,231.179395,1290.794637,0.002173,0.212918
378,"[256, 512, 512, 256]",Fz,0.002861,0.053492,0.039812,0.997236,0.280864,19.532347,56.558427,226.806230,-0.002743,0.053422
378,"[256, 512, 512, 256]",Torque,0.001221,0.034941,0.027016,0.998734,0.188980,25.479504,27.878934,173.663477,-0.002662,0.034839
301,"[128, 256, 512, 256]",Fx,0.002272,0.047666,0.038130,0.997681,0.160816,12.748834,35.143435,177.153610,-0.000957,0.047657
301,"[128, 256, 512, 256]",Fy,0.042081,0.205137,0.149440,0.954852,1.216749,103.066788,222.041376,1171.227382,-0.006577,0.205032
301,"[128, 256, 512, 256]",Fz,0.003792,0.061575,0.048422,0.996338,0.287272,24.268221,73.424823,217.910996,0.003617,0.061469
301,"[128, 256, 512, 256]",Torque,0.002503,0.050031,0.040850,0.997404,0.170520,43.197716,41.075433,176.521819,0.005158,0.049765
338,"[256, 512, 512, 256]",Fx,0.001680,0.040991,0.031371,0.998285,0.196457,14.412947,42.193565,209.839810,-0.013258,0.038787
338,"[256, 512, 512, 256]",Fy,0.042688,0.206610,0.150175,0.954201,1.587590,110.062851,221.117607,1210.215508,0.032535,0.204032
338,"[256, 512, 512, 256]",Fz,0.003899,0.062439,0.044986,0.996235,0.322968,22.709560,68.791043,283.182875,-0.021578,0.058592
338,"[256, 512, 512, 256]",Torque,0.002417,0.049167,0.038146,0.997493,0.201389,50.856110,64.820923,403.672384,-0.018145,0.045696
473,"[128, 256, 512, 256, 128]",Fx,0.002043,0.045203,0.035339,0.997914,0.212598,16.469585,33.441390,154.235111,-0.004836,0.044944
473,"[128, 256, 512, 256, 128]",Fy,0.042281,0.205624,0.147501,0.954637,1.277872,103.376694,218.423773,1386.132607,0.000217,0.205624
473,"[128, 256, 512, 256, 128]",Fz,0.004025,0.063447,0.047212,0.996112,0.325413,23.335135,69.620567,270.209899,-0.017532,0.060976
473,"[128, 256, 512, 256, 128]",Torque,0.002337,0.048346,0.037972,0.997576,0.163251,81.260712,63.052617,229.028185,-0.004240,0.048159
433,"[128, 256, 512, 256, 128]",Fx,0.001350,0.036749,0.028958,0.998621,0.227817,11.645988,31.153145,145.199248,0.003797,0.036552
433,"[128, 256, 512, 256, 128]",Fy,0.044675,0.211365,0.150715,0.952068,1.771169,134.605865,214.548612,1782.611090,0.005537,0.211293
433,"[128, 256, 512, 256, 128]",Fz,0.003109,0.055754,0.043027,0.996998,0.337823,19.080191,65.117196,297.267412,-0.003626,0.055636
433,"[128, 256, 512, 256, 128]",Torque,0.001560,0.039499,0.030913,0.998382,0.179613,79.182594,39.234849,167.348447,0.003604,0.039334
281,"[64, 128, 256, 128]",Fx,0.001824,0.042705,0.032895,0.998138,0.188836,15.090986,36.900867,200.033110,-0.003202,0.042584
281,"[64, 128, 256, 128]",Fy,0.043757,0.209181,0.151070,0.953054,1.234789,91.568054,209.550863,1024.807103,-0.001278,0.209177
281,"[64, 128, 256, 128]",Fz,0.003095,0.055632,0.043368,0.997011,0.252962,23.846104,65.153034,231.744319,0.005938,0.055314
281,"[64, 128, 256, 128]",Torque,0.002025,0.044997,0.035271,0.997900,0.181894,114.426147,47.934651,199.193574,0.003093,0.044890
65,"[128, 256, 128]",Fx,0.002104,0.045870,0.035458,0.997852,0.194218,13.395181,45.386914,209.354987,-0.016011,0.042985
65,"[128, 256, 128]",Fy,0.042931,0.207197,0.149837,0.953940,1.348082,119.994469,228.503873,1338.882097,0.010126,0.206950
65,"[128, 256, 128]",Fz,0.003501,0.059168,0.045821,0.996619,0.264748,26.885857,82.037343,266.739371,-0.008366,0.058574
65,"[128, 256, 128]",Torque,0.002168,0.046560,0.035975,0.997752,0.202842,57.336143,52.200066,287.374173,-0.008423,0.045792
543,"[128, 256, 256, 128, 64]",Fx,0.001010,0.031776,0.024847,0.998969,0.152109,9.702880,26.072980,139.207267,0.000519,0.031772
543,"[128, 256, 256, 128, 64]",Fy,0.046511,0.215664,0.154459,0.950099,1.370009,105.531319,242.458022,1179.479698,-0.000865,0.215662
543,"[128, 256, 256, 128, 64]",Fz,0.002085,0.045662,0.034365,0.997986,0.274484,19.104868,51.390583,262.442424,-0.003438,0.045533
543,"[128, 256, 256, 128, 64]",Torque,0.001109,0.033304,0.025989,0.998850,0.153109,39.299911,29.750388,139.507451,-0.003040,0.033164
430,"[64, 128, 256, 128, 64]",Fx,0.002165,0.046527,0.036680,0.997790,0.210143,13.794887,39.014735,157.382304,0.003467,0.046397
430,"[64, 128, 256, 128, 64]",Fy,0.043071,0.207536,0.146115,0.953790,1.481560,110.771065,213.139175,1117.243164,-0.008336,0.207368
430,"[64, 128, 256, 128, 64]",Fz,0.003173,0.056334,0.042969,0.996935,0.252553,23.906874,77.539978,303.040039,-0.001694,0.056308
430,"[64, 128, 256, 128, 64]",Torque,0.002314,0.048109,0.038075,0.997599,0.186871,130.622574,62.579643,304.174091,0.007514,0.047519
50,"[128, 256, 128]",Fx,0.001569,0.039608,0.030672,0.998399,0.145349,12.447288,33.593558,128.106953,-0.001307,0.039587
50,"[128, 256, 128]",Fy,0.043045,0.207473,0.148160,0.953817,1.021272,114.107773,199.009810,1129.934178,-0.007929,0.207321
50,"[128, 256, 128]",Fz,0.004130,0.064264,0.051498,0.996011,0.222086,29.673925,88.075455,270.605024,0.013256,0.062882
50,"[128, 256, 128]",Torque,0.001981,0.044508,0.034070,0.997945,0.207551,61.098057,53.155931,317.807326,-0.002179,0.044455
40,"[64, 128, 64]",Fx,0.001819,0.042645,0.033480,0.998144,0.154831,16.153025,42.924835,194.222024,0.013503,0.040450
40,"[64, 128, 64]",Fy,0.043755,0.209178,0.152398,0.953055,1.389103,91.673744,225.374442,1099.471688,0.003327,0.209152
40,"[64, 128, 64]",Fz,0.003202,0.056589,0.043428,0.996907,0.304208,28.176258,69.671869,299.679384,-0.009317,0.055816
40,"[64, 128, 64]",Torque,0.001953,0.044195,0.034603,0.997974,0.178998,55.108768,48.685089,246.052691,0.008708,0.043328
513,"[64, 128, 256, 256, 128]",Fx,0.002139,0.046251,0.036064,0.997816,0.215815,13.138673,32.126314,151.139552,0.003391,0.046126
513,"[64, 128, 256, 256, 128]",Fy,0.044284,0.210438,0.151268,0.952488,1.491059,129.087723,236.045697,1203.106735,-0.010187,0.210192
513,"[64, 128, 256, 256, 128]",Fz,0.002647,0.051445,0.038845,0.997444,0.253073,21.876646,72.423481,251.934819,0.004050,0.051285
513,"[64, 128, 256, 256, 128]",Torque,0.001671,0.040880,0.032720,0.998267,0.167715,63.481739,34.040014,175.414523,0.007247,0.040233
356,"[256, 512, 512, 256]",Fx,0.002518,0.050178,0.038461,0.997430,0.224673,11.275863,30.115889,144.138796,-0.007660,0.049590
356,"[256, 512, 512, 256]",Fy,0.042531,0.206230,0.144579,0.954369,1.540125,104.920151,194.953770,1045.357337,0.001314,0.206226
356,"[256, 512, 512, 256]",Fz,0.003875,0.062250,0.045838,0.996257,0.335582,21.084639,53.918563,215.760110,-0.006950,0.061861
356,"[256, 512, 512, 256]",Torque,0.001821,0.042677,0.032876,0.998111,0.171520,37.379070,33.924672,176.400558,-0.004347,0.042455
68,"[128, 256, 128]",Fx,0.002201,0.046916,0.036062,0.997753,0.260562,11.415926,34.704651,160.047721,-0.001618,0.046888
68,"[128, 256, 128]",Fy,0.043032,0.207441,0.145633,0.953832,1.380717,102.595657,219.686642,1298.404385,-0.000347,0.207441
68,"[128, 256, 128]",Fz,0.003186,0.056446,0.043329,0.996923,0.302994,21.148031,69.624400,326.372776,-0.001150,0.056434
68,"[128, 256, 128]",Torque,0.002332,0.048289,0.037214,0.997581,0.275424,63.090523,36.211173,143.014551,-0.000631,0.048285
475,"[128, 256, 512, 256, 128]",Fx,0.001954,0.044200,0.033583,0.998006,0.235064,13.563048,35.260855,157.870454,-0.004854,0.043933
475,"[128, 256, 512, 256, 128]",Fy,0.043575,0.208745,0.149494,0.953249,1.288497,106.334732,213.322089,962.433789,0.000516,0.208745
475,"[128, 256, 512, 256, 128]",Fz,0.003105,0.055718,0.042998,0.997002,0.238611,22.600992,74.920610,318.085175,0.006515,0.055336
475,"[128, 256, 512, 256, 128]",Torque,0.002137,0.046226,0.034854,0.997784,0.184868,57.224739,43.322915,257.336657,-0.015131,0.043680
364,"[256, 512, 512, 256]",Fx,0.002058,0.045370,0.034956,0.997899,0.253900,13.942071,36.288855,158.305329,-0.008628,0.044542
364,"[256, 512, 512, 256]",Fy,0.043719,0.209091,0.148480,0.953094,1.611255,95.153778,215.988529,1382.010369,0.021901,0.207941
364,"[256, 512, 512, 256]",Fz,0.002721,0.052162,0.040133,0.997372,0.294835,19.419056,75.192821,304.934305,-0.006355,0.051774
364,"[256, 512, 512, 256]",Torque,0.002275,0.047692,0.036363,0.997641,0.200656,37.011936,42.926266,193.214729,-0.009714,0.046692
165,"[64, 128, 128, 64]",Fx,0.001976,0.044450,0.034026,0.997983,0.221538,13.401817,32.019674,142.933764,0.000067,0.044450
165,"[64, 128, 128, 64]",Fy,0.044396,0.210703,0.153411,0.952368,1.392333,105.722137,233.224368,1107.087043,0.028495,0.208768
165,"[64, 128, 128, 64]",Fz,0.002807,0.052980,0.039765,0.997289,0.250450,18.433647,60.014345,296.504571,-0.008033,0.052367
165,"[64, 128, 128, 64]",Torque,0.001602,0.040026,0.030923,0.998338,0.186597,100.021271,42.101783,202.322258,-0.003777,0.039848
267,"[64, 128, 256, 128]",Fx,0.001198,0.034609,0.027257,0.998777,0.152429,9.834379,28.774069,140.210872,-0.002406,0.034526
267,"[64, 128, 256, 128]",Fy,0.045203,0.212609,0.153249,0.951503,1.333820,106.618782,230.720584,1258.325931,0.013620,0.212172
267,"[64, 128, 256, 128]",Fz,0.003012,0.054878,0.040543,0.997091,0.262419,21.244040,60.972461,299.026378,-0.010894,0.053785
267,"[64, 128, 256, 128]",Torque,0.001382,0.037169,0.028692,0.998567,0.170073,45.962162,39.625473,203.182645,-0.004155,0.036936
32,"[64, 128, 64]",Fx,0.002437,0.049371,0.039950,0.997512,0.184279,14.362055,38.685833,160.314879,0.012734,0.047700
32,"[64, 128, 64]",Fy,0.042006,0.204952,0.148186,0.954933,1.168525,93.679993,261.229079,952.303354,0.000684,0.204951
32,"[64, 128, 64]",Fz,0.004291,0.065503,0.053329,0.995856,0.274898,25.428699,76.142527,315.588537,0.010427,0.064667
32,"[64, 128, 64]",Torque,0.002148,0.046341,0.038151,0.997773,0.139464,83.257118,49.807542,196.305122,0.010069,0.045234
520,"[64, 128, 256, 256, 128]",Fx,0.001946,0.044116,0.034169,0.998013,0.213051,12.123274,36.395160,159.717857,-0.001985,0.044071
520,"[64, 128, 256, 256, 128]",Fy,0.043293,0.208071,0.146951,0.953551,1.394441,88.227158,206.979813,1178.958593,0.001644,0.208064
520,"[64, 128, 256, 256, 128]",Fz,0.003702,0.060843,0.045673,0.996425,0.336480,27.154882,79.005661,254.171569,-0.002376,0.060797
520,"[64, 128, 256, 256, 128]",Torque,0.001964,0.044320,0.033999,0.997963,0.175061,34.289902,45.707021,287.152864,-0.008448,0.043508
472,"[128, 256, 512, 256, 128]",Fx,0.001601,0.040008,0.030477,0.998366,0.200677,13.254210,31.458762,158.633667,-0.007665,0.039267
472,"[128, 256, 512, 256, 128]",Fy,0.044791,0.211638,0.153515,0.951945,1.644782,102.794083,221.529509,1091.158306,0.012961,0.211241
472,"[128, 256, 512, 256, 128]",Fz,0.003071,0.055413,0.042622,0.997034,0.252159,21.462671,71.163566,253.607828,0.001981,0.055378
472,"[128, 256, 512, 256, 128]",Torque,0.001496,0.038676,0.029838,0.998448,0.156828,39.910839,39.472651,222.760220,-0.006334,0.038154
261,"[64, 128, 256, 128]",Fx,0.001598,0.039976,0.032246,0.998369,0.203585,11.706411,34.252818,144.752267,0.006246,0.039485
261,"[64, 128, 256, 128]",Fy,0.044989,0.212106,0.151024,0.951732,1.290885,122.594780,223.570359,1507.581475,0.008169,0.211948
261,"[64, 128, 256, 128]",Fz,0.002779,0.052714,0.040373,0.997316,0.262641,24.054445,62.738879,259.192799,-0.006004,0.052371
261,"[64, 128, 256, 128]",Torque,0.001621,0.040268,0.032059,0.998318,0.175527,53.088985,30.800616,218.654003,0.005291,0.039918
35,"[64, 128, 64]",Fx,0.002389,0.048874,0.038887,0.997562,0.197308,14.530439,45.005338,153.002293,0.021317,0.043979
35,"[64, 128, 64]",Fy,0.043353,0.208213,0.148320,0.953488,1.465410,100.981445,218.239617,1124.180416,-0.010594,0.207943
35,"[64, 128, 64]",Fz,0.003301,0.057451,0.045595,0.996812,0.228703,27.401459,75.711352,300.878341,0.007836,0.056914
35,"[64, 128, 64]",Torque,0.001966,0.044336,0.035513,0.997961,0.162106,111.986610,49.361227,231.845474,0.016472,0.041162
379,"[256, 512, 512, 256]",Fx,0.001522,0.039011,0.030442,0.998446,0.188687,10.052358,27.713278,109.917119,-0.000553,0.039007
379,"[256, 512, 512, 256]",Fy,0.044396,0.210704,0.149294,0.952368,1.695474,124.368683,246.710423,1291.043960,0.005375,0.210635
379,"[256, 512, 512, 256]",Fz,0.003269,0.057177,0.042916,0.996842,0.281339,20.858828,64.540152,248.721810,-0.011860,0.055934
379,"[256, 512, 512, 256]",Torque,0.001836,0.042846,0.033078,0.998096,0.175477,42.066887,39.916724,239.352757,-0.006034,0.042419
559,"[128, 256, 256, 128, 64]",Fx,0.002832,0.053213,0.039832,0.997109,0.225283,16.279736,42.786586,265.811799,-0.016229,0.050678
559,"[128, 256, 256, 128, 64]",Fy,0.042534,0.206239,0.149095,0.954365,1.079416,101.074638,218.889051,1305.267900,0.010160,0.205988
559,"[128, 256, 256, 128, 64]",Fz,0.003529,0.059402,0.043944,0.996592,0.282300,23.140093,68.615174,259.555312,-0.013909,0.057750
559,"[128, 256, 256, 128, 64]",Torque,0.002153,0.046405,0.034823,0.997766,0.254657,61.586208,47.724685,249.419712,-0.012839,0.044594
436,"[128, 256, 512, 256, 128]",Fx,0.001917,0.043788,0.033658,0.998043,0.231940,12.383067,29.143638,143.518749,0.000497,0.043786
436,"[128, 256, 512, 256, 128]",Fy,0.044380,0.210666,0.148628,0.952385,1.385772,107.544823,211.099700,1050.396660,-0.011325,0.210362
436,"[128, 256, 512, 256, 128]",Fz,0.003096,0.055638,0.043828,0.997010,0.241583,20.434921,58.146250,224.289258,0.007657,0.055109
436,"[128, 256, 512, 256, 128]",Torque,0.001684,0.041031,0.032934,0.998254,0.149583,75.158592,42.951818,183.140070,0.004154,0.040820
163,"[64, 128, 128, 64]",Fx,0.002593,0.050926,0.039727,0.997353,0.194967,13.857753,34.382245,196.790223,-0.004435,0.050732
163,"[64, 128, 128, 64]",Fy,0.042363,0.205822,0.148301,0.954549,1.339425,97.025391,220.698946,1102.539001,-0.029845,0.203647
163,"[64, 128, 128, 64]",Fz,0.003940,0.062772,0.048870,0.996194,0.256789,22.629875,69.151937,265.963656,-0.002063,0.062738
163,"[64, 128, 128, 64]",Torque,0.002223,0.047152,0.037165,0.997694,0.219261,68.800980,49.409715,203.202090,0.003975,0.046984
499,"[64, 128, 256, 256, 128]",Fx,0.001660,0.040747,0.032591,0.998305,0.180209,14.271167,34.475150,143.782172,0.001614,0.040715
499,"[64, 128, 256, 256, 128]",Fy,0.044297,0.210468,0.152206,0.952474,1.398705,119.685753,222.475026,1167.774603,0.007628,0.210330
499,"[64, 128, 256, 256, 128]",Fz,0.003274,0.057215,0.044846,0.996838,0.265574,17.698763,60.333328,277.344892,0.001794,0.057187
499,"[64, 128, 256, 256, 128]",Torque,0.001922,0.043843,0.034366,0.998006,0.149135,80.993713,54.522895,287.106571,-0.005709,0.043470
340,"[256, 512, 512, 256]",Fx,0.002100,0.045825,0.034725,0.997856,0.290595,11.685184,35.858080,176.291757,-0.009969,0.044728
340,"[256, 512, 512, 256]",Fy,0.043530,0.208640,0.150837,0.953297,1.541363,106.239883,204.746016,1270.101926,0.013628,0.208194
340,"[256, 512, 512, 256]",Fz,0.003381,0.058143,0.042709,0.996735,0.305721,17.841330,54.940311,253.068495,-0.011187,0.057056
340,"[256, 512, 512, 256]",Torque,0.002155,0.046426,0.036021,0.997764,0.206678,36.302513,38.329525,185.182215,-0.002303,0.046369
177,"[64, 128, 128, 64]",Fx,0.001776,0.042147,0.032067,0.998187,0.187309,12.896954,31.254856,121.668515,-0.008425,0.041296
177,"[64, 128, 128, 64]",Fy,0.045674,0.213715,0.154408,0.950997,1.225288,117.453384,224.496233,1072.759425,0.007566,0.213581
177,"[64, 128, 128, 64]",Fz,0.002490,0.049896,0.037726,0.997595,0.223899,18.794624,62.891351,262.908212,-0.008968,0.049083
177,"[64, 128, 128, 64]",Torque,0.001229,0.035063,0.027284,0.998725,0.178379,63.023525,33.685410,180.578223,-0.004734,0.034742
193,"[128, 256, 256, 128]",Fx,0.001675,0.040928,0.032527,0.998290,0.143327,11.310965,34.205469,143.792394,0.002183,0.040870
193,"[128, 256, 256, 128]",Fy,0.044250,0.210356,0.150651,0.952525,1.499351,86.168808,226.662479,1385.628887,-0.014356,0.209866
193,"[128, 256, 256, 128]",Fz,0.003597,0.059973,0.045727,0.996526,0.301488,28.167604,73.841913,304.502526,-0.009458,0.059222
193,"[128, 256, 256, 128]",Torque,0.001655,0.040685,0.032649,0.998283,0.144512,73.139236,46.550129,203.236480,-0.003870,0.040500
284,"[64, 128, 256, 128]",Fx,0.001838,0.042873,0.034350,0.998124,0.179262,15.798050,37.954254,158.044829,0.010632,0.041533
284,"[64, 128, 256, 128]",Fy,0.043696,0.209036,0.150696,0.953119,1.201528,84.507523,219.719819,1177.275824,0.006110,0.208946
284,"[64, 128, 256, 128]",Fz,0.003547,0.059557,0.047359,0.996574,0.259341,26.261616,85.530313,333.725275,0.004147,0.059412
284,"[64, 128, 256, 128]",Torque,0.002098,0.045804,0.036540,0.997824,0.191617,79.362007,53.707442,248.497672,0.005083,0.045521
320,"[128, 256, 512, 256]",Fx,0.002093,0.045750,0.036614,0.997863,0.166008,13.393625,36.316941,154.028009,0.003634,0.045605
320,"[128, 256, 512, 256]",Fy,0.043424,0.208385,0.150182,0.953411,1.110510,90.198532,204.175293,1050.338444,0.009241,0.208180
320,"[128, 256, 512, 256]",Fz,0.003379,0.058132,0.043643,0.996736,0.229977,20.360392,60.957644,222.927150,-0.003368,0.058035
320,"[128, 256, 512, 256]",Torque,0.002288,0.047828,0.039071,0.997627,0.177910,44.921539,44.486293,259.885775,0.007155,0.047290
212,"[128, 256, 256, 128]",Fx,0.002370,0.048681,0.037829,0.997581,0.195944,12.623231,31.527973,125.544749,-0.003934,0.048522
212,"[128, 256, 256, 128]",Fy,0.042579,0.206346,0.149330,0.954318,1.417032,139.927872,221.957136,1283.653906,0.001794,0.206339
212,"[128, 256, 256, 128]",Fz,0.003791,0.061572,0.045757,0.996338,0.367988,19.354002,57.687217,240.623419,-0.006265,0.061253
212,"[128, 256, 256, 128]",Torque,0.002445,0.049451,0.037329,0.997464,0.217580,95.723503,40.978764,215.947507,-0.006098,0.049073
337,"[256, 512, 512, 256]",Fx,0.001757,0.041911,0.034005,0.998207,0.133089,10.715124,27.252067,102.273553,0.009002,0.040933
337,"[256, 512, 512, 256]",Fy,0.044852,0.211784,0.148906,0.951878,1.455717,93.037285,238.031857,1631.798793,-0.013091,0.211379
337,"[256, 512, 512, 256]",Fz,0.002891,0.053765,0.041647,0.997208,0.307399,16.709183,60.547964,214.577582,-0.000485,0.053763
337,"[256, 512, 512, 256]",Torque,0.001695,0.041170,0.032798,0.998242,0.152644,46.637115,32.540321,158.866121,-0.001330,0.041148
534,"[128, 256, 256, 128, 64]",Fx,0.001707,0.041319,0.031827,0.998257,0.193601,12.750058,39.043490,136.673829,-0.005921,0.040893
534,"[128, 256, 256, 128, 64]",Fy,0.044429,0.210782,0.151159,0.952333,1.343347,114.890274,201.134077,1117.874277,-0.001486,0.210777
534,"[128, 256, 256, 128, 64]",Fz,0.003275,0.057225,0.043179,0.996837,0.300599,21.407469,71.366868,299.059486,-0.007288,0.056759
534,"[128, 256, 256, 128, 64]",Torque,0.001787,0.042278,0.031534,0.998146,0.233842,38.162361,40.832009,194.088936,-0.005996,0.041851
330,"[128, 256, 512, 256]",Fx,0.001411,0.037567,0.029887,0.998559,0.178645,10.585909,26.877072,115.665571,-0.001133,0.037550
330,"[128, 256, 512, 256]",Fy,0.045804,0.214019,0.152787,0.950858,1.447718,126.041969,248.712281,1050.790668,0.005173,0.213956
330,"[128, 256, 512, 256]",Fz,0.002600,0.050985,0.039483,0.997489,0.236204,21.510294,59.540050,238.987537,0.004556,0.050781
330,"[128, 256, 512, 256]",Torque,0.001387,0.037241,0.029717,0.998562,0.197517,36.580814,34.445154,133.048363,0.001798,0.037198
132,"[256, 512, 256]",Fx,0.001327,0.036423,0.028748,0.998646,0.117038,12.816317,34.950101,117.309966,-0.002015,0.036367
132,"[256, 512, 256]",Fy,0.046110,0.214733,0.153198,0.950529,1.219934,107.497093,241.680851,1060.141722,-0.021123,0.213691
132,"[256, 512, 256]",Fz,0.002482,0.049820,0.038111,0.997603,0.232723,19.925898,65.342361,276.719058,0.000629,0.049816
132,"[256, 512, 256]",Torque,0.001345,0.036674,0.028779,0.998605,0.190394,45.903851,38.140295,177.510995,-0.006729,0.036052
451,"[128, 256, 512, 256, 128]",Fx,0.001923,0.043850,0.034210,0.998037,0.227843,9.795652,30.003876,149.587180,0.001085,0.043837
451,"[128, 256, 512, 256, 128]",Fy,0.044262,0.210385,0.148069,0.952512,1.611948,114.107521,228.311710,1399.912423,0.010390,0.210128
451,"[128, 256, 512, 256, 128]",Fz,0.003174,0.056340,0.044028,0.996934,0.218218,18.188210,54.895193,178.282556,0.003031,0.056258
451,"[128, 256, 512, 256, 128]",Torque,0.001913,0.043742,0.035165,0.998015,0.171684,76.698425,45.111172,231.425025,0.009866,0.042615
486,"[64, 128, 256, 256, 128]",Fx,0.002114,0.045978,0.036179,0.997842,0.239515,11.299197,32.108714,122.380471,0.004013,0.045802
486,"[64, 128, 256, 256, 128]",Fy,0.043764,0.209198,0.151660,0.953046,1.437376,96.596222,227.414055,1190.936735,0.008498,0.209025
486,"[64, 128, 256, 256, 128]",Fz,0.003395,0.058264,0.044594,0.996721,0.272360,24.387632,75.655238,268.733005,0.003722,0.058145
486,"[64, 128, 256, 256, 128]",Torque,0.002008,0.044811,0.035431,0.997917,0.202826,99.470886,38.993187,239.816217,0.006107,0.044392
37,"[64, 128, 64]",Fx,0.001752,0.041856,0.032130,0.998212,0.206640,15.280020,42.089923,158.543526,0.004060,0.041658
37,"[64, 128, 64]",Fy,0.044656,0.211320,0.153956,0.952089,1.502379,91.626930,227.087447,930.077665,-0.001823,0.211312
37,"[64, 128, 64]",Fz,0.003051,0.055235,0.042689,0.997053,0.231637,27.282421,80.583947,304.318871,-0.004226,0.055073
37,"[64, 128, 64]",Torque,0.001840,0.042901,0.034032,0.998091,0.152258,67.266426,52.177665,373.346437,0.010799,0.041519
565,"[128, 256, 256, 128, 64]",Fx,0.002465,0.049644,0.039346,0.997484,0.304533,12.728715,36.963078,137.618737,-0.002768,0.049567
565,"[128, 256, 256, 128, 64]",Fy,0.043434,0.208409,0.149848,0.953400,1.235366,103.402573,215.701429,1422.965320,0.010702,0.208134
565,"[128, 256, 256, 128, 64]",Fz,0.003530,0.059414,0.046526,0.996591,0.277332,22.026289,75.020179,310.565631,-0.005043,0.059199
565,"[128, 256, 256, 128, 64]",Torque,0.001905,0.043646,0.035081,0.998024,0.191040,46.925434,48.932791,199.426915,0.002792,0.043556
352,"[256, 512, 512, 256]",Fx,0.002045,0.045220,0.035247,0.997913,0.215337,14.593514,28.492795,199.416751,-0.007555,0.044584
352,"[256, 512, 512, 256]",Fy,0.044886,0.211862,0.148884,0.951843,1.751278,126.725052,220.470187,1467.218984,0.007697,0.211722
352,"[256, 512, 512, 256]",Fz,0.002504,0.050037,0.037560,0.997582,0.293959,18.416698,57.757340,251.689867,-0.010209,0.048985
352,"[256, 512, 512, 256]",Torque,0.001907,0.043674,0.034544,0.998022,0.173379,52.911983,38.978280,252.248173,-0.003000,0.043571
308,"[128, 256, 512, 256]",Fx,0.002127,0.046121,0.035951,0.997829,0.180516,12.276251,33.148712,152.474868,0.007279,0.045543
308,"[128, 256, 512, 256]",Fy,0.043178,0.207792,0.149330,0.953675,1.390656,107.970940,208.072881,932.315912,-0.004940,0.207734
308,"[128, 256, 512, 256]",Fz,0.003993,0.063191,0.048618,0.996143,0.344098,25.752087,62.425980,330.859803,-0.007906,0.062694
308,"[128, 256, 512, 256]",Torque,0.002044,0.045214,0.035806,0.997880,0.166914,77.828888,40.195814,182.395255,0.004946,0.044943
555,"[128, 256, 256, 128, 64]",Fx,0.001426,0.037767,0.029499,0.998544,0.180522,11.178449,27.662766,109.178437,-0.002785,0.037665
555,"[128, 256, 256, 128, 64]",Fy,0.046113,0.214738,0.151447,0.950526,1.662271,117.801323,221.661726,1186.195334,0.007557,0.214605
555,"[128, 256, 256, 128, 64]",Fz,0.002500,0.050001,0.037033,0.997585,0.243571,16.757986,51.172235,199.742729,-0.009768,0.049038
555,"[128, 256, 256, 128, 64]",Torque,0.001319,0.036316,0.027928,0.998632,0.211239,32.058517,30.121452,180.597838,-0.004270,0.036064
242,"[64, 128, 256, 128]",Fx,0.002237,0.047300,0.036520,0.997716,0.244469,13.696908,43.066685,196.934070,-0.005711,0.046954
242,"[64, 128, 256, 128]",Fy,0.043976,0.209705,0.149605,0.952819,1.620337,112.789505,217.038975,1127.813351,0.009847,0.209473
242,"[64, 128, 256, 128]",Fz,0.003162,0.056234,0.043703,0.996946,0.266556,20.912348,77.174599,278.385807,-0.009348,0.055451
242,"[64, 128, 256, 128]",Torque,0.001983,0.044531,0.034710,0.997943,0.206244,46.562294,52.378116,238.431739,-0.014443,0.042124
465,"[128, 256, 512, 256, 128]",Fx,0.001637,0.040459,0.030939,0.998329,0.239317,13.183815,32.458760,147.840209,-0.000140,0.040459
465,"[128, 256, 512, 256, 128]",Fy,0.044890,0.211874,0.153101,0.951838,1.393828,106.532074,251.757812,1392.227532,0.014550,0.211373
465,"[128, 256, 512, 256, 128]",Fz,0.003132,0.055961,0.042181,0.996975,0.247509,21.164230,65.964587,276.050271,-0.011435,0.054781
465,"[128, 256, 512, 256, 128]",Torque,0.001706,0.041306,0.030327,0.998230,0.211011,81.548271,35.961545,208.139772,-0.008553,0.040411
518,"[64, 128, 256, 256, 128]",Fx,0.002259,0.047524,0.037061,0.997694,0.245171,14.494609,41.970563,130.123885,0.007389,0.046946
518,"[64, 128, 256, 256, 128]",Fy,0.043278,0.208034,0.151584,0.953568,1.205902,103.174728,212.490743,1295.605801,0.016730,0.207360
518,"[64, 128, 256, 256, 128]",Fz,0.003901,0.062455,0.049501,0.996233,0.240403,31.640068,84.514699,396.870185,0.014885,0.060655
518,"[64, 128, 256, 256, 128]",Torque,0.001961,0.044283,0.034781,0.997966,0.175486,36.379189,50.918101,286.143506,0.006417,0.043816
23,"[64, 128, 64]",Fx,0.002169,0.046575,0.036380,0.997786,0.210946,15.323788,39.616227,181.902687,0.002195,0.046523
23,"[64, 128, 64]",Fy,0.044373,0.210648,0.150279,0.952393,1.494567,120.847160,229.911427,1432.983923,0.006740,0.210540
23,"[64, 128, 64]",Fz,0.003138,0.056020,0.042628,0.996969,0.294078,21.065546,82.955481,266.481452,-0.003560,0.055907
23,"[64, 128, 64]",Torque,0.001732,0.041612,0.033030,0.998204,0.164919,71.681847,40.296608,198.211218,0.010095,0.040368
479,"[128, 256, 512, 256, 128]",Fx,0.002303,0.047989,0.037201,0.997649,0.284412,12.507370,36.257262,131.480637,-0.007157,0.047452
479,"[128, 256, 512, 256, 128]",Fy,0.043205,0.207857,0.147469,0.953646,1.477210,101.670158,210.753710,1387.507832,-0.009275,0.207650
479,"[128, 256, 512, 256, 128]",Fz,0.003345,0.057836,0.045570,0.996769,0.293111,22.366154,70.393678,272.115760,0.014287,0.056044
479,"[128, 256, 512, 256, 128]",Torque,0.002584,0.050834,0.039426,0.997320,0.236863,104.028275,48.624198,214.756038,-0.001081,0.050822
245,"[64, 128, 256, 128]",Fx,0.002344,0.048415,0.037266,0.997607,0.262373,15.480016,35.613672,153.207170,0.010227,0.047322
245,"[64, 128, 256, 128]",Fy,0.042828,0.206950,0.150462,0.954050,1.220423,115.125999,207.026695,811.666120,0.004287,0.206905
245,"[64, 128, 256, 128]",Fz,0.003552,0.059598,0.045572,0.996569,0.372112,25.680479,79.571294,382.759645,-0.009381,0.058855
245,"[64, 128, 256, 128]",Torque,0.002713,0.052086,0.039940,0.997186,0.307415,82.506638,54.020989,231.400509,0.013435,0.050324
237,"[128, 256, 256, 128]",Fx,0.001477,0.038433,0.029733,0.998492,0.147487,9.983747,30.018481,144.491026,-0.008668,0.037442
237,"[128, 256, 256, 128]",Fy,0.045493,0.213290,0.152328,0.951191,1.317403,132.440430,239.612033,1270.931895,0.012551,0.212921
237,"[128, 256, 256, 128]",Fz,0.003093,0.055612,0.041563,0.997013,0.247762,24.603342,64.257841,341.164132,-0.016571,0.053086
237,"[128, 256, 256, 128]",Torque,0.001391,0.037293,0.029119,0.998557,0.164017,42.725143,33.294848,203.659642,-0.001026,0.037279
159,"[64, 128, 128, 64]",Fx,0.001692,0.041129,0.031530,0.998273,0.202550,12.576860,28.904375,123.182804,-0.002145,0.041073
159,"[64, 128, 128, 64]",Fy,0.045167,0.212526,0.149936,0.951541,1.592202,107.936134,211.101946,1407.048469,-0.007078,0.212408
159,"[64, 128, 128, 64]",Fz,0.003043,0.055161,0.043542,0.997061,0.233747,22.551516,74.836554,294.808605,0.008098,0.054563
159,"[64, 128, 128, 64]",Torque,0.001592,0.039901,0.031468,0.998349,0.172630,27.915012,40.149184,326.870714,0.001030,0.039888
484,"[64, 128, 256, 256, 128]",Fx,0.002478,0.049779,0.039347,0.997470,0.271905,13.235312,34.132443,163.697118,0.006383,0.049368
484,"[64, 128, 256, 256, 128]",Fy,0.043584,0.208769,0.150509,0.953239,1.190907,98.612465,205.803443,1042.948589,-0.018920,0.207909
484,"[64, 128, 256, 256, 128]",Fz,0.003480,0.058989,0.045326,0.996639,0.294963,22.366320,67.106183,329.416676,-0.003331,0.058895
484,"[64, 128, 256, 256, 128]",Torque,0.001956,0.044232,0.034616,0.997971,0.209212,59.715084,39.032657,244.349583,-0.000045,0.044232
448,"[128, 256, 512, 256, 128]",Fx,0.002590,0.050888,0.040324,0.997357,0.221401,12.773809,29.576740,139.288086,0.011291,0.049620
448,"[128, 256, 512, 256, 128]",Fy,0.044395,0.210702,0.150134,0.952369,1.665950,112.193779,238.689673,1260.370734,0.012073,0.210355
448,"[128, 256, 512, 256, 128]",Fz,0.002823,0.053129,0.041355,0.997274,0.214415,19.096945,62.981130,315.981140,0.006198,0.052766
448,"[128, 256, 512, 256, 128]",Torque,0.001734,0.041644,0.032810,0.998201,0.147715,49.969406,41.671530,186.331766,0.012921,0.039589
184,"[64, 128, 128, 64]",Fx,0.002101,0.045840,0.034660,0.997855,0.252623,16.176291,41.031899,182.856855,-0.005047,0.045561
184,"[64, 128, 128, 64]",Fy,0.043607,0.208822,0.150002,0.953215,1.351275,86.328850,222.977354,1076.004698,-0.012066,0.208473
184,"[64, 128, 128, 64]",Fz,0.003680,0.060667,0.048204,0.996445,0.247828,30.530445,80.559261,292.589288,0.001599,0.060646
184,"[64, 128, 128, 64]",Torque,0.002172,0.046603,0.036602,0.997747,0.190578,84.531639,57.228446,325.337538,-0.002267,0.046548
384,"[64, 128, 256, 128, 64]",Fx,0.001769,0.042062,0.030821,0.998194,0.223906,10.686655,30.292766,122.594892,-0.019529,0.037254
384,"[64, 128, 256, 128, 64]",Fy,0.045857,0.214142,0.152364,0.950801,1.476052,98.524857,237.301662,1210.385200,-0.003231,0.214118
384,"[64, 128, 256, 128, 64]",Fz,0.002696,0.051923,0.038572,0.997396,0.261757,21.425901,55.825762,280.090737,-0.004299,0.051745
384,"[64, 128, 256, 128, 64]",Torque,0.001240,0.035219,0.028177,0.998713,0.128174,39.169487,33.682094,286.381388,0.005277,0.034822
189,"[64, 128, 128, 64]",Fx,0.001745,0.041773,0.034063,0.998219,0.168655,14.399961,34.100801,164.326452,0.013417,0.039560
189,"[64, 128, 128, 64]",Fy,0.044729,0.211492,0.153050,0.952011,1.450415,97.794968,235.663921,1414.888575,-0.002938,0.211472
189,"[64, 128, 128, 64]",Fz,0.003193,0.056503,0.042853,0.996916,0.292782,23.801374,81.469164,306.571373,-0.010229,0.055569
189,"[64, 128, 128, 64]",Torque,0.001900,0.043592,0.035947,0.998029,0.136628,72.721336,45.735833,199.337443,0.022500,0.037336
268,"[64, 128, 256, 128]",Fx,0.001998,0.044704,0.034999,0.997960,0.284001,11.926694,35.929242,117.128676,0.003040,0.044600
268,"[64, 128, 256, 128]",Fy,0.043322,0.208139,0.150021,0.953521,1.265301,100.072556,227.151856,1127.097550,0.006020,0.208052
268,"[64, 128, 256, 128]",Fz,0.003719,0.060980,0.046975,0.996408,0.274774,24.544172,71.251897,356.326683,0.003583,0.060875
268,"[64, 128, 256, 128]",Torque,0.002528,0.050282,0.038954,0.997378,0.216472,69.790817,55.517462,285.355233,-0.006923,0.049803
561,"[128, 256, 256, 128, 64]",Fx,0.001385,0.037219,0.028722,0.998586,0.180266,9.716623,26.584795,104.273230,-0.002591,0.037129
561,"[128, 256, 256, 128, 64]",Fy,0.046518,0.215680,0.154178,0.950091,1.129415,123.586479,234.653288,1318.995885,-0.005459,0.215611
561,"[128, 256, 256, 128, 64]",Fz,0.002372,0.048704,0.037205,0.997709,0.267555,25.347496,68.465651,272.931986,0.007349,0.048146
561,"[128, 256, 256, 128, 64]",Torque,0.001293,0.035956,0.027987,0.998659,0.143065,48.967533,33.864882,171.867181,-0.002864,0.035842
241,"[64, 128, 256, 128]",Fx,0.002413,0.049127,0.038980,0.997536,0.204748,17.282036,34.356540,190.440982,0.004356,0.048934
241,"[64, 128, 256, 128]",Fy,0.043376,0.208269,0.150308,0.953463,1.485370,79.928268,218.104805,1015.821866,-0.007163,0.208145
241,"[64, 128, 256, 128]",Fz,0.003401,0.058317,0.046432,0.996715,0.235185,25.416466,68.721022,264.197998,0.013888,0.056639
241,"[64, 128, 256, 128]",Torque,0.002393,0.048916,0.039179,0.997518,0.154863,79.404289,40.951256,238.344959,0.017784,0.045568
157,"[64, 128, 128, 64]",Fx,0.003121,0.055865,0.043844,0.996814,0.246437,13.584196,38.012649,137.292319,-0.004186,0.055708
157,"[64, 128, 128, 64]",Fy,0.042127,0.205248,0.146806,0.954803,1.150342,100.951653,203.797927,1316.317008,0.000288,0.205248
157,"[64, 128, 128, 64]",Fz,0.003646,0.060379,0.045651,0.996479,0.320997,24.185728,69.155686,314.686948,-0.010040,0.059538
157,"[64, 128, 128, 64]",Torque,0.002698,0.051944,0.040982,0.997201,0.184380,88.403114,41.648280,226.412495,-0.000721,0.051939
501,"[64, 128, 256, 256, 128]",Fx,0.001467,0.038307,0.029602,0.998502,0.207291,12.027575,33.193368,148.761287,0.001871,0.038262
501,"[64, 128, 256, 256, 128]",Fy,0.045669,0.213703,0.154137,0.951002,1.199697,96.287849,233.121666,1335.174301,-0.011748,0.213380
501,"[64, 128, 256, 256, 128]",Fz,0.002865,0.053523,0.040399,0.997233,0.269696,22.325724,63.538857,258.138324,-0.021215,0.049139
501,"[64, 128, 256, 256, 128]",Torque,0.001603,0.040042,0.031044,0.998337,0.199422,147.240356,42.549160,265.742676,0.002890,0.039937
362,"[256, 512, 512, 256]",Fx,0.001638,0.040473,0.031675,0.998328,0.214824,12.837766,33.395378,147.213051,0.003485,0.040323
362,"[256, 512, 512, 256]",Fy,0.043857,0.209420,0.151835,0.952946,1.147187,94.518814,221.553056,1395.597441,0.002396,0.209407
362,"[256, 512, 512, 256]",Fz,0.003964,0.062963,0.049321,0.996171,0.250208,25.330160,81.895433,296.486004,0.005308,0.062739
362,"[256, 512, 512, 256]",Torque,0.002155,0.046426,0.035617,0.997764,0.202060,51.871445,42.774584,222.979015,0.002453,0.046361
470,"[128, 256, 512, 256, 128]",Fx,0.002173,0.046611,0.037254,0.997782,0.235892,16.882914,43.261009,181.907460,0.010156,0.045491
470,"[128, 256, 512, 256, 128]",Fy,0.043929,0.209593,0.150779,0.952869,1.192887,90.133911,244.583163,1227.748826,0.006252,0.209499
470,"[128, 256, 512, 256, 128]",Fz,0.003619,0.060158,0.045479,0.996505,0.285872,29.290022,75.285123,290.521107,-0.011394,0.059069
470,"[128, 256, 512, 256, 128]",Torque,0.001909,0.043690,0.034595,0.998020,0.173394,112.946991,47.604060,325.145354,0.008813,0.042792
350,"[256, 512, 512, 256]",Fx,0.001913,0.043739,0.034939,0.998047,0.248678,10.891506,28.925611,167.713109,0.002490,0.043668
350,"[256, 512, 512, 256]",Fy,0.044175,0.210179,0.148600,0.952605,1.368807,122.441406,218.940184,1404.444310,-0.009387,0.209970
350,"[256, 512, 512, 256]",Fz,0.003399,0.058299,0.046349,0.996717,0.230202,20.865124,63.819079,244.933362,0.012751,0.056887
350,"[256, 512, 512, 256]",Torque,0.002145,0.046310,0.036759,0.997776,0.266158,47.289200,39.965418,234.739749,0.003582,0.046172
317,"[128, 256, 512, 256]",Fx,0.001903,0.043625,0.034718,0.998057,0.156523,12.507124,32.296036,129.454090,0.001797,0.043588
317,"[128, 256, 512, 256]",Fy,0.044609,0.211208,0.152833,0.952140,1.522556,113.857941,222.150883,1216.108823,-0.012629,0.210830
317,"[128, 256, 512, 256]",Fz,0.003435,0.058606,0.044991,0.996683,0.230835,21.404488,73.300207,253.321929,-0.009296,0.057864
317,"[128, 256, 512, 256]",Torque,0.001700,0.041229,0.032766,0.998237,0.195810,39.162788,42.859673,189.612173,0.002312,0.041164
104,"[256, 512, 256]",Fx,0.002247,0.047404,0.036252,0.997706,0.227957,13.254882,40.415740,169.032602,-0.010966,0.046118
104,"[256, 512, 256]",Fy,0.044229,0.210307,0.153399,0.952547,1.259511,110.861069,199.340483,1264.744007,-0.007373,0.210178
104,"[256, 512, 256]",Fz,0.003393,0.058251,0.044717,0.996723,0.234440,21.437151,67.042514,254.820400,-0.000641,0.058248
104,"[256, 512, 256]",Torque,0.001783,0.042224,0.032929,0.998151,0.175396,32.782017,46.600440,154.087056,-0.010192,0.040975
444,"[128, 256, 512, 256, 128]",Fx,0.001415,0.037611,0.028151,0.998556,0.146085,13.985538,27.401732,175.286521,-0.010575,0.036093
444,"[128, 256, 512, 256, 128]",Fy,0.045602,0.213545,0.150759,0.951075,1.376622,132.150391,204.132446,1116.913032,0.003595,0.213515
444,"[128, 256, 512, 256, 128]",Fz,0.002822,0.053124,0.039579,0.997274,0.271502,22.366508,58.628881,250.162169,-0.008845,0.052382
444,"[128, 256, 512, 256, 128]",Torque,0.001815,0.042602,0.032291,0.998118,0.197789,48.432129,38.110036,230.363584,-0.006863,0.042046
259,"[64, 128, 256, 128]",Fx,0.002320,0.048164,0.037069,0.997632,0.224009,11.584061,28.727579,120.126400,-0.005050,0.047899
259,"[64, 128, 256, 128]",Fy,0.043672,0.208978,0.150069,0.953145,1.436916,131.481857,242.068301,1638.729249,0.003409,0.208950
259,"[64, 128, 256, 128]",Fz,0.003079,0.055489,0.042172,0.997026,0.322175,20.487717,60.193555,283.406037,-0.003547,0.055375
259,"[64, 128, 256, 128]",Torque,0.002603,0.051023,0.038847,0.997300,0.240469,55.410255,36.988094,204.091240,-0.009477,0.050135
135,"[256, 512, 256]",Fx,0.001632,0.040394,0.031600,0.998334,0.217625,12.422075,33.056923,166.558031,-0.003069,0.040277
135,"[256, 512, 256]",Fy,0.045533,0.213384,0.154741,0.951149,1.293318,105.181030,248.815471,1482.782506,0.004607,0.213334
135,"[256, 512, 256]",Fz,0.002910,0.053945,0.041922,0.997189,0.223884,23.242296,64.104544,188.858691,-0.003203,0.053850
135,"[256, 512, 256]",Torque,0.001603,0.040034,0.031159,0.998338,0.223209,63.859581,33.626049,256.455624,-0.003076,0.039916
361,"[256, 512, 512, 256]",Fx,0.002313,0.048089,0.037802,0.997639,0.255367,13.251947,39.469783,181.701432,-0.006439,0.047656
361,"[256, 512, 512, 256]",Fy,0.043445,0.208433,0.148888,0.953389,1.468145,110.376106,235.678716,1078.051431,0.013837,0.207974
361,"[256, 512, 512, 256]",Fz,0.003668,0.060565,0.047389,0.996457,0.234804,22.357883,73.496995,271.331745,-0.002047,0.060530
361,"[256, 512, 512, 256]",Torque,0.002285,0.047804,0.038249,0.997630,0.192759,73.438507,45.342500,279.526548,0.005705,0.047463
236,"[128, 256, 256, 128]",Fx,0.001978,0.044478,0.034954,0.997981,0.222594,15.068876,32.714621,157.214101,0.009999,0.043340
236,"[128, 256, 256, 128]",Fy,0.044180,0.210191,0.152548,0.952600,1.344461,95.086922,221.860718,1449.102622,0.004173,0.210150
236,"[128, 256, 256, 128]",Fz,0.003110,0.055764,0.043399,0.996997,0.265496,27.546734,64.495658,287.835135,0.010755,0.054717
236,"[128, 256, 256, 128]",Torque,0.002443,0.049429,0.039804,0.997466,0.171890,97.960533,50.466835,317.328053,0.020596,0.044934
17,"[64, 128, 64]",Fx,0.002145,0.046311,0.035865,0.997811,0.197666,18.106936,53.357529,301.535289,-0.011773,0.044790
17,"[64, 128, 64]",Fy,0.043156,0.207740,0.149840,0.953698,1.296998,110.161522,201.866296,1065.825262,0.006362,0.207643
17,"[64, 128, 64]",Fz,0.004081,0.063880,0.048962,0.996059,0.287809,27.926027,85.923934,347.541412,-0.011612,0.062816
17,"[64, 128, 64]",Torque,0.002339,0.048368,0.037240,0.997573,0.202174,42.345898,61.215912,360.078986,-0.015514,0.045812
217,"[128, 256, 256, 128]",Fx,0.002252,0.047455,0.037556,0.997701,0.180694,14.234646,40.540004,207.721211,-0.011549,0.046028
217,"[128, 256, 256, 128]",Fy,0.042874,0.207061,0.148878,0.954001,1.439548,94.514084,203.292948,1142.237048,0.006645,0.206955
217,"[128, 256, 256, 128]",Fz,0.004336,0.065847,0.049015,0.995812,0.364432,25.494158,85.144709,365.105485,-0.024911,0.060953
217,"[128, 256, 256, 128]",Torque,0.002260,0.047542,0.037426,0.997656,0.157119,28.362272,47.602733,272.655666,-0.012930,0.045750
156,"[64, 128, 128, 64]",Fx,0.001798,0.042400,0.033312,0.998165,0.194373,15.103396,43.109028,186.242282,-0.002872,0.042303
156,"[64, 128, 128, 64]",Fy,0.044146,0.210110,0.151514,0.952636,1.245503,101.911545,254.985448,1135.201104,-0.019199,0.209231
156,"[64, 128, 128, 64]",Fz,0.003577,0.059810,0.046112,0.996545,0.264185,25.380219,88.355826,348.177805,0.000172,0.059810
156,"[64, 128, 128, 64]",Torque,0.002215,0.047069,0.036506,0.997702,0.181816,45.010143,57.664740,354.028336,-0.002797,0.046986
253,"[64, 128, 256, 128]",Fx,0.001960,0.044267,0.035385,0.998000,0.177291,11.841903,38.383202,156.324816,0.003081,0.044160
253,"[64, 128, 256, 128]",Fy,0.044420,0.210761,0.149912,0.952342,1.425869,106.354797,224.360721,1418.711733,0.018541,0.209943
253,"[64, 128, 256, 128]",Fz,0.003248,0.056993,0.044081,0.996863,0.209651,23.196661,81.732673,306.668340,-0.005323,0.056744
253,"[64, 128, 256, 128]",Torque,0.002141,0.046269,0.036596,0.997779,0.183674,35.983459,41.722146,176.259106,-0.001742,0.046236
403,"[64, 128, 256, 128, 64]",Fx,0.002295,0.047907,0.037250,0.997657,0.266749,15.324775,40.399096,150.632659,-0.001444,0.047885
403,"[64, 128, 256, 128, 64]",Fy,0.044320,0.210523,0.148682,0.952450,1.535614,112.782219,221.575959,1314.611510,-0.019906,0.209580
403,"[64, 128, 256, 128, 64]",Fz,0.003175,0.056344,0.043003,0.996934,0.290188,20.489162,65.827828,259.874655,-0.006091,0.056014
403,"[64, 128, 256, 128, 64]",Torque,0.001981,0.044510,0.034917,0.997945,0.197609,91.980515,50.144742,289.689067,-0.008916,0.043607
476,"[128, 256, 512, 256, 128]",Fx,0.002461,0.049606,0.038611,0.997488,0.234360,14.080024,37.776998,174.642535,0.000738,0.049601
476,"[128, 256, 512, 256, 128]",Fy,0.044174,0.210176,0.149926,0.952606,1.479512,114.365181,244.857679,1294.798953,0.011376,0.209868
476,"[128, 256, 512, 256, 128]",Fz,0.003572,0.059769,0.046967,0.996550,0.258988,27.239315,80.130823,321.094310,0.014786,0.057911
476,"[128, 256, 512, 256, 128]",Torque,0.001567,0.039580,0.031257,0.998375,0.185896,41.650009,41.323324,306.671516,0.003253,0.039446
52,"[128, 256, 128]",Fx,0.002252,0.047457,0.038520,0.997701,0.187934,13.327800,32.214148,122.135727,0.006665,0.046986
52,"[128, 256, 128]",Fy,0.043788,0.209255,0.151535,0.953021,1.234034,117.723099,211.446587,1339.441975,0.012910,0.208857
52,"[128, 256, 128]",Fz,0.003634,0.060284,0.047080,0.996490,0.272003,24.565126,65.871467,321.895276,-0.004326,0.060128
52,"[128, 256, 128]",Torque,0.002107,0.045904,0.037263,0.997814,0.158629,56.541245,42.600451,226.979078,0.001068,0.045892
521,"[64, 128, 256, 256, 128]",Fx,0.002058,0.045361,0.035776,0.997900,0.224005,15.601768,43.929570,181.529725,-0.001668,0.045330
521,"[64, 128, 256, 256, 128]",Fy,0.044111,0.210025,0.151235,0.952674,1.185051,107.917099,249.308878,1314.067826,-0.002970,0.210004
521,"[64, 128, 256, 256, 128]",Fz,0.003559,0.059660,0.046261,0.996562,0.302224,29.281771,76.346963,291.396566,0.009645,0.058876
521,"[64, 128, 256, 256, 128]",Torque,0.002057,0.045359,0.035898,0.997866,0.183340,80.911407,47.620522,241.063872,0.008411,0.044572
427,"[64, 128, 256, 128, 64]",Fx,0.002033,0.045086,0.035903,0.997925,0.208573,18.194962,37.917882,227.272951,0.005881,0.044701
427,"[64, 128, 256, 128, 64]",Fy,0.044063,0.209913,0.150984,0.952725,1.166113,103.067093,252.388141,1328.376001,-0.012041,0.209567
427,"[64, 128, 256, 128, 64]",Fz,0.003355,0.057923,0.044918,0.996759,0.239144,26.234903,84.268083,285.391866,-0.003568,0.057813
427,"[64, 128, 256, 128, 64]",Torque,0.002335,0.048319,0.038603,0.997578,0.182232,63.558739,63.295134,304.705478,-0.002880,0.048234
563,"[128, 256, 256, 128, 64]",Fx,0.003476,0.058961,0.047289,0.996451,0.208734,18.493708,47.348335,243.432328,0.015944,0.056764
563,"[128, 256, 256, 128, 64]",Fy,0.042253,0.205554,0.147061,0.954668,1.505592,125.258461,197.597522,1145.669446,0.012276,0.205187
563,"[128, 256, 256, 128, 64]",Fz,0.003540,0.059502,0.047362,0.996580,0.246070,28.325108,74.186183,365.079586,0.015033,0.057572
563,"[128, 256, 256, 128, 64]",Torque,0.002518,0.050182,0.040402,0.997388,0.166607,78.404427,52.407446,288.941942,0.016283,0.047466
302,"[128, 256, 512, 256]",Fx,0.002307,0.048031,0.037313,0.997645,0.224541,11.710032,26.511852,133.906839,-0.003695,0.047889
302,"[128, 256, 512, 256]",Fy,0.044086,0.209967,0.150660,0.952701,1.719080,110.843254,253.910152,1328.157528,0.009898,0.209734
302,"[128, 256, 512, 256]",Fz,0.003403,0.058339,0.045819,0.996713,0.255057,20.721582,63.307339,238.826682,-0.003001,0.058262
302,"[128, 256, 512, 256]",Torque,0.001994,0.044658,0.033807,0.997931,0.207682,42.876499,36.619414,173.378575,-0.006304,0.044211
113,"[256, 512, 256]",Fx,0.002815,0.053052,0.041206,0.997127,0.272913,13.156918,35.913872,109.353810,-0.000850,0.053045
113,"[256, 512, 256]",Fy,0.042955,0.207255,0.149265,0.953915,1.223476,101.304710,207.907073,1015.393014,0.002203,0.207243
113,"[256, 512, 256]",Fz,0.004216,0.064933,0.051259,0.995928,0.268905,23.673975,66.763994,241.223388,0.008888,0.064322
113,"[256, 512, 256]",Torque,0.001809,0.042533,0.033889,0.998124,0.150509,67.016930,35.292349,210.886541,0.002004,0.042486
84,"[128, 256, 128]",Fx,0.001659,0.040725,0.031739,0.998307,0.183112,13.589493,39.107404,143.515571,-0.001328,0.040704
84,"[128, 256, 128]",Fy,0.045351,0.212957,0.154615,0.951344,1.222270,92.215614,225.046976,1245.954780,-0.004571,0.212908
84,"[128, 256, 128]",Fz,0.003187,0.056453,0.043796,0.996922,0.232362,26.628586,75.103959,336.285812,0.005203,0.056213
84,"[128, 256, 128]",Torque,0.001610,0.040122,0.031822,0.998330,0.156737,45.207478,50.796227,197.312722,-0.000573,0.040118
414,"[64, 128, 256, 128, 64]",Fx,0.002279,0.047742,0.037273,0.997673,0.164282,13.154829,38.214887,169.845328,-0.011235,0.046401
414,"[64, 128, 256, 128, 64]",Fy,0.044754,0.211552,0.153313,0.951984,1.256271,104.459167,222.133047,1723.834204,0.016461,0.210910
414,"[64, 128, 256, 128, 64]",Fz,0.002980,0.054587,0.041490,0.997122,0.251161,21.693295,60.180892,236.465692,-0.006457,0.054203
414,"[64, 128, 256, 128, 64]",Torque,0.001875,0.043301,0.033307,0.998055,0.171032,47.326313,40.029763,306.367648,-0.009184,0.042316
388,"[64, 128, 256, 128, 64]",Fx,0.002124,0.046084,0.036220,0.997832,0.235972,14.075638,32.782737,201.882328,-0.006361,0.045642
388,"[64, 128, 256, 128, 64]",Fy,0.043094,0.207591,0.147770,0.953765,1.326695,114.401787,207.686829,1368.535446,0.009385,0.207379
388,"[64, 128, 256, 128, 64]",Fz,0.004742,0.068862,0.051855,0.995420,0.332376,25.660252,72.685373,325.293981,-0.012822,0.067658
388,"[64, 128, 256, 128, 64]",Torque,0.001940,0.044045,0.033960,0.997988,0.196012,76.017899,52.445304,242.188471,-0.011826,0.042427
524,"[64, 128, 256, 256, 128]",Fx,0.002461,0.049605,0.039204,0.997488,0.216881,13.765432,40.148413,209.200400,0.000297,0.049604
524,"[64, 128, 256, 256, 128]",Fy,0.043935,0.209607,0.150226,0.952863,1.216911,112.115860,224.440231,1196.519404,-0.012759,0.209218
524,"[64, 128, 256, 256, 128]",Fz,0.003271,0.057192,0.045387,0.996841,0.233790,25.403526,70.254165,294.022440,0.011285,0.056068
524,"[64, 128, 256, 256, 128]",Torque,0.002242,0.047354,0.037782,0.997674,0.186414,119.597214,56.679473,238.803157,0.002891,0.047266
571,"[128, 256, 256, 128, 64]",Fx,0.002313,0.048093,0.038271,0.997639,0.215705,15.355710,39.105383,164.258426,-0.000274,0.048092
571,"[128, 256, 256, 128, 64]",Fy,0.044047,0.209873,0.150209,0.952743,1.373592,91.975410,246.990812,1494.987406,0.004014,0.209835
571,"[128, 256, 256, 128, 64]",Fz,0.003606,0.060046,0.046645,0.996518,0.225012,22.228785,71.534409,250.619361,-0.004496,0.059877
571,"[128, 256, 256, 128, 64]",Torque,0.001949,0.044143,0.034570,0.997979,0.204442,46.925430,37.868805,238.544297,-0.001435,0.044120
295,"[128, 256, 512, 256]",Fx,0.002120,0.046048,0.035710,0.997835,0.187407,13.961439,30.443771,163.529065,-0.002028,0.046004
295,"[128, 256, 512, 256]",Fy,0.043861,0.209431,0.152893,0.952942,1.403826,124.770874,198.531925,1179.652070,0.017400,0.208707
295,"[128, 256, 512, 256]",Fz,0.004230,0.065041,0.050457,0.995914,0.259962,27.682444,78.684173,288.929889,-0.012988,0.063731
295,"[128, 256, 512, 256]",Torque,0.001757,0.041921,0.031367,0.998177,0.180330,108.473984,39.220979,174.773299,-0.008841,0.040978
264,"[64, 128, 256, 128]",Fx,0.001832,0.042799,0.033341,0.998130,0.200033,12.623850,28.917814,134.820481,-0.004700,0.042540
264,"[64, 128, 256, 128]",Fy,0.045154,0.212494,0.151573,0.951555,1.372967,124.306999,217.404942,1244.388975,-0.001731,0.212487
264,"[64, 128, 256, 128]",Fz,0.003429,0.058562,0.044307,0.996688,0.336823,21.865984,64.596576,308.075676,-0.008136,0.057994
264,"[64, 128, 256, 128]",Torque,0.001557,0.039459,0.030965,0.998385,0.202662,69.738319,33.761010,206.341580,0.001816,0.039417
574,"[128, 256, 256, 128, 64]",Fx,0.002356,0.048536,0.038245,0.997595,0.264244,15.056733,37.138835,135.029283,0.002367,0.048478
574,"[128, 256, 256, 128, 64]",Fy,0.044613,0.211217,0.151915,0.952136,1.490095,109.585007,244.155889,1289.341180,0.006223,0.211125
574,"[128, 256, 256, 128, 64]",Fz,0.002855,0.053431,0.041765,0.997243,0.249472,20.815939,61.338422,230.384267,0.006385,0.053049
574,"[128, 256, 256, 128, 64]",Torque,0.002163,0.046507,0.037062,0.997757,0.200351,86.824677,49.271428,196.114288,0.015381,0.043890
424,"[64, 128, 256, 128, 64]",Fx,0.002181,0.046703,0.037395,0.997773,0.177667,17.149660,41.372711,242.169487,0.009480,0.045731
424,"[64, 128, 256, 128, 64]",Fy,0.044240,0.210333,0.153401,0.952536,1.232874,97.288620,223.975262,1359.711351,0.025816,0.208742
424,"[64, 128, 256, 128, 64]",Fz,0.003494,0.059108,0.046707,0.996626,0.221113,26.968500,79.259195,387.592917,0.005617,0.058841
424,"[64, 128, 256, 128, 64]",Torque,0.002090,0.045712,0.036742,0.997833,0.146476,78.328926,53.551785,284.573969,0.009966,0.044612
87,"[128, 256, 128]",Fx,0.002218,0.047099,0.036265,0.997736,0.213748,13.905428,38.529648,161.370344,-0.011143,0.045762
87,"[128, 256, 128]",Fy,0.044926,0.211957,0.153542,0.951800,1.185044,98.687454,208.108385,1317.346309,-0.002634,0.211940
87,"[128, 256, 128]",Fz,0.003012,0.054883,0.041854,0.997091,0.308279,22.846828,69.279417,336.667455,-0.002546,0.054824
87,"[128, 256, 128]",Torque,0.001871,0.043257,0.032888,0.998059,0.199580,23.972752,41.339444,234.531469,-0.007542,0.042595
469,"[128, 256, 512, 256, 128]",Fx,0.002015,0.044893,0.035053,0.997943,0.211376,13.029403,35.427977,133.257437,0.005756,0.044523
469,"[128, 256, 512, 256, 128]",Fy,0.045047,0.212243,0.152371,0.951669,1.408493,95.443436,235.543681,1442.677578,0.014969,0.211715
469,"[128, 256, 512, 256, 128]",Fz,0.003195,0.056526,0.043093,0.996914,0.308659,22.272245,77.341933,271.562117,0.001999,0.056491
469,"[128, 256, 512, 256, 128]",Torque,0.001779,0.042182,0.033346,0.998154,0.184403,61.062088,40.439445,163.558382,0.005531,0.041818
244,"[64, 128, 256, 128]",Fx,0.002110,0.045930,0.036214,0.997847,0.235853,12.089060,31.902503,162.312706,0.002163,0.045879
244,"[64, 128, 256, 128]",Fy,0.044999,0.212129,0.150232,0.951722,1.298378,117.961739,211.883011,1146.261263,-0.019055,0.211271
244,"[64, 128, 256, 128]",Fz,0.003221,0.056752,0.044311,0.996889,0.244408,25.477142,73.296534,326.784183,-0.004520,0.056572
244,"[64, 128, 256, 128]",Torque,0.001716,0.041425,0.033206,0.998220,0.151309,39.838673,37.153373,182.547697,0.005256,0.041090
497,"[64, 128, 256, 256, 128]",Fx,0.002451,0.049504,0.039088,0.997498,0.242865,13.758057,35.243933,154.965009,0.002857,0.049421
497,"[64, 128, 256, 256, 128]",Fy,0.043655,0.208939,0.149611,0.953163,1.325043,97.847794,209.703449,1369.720979,0.000617,0.208938
497,"[64, 128, 256, 256, 128]",Fz,0.003642,0.060351,0.047180,0.996482,0.238235,22.883392,71.680966,266.436478,0.002873,0.060282
497,"[64, 128, 256, 256, 128]",Torque,0.002311,0.048078,0.038575,0.997603,0.195980,110.765884,57.819134,219.608336,0.003341,0.047961
504,"[64, 128, 256, 256, 128]",Fx,0.001529,0.039106,0.029573,0.998439,0.154466,11.126275,30.204210,143.430596,-0.011361,0.037419
504,"[64, 128, 256, 256, 128]",Fy,0.046708,0.216120,0.154158,0.949888,1.498982,130.756241,237.243092,1006.118173,0.000749,0.216119
504,"[64, 128, 256, 256, 128]",Fz,0.002563,0.050629,0.039279,0.997524,0.233098,18.374453,56.245474,223.094060,0.000965,0.050620
504,"[64, 128, 256, 256, 128]",Torque,0.001262,0.035522,0.027033,0.998691,0.210474,27.089869,30.245243,169.963818,-0.003361,0.035363
457,"[128, 256, 512, 256, 128]",Fx,0.002278,0.047725,0.036487,0.997675,0.219341,11.056522,30.217985,121.225927,-0.003956,0.047560
457,"[128, 256, 512, 256, 128]",Fy,0.044922,0.211949,0.151089,0.951803,1.398533,114.275826,223.247847,1454.707435,0.012915,0.211555
457,"[128, 256, 512, 256, 128]",Fz,0.003170,0.056303,0.041650,0.996938,0.284954,21.442099,55.593171,282.756530,-0.009160,0.055553
457,"[128, 256, 512, 256, 128]",Torque,0.001761,0.041967,0.031775,0.998173,0.206176,33.569843,35.719245,209.946599,-0.007994,0.041199
187,"[64, 128, 128, 64]",Fx,0.002095,0.045775,0.036262,0.997861,0.184057,15.003551,45.426305,195.340865,-0.001464,0.045751
187,"[64, 128, 128, 64]",Fy,0.044353,0.210602,0.152030,0.952414,1.326860,94.101044,239.514253,1062.875913,0.021648,0.209487
187,"[64, 128, 128, 64]",Fz,0.003473,0.058936,0.045797,0.996645,0.274441,22.463099,80.635644,365.084272,0.006995,0.058520
187,"[64, 128, 128, 64]",Torque,0.002214,0.047050,0.037583,0.997704,0.182304,116.492256,49.683469,293.404298,0.007238,0.046490
453,"[128, 256, 512, 256, 128]",Fx,0.002460,0.049602,0.038606,0.997488,0.249407,12.702265,34.419074,150.462929,-0.001013,0.049592
453,"[128, 256, 512, 256, 128]",Fy,0.044763,0.211572,0.152257,0.951975,1.203614,110.235023,231.653302,1233.800840,0.010409,0.211316
453,"[128, 256, 512, 256, 128]",Fz,0.003147,0.056097,0.043745,0.996961,0.271640,23.925421,64.891757,342.850621,0.009617,0.055267
453,"[128, 256, 512, 256, 128]",Torque,0.001767,0.042035,0.033654,0.998167,0.171234,44.415642,38.622836,173.034703,0.001892,0.041992
341,"[256, 512, 512, 256]",Fx,0.002278,0.047731,0.036951,0.997674,0.198462,15.810056,39.931158,191.720933,0.001395,0.047711
341,"[256, 512, 512, 256]",Fy,0.044980,0.212086,0.153242,0.951741,1.273390,116.450172,234.863571,1055.970129,0.002722,0.212068
341,"[256, 512, 512, 256]",Fz,0.003121,0.055864,0.043890,0.996986,0.237756,26.751286,79.935363,364.761196,-0.000210,0.055864
341,"[256, 512, 512, 256]",Torque,0.001767,0.042037,0.033924,0.998167,0.142803,70.881668,53.321880,395.308059,-0.006289,0.041564
460,"[128, 256, 512, 256, 128]",Fx,0.002352,0.048498,0.038618,0.997599,0.253320,14.309923,33.000588,200.025604,-0.002376,0.048440
460,"[128, 256, 512, 256, 128]",Fy,0.043863,0.209435,0.150340,0.952940,1.385843,96.450760,227.015430,1032.888716,-0.002005,0.209426
460,"[128, 256, 512, 256, 128]",Fz,0.003718,0.060977,0.046220,0.996409,0.273892,19.281420,71.765012,237.914641,-0.007451,0.060520
460,"[128, 256, 512, 256, 128]",Torque,0.002236,0.047283,0.037568,0.997681,0.195963,80.486557,40.014940,252.388803,0.000998,0.047272
372,"[256, 512, 512, 256]",Fx,0.001370,0.037013,0.029241,0.998601,0.152619,12.429074,28.267349,155.367530,-0.001600,0.036979
372,"[256, 512, 512, 256]",Fy,0.046630,0.215939,0.154321,0.949972,1.261926,103.106186,274.582248,1515.277808,-0.009902,0.215712
372,"[256, 512, 512, 256]",Fz,0.002820,0.053100,0.040800,0.997277,0.266007,23.003828,68.612336,240.810398,-0.006416,0.052711
372,"[256, 512, 512, 256]",Torque,0.001354,0.036793,0.028746,0.998596,0.163585,20.875593,43.985109,185.953767,-0.004847,0.036472
168,"[64, 128, 128, 64]",Fx,0.001948,0.044133,0.033912,0.998012,0.187005,15.312215,44.082095,174.885393,-0.004561,0.043897
168,"[64, 128, 128, 64]",Fy,0.044097,0.209993,0.152404,0.952689,1.218773,106.273613,229.794237,900.964681,-0.007390,0.209863
168,"[64, 128, 128, 64]",Fz,0.003680,0.060667,0.046293,0.996445,0.335059,26.835207,77.903764,277.245153,-0.004776,0.060479
168,"[64, 128, 128, 64]",Torque,0.002477,0.049774,0.038027,0.997430,0.220905,112.996307,49.455284,260.521347,-0.002444,0.049714
175,"[64, 128, 128, 64]",Fx,0.003141,0.056044,0.044514,0.996794,0.295182,13.578777,44.949628,164.020520,-0.005260,0.055797
175,"[64, 128, 128, 64]",Fy,0.042128,0.205250,0.148283,0.954802,1.479747,97.358727,198.287684,1267.873021,0.009651,0.205023
175,"[64, 128, 128, 64]",Fz,0.004473,0.066877,0.049720,0.995680,0.284432,22.020483,77.073586,294.347065,-0.019325,0.064024
175,"[64, 128, 128, 64]",Torque,0.002503,0.050035,0.039062,0.997403,0.225459,45.508381,49.624896,285.595835,-0.006328,0.049633
526,"[64, 128, 256, 256, 128]",Fx,0.001999,0.044710,0.035621,0.997959,0.177553,14.026104,34.331489,130.528432,0.006781,0.044193
526,"[64, 128, 256, 256, 128]",Fy,0.044428,0.210779,0.151124,0.952334,1.413326,88.885170,223.350642,1409.810531,-0.009761,0.210553
526,"[64, 128, 256, 256, 128]",Fz,0.003310,0.057534,0.044565,0.996803,0.274980,24.100277,85.029242,289.105177,-0.006351,0.057182
526,"[64, 128, 256, 256, 128]",Torque,0.002526,0.050255,0.039281,0.997380,0.201268,108.895920,44.394417,342.802983,-0.002743,0.050180
290,"[128, 256, 512, 256]",Fx,0.002086,0.045671,0.035721,0.997871,0.210364,14.381968,34.260993,135.355950,-0.003629,0.045526
290,"[128, 256, 512, 256]",Fy,0.045102,0.212372,0.150193,0.951611,1.587746,129.886154,212.911437,1256.478469,0.002014,0.212362
290,"[128, 256, 512, 256]",Fz,0.003444,0.058684,0.046631,0.996674,0.262551,22.250994,68.285634,296.300047,0.012883,0.057252
290,"[128, 256, 512, 256]",Torque,0.001644,0.040546,0.032048,0.998295,0.177886,33.125137,43.710214,214.046346,0.003064,0.040430
449,"[128, 256, 512, 256, 128]",Fx,0.002921,0.054049,0.043067,0.997018,0.226289,15.250271,32.030466,227.242276,0.004297,0.053878
449,"[128, 256, 512, 256, 128]",Fy,0.042956,0.207258,0.148814,0.953913,1.627721,94.323143,196.576620,1250.525042,0.013727,0.206803
449,"[128, 256, 512, 256, 128]",Fz,0.003835,0.061931,0.049153,0.996296,0.257626,21.733282,65.993663,246.334291,0.008743,0.061311
449,"[128, 256, 512, 256, 128]",Torque,0.002591,0.050903,0.041768,0.997312,0.184599,131.403671,41.250897,220.572669,0.014551,0.048779
171,"[64, 128, 128, 64]",Fx,0.001961,0.044288,0.034431,0.997998,0.182542,14.978838,41.017171,195.276777,-0.007093,0.043716
171,"[64, 128, 128, 64]",Fy,0.045130,0.212439,0.154311,0.951580,1.219491,118.671738,251.649751,1225.000817,0.024093,0.211069
171,"[64, 128, 128, 64]",Fz,0.003449,0.058730,0.045427,0.996669,0.250811,26.653444,68.258089,284.923718,-0.016510,0.056361
171,"[64, 128, 128, 64]",Torque,0.001767,0.042030,0.032851,0.998168,0.165261,35.198769,43.633299,228.866485,-0.004278,0.041812
481,"[64, 128, 256, 256, 128]",Fx,0.001912,0.043731,0.034822,0.998048,0.166752,11.922043,34.227937,140.967999,0.005861,0.043337
481,"[64, 128, 256, 256, 128]",Fy,0.044557,0.211085,0.149812,0.952196,1.240885,99.640259,206.971022,1206.218490,-0.001736,0.211078
481,"[64, 128, 256, 256, 128]",Fz,0.004066,0.063765,0.046392,0.996073,0.345806,22.666891,63.410008,277.059001,-0.012321,0.062563
481,"[64, 128, 256, 256, 128]",Torque,0.001777,0.042157,0.033920,0.998157,0.147922,65.821106,43.652596,221.435461,0.015960,0.039019
547,"[128, 256, 256, 128, 64]",Fx,0.002653,0.051504,0.040153,0.997292,0.218650,14.218496,36.945345,257.295773,-0.006448,0.051098
547,"[128, 256, 256, 128, 64]",Fy,0.043415,0.208362,0.149384,0.953421,1.417561,94.308006,224.942929,1143.120769,-0.000170,0.208362
547,"[128, 256, 256, 128, 64]",Fz,0.003588,0.059896,0.047026,0.996535,0.249302,24.287516,75.487254,319.607323,0.001523,0.059876
547,"[128, 256, 256, 128, 64]",Torque,0.002685,0.051818,0.040531,0.997215,0.243556,52.654301,44.535752,221.435513,-0.001314,0.051802
257,"[64, 128, 256, 128]",Fx,0.002777,0.052694,0.040886,0.997166,0.213997,14.741465,41.617538,220.713694,-0.004211,0.052525
257,"[64, 128, 256, 128]",Fy,0.042872,0.207057,0.149417,0.954003,1.271828,91.270874,217.428708,951.599881,0.004033,0.207017
257,"[64, 128, 256, 128]",Fz,0.004430,0.066556,0.051235,0.995722,0.283945,25.649748,71.708192,336.317634,-0.014920,0.064862
257,"[64, 128, 256, 128]",Torque,0.002297,0.047931,0.037678,0.997617,0.211159,59.695580,51.665724,237.404673,0.002007,0.047889
493,"[64, 128, 256, 256, 128]",Fx,0.002305,0.048010,0.036616,0.997647,0.239782,13.732341,35.124991,145.288022,-0.009275,0.047105
493,"[64, 128, 256, 256, 128]",Fy,0.044136,0.210086,0.150904,0.952647,1.285943,106.545181,232.192407,1542.635266,0.004326,0.210042
493,"[64, 128, 256, 256, 128]",Fz,0.003582,0.059851,0.044544,0.996540,0.324275,20.023829,63.463610,273.502137,-0.010635,0.058898
493,"[64, 128, 256, 256, 128]",Torque,0.002363,0.048607,0.037033,0.997549,0.213545,39.542507,37.994396,214.665294,-0.011730,0.047171
218,"[128, 256, 256, 128]",Fx,0.002814,0.053049,0.042567,0.997127,0.250662,15.094036,42.789581,180.862269,0.009648,0.052164
218,"[128, 256, 256, 128]",Fy,0.042738,0.206731,0.146700,0.954147,1.200184,97.678062,225.297950,1095.949687,-0.008020,0.206575
218,"[128, 256, 256, 128]",Fz,0.004281,0.065429,0.049231,0.995865,0.354719,28.382029,71.648514,306.307647,-0.013601,0.063999
218,"[128, 256, 256, 128]",Torque,0.002561,0.050608,0.040208,0.997344,0.201459,116.183830,50.887498,261.382599,0.006561,0.050181
103,"[256, 512, 256]",Fx,0.002429,0.049285,0.039983,0.997520,0.215553,13.337289,38.756964,159.575697,-0.002716,0.049210
103,"[256, 512, 256]",Fy,0.043524,0.208625,0.150156,0.953303,1.415851,109.621590,207.023432,1345.306707,0.015101,0.208077
103,"[256, 512, 256]",Fz,0.004085,0.063911,0.048820,0.996055,0.271103,22.981483,67.347529,314.398833,-0.008154,0.063389
103,"[256, 512, 256]",Torque,0.002421,0.049205,0.039406,0.997489,0.193405,29.598888,44.655346,242.173575,-0.006990,0.048706
4,"[64, 128, 64]",Fx,0.002695,0.051915,0.040020,0.997249,0.217965,19.451975,53.570590,166.333979,0.013087,0.050238
4,"[64, 128, 64]",Fy,0.043791,0.209264,0.150730,0.953017,1.275486,97.877365,183.423408,772.334375,-0.011169,0.208965
4,"[64, 128, 64]",Fz,0.003507,0.059223,0.045809,0.996612,0.286987,27.132883,70.233619,348.857026,0.002812,0.059156
4,"[64, 128, 64]",Torque,0.002500,0.049999,0.038314,0.997407,0.222868,168.467499,57.513612,287.572417,0.010336,0.048919
463,"[128, 256, 512, 256, 128]",Fx,0.002318,0.048149,0.036121,0.997633,0.255786,12.066820,34.694414,196.282790,-0.007581,0.047549
463,"[128, 256, 512, 256, 128]",Fy,0.043993,0.209744,0.150562,0.952801,1.396553,106.323090,229.463065,1200.561351,0.000209,0.209744
463,"[128, 256, 512, 256, 128]",Fz,0.003601,0.060011,0.045256,0.996522,0.312622,24.627947,74.903142,334.356356,-0.009806,0.059205
463,"[128, 256, 512, 256, 128]",Torque,0.002582,0.050813,0.037872,0.997322,0.216284,37.421745,45.433067,193.086988,-0.008825,0.050040
41,"[64, 128, 64]",Fx,0.002350,0.048473,0.037909,0.997601,0.189671,16.072531,47.274910,170.658662,-0.002776,0.048394
41,"[64, 128, 64]",Fy,0.044062,0.209909,0.153846,0.952727,1.317084,92.806335,249.964410,1051.741380,-0.010403,0.209651
41,"[64, 128, 64]",Fz,0.003702,0.060841,0.046951,0.996425,0.307770,23.685026,72.731470,319.169218,0.000294,0.060840
41,"[64, 128, 64]",Torque,0.002383,0.048814,0.038655,0.997529,0.227138,52.603645,62.242656,330.822449,-0.001507,0.048791
282,"[64, 128, 256, 128]",Fx,0.001533,0.039148,0.030716,0.998435,0.171353,13.924273,35.891346,181.141221,0.001599,0.039116
282,"[64, 128, 256, 128]",Fy,0.046293,0.215158,0.156444,0.950333,1.192034,101.254555,261.922452,1081.532770,-0.010459,0.214904
282,"[64, 128, 256, 128]",Fz,0.003046,0.055194,0.043145,0.997058,0.268809,24.498247,70.257931,249.131500,0.010372,0.054211
282,"[64, 128, 256, 128]",Torque,0.001636,0.040451,0.031949,0.998303,0.162420,80.690071,49.101013,191.738349,0.003160,0.040328
452,"[128, 256, 512, 256, 128]",Fx,0.002644,0.051419,0.039834,0.997301,0.275654,12.491757,30.974402,180.900711,-0.002373,0.051364
452,"[128, 256, 512, 256, 128]",Fy,0.043125,0.207667,0.145550,0.953731,1.237133,118.691818,222.146589,1207.288192,-0.009807,0.207435
452,"[128, 256, 512, 256, 128]",Fz,0.004092,0.063970,0.049326,0.996048,0.307462,20.734804,62.576251,304.208836,-0.002472,0.063922
452,"[128, 256, 512, 256, 128]",Torque,0.002657,0.051547,0.040851,0.997244,0.216131,77.852005,40.973696,214.844573,0.000050,0.051547
5,"[64, 128, 64]",Fx,0.002906,0.053910,0.043084,0.997033,0.184420,14.050879,45.890949,186.230346,0.003820,0.053775
5,"[64, 128, 64]",Fy,0.042688,0.206610,0.149405,0.954201,1.315073,109.898712,188.400701,902.008023,-0.000715,0.206609
5,"[64, 128, 64]",Fz,0.004446,0.066682,0.053597,0.995705,0.267601,23.494564,79.204334,310.221986,0.002222,0.066645
5,"[64, 128, 64]",Torque,0.002533,0.050330,0.040100,0.997373,0.174408,90.219795,47.408397,215.591653,0.008931,0.049531
417,"[64, 128, 256, 128, 64]",Fx,0.001927,0.043901,0.033842,0.998033,0.203239,12.856157,35.388251,175.170407,-0.004024,0.043716
417,"[64, 128, 256, 128, 64]",Fy,0.046719,0.216146,0.154282,0.949876,1.405011,117.313835,239.422988,1122.172456,0.025252,0.214666
417,"[64, 128, 256, 128, 64]",Fz,0.002402,0.049006,0.037953,0.997680,0.215846,22.003876,65.332886,299.447322,0.004477,0.048801
417,"[64, 128, 256, 128, 64]",Torque,0.001547,0.039338,0.030556,0.998395,0.200137,31.497705,29.568841,145.727827,0.000633,0.039333
496,"[64, 128, 256, 256, 128]",Fx,0.002440,0.049392,0.037308,0.997510,0.345639,12.423882,31.812315,146.459237,-0.008208,0.048706
496,"[64, 128, 256, 256, 128]",Fy,0.044823,0.211714,0.151064,0.951910,1.486231,89.994583,218.458891,1226.372766,0.002340,0.211701
496,"[64, 128, 256, 256, 128]",Fz,0.003184,0.056430,0.042865,0.996925,0.268934,20.444860,67.021162,339.789884,-0.009547,0.055616
496,"[64, 128, 256, 256, 128]",Torque,0.002153,0.046401,0.035008,0.997767,0.276674,23.584715,41.537381,198.871214,-0.010283,0.045248
353,"[256, 512, 512, 256]",Fx,0.001623,0.040284,0.032025,0.998343,0.150622,12.691565,35.475587,136.656831,-0.005707,0.039878
353,"[256, 512, 512, 256]",Fy,0.045079,0.212318,0.149500,0.951635,1.550858,122.527863,239.124340,1296.039114,0.005496,0.212247
353,"[256, 512, 512, 256]",Fz,0.004157,0.064477,0.049408,0.995985,0.314608,22.503172,72.849777,415.135740,-0.013037,0.063145
353,"[256, 512, 512, 256]",Torque,0.001756,0.041901,0.032800,0.998179,0.155015,49.089191,39.879187,238.078057,-0.007401,0.041242
2,"[64, 128, 64]",Fx,0.002408,0.049067,0.039007,0.997542,0.189632,16.822927,51.457809,192.901024,0.010345,0.047964
2,"[64, 128, 64]",Fy,0.043574,0.208743,0.152940,0.953250,1.367240,109.674980,213.550639,1266.744275,0.010099,0.208498
2,"[64, 128, 64]",Fz,0.004510,0.067156,0.053456,0.995644,0.250404,25.213911,93.635218,357.938382,-0.005887,0.066898
2,"[64, 128, 64]",Torque,0.002176,0.046651,0.036457,0.997743,0.177113,83.372726,51.576122,234.809591,-0.004381,0.046445
552,"[128, 256, 256, 128, 64]",Fx,0.002075,0.045555,0.034181,0.997882,0.229602,10.696751,26.766971,122.834800,-0.013485,0.043514
552,"[128, 256, 256, 128, 64]",Fy,0.045549,0.213423,0.151374,0.951131,1.405663,110.690948,223.031992,1248.851364,-0.000529,0.213422
552,"[128, 256, 256, 128, 64]",Fz,0.003152,0.056143,0.041069,0.996956,0.276892,23.370163,60.815305,218.467457,-0.012055,0.054834
552,"[128, 256, 256, 128, 64]",Torque,0.001921,0.043825,0.032661,0.998008,0.207295,27.398649,35.796003,144.613228,-0.014851,0.041232
1,"[64, 128, 64]",Fx,0.002343,0.048407,0.038695,0.997608,0.178401,12.128266,36.010001,163.662703,-0.003880,0.048252
1,"[64, 128, 64]",Fy,0.044560,0.211093,0.152061,0.952192,1.397788,149.570328,215.971799,1235.819038,0.018791,0.210255
1,"[64, 128, 64]",Fz,0.003906,0.062495,0.048162,0.996228,0.247335,25.427925,74.598312,308.972485,-0.011882,0.061355
1,"[64, 128, 64]",Torque,0.001891,0.043480,0.033571,0.998039,0.155757,66.086815,44.271706,197.801566,-0.009406,0.042451
408,"[64, 128, 256, 128, 64]",Fx,0.001885,0.043419,0.033831,0.998076,0.212737,15.409939,39.310158,132.342082,-0.000385,0.043417
408,"[64, 128, 256, 128, 64]",Fy,0.045393,0.213056,0.154280,0.951299,1.112871,114.050629,236.551227,1214.146317,-0.007651,0.212918
408,"[64, 128, 256, 128, 64]",Fz,0.003399,0.058301,0.045102,0.996717,0.268398,27.810186,68.038935,284.487384,0.004743,0.058108
408,"[64, 128, 256, 128, 64]",Torque,0.002087,0.045685,0.034919,0.997835,0.212046,34.934689,49.988876,378.538615,-0.004732,0.045440
434,"[128, 256, 512, 256, 128]",Fx,0.001993,0.044641,0.034583,0.997966,0.296091,14.456565,37.687107,165.167339,-0.004390,0.044424
434,"[128, 256, 512, 256, 128]",Fy,0.044521,0.211000,0.151551,0.952234,1.520701,104.535599,213.786538,992.070601,0.022524,0.209794
434,"[128, 256, 512, 256, 128]",Fz,0.004753,0.068940,0.053691,0.995410,0.319063,22.780571,62.675990,240.820793,-0.001098,0.068931
434,"[128, 256, 512, 256, 128]",Torque,0.001512,0.038887,0.029837,0.998432,0.149655,80.085213,44.820163,217.696903,-0.001215,0.038868
367,"[256, 512, 512, 256]",Fx,0.001763,0.041988,0.033404,0.998200,0.178936,10.898507,33.763211,141.812130,-0.005787,0.041587
367,"[256, 512, 512, 256]",Fy,0.046061,0.214619,0.152566,0.950582,1.468583,116.902184,220.745527,1399.392245,-0.010346,0.214369
367,"[256, 512, 512, 256]",Fz,0.003270,0.057187,0.042731,0.996841,0.252984,18.435753,59.667951,280.632964,-0.013001,0.055689
367,"[256, 512, 512, 256]",Torque,0.001728,0.041573,0.032528,0.998207,0.188424,25.744770,41.574265,147.965614,-0.008357,0.040724
456,"[128, 256, 512, 256, 128]",Fx,0.001605,0.040067,0.031405,0.998361,0.157444,12.575744,30.107126,117.174956,0.005900,0.039630
456,"[128, 256, 512, 256, 128]",Fy,0.045957,0.214376,0.151402,0.950693,1.988920,102.769897,262.790112,1197.911547,-0.006443,0.214279
456,"[128, 256, 512, 256, 128]",Fz,0.003475,0.058945,0.044928,0.996644,0.233676,18.924086,66.444817,233.111953,-0.019988,0.055453
456,"[128, 256, 512, 256, 128]",Torque,0.001805,0.042491,0.033776,0.998127,0.164333,18.557123,41.826434,203.070324,0.001886,0.042449
396,"[64, 128, 256, 128, 64]",Fx,0.001693,0.041147,0.032201,0.998272,0.190037,11.407394,28.330655,132.891866,-0.002108,0.041092
396,"[64, 128, 256, 128, 64]",Fy,0.046789,0.216307,0.154340,0.949801,1.409022,91.597794,225.329158,1199.705665,0.005319,0.216241
396,"[64, 128, 256, 128, 64]",Fz,0.002810,0.053013,0.040198,0.997286,0.273263,20.857826,60.498536,201.877441,-0.006025,0.052669
396,"[64, 128, 256, 128, 64]",Torque,0.001587,0.039841,0.031313,0.998354,0.173049,67.963242,39.346255,174.969972,-0.001878,0.039797
409,"[64, 128, 256, 128, 64]",Fx,0.002803,0.052946,0.041074,0.997138,0.323733,14.621151,35.521016,181.897314,0.005527,0.052657
409,"[64, 128, 256, 128, 64]",Fy,0.044019,0.209807,0.149123,0.952773,1.382016,119.401085,222.346759,1048.944868,0.017445,0.209080
409,"[64, 128, 256, 128, 64]",Fz,0.003527,0.059387,0.045467,0.996594,0.302466,24.902800,63.247441,262.125739,0.001009,0.059379
409,"[64, 128, 256, 128, 64]",Torque,0.002538,0.050381,0.039472,0.997367,0.224285,77.705849,48.247497,189.130489,0.008032,0.049737
375,"[256, 512, 512, 256]",Fx,0.001362,0.036904,0.029498,0.998610,0.164343,12.041460,28.384247,88.357936,0.001503,0.036874
375,"[256, 512, 512, 256]",Fy,0.047380,0.217671,0.154174,0.949166,1.562790,134.536789,230.968011,1323.308540,-0.011212,0.217382
375,"[256, 512, 512, 256]",Fz,0.002872,0.053595,0.041001,0.997226,0.280102,22.910698,70.419338,263.826658,-0.005780,0.053283
375,"[256, 512, 512, 256]",Torque,0.001284,0.035831,0.028079,0.998668,0.184478,18.473650,35.552703,166.752372,-0.001951,0.035777
220,"[128, 256, 256, 128]",Fx,0.002467,0.049666,0.039747,0.997482,0.214734,13.554872,31.453240,161.857346,0.003079,0.049570
220,"[128, 256, 256, 128]",Fy,0.044603,0.211193,0.151822,0.952146,1.648250,120.424286,223.668829,1205.922788,0.015054,0.210656
220,"[128, 256, 256, 128]",Fz,0.003703,0.060852,0.046424,0.996424,0.276022,23.732536,68.297771,288.594273,-0.011172,0.059818
220,"[128, 256, 256, 128]",Torque,0.002146,0.046327,0.036806,0.997774,0.202638,48.804741,41.279139,201.928651,-0.000713,0.046322
191,"[64, 128, 128, 64]",Fx,0.003152,0.056147,0.044299,0.996782,0.209895,17.362209,48.411441,167.465329,-0.005344,0.055892
191,"[64, 128, 128, 64]",Fy,0.042223,0.205482,0.146877,0.954700,1.313853,116.098564,220.349841,1194.805338,-0.024981,0.203958
191,"[64, 128, 128, 64]",Fz,0.004503,0.067104,0.052152,0.995651,0.289557,31.136377,80.638628,405.289082,-0.011492,0.066113
191,"[64, 128, 128, 64]",Torque,0.003077,0.055471,0.043495,0.996808,0.218946,59.200554,64.667720,249.060598,0.003492,0.055361
445,"[128, 256, 512, 256, 128]",Fx,0.002252,0.047460,0.038110,0.997701,0.240778,13.032681,34.400841,206.643955,-0.003634,0.047321
445,"[128, 256, 512, 256, 128]",Fy,0.044368,0.210636,0.149007,0.952399,1.617977,104.056595,209.204048,1128.377332,-0.003374,0.210609
445,"[128, 256, 512, 256, 128]",Fz,0.004099,0.064023,0.051000,0.996041,0.242553,21.713346,67.107945,232.238002,-0.000232,0.064023
445,"[128, 256, 512, 256, 128]",Torque,0.002251,0.047443,0.038363,0.997665,0.190861,63.645378,46.212498,201.614205,-0.002441,0.047380
415,"[64, 128, 256, 128, 64]",Fx,0.002243,0.047362,0.036747,0.997710,0.237265,13.552269,38.934942,190.125227,-0.012786,0.045604
415,"[64, 128, 256, 128, 64]",Fy,0.044971,0.212064,0.151501,0.951751,1.476395,99.441353,242.217996,1052.796829,-0.004917,0.212007
415,"[64, 128, 256, 128, 64]",Fz,0.003897,0.062426,0.047386,0.996236,0.294673,25.739347,63.958042,300.687997,-0.011762,0.061308
415,"[64, 128, 256, 128, 64]",Torque,0.001876,0.043311,0.034198,0.998054,0.190870,80.012520,49.837049,227.320938,-0.007476,0.042661
254,"[64, 128, 256, 128]",Fx,0.002754,0.052475,0.042318,0.997189,0.232510,13.647667,37.711181,177.668761,-0.000153,0.052475
254,"[64, 128, 256, 128]",Fy,0.043084,0.207566,0.148542,0.953776,1.483349,97.128090,211.623820,1514.176249,0.004864,0.207509
254,"[64, 128, 256, 128]",Fz,0.004692,0.068501,0.052950,0.995468,0.290192,21.542662,73.086971,265.199649,-0.002330,0.068461
254,"[64, 128, 256, 128]",Torque,0.002460,0.049599,0.040242,0.997448,0.181266,51.509178,45.498394,190.443507,0.001754,0.049568
319,"[128, 256, 512, 256]",Fx,0.002151,0.046384,0.036924,0.997804,0.179982,12.334554,31.096349,170.326500,0.000935,0.046375
319,"[128, 256, 512, 256]",Fy,0.045538,0.213396,0.152929,0.951143,1.323520,126.020050,223.293375,1324.125485,-0.007232,0.213273
319,"[128, 256, 512, 256]",Fz,0.003086,0.055552,0.041652,0.997019,0.298623,22.039125,66.975159,304.149309,-0.005484,0.055280
319,"[128, 256, 512, 256]",Torque,0.002222,0.047140,0.037949,0.997695,0.166605,35.299534,42.992868,208.382773,-0.000722,0.047135
205,"[128, 256, 256, 128]",Fx,0.002446,0.049458,0.039577,0.997503,0.245626,13.708203,34.495811,182.867863,-0.002998,0.049367
205,"[128, 256, 256, 128]",Fy,0.044935,0.211979,0.150254,0.951790,1.479789,122.594185,223.434845,1312.817893,0.015150,0.211437
205,"[128, 256, 256, 128]",Fz,0.003066,0.055374,0.042116,0.997038,0.238935,21.377897,72.302578,323.818191,-0.004557,0.055186
205,"[128, 256, 256, 128]",Torque,0.002563,0.050623,0.039064,0.997342,0.232670,44.396584,39.912746,181.398796,-0.011295,0.049347
260,"[64, 128, 256, 128]",Fx,0.002570,0.050699,0.038936,0.997376,0.189375,13.929579,39.100363,164.554416,-0.001268,0.050684
260,"[64, 128, 256, 128]",Fy,0.044414,0.210746,0.153923,0.952349,1.233057,123.216934,226.982470,1144.824365,-0.020644,0.209733
260,"[64, 128, 256, 128]",Fz,0.004137,0.064321,0.049435,0.996004,0.248840,22.594303,68.958104,261.558035,-0.010044,0.063532
260,"[64, 128, 256, 128]",Torque,0.001919,0.043806,0.035065,0.998010,0.157277,46.445019,43.616308,232.535932,0.000667,0.043801
437,"[128, 256, 512, 256, 128]",Fx,0.002622,0.051206,0.039187,0.997323,0.247115,13.036737,29.790365,131.447088,0.000688,0.051202
437,"[128, 256, 512, 256, 128]",Fy,0.044799,0.211658,0.150274,0.951935,1.594778,111.087151,199.553586,1207.277333,0.002272,0.211646
437,"[128, 256, 512, 256, 128]",Fz,0.003486,0.059045,0.046474,0.996633,0.274904,25.654177,59.255007,364.295978,0.003299,0.058953
437,"[128, 256, 512, 256, 128]",Torque,0.002144,0.046301,0.036301,0.997776,0.188728,73.706879,47.963573,202.992719,0.004846,0.046047
256,"[64, 128, 256, 128]",Fx,0.003164,0.056253,0.044440,0.996770,0.225799,15.181025,36.461787,181.826307,-0.001165,0.056241
256,"[64, 128, 256, 128]",Fy,0.043598,0.208802,0.151996,0.953224,1.290198,122.734711,222.636079,1500.582921,0.020663,0.207777
256,"[64, 128, 256, 128]",Fz,0.003452,0.058756,0.045407,0.996666,0.281848,23.361143,60.588914,310.453471,-0.000835,0.058750
256,"[64, 128, 256, 128]",Torque,0.002868,0.053556,0.043142,0.997025,0.226564,67.106842,52.309919,214.704659,0.009572,0.052694
271,"[64, 128, 256, 128]",Fx,0.002757,0.052503,0.040391,0.997186,0.226959,15.915705,43.839108,206.755611,-0.006055,0.052152
271,"[64, 128, 256, 128]",Fy,0.044163,0.210151,0.150454,0.952618,1.283285,93.636612,231.355424,899.112145,0.023416,0.208842
271,"[64, 128, 256, 128]",Fz,0.003717,0.060971,0.045432,0.996409,0.261991,20.100153,69.876604,311.880308,-0.009689,0.060196
271,"[64, 128, 256, 128]",Torque,0.002452,0.049517,0.039153,0.997457,0.213024,77.053215,50.805993,292.915450,-0.004722,0.049291
289,"[128, 256, 512, 256]",Fx,0.002511,0.050111,0.040741,0.997437,0.208143,16.481598,43.374913,147.884999,0.017238,0.047052
289,"[128, 256, 512, 256]",Fy,0.044638,0.211277,0.149601,0.952109,1.465036,92.308136,208.513928,1336.552585,0.006608,0.211173
289,"[128, 256, 512, 256]",Fz,0.003792,0.061579,0.048639,0.996338,0.258718,27.436453,82.324889,310.527171,0.034378,0.051089
289,"[128, 256, 512, 256]",Torque,0.002167,0.046549,0.037338,0.997752,0.184088,103.468727,44.551090,270.475334,0.012982,0.044703
461,"[128, 256, 512, 256, 128]",Fx,0.002590,0.050895,0.039742,0.997356,0.278931,12.908509,34.336480,152.054237,0.003200,0.050795
461,"[128, 256, 512, 256, 128]",Fy,0.045001,0.212135,0.149117,0.951719,1.750747,112.203751,216.953478,1127.326505,-0.008335,0.211971
461,"[128, 256, 512, 256, 128]",Fz,0.003136,0.056002,0.043957,0.996971,0.250278,23.320839,65.739926,198.475043,0.005893,0.055691
461,"[128, 256, 512, 256, 128]",Torque,0.002380,0.048790,0.039226,0.997531,0.168872,89.264862,54.778039,242.734158,0.013108,0.046996
464,"[128, 256, 512, 256, 128]",Fx,0.002510,0.050105,0.038421,0.997437,0.247966,11.709824,31.401304,172.876969,-0.005472,0.049805
464,"[128, 256, 512, 256, 128]",Fy,0.045224,0.212658,0.151038,0.951480,1.709157,112.557137,255.722010,1266.836390,0.018163,0.211881
464,"[128, 256, 512, 256, 128]",Fz,0.003436,0.058613,0.045018,0.996682,0.329447,20.442787,51.732245,234.670908,-0.006188,0.058286
464,"[128, 256, 512, 256, 128]",Torque,0.001957,0.044242,0.034209,0.997970,0.193769,47.714287,40.034692,246.502419,-0.007383,0.043622
412,"[64, 128, 256, 128, 64]",Fx,0.002932,0.054146,0.041762,0.997007,0.286188,14.205469,43.421852,227.478007,-0.002546,0.054086
412,"[64, 128, 256, 128, 64]",Fy,0.043064,0.207519,0.150875,0.953797,1.331421,105.364586,202.747289,1233.198628,-0.007995,0.207365
412,"[64, 128, 256, 128, 64]",Fz,0.004375,0.066143,0.050703,0.995775,0.361126,25.291769,80.657555,303.926637,0.001087,0.066134
412,"[64, 128, 256, 128, 64]",Torque,0.002795,0.052863,0.039731,0.997101,0.266086,56.138477,48.074492,197.825291,-0.006438,0.052470
446,"[128, 256, 512, 256, 128]",Fx,0.002414,0.049130,0.037511,0.997536,0.250619,15.277987,36.757839,144.957538,-0.000892,0.049122
446,"[128, 256, 512, 256, 128]",Fy,0.045427,0.213135,0.152352,0.951262,1.403658,97.756218,238.123862,1178.230220,-0.024068,0.211772
446,"[128, 256, 512, 256, 128]",Fz,0.003345,0.057833,0.044076,0.996770,0.266943,23.540958,74.429925,272.402904,0.004197,0.057681
446,"[128, 256, 512, 256, 128]",Torque,0.002021,0.044960,0.035700,0.997903,0.157460,49.327583,55.507524,323.155950,0.004491,0.044735
101,"[256, 512, 256]",Fx,0.003083,0.055527,0.044009,0.996853,0.207018,13.988515,34.523095,165.616118,-0.013548,0.053849
101,"[256, 512, 256]",Fy,0.042689,0.206614,0.148475,0.954199,1.418962,111.437935,213.196224,1028.487214,0.011735,0.206281
101,"[256, 512, 256]",Fz,0.004659,0.068253,0.052277,0.995501,0.335170,26.598047,68.454593,336.130520,-0.015690,0.066426
101,"[256, 512, 256]",Torque,0.002782,0.052746,0.041252,0.997114,0.201926,32.295586,42.290086,194.410045,-0.009251,0.051929
568,"[128, 256, 256, 128, 64]",Fx,0.002297,0.047924,0.037031,0.997655,0.240139,13.935804,37.447667,196.352286,-0.001730,0.047893
568,"[128, 256, 256, 128, 64]",Fy,0.044373,0.210650,0.151947,0.952392,1.445389,102.180588,227.516965,1265.625985,0.015282,0.210095
568,"[128, 256, 256, 128, 64]",Fz,0.004254,0.065226,0.052269,0.995891,0.224429,27.278412,74.625518,287.957622,0.015237,0.063421
568,"[128, 256, 256, 128, 64]",Torque,0.002342,0.048395,0.038141,0.997571,0.237805,102.160614,48.012710,201.471058,0.006491,0.047958
44,"[64, 128, 64]",Fx,0.002216,0.047079,0.038601,0.997737,0.179951,16.802586,46.554324,152.288701,0.016726,0.044008
44,"[64, 128, 64]",Fy,0.044617,0.211226,0.153802,0.952131,1.233767,83.532051,219.803545,1097.580092,-0.007391,0.211097
44,"[64, 128, 64]",Fz,0.003512,0.059262,0.045162,0.996608,0.346559,22.031538,76.287384,271.317558,-0.006117,0.058945
44,"[64, 128, 64]",Torque,0.002957,0.054382,0.044655,0.996933,0.219670,105.381630,61.455246,343.946241,0.029846,0.045460
211,"[128, 256, 256, 128]",Fx,0.003289,0.057346,0.045000,0.996643,0.259313,12.678123,35.002604,159.508529,0.002063,0.057309
211,"[128, 256, 256, 128]",Fy,0.043653,0.208933,0.150181,0.953165,1.160122,113.926521,201.813466,1499.392986,0.010768,0.208655
211,"[128, 256, 256, 128]",Fz,0.003629,0.060245,0.047726,0.996495,0.270214,24.765299,65.704006,284.495734,0.001696,0.060221
211,"[128, 256, 256, 128]",Torque,0.002747,0.052407,0.041155,0.997151,0.226196,51.314430,37.008789,219.041792,0.001693,0.052380
183,"[64, 128, 128, 64]",Fx,0.002209,0.047000,0.036738,0.997745,0.208122,13.586046,39.172294,131.881898,-0.001098,0.046987
183,"[64, 128, 128, 64]",Fy,0.045065,0.212286,0.153207,0.951650,1.257945,100.710869,241.463001,1100.973061,0.003103,0.212264
183,"[64, 128, 128, 64]",Fz,0.003658,0.060483,0.047435,0.996467,0.273163,24.775955,73.651867,271.937520,0.006959,0.060082
183,"[64, 128, 128, 64]",Torque,0.002399,0.048982,0.039297,0.997512,0.201557,55.189774,50.103361,222.428343,0.009669,0.048018
169,"[64, 128, 128, 64]",Fx,0.002871,0.053577,0.043180,0.997070,0.231412,16.023867,44.489317,196.822001,0.001653,0.053552
169,"[64, 128, 128, 64]",Fy,0.043982,0.209718,0.150699,0.952813,1.219957,87.505898,215.105090,1046.162365,0.010712,0.209444
169,"[64, 128, 128, 64]",Fz,0.003957,0.062908,0.048286,0.996178,0.295235,27.322109,80.484877,304.425660,-0.002262,0.062868
169,"[64, 128, 128, 64]",Torque,0.002530,0.050300,0.039887,0.997376,0.205765,78.522408,52.546351,261.583050,-0.003437,0.050182
421,"[64, 128, 256, 128, 64]",Fx,0.002340,0.048373,0.036948,0.997611,0.206450,14.548964,40.494534,172.192030,-0.002325,0.048318
421,"[64, 128, 256, 128, 64]",Fy,0.045072,0.212302,0.153257,0.951642,1.244923,93.482544,233.376323,1090.741114,-0.010687,0.212033
421,"[64, 128, 256, 128, 64]",Fz,0.003741,0.061161,0.047901,0.996387,0.226625,26.074579,78.536108,329.259571,0.012422,0.059886
421,"[64, 128, 256, 128, 64]",Torque,0.002200,0.046907,0.036900,0.997718,0.177348,133.991470,47.393054,272.766072,0.004717,0.046669
55,"[128, 256, 128]",Fx,0.002391,0.048898,0.037845,0.997559,0.214529,13.609115,37.433461,164.155821,-0.001782,0.048866
55,"[128, 256, 128]",Fy,0.045128,0.212434,0.151760,0.951582,1.642911,102.764748,216.203884,1357.331516,-0.011076,0.212145
55,"[128, 256, 128]",Fz,0.003588,0.059898,0.045867,0.996535,0.270690,22.351561,68.573798,263.088116,-0.007723,0.059398
55,"[128, 256, 128]",Torque,0.002258,0.047516,0.035715,0.997658,0.223168,41.126186,38.595662,189.198340,-0.004603,0.047292
525,"[64, 128, 256, 256, 128]",Fx,0.002275,0.047696,0.037654,0.997678,0.168548,11.426139,31.458192,126.005421,-0.002671,0.047621
525,"[64, 128, 256, 256, 128]",Fy,0.046250,0.215059,0.152777,0.950379,1.190397,129.736816,230.540758,1184.147603,0.000556,0.215058
525,"[64, 128, 256, 256, 128]",Fz,0.002842,0.053307,0.039770,0.997255,0.242844,19.149397,68.697384,381.042098,-0.011873,0.051968
525,"[64, 128, 256, 256, 128]",Torque,0.002036,0.045121,0.035589,0.997888,0.165890,48.035351,44.977552,209.847903,-0.001433,0.045098
505,"[64, 128, 256, 256, 128]",Fx,0.002110,0.045938,0.036246,0.997846,0.177480,16.595743,40.533199,208.393498,0.004242,0.045741
505,"[64, 128, 256, 256, 128]",Fy,0.044868,0.211821,0.154290,0.951861,1.155415,86.403648,211.701621,1391.187866,-0.010920,0.211540
505,"[64, 128, 256, 256, 128]",Fz,0.003862,0.062149,0.048197,0.996269,0.268618,26.528450,92.149755,339.099505,0.006184,0.061840
505,"[64, 128, 256, 256, 128]",Torque,0.002565,0.050641,0.038890,0.997340,0.204101,58.390007,58.158311,359.082579,0.005039,0.050390
439,"[128, 256, 512, 256, 128]",Fx,0.002448,0.049481,0.038361,0.997501,0.240551,12.782567,36.443382,138.166983,-0.000464,0.049479
439,"[128, 256, 512, 256, 128]",Fy,0.045147,0.212479,0.153861,0.951562,1.324612,100.507530,207.594183,1154.462268,-0.018462,0.211675
439,"[128, 256, 512, 256, 128]",Fz,0.003536,0.059467,0.046055,0.996585,0.270917,25.620592,74.597242,285.811399,0.007235,0.059025
439,"[128, 256, 512, 256, 128]",Torque,0.002280,0.047745,0.036856,0.997636,0.214870,78.910553,43.215623,240.486032,0.002346,0.047687
148,"[64, 128, 128, 64]",Fx,0.003505,0.059201,0.044832,0.996422,0.223570,16.313013,40.319387,211.566312,-0.012299,0.057910
148,"[64, 128, 128, 64]",Fy,0.043571,0.208737,0.149482,0.953253,1.488153,111.297256,225.866399,1013.487049,-0.003122,0.208713
148,"[64, 128, 128, 64]",Fz,0.003449,0.058731,0.044153,0.996669,0.229712,26.271763,73.463299,343.011340,-0.022587,0.054213
148,"[64, 128, 128, 64]",Torque,0.002888,0.053742,0.041319,0.997004,0.189365,52.638020,61.543507,240.429324,-0.012496,0.052269
540,"[128, 256, 256, 128, 64]",Fx,0.001720,0.041470,0.032354,0.998244,0.198881,12.455938,40.612294,165.711237,-0.014759,0.038755
540,"[128, 256, 256, 128, 64]",Fy,0.046680,0.216055,0.152516,0.949918,1.346407,124.819649,240.649389,1317.079933,-0.010003,0.215823
540,"[128, 256, 256, 128, 64]",Fz,0.002973,0.054529,0.041616,0.997128,0.271521,20.670416,75.057185,275.221339,-0.017537,0.051632
540,"[128, 256, 256, 128, 64]",Torque,0.002067,0.045468,0.035943,0.997856,0.188183,46.042034,47.840641,295.635574,-0.018358,0.041597
509,"[64, 128, 256, 256, 128]",Fx,0.003446,0.058706,0.044036,0.996482,0.279172,15.117765,37.915904,169.863795,-0.008948,0.058020
509,"[64, 128, 256, 256, 128]",Fy,0.044044,0.209866,0.150434,0.952746,1.111551,110.219864,240.667693,1440.017812,0.004234,0.209824
509,"[64, 128, 256, 256, 128]",Fz,0.003417,0.058457,0.044315,0.996700,0.281666,20.480732,59.795627,284.374523,-0.003714,0.058339
509,"[64, 128, 256, 256, 128]",Torque,0.002552,0.050522,0.037693,0.997353,0.239447,44.995434,46.945051,198.338051,-0.015620,0.048046
511,"[64, 128, 256, 256, 128]",Fx,0.002928,0.054109,0.041536,0.997011,0.316250,12.889703,30.666099,125.898161,-0.003240,0.054012
511,"[64, 128, 256, 256, 128]",Fy,0.045229,0.212672,0.151128,0.951474,1.708347,87.031197,203.011508,1124.139563,-0.016939,0.211996
511,"[64, 128, 256, 256, 128]",Fz,0.003085,0.055546,0.042614,0.997020,0.251120,18.208906,64.731292,241.308854,0.002093,0.055506
511,"[64, 128, 256, 256, 128]",Torque,0.002233,0.047250,0.037335,0.997684,0.211502,50.595432,42.132923,180.502532,0.013033,0.045417
458,"[128, 256, 512, 256, 128]",Fx,0.002657,0.051548,0.039772,0.997288,0.276636,16.754589,37.605824,213.356762,-0.000539,0.051545
458,"[128, 256, 512, 256, 128]",Fy,0.044271,0.210407,0.150609,0.952502,1.201255,99.521973,230.313511,1360.259424,0.013013,0.210004
458,"[128, 256, 512, 256, 128]",Fz,0.004367,0.066085,0.051476,0.995782,0.285928,21.655910,64.066354,258.271150,-0.000485,0.066083
458,"[128, 256, 512, 256, 128]",Torque,0.002195,0.046855,0.035999,0.997723,0.207864,58.873074,49.372237,170.658061,0.002202,0.046804
7,"[64, 128, 64]",Fx,0.002813,0.053037,0.040128,0.997129,0.261260,16.473280,40.643976,146.519622,-0.006537,0.052632
7,"[64, 128, 64]",Fy,0.044017,0.209803,0.154110,0.952774,1.502536,101.037308,210.602864,1166.380989,0.008034,0.209649
7,"[64, 128, 64]",Fz,0.004455,0.066746,0.049677,0.995697,0.355781,28.915777,72.006012,332.868405,-0.013099,0.065448
7,"[64, 128, 64]",Torque,0.002279,0.047741,0.036503,0.997636,0.254237,73.175674,50.064974,313.732440,-0.007205,0.047195
223,"[128, 256, 256, 128]",Fx,0.002506,0.050061,0.040011,0.997442,0.174855,14.878129,38.666178,191.001171,-0.006744,0.049604
223,"[128, 256, 256, 128]",Fy,0.044785,0.211625,0.151610,0.951951,1.314803,112.249672,252.524907,1376.037800,0.004159,0.211584
223,"[128, 256, 256, 128]",Fz,0.003915,0.062572,0.048204,0.996219,0.307711,23.738518,70.683308,294.390475,-0.002445,0.062524
223,"[128, 256, 256, 128]",Torque,0.002387,0.048860,0.039535,0.997524,0.195015,34.665051,39.497330,195.623834,-0.001149,0.048846
407,"[64, 128, 256, 128, 64]",Fx,0.003306,0.057500,0.044747,0.996625,0.270757,19.157896,49.123592,289.422579,-0.011507,0.056336
407,"[64, 128, 256, 128, 64]",Fy,0.043575,0.208747,0.150102,0.953249,1.429471,84.782524,201.067858,1194.507635,0.000188,0.208746
407,"[64, 128, 256, 128, 64]",Fz,0.004054,0.063675,0.049587,0.996084,0.264774,20.652622,65.440719,233.359274,0.007567,0.063224
407,"[64, 128, 256, 128, 64]",Torque,0.002696,0.051924,0.040614,0.997204,0.189068,89.070312,63.135374,299.020971,-0.001873,0.051890
500,"[64, 128, 256, 256, 128]",Fx,0.002433,0.049324,0.038643,0.997517,0.268664,13.394004,37.762738,151.345931,0.009491,0.048402
500,"[64, 128, 256, 256, 128]",Fy,0.045318,0.212880,0.151679,0.951379,1.305117,126.110588,200.319107,1119.536189,-0.007675,0.212741
500,"[64, 128, 256, 256, 128]",Fz,0.003785,0.061519,0.047863,0.996345,0.267521,21.684103,60.832751,286.740392,0.004572,0.061349
500,"[64, 128, 256, 256, 128]",Torque,0.002119,0.046036,0.036448,0.997802,0.228166,83.789711,46.915865,261.331307,0.007805,0.045370
181,"[64, 128, 128, 64]",Fx,0.002485,0.049849,0.038916,0.997463,0.242793,14.968432,46.152663,152.425768,-0.000193,0.049849
181,"[64, 128, 128, 64]",Fy,0.045100,0.212368,0.154768,0.951612,1.311966,87.148331,238.871204,1004.587884,-0.001918,0.212360
181,"[64, 128, 128, 64]",Fz,0.003857,0.062102,0.048726,0.996275,0.263207,25.333883,70.335493,383.495101,0.009862,0.061314
181,"[64, 128, 128, 64]",Torque,0.002219,0.047109,0.037000,0.997698,0.191018,77.464645,47.696691,300.042376,0.001976,0.047067
186,"[64, 128, 128, 64]",Fx,0.001649,0.040609,0.032200,0.998317,0.240588,13.635555,39.021506,244.400346,0.008575,0.039694
186,"[64, 128, 128, 64]",Fy,0.047012,0.216822,0.157682,0.949562,1.334651,124.141464,251.296918,1254.929874,0.015293,0.216282
186,"[64, 128, 128, 64]",Fz,0.003104,0.055713,0.042710,0.997002,0.230262,27.746223,68.876946,278.497441,-0.001176,0.055701
186,"[64, 128, 128, 64]",Torque,0.001904,0.043634,0.035049,0.998025,0.159221,88.372536,57.813343,236.713090,0.011564,0.042074
180,"[64, 128, 128, 64]",Fx,0.001999,0.044714,0.035179,0.997959,0.214762,15.459286,41.853019,247.513235,0.004744,0.044461
180,"[64, 128, 128, 64]",Fy,0.045798,0.214004,0.154959,0.950864,1.208054,113.842705,220.612875,1403.501990,-0.000554,0.214003
180,"[64, 128, 128, 64]",Fz,0.003805,0.061688,0.047631,0.996325,0.262490,26.633791,78.104394,278.414226,0.001496,0.061670
180,"[64, 128, 128, 64]",Torque,0.002108,0.045908,0.036171,0.997814,0.191425,54.494614,55.383870,247.740041,0.002128,0.045859
397,"[64, 128, 256, 128, 64]",Fx,0.003112,0.055787,0.043702,0.996823,0.229963,20.222990,47.690486,177.981754,-0.001661,0.055762
397,"[64, 128, 256, 128, 64]",Fy,0.045117,0.212409,0.154481,0.951594,1.438226,98.798805,217.610625,1157.594335,0.010329,0.212157
397,"[64, 128, 256, 128, 64]",Fz,0.003431,0.058575,0.045483,0.996686,0.283234,21.455832,68.433261,307.500159,0.000334,0.058574
397,"[64, 128, 256, 128, 64]",Torque,0.002113,0.045967,0.036333,0.997808,0.164880,69.692398,46.487811,258.283479,-0.000724,0.045962
269,"[64, 128, 256, 128]",Fx,0.003154,0.056165,0.046108,0.996780,0.166437,15.306261,41.110306,167.641710,0.013726,0.054462
269,"[64, 128, 256, 128]",Fy,0.043200,0.207847,0.151165,0.953651,1.256783,105.239777,228.077066,1290.596591,0.017809,0.207083
269,"[64, 128, 256, 128]",Fz,0.004136,0.064312,0.050153,0.996005,0.299815,25.968872,71.093872,336.770216,0.007821,0.063835
269,"[64, 128, 256, 128]",Torque,0.003296,0.057413,0.047644,0.996581,0.175885,63.016785,49.285668,230.702209,0.012972,0.055929
167,"[64, 128, 128, 64]",Fx,0.003105,0.055727,0.042959,0.996830,0.249576,20.848751,57.719584,223.889806,-0.000534,0.055724
167,"[64, 128, 128, 64]",Fy,0.044060,0.209906,0.151293,0.952728,1.327380,100.674416,203.545713,1207.815870,0.011980,0.209564
167,"[64, 128, 128, 64]",Fz,0.004128,0.064247,0.047724,0.996013,0.288987,21.429855,72.327843,269.555007,-0.003262,0.064164
167,"[64, 128, 128, 64]",Torque,0.002522,0.050221,0.039238,0.997384,0.192935,109.941689,54.772150,390.565050,0.000273,0.050220
305,"[128, 256, 512, 256]",Fx,0.003073,0.055437,0.044513,0.996863,0.231452,13.537253,32.976862,154.189678,-0.001104,0.055426
305,"[128, 256, 512, 256]",Fy,0.044310,0.210500,0.148321,0.952460,1.541545,113.184616,207.967828,1455.285564,0.006022,0.210414
305,"[128, 256, 512, 256]",Fz,0.003910,0.062531,0.049718,0.996223,0.270016,25.334030,67.412852,321.722927,0.011116,0.061535
305,"[128, 256, 512, 256]",Torque,0.002554,0.050536,0.039692,0.997351,0.202865,57.726181,41.817570,201.141035,-0.001203,0.050522
494,"[64, 128, 256, 256, 128]",Fx,0.003285,0.057316,0.045162,0.996647,0.219085,15.823577,39.740204,199.935435,0.001438,0.057298
494,"[64, 128, 256, 256, 128]",Fy,0.043557,0.208704,0.150570,0.953268,1.294364,91.467392,203.295375,1077.074232,0.002757,0.208686
494,"[64, 128, 256, 256, 128]",Fz,0.004391,0.066267,0.050552,0.995759,0.347400,24.719629,84.369154,401.516706,-0.016142,0.064271
494,"[64, 128, 256, 256, 128]",Torque,0.002638,0.051360,0.039880,0.997264,0.221670,59.914566,55.050860,189.374535,-0.009582,0.050458
385,"[64, 128, 256, 128, 64]",Fx,0.003035,0.055093,0.043253,0.996902,0.273931,16.993902,39.593726,156.634226,0.002864,0.055019
385,"[64, 128, 256, 128, 64]",Fy,0.044514,0.210984,0.151165,0.952241,1.458607,97.067619,206.242641,1426.392291,-0.000540,0.210984
385,"[64, 128, 256, 128, 64]",Fz,0.003474,0.058944,0.046214,0.996644,0.257979,24.530041,79.208838,295.400781,0.012298,0.057647
385,"[64, 128, 256, 128, 64]",Torque,0.002923,0.054065,0.042644,0.996968,0.201038,94.739594,55.399247,235.067276,0.003674,0.053940
400,"[64, 128, 256, 128, 64]",Fx,0.002498,0.049984,0.039351,0.997450,0.203825,13.520861,35.243546,131.598032,0.004584,0.049773
400,"[64, 128, 256, 128, 64]",Fy,0.045989,0.214451,0.151155,0.950659,1.398240,102.543747,234.325159,1558.198376,-0.004933,0.214394
400,"[64, 128, 256, 128, 64]",Fz,0.003294,0.057390,0.044278,0.996819,0.222246,23.196938,65.946955,287.902997,-0.005018,0.057170
400,"[64, 128, 256, 128, 64]",Torque,0.002201,0.046914,0.037392,0.997717,0.176686,98.397873,43.773102,161.117880,0.004478,0.046700
365,"[256, 512, 512, 256]",Fx,0.002783,0.052756,0.039686,0.997159,0.246833,12.170783,26.639807,134.016951,-0.007399,0.052235
365,"[256, 512, 512, 256]",Fy,0.045473,0.213245,0.151781,0.951212,1.286437,106.785461,214.865526,1307.015106,-0.016776,0.212584
365,"[256, 512, 512, 256]",Fz,0.003372,0.058067,0.043895,0.996743,0.339637,21.308229,64.489721,242.084412,-0.002723,0.058003
365,"[256, 512, 512, 256]",Torque,0.002383,0.048818,0.037334,0.997528,0.202043,85.017548,37.765624,118.754666,-0.002656,0.048745
368,"[256, 512, 512, 256]",Fx,0.002733,0.052277,0.040054,0.997210,0.207526,11.331970,30.633002,165.272982,-0.012185,0.050837
368,"[256, 512, 512, 256]",Fy,0.045101,0.212370,0.150303,0.951612,1.653359,109.638435,218.590186,1296.538777,-0.003475,0.212342
368,"[256, 512, 512, 256]",Fz,0.003761,0.061331,0.046796,0.996367,0.291544,24.871254,64.345703,244.587101,-0.004796,0.061143
368,"[256, 512, 512, 256]",Torque,0.002459,0.049593,0.036461,0.997449,0.217400,37.624504,33.258685,172.520691,-0.008570,0.048847
231,"[128, 256, 256, 128]",Fx,0.001556,0.039452,0.030810,0.998411,0.196010,12.753247,36.965872,138.932476,-0.000963,0.039440
231,"[128, 256, 256, 128]",Fy,0.048078,0.219268,0.159692,0.948417,1.273522,104.118652,259.411577,1474.565752,0.001700,0.219261
231,"[128, 256, 256, 128]",Fz,0.002932,0.054144,0.041594,0.997169,0.218061,21.354683,61.307322,308.455472,-0.004760,0.053935
231,"[128, 256, 256, 128]",Torque,0.001489,0.038591,0.030328,0.998455,0.186408,33.586987,44.047997,235.505721,0.000553,0.038587
573,"[128, 256, 256, 128, 64]",Fx,0.003029,0.055035,0.045012,0.996908,0.320174,16.416327,39.252889,176.932985,0.011678,0.053782
573,"[128, 256, 256, 128, 64]",Fy,0.044904,0.211905,0.151405,0.951823,1.600706,103.683853,212.675549,1094.823573,0.000433,0.211905
573,"[128, 256, 256, 128, 64]",Fz,0.003713,0.060933,0.046446,0.996414,0.236457,19.609266,65.564043,247.594933,-0.007792,0.060433
573,"[128, 256, 256, 128, 64]",Torque,0.002422,0.049218,0.040523,0.997487,0.285936,37.248676,41.840416,214.683255,0.014171,0.047134
197,"[128, 256, 256, 128]",Fx,0.003198,0.056550,0.043790,0.996736,0.284147,13.517004,35.952164,177.525249,-0.001206,0.056537
197,"[128, 256, 256, 128]",Fy,0.044546,0.211059,0.152351,0.952207,1.465716,101.830002,224.184480,1298.717974,0.011396,0.210751
197,"[128, 256, 256, 128]",Fz,0.003920,0.062614,0.049839,0.996213,0.239046,26.906591,88.480546,425.723936,0.004286,0.062467
197,"[128, 256, 256, 128]",Torque,0.002422,0.049218,0.038251,0.997487,0.195927,89.754387,40.852023,291.156010,0.000683,0.049214
53,"[128, 256, 128]",Fx,0.002635,0.051337,0.040270,0.997310,0.259834,14.883390,38.898846,145.882861,0.010591,0.050233
53,"[128, 256, 128]",Fy,0.044405,0.210726,0.152261,0.952358,1.275537,89.603745,205.354793,1357.957294,-0.010080,0.210485
53,"[128, 256, 128]",Fz,0.004754,0.068952,0.051406,0.995408,0.395025,22.951025,68.486983,292.907372,-0.006633,0.068632
53,"[128, 256, 128]",Torque,0.002376,0.048744,0.037827,0.997536,0.206216,44.313675,42.183634,221.835500,0.005945,0.048380
551,"[128, 256, 256, 128, 64]",Fx,0.003093,0.055618,0.043202,0.996842,0.217484,19.382120,48.739158,198.815981,-0.006408,0.055248
551,"[128, 256, 256, 128, 64]",Fy,0.043559,0.208709,0.149856,0.953266,1.266304,98.502678,227.889696,1157.307318,-0.006152,0.208618
551,"[128, 256, 256, 128, 64]",Fz,0.004172,0.064591,0.049899,0.995971,0.289958,20.812174,83.904142,270.657669,-0.001455,0.064574
551,"[128, 256, 256, 128, 64]",Torque,0.003347,0.057856,0.045555,0.996528,0.224484,100.298912,73.611844,297.173872,-0.003919,0.057723
474,"[128, 256, 512, 256, 128]",Fx,0.001731,0.041601,0.031795,0.998233,0.186289,10.687968,30.422914,121.314692,-0.007248,0.040964
474,"[128, 256, 512, 256, 128]",Fy,0.047995,0.219077,0.157093,0.948507,1.722996,106.754646,245.560381,1257.304868,-0.006465,0.218981
474,"[128, 256, 512, 256, 128]",Fz,0.003025,0.054998,0.042477,0.997079,0.228007,24.513474,58.740115,279.364737,-0.008486,0.054340
474,"[128, 256, 512, 256, 128]",Torque,0.001428,0.037791,0.029737,0.998519,0.153984,40.655777,35.792475,220.640411,-0.000391,0.037789
324,"[128, 256, 512, 256]",Fx,0.001807,0.042510,0.033496,0.998155,0.276465,14.298388,35.124601,116.575181,-0.003409,0.042373
324,"[128, 256, 512, 256]",Fy,0.047450,0.217831,0.156344,0.949091,1.190775,95.318970,253.159431,1311.311492,-0.009640,0.217617
324,"[128, 256, 512, 256]",Fz,0.003292,0.057380,0.044152,0.996820,0.230332,21.298134,65.437185,301.861420,-0.007474,0.056891
324,"[128, 256, 512, 256]",Torque,0.001669,0.040852,0.031811,0.998269,0.254059,34.333897,40.210317,244.278246,-0.003156,0.040730
221,"[128, 256, 256, 128]",Fx,0.002561,0.050608,0.040095,0.997386,0.216407,17.611269,50.936676,264.272906,-0.013788,0.048694
221,"[128, 256, 256, 128]",Fy,0.042691,0.206619,0.149527,0.954197,1.337354,98.759003,219.184150,1233.939849,0.017388,0.205886
221,"[128, 256, 256, 128]",Fz,0.006199,0.078731,0.060368,0.994013,0.319392,26.772024,89.969747,440.584298,-0.028883,0.073242
221,"[128, 256, 256, 128]",Torque,0.002769,0.052622,0.041147,0.997128,0.213026,42.902542,66.667148,311.155645,-0.011208,0.051415
532,"[128, 256, 256, 128, 64]",Fx,0.002680,0.051769,0.040119,0.997264,0.235707,14.225307,44.566750,183.262997,-0.001275,0.051754
532,"[128, 256, 256, 128, 64]",Fy,0.044618,0.211229,0.151251,0.952130,1.578976,121.945877,215.895027,1429.319595,0.004011,0.211191
532,"[128, 256, 256, 128, 64]",Fz,0.004084,0.063904,0.049320,0.996056,0.282475,20.825659,70.694267,239.647187,0.001005,0.063896
532,"[128, 256, 256, 128, 64]",Torque,0.002840,0.053290,0.040746,0.997055,0.265621,49.029545,44.513789,183.591800,-0.004901,0.053064
485,"[64, 128, 256, 256, 128]",Fx,0.003079,0.055485,0.043645,0.996857,0.258696,15.329468,34.003940,130.491802,0.005031,0.055256
485,"[64, 128, 256, 256, 128]",Fy,0.043444,0.208433,0.150620,0.953389,1.289925,115.818123,211.801019,1200.982623,0.029348,0.206356
485,"[64, 128, 256, 256, 128]",Fz,0.005138,0.071681,0.053962,0.995037,0.292547,21.326023,71.092865,325.350199,-0.010018,0.070978
485,"[64, 128, 256, 256, 128]",Torque,0.002570,0.050690,0.039491,0.997335,0.196894,37.669769,43.187615,280.441177,0.007404,0.050147
234,"[128, 256, 256, 128]",Fx,0.001697,0.041197,0.032054,0.998268,0.186731,12.148322,36.731775,155.011433,0.000256,0.041196
234,"[128, 256, 256, 128]",Fy,0.046779,0.216284,0.157269,0.949812,1.400935,90.308601,257.260822,1241.143976,0.015191,0.215750
234,"[128, 256, 256, 128]",Fz,0.004024,0.063438,0.050382,0.996113,0.233332,27.130787,77.307893,293.599108,0.013097,0.062071
234,"[128, 256, 256, 128]",Torque,0.001752,0.041854,0.032636,0.998183,0.219242,39.444294,44.804984,268.808124,-0.004087,0.041654
507,"[64, 128, 256, 256, 128]",Fx,0.001548,0.039341,0.031142,0.998420,0.194826,10.816609,28.757925,143.015035,-0.005668,0.038930
507,"[64, 128, 256, 256, 128]",Fy,0.048316,0.219808,0.157617,0.948163,1.430351,114.163544,234.067645,1333.286233,-0.002658,0.219792
507,"[64, 128, 256, 256, 128]",Fz,0.002711,0.052069,0.039349,0.997381,0.239154,20.224874,61.710458,265.444971,-0.009389,0.051215
507,"[64, 128, 256, 256, 128]",Torque,0.001679,0.040973,0.032048,0.998259,0.214119,25.018272,34.346409,170.955248,-0.007721,0.040239
160,"[64, 128, 128, 64]",Fx,0.003316,0.057581,0.044407,0.996615,0.273591,16.197495,40.243791,154.307388,-0.003654,0.057465
160,"[64, 128, 128, 64]",Fy,0.043656,0.208940,0.147203,0.953162,1.364991,95.959480,231.058056,1258.133149,-0.008788,0.208755
160,"[64, 128, 128, 64]",Fz,0.004607,0.067872,0.053296,0.995551,0.311686,27.011843,72.597979,258.277335,0.008382,0.067352
160,"[64, 128, 128, 64]",Torque,0.002686,0.051824,0.042043,0.997214,0.186289,65.756203,47.179889,183.018645,0.005949,0.051482
279,"[64, 128, 256, 128]",Fx,0.002031,0.045069,0.035672,0.997927,0.184799,15.084942,38.312950,153.423049,0.008011,0.044351
279,"[64, 128, 256, 128]",Fy,0.046855,0.216459,0.157590,0.949730,1.339828,97.326553,218.916765,1395.751892,-0.024845,0.215029
279,"[64, 128, 256, 128]",Fz,0.003441,0.058656,0.045704,0.996677,0.246200,24.493162,61.066975,245.352046,0.007909,0.058121
279,"[64, 128, 256, 128]",Torque,0.002037,0.045130,0.035488,0.997887,0.181826,67.287491,41.555604,217.126870,0.003094,0.045024
194,"[128, 256, 256, 128]",Fx,0.002929,0.054125,0.039634,0.997010,0.312649,14.275491,34.587556,181.097189,-0.011797,0.052824
194,"[128, 256, 256, 128]",Fy,0.045125,0.212426,0.149466,0.951586,1.418235,128.627945,232.889568,844.575004,-0.008355,0.212262
194,"[128, 256, 256, 128]",Fz,0.003722,0.061011,0.046682,0.996405,0.345538,19.749647,61.465856,277.684487,-0.007221,0.060582
194,"[128, 256, 256, 128]",Torque,0.002597,0.050960,0.038722,0.997306,0.234246,58.870144,48.253798,253.634115,-0.012493,0.049405
296,"[128, 256, 512, 256]",Fx,0.002612,0.051103,0.040325,0.997334,0.196783,13.251885,33.241664,117.641515,0.000608,0.051099
296,"[128, 256, 512, 256]",Fy,0.044803,0.211668,0.151903,0.951931,1.413492,122.116463,210.002164,1475.753234,0.001012,0.211666
296,"[128, 256, 512, 256]",Fz,0.004476,0.066899,0.051665,0.995677,0.349309,23.165966,61.878578,243.039743,-0.002030,0.066868
296,"[128, 256, 512, 256]",Torque,0.002516,0.050164,0.038304,0.997390,0.207849,70.053177,35.929334,179.227341,-0.005311,0.049882
422,"[64, 128, 256, 128, 64]",Fx,0.002941,0.054234,0.041688,0.996997,0.225250,18.730219,49.121437,258.347679,-0.010811,0.053146
422,"[64, 128, 256, 128, 64]",Fy,0.043986,0.209728,0.151425,0.952808,1.341268,99.808746,214.610623,1467.273607,0.002243,0.209716
422,"[64, 128, 256, 128, 64]",Fz,0.004552,0.067472,0.052005,0.995603,0.343956,29.270420,95.683934,418.189742,-0.011288,0.066521
422,"[64, 128, 256, 128, 64]",Torque,0.002942,0.054237,0.043028,0.996949,0.180553,114.697617,63.787885,315.561917,-0.001378,0.054220
411,"[64, 128, 256, 128, 64]",Fx,0.001974,0.044427,0.035539,0.997985,0.224914,14.983475,37.531864,188.846573,-0.003449,0.044293
411,"[64, 128, 256, 128, 64]",Fy,0.047079,0.216977,0.153507,0.949490,1.549250,125.108597,237.621152,1316.027117,-0.002842,0.216958
411,"[64, 128, 256, 128, 64]",Fz,0.003218,0.056726,0.043164,0.996892,0.276223,26.783857,70.870164,291.935570,-0.000330,0.056725
411,"[64, 128, 256, 128, 64]",Torque,0.002170,0.046583,0.036162,0.997749,0.193953,34.435955,49.129570,232.749470,-0.007847,0.045917
247,"[64, 128, 256, 128]",Fx,0.003390,0.058225,0.043131,0.996539,0.297069,17.360912,46.469632,237.286087,-0.014804,0.056312
247,"[64, 128, 256, 128]",Fy,0.045231,0.212675,0.153426,0.951472,1.484972,107.713669,214.618518,1211.907404,-0.000099,0.212675
247,"[64, 128, 256, 128]",Fz,0.003653,0.060440,0.045672,0.996472,0.334008,21.810623,66.222018,265.350656,-0.001544,0.060421
247,"[64, 128, 256, 128]",Torque,0.002170,0.046585,0.033916,0.997749,0.226757,26.926514,45.425835,248.169312,-0.015483,0.043936
529,"[128, 256, 256, 128, 64]",Fx,0.002000,0.044718,0.034116,0.997959,0.226314,15.609728,41.065172,194.829427,-0.001371,0.044697
529,"[128, 256, 256, 128, 64]",Fy,0.046879,0.216516,0.156451,0.949704,1.293812,141.289459,232.329251,1305.144030,0.040877,0.212623
529,"[128, 256, 256, 128, 64]",Fz,0.003198,0.056549,0.043530,0.996911,0.303037,23.808395,81.965643,302.681960,-0.014403,0.054684
529,"[128, 256, 256, 128, 64]",Torque,0.002396,0.048949,0.036946,0.997515,0.247442,129.210358,59.579078,262.648627,-0.002381,0.048891
188,"[64, 128, 128, 64]",Fx,0.002988,0.054666,0.042662,0.996949,0.272681,18.149374,48.344638,245.042047,-0.007597,0.054135
188,"[64, 128, 128, 64]",Fy,0.044156,0.210134,0.153552,0.952625,1.427723,88.597786,223.060152,1524.852535,0.014499,0.209633
188,"[64, 128, 128, 64]",Fz,0.004580,0.067678,0.053758,0.995576,0.276191,33.188358,77.447095,426.501677,0.000669,0.067675
188,"[64, 128, 128, 64]",Torque,0.002749,0.052430,0.041448,0.997149,0.212906,81.140915,58.274169,393.730467,-0.003627,0.052305
567,"[128, 256, 256, 128, 64]",Fx,0.002255,0.047484,0.038167,0.997698,0.192923,14.070116,40.881923,212.064234,0.003445,0.047359
567,"[128, 256, 256, 128, 64]",Fy,0.045841,0.214104,0.154730,0.950818,1.373508,91.171310,234.363635,1283.257030,0.020080,0.213161
567,"[128, 256, 256, 128, 64]",Fz,0.003860,0.062131,0.047849,0.996272,0.256510,26.683794,79.116581,341.483679,-0.001570,0.062111
567,"[128, 256, 256, 128, 64]",Torque,0.002609,0.051080,0.040792,0.997294,0.184820,91.760338,52.155104,235.697786,0.002193,0.051033
327,"[128, 256, 512, 256]",Fx,0.001850,0.043016,0.033698,0.998111,0.215278,15.077151,40.009401,147.501057,0.002277,0.042956
327,"[128, 256, 512, 256]",Fy,0.047864,0.218779,0.157937,0.948647,1.293097,110.094261,215.920126,1432.402349,0.009853,0.218557
327,"[128, 256, 512, 256]",Fz,0.002899,0.053840,0.041978,0.997200,0.248717,23.558239,69.131582,277.953937,-0.000848,0.053834
327,"[128, 256, 512, 256]",Torque,0.001953,0.044188,0.034601,0.997975,0.197066,110.427727,43.098910,157.808737,0.001853,0.044149
419,"[64, 128, 256, 128, 64]",Fx,0.003215,0.056703,0.044039,0.996718,0.228007,17.329245,44.243050,170.103214,-0.008195,0.056108
419,"[64, 128, 256, 128, 64]",Fy,0.044665,0.211342,0.152129,0.952079,1.173625,110.854469,212.727061,1215.952747,0.023706,0.210008
419,"[64, 128, 256, 128, 64]",Fz,0.004108,0.064094,0.048905,0.996032,0.283794,20.654438,68.999002,318.247356,-0.003975,0.063971
419,"[64, 128, 256, 128, 64]",Torque,0.002598,0.050972,0.040028,0.997305,0.201883,91.427841,46.998122,240.565456,0.001276,0.050956
506,"[64, 128, 256, 256, 128]",Fx,0.002172,0.046605,0.037333,0.997783,0.239805,16.193283,42.964540,251.705872,0.001194,0.046590
506,"[64, 128, 256, 256, 128]",Fy,0.046319,0.215217,0.154065,0.950305,1.243509,106.060265,213.348447,1718.184436,0.009447,0.215010
506,"[64, 128, 256, 256, 128]",Fz,0.003903,0.062476,0.047774,0.996230,0.299062,22.640585,77.512436,283.440113,0.001002,0.062468
506,"[64, 128, 256, 256, 128]",Torque,0.002201,0.046911,0.037572,0.997717,0.155219,127.459396,69.054619,257.501656,0.008477,0.046139
482,"[64, 128, 256, 256, 128]",Fx,0.002435,0.049347,0.039585,0.997514,0.276524,13.458500,37.072981,177.037560,0.013798,0.047379
482,"[64, 128, 256, 256, 128]",Fy,0.045476,0.213251,0.153572,0.951210,1.318803,102.481987,217.048330,1286.987278,0.018547,0.212443
482,"[64, 128, 256, 256, 128]",Fz,0.003859,0.062117,0.049733,0.996273,0.233863,25.468248,63.160549,362.253596,0.018337,0.059349
482,"[64, 128, 256, 256, 128]",Torque,0.002831,0.053209,0.043024,0.997063,0.188487,47.133991,58.114971,292.389614,0.005888,0.052882
544,"[128, 256, 256, 128, 64]",Fx,0.002432,0.049318,0.038544,0.997517,0.257876,11.880943,32.965562,149.337487,0.000419,0.049316
544,"[128, 256, 256, 128, 64]",Fy,0.046126,0.214771,0.151903,0.950512,1.635600,123.973846,229.552745,1393.214019,-0.019879,0.213849
544,"[128, 256, 256, 128, 64]",Fz,0.003789,0.061556,0.047759,0.996340,0.254181,18.963541,63.931919,237.936836,0.001317,0.061542
544,"[128, 256, 256, 128, 64]",Torque,0.002285,0.047797,0.037488,0.997630,0.227130,48.867073,40.387233,243.137572,0.001022,0.047786
471,"[128, 256, 512, 256, 128]",Fx,0.001861,0.043141,0.034148,0.998100,0.149869,13.870269,40.465854,168.255544,-0.012836,0.041187
471,"[128, 256, 512, 256, 128]",Fy,0.048005,0.219101,0.158142,0.948496,1.375975,96.945030,235.587196,1202.415853,-0.006031,0.219018
471,"[128, 256, 512, 256, 128]",Fz,0.003227,0.056803,0.043258,0.996884,0.245824,24.574881,69.390937,296.282478,-0.006269,0.056456
471,"[128, 256, 512, 256, 128]",Torque,0.001541,0.039253,0.030875,0.998402,0.156750,55.268833,38.659840,244.950048,-0.005600,0.038852
224,"[128, 256, 256, 128]",Fx,0.002829,0.053186,0.041075,0.997112,0.290850,12.352036,34.774297,165.509893,-0.009717,0.052291
224,"[128, 256, 256, 128]",Fy,0.044624,0.211245,0.148828,0.952123,1.389738,122.357658,233.163042,1262.665082,-0.005814,0.211165
224,"[128, 256, 256, 128]",Fz,0.004442,0.066646,0.052122,0.995710,0.381030,21.672762,62.178783,359.896648,0.005771,0.066396
224,"[128, 256, 256, 128]",Torque,0.002866,0.053537,0.042261,0.997027,0.241169,116.422745,43.765606,258.609225,0.003814,0.053401
272,"[64, 128, 256, 128]",Fx,0.003033,0.055073,0.044142,0.996904,0.235163,13.231850,37.300296,175.086975,0.002962,0.054994
272,"[64, 128, 256, 128]",Fy,0.044460,0.210857,0.150955,0.952299,1.316650,86.967773,220.887383,944.019836,-0.007664,0.210717
272,"[64, 128, 256, 128]",Fz,0.004517,0.067207,0.052856,0.995637,0.332786,25.909855,77.625824,324.884097,-0.005551,0.066978
272,"[64, 128, 256, 128]",Torque,0.002802,0.052933,0.041779,0.997094,0.216495,83.450638,49.180843,366.187240,0.001361,0.052916
429,"[64, 128, 256, 128, 64]",Fx,0.002165,0.046527,0.034869,0.997790,0.234177,12.674747,33.553238,149.069097,-0.011250,0.045147
429,"[64, 128, 256, 128, 64]",Fy,0.046785,0.216299,0.153079,0.949805,1.615427,110.158623,244.394361,1361.978286,-0.011335,0.216001
429,"[64, 128, 256, 128, 64]",Fz,0.003636,0.060299,0.044323,0.996488,0.339695,25.362312,75.369757,316.506056,-0.023712,0.055441
429,"[64, 128, 256, 128, 64]",Torque,0.002248,0.047417,0.035761,0.997668,0.224364,54.407173,41.659633,230.888546,-0.012667,0.045694
541,"[128, 256, 256, 128, 64]",Fx,0.002691,0.051872,0.040186,0.997253,0.229956,17.383780,43.173338,194.607278,-0.004872,0.051643
541,"[128, 256, 256, 128, 64]",Fy,0.045559,0.213446,0.154969,0.951120,1.578235,101.784355,219.605720,1031.012677,-0.003444,0.213418
541,"[128, 256, 256, 128, 64]",Fz,0.004105,0.064067,0.048067,0.996036,0.335500,26.106842,76.652550,368.802274,-0.015243,0.062227
541,"[128, 256, 256, 128, 64]",Torque,0.002494,0.049942,0.039879,0.997413,0.182930,65.767288,62.751336,379.398462,-0.002272,0.049891
556,"[128, 256, 256, 128, 64]",Fx,0.002219,0.047106,0.037587,0.997735,0.182405,13.015798,35.600307,125.135306,-0.002872,0.047018
556,"[128, 256, 256, 128, 64]",Fy,0.046011,0.214502,0.151595,0.950635,1.495662,116.549850,220.969893,1218.973062,-0.015350,0.213952
556,"[128, 256, 256, 128, 64]",Fz,0.004100,0.064032,0.048828,0.996040,0.323826,24.056673,71.547335,357.808357,-0.012621,0.062776
556,"[128, 256, 256, 128, 64]",Torque,0.002529,0.050289,0.038603,0.997377,0.220723,67.893242,50.053363,310.042426,-0.011696,0.048910
172,"[64, 128, 128, 64]",Fx,0.003290,0.057363,0.045629,0.996641,0.194293,13.933648,41.485604,182.984841,-0.005395,0.057109
172,"[64, 128, 128, 64]",Fy,0.044619,0.211232,0.151499,0.952129,1.319984,109.983376,224.367381,1453.057555,0.005248,0.211167
172,"[64, 128, 128, 64]",Fz,0.003880,0.062291,0.048299,0.996252,0.328927,23.199783,80.343330,344.262229,0.004294,0.062143
172,"[64, 128, 128, 64]",Torque,0.003097,0.055651,0.044020,0.996788,0.199482,75.988998,52.295575,255.040447,-0.001501,0.055631
553,"[128, 256, 256, 128, 64]",Fx,0.002780,0.052726,0.041358,0.997162,0.196616,16.065165,42.356427,169.656060,0.000932,0.052718
553,"[128, 256, 256, 128, 64]",Fy,0.045449,0.213188,0.151662,0.951238,1.445311,95.977753,222.384293,1044.234764,0.007859,0.213043
553,"[128, 256, 256, 128, 64]",Fz,0.003938,0.062750,0.047869,0.996197,0.285877,28.953987,81.217260,354.119272,0.000009,0.062750
553,"[128, 256, 256, 128, 64]",Torque,0.002750,0.052443,0.041230,0.997147,0.218667,83.905869,47.931061,308.503943,0.003403,0.052332
512,"[64, 128, 256, 256, 128]",Fx,0.003114,0.055805,0.043621,0.996821,0.220366,17.896145,46.321045,192.064241,0.002132,0.055764
512,"[64, 128, 256, 256, 128]",Fy,0.045733,0.213852,0.153655,0.950934,1.374393,110.619987,226.208316,1121.857990,-0.004472,0.213806
512,"[64, 128, 256, 256, 128]",Fz,0.003818,0.061792,0.048522,0.996312,0.245601,23.869757,73.071809,327.989393,0.003689,0.061682
512,"[64, 128, 256, 256, 128]",Torque,0.002303,0.047987,0.037125,0.997612,0.171312,109.071541,50.722209,307.895091,-0.003368,0.047869
209,"[128, 256, 256, 128]",Fx,0.003324,0.057656,0.045865,0.996607,0.202202,18.820255,48.521953,285.477192,-0.018073,0.054750
209,"[128, 256, 256, 128]",Fy,0.043356,0.208222,0.151375,0.953484,1.349221,91.725998,242.061893,1004.843436,0.013673,0.207772
209,"[128, 256, 256, 128]",Fz,0.005554,0.074528,0.057977,0.994635,0.299451,28.737345,87.085583,402.556790,-0.003942,0.074424
209,"[128, 256, 256, 128]",Torque,0.002737,0.052314,0.040564,0.997161,0.230343,37.277924,52.740739,186.027604,-0.009206,0.051497
145,"[64, 128, 128, 64]",Fx,0.003135,0.055991,0.043806,0.996800,0.247161,17.274384,41.738871,220.814128,-0.005502,0.055720
145,"[64, 128, 128, 64]",Fy,0.044447,0.210824,0.150220,0.952314,1.390240,85.419998,214.290702,1027.682128,-0.012800,0.210435
145,"[64, 128, 128, 64]",Fz,0.004844,0.069595,0.053529,0.995322,0.288985,25.376080,74.912909,321.955221,-0.017479,0.067365
145,"[64, 128, 128, 64]",Torque,0.002616,0.051142,0.039591,0.997287,0.220632,81.694824,53.580883,208.967421,-0.005360,0.050861
266,"[64, 128, 256, 128]",Fx,0.003223,0.056771,0.043983,0.996710,0.254318,14.708667,40.729697,170.194681,-0.009326,0.056000
266,"[64, 128, 256, 128]",Fy,0.044964,0.212047,0.155346,0.951759,1.172207,96.992645,196.010094,1195.741870,0.006946,0.211933
266,"[64, 128, 256, 128]",Fz,0.004192,0.064743,0.049185,0.995951,0.304663,23.154533,88.128114,374.246708,-0.019330,0.061790
266,"[64, 128, 256, 128]",Torque,0.002680,0.051766,0.040096,0.997221,0.235187,48.510872,52.103637,280.626252,-0.005522,0.051471
298,"[128, 256, 512, 256]",Fx,0.002077,0.045575,0.035221,0.997880,0.210123,14.500600,40.105131,166.775089,0.001457,0.045551
298,"[128, 256, 512, 256]",Fy,0.048224,0.219599,0.160438,0.948261,1.442498,93.338875,231.026059,1127.927532,-0.005862,0.219521
298,"[128, 256, 512, 256]",Fz,0.003230,0.056836,0.044592,0.996880,0.223477,26.849371,63.187833,265.674986,0.012811,0.055373
298,"[128, 256, 512, 256]",Torque,0.001586,0.039823,0.031019,0.998355,0.148970,98.705208,46.335774,196.761437,0.003791,0.039642
276,"[64, 128, 256, 128]",Fx,0.001823,0.042701,0.033715,0.998139,0.155111,12.547233,35.038998,168.330530,-0.000789,0.042694
276,"[64, 128, 256, 128]",Fy,0.047397,0.217707,0.159513,0.949149,1.186899,120.245552,238.612144,1446.276992,0.015973,0.217121
276,"[64, 128, 256, 128]",Fz,0.003986,0.063137,0.049094,0.996150,0.265210,25.318727,79.364984,370.871420,-0.002532,0.063087
276,"[64, 128, 256, 128]",Torque,0.001940,0.044047,0.034681,0.997988,0.173069,73.591713,47.051652,326.555898,-0.003235,0.043929
343,"[256, 512, 512, 256]",Fx,0.003061,0.055329,0.042560,0.996875,0.320836,14.499475,32.089709,144.898286,-0.008926,0.054604
343,"[256, 512, 512, 256]",Fy,0.044273,0.210412,0.150155,0.952500,1.384317,101.393585,214.511178,960.153924,-0.024307,0.209003
343,"[256, 512, 512, 256]",Fz,0.005054,0.071093,0.054372,0.995118,0.362339,24.043707,58.321963,308.339568,-0.004609,0.070943
343,"[256, 512, 512, 256]",Torque,0.002874,0.053612,0.041452,0.997019,0.208121,58.812206,41.790480,181.419313,-0.003994,0.053463
575,"[128, 256, 256, 128, 64]",Fx,0.003638,0.060320,0.047748,0.996286,0.235311,20.013252,48.311142,195.632385,-0.001604,0.060299
575,"[128, 256, 256, 128, 64]",Fy,0.043475,0.208506,0.150976,0.953356,1.375863,106.839279,247.586526,1366.804386,-0.000786,0.208505
575,"[128, 256, 256, 128, 64]",Fz,0.004816,0.069395,0.055140,0.995349,0.314043,24.391230,81.150972,274.082692,0.008613,0.068858
575,"[128, 256, 256, 128, 64]",Torque,0.003348,0.057859,0.045867,0.996528,0.205876,116.389542,69.792057,414.492751,0.006159,0.057530
199,"[128, 256, 256, 128]",Fx,0.003280,0.057269,0.044573,0.996652,0.220107,13.466244,33.047722,146.549095,-0.004090,0.057123
199,"[128, 256, 256, 128]",Fy,0.045381,0.213027,0.154906,0.951312,1.497345,136.863754,189.753404,1238.471224,-0.009737,0.212805
199,"[128, 256, 256, 128]",Fz,0.003977,0.063065,0.050288,0.996159,0.252557,22.198591,64.574649,235.475393,0.010572,0.062173
199,"[128, 256, 256, 128]",Torque,0.002674,0.051710,0.041644,0.997227,0.167034,58.565407,44.069167,180.534056,0.004094,0.051547
346,"[256, 512, 512, 256]",Fx,0.002282,0.047771,0.036641,0.997670,0.224830,14.560210,41.672041,163.557329,-0.004772,0.047532
346,"[256, 512, 512, 256]",Fy,0.047458,0.217849,0.158290,0.949083,1.345580,90.127846,232.478910,1087.708030,-0.005496,0.217780
346,"[256, 512, 512, 256]",Fz,0.004009,0.063316,0.047671,0.996128,0.348697,25.798582,78.092954,262.400842,0.002451,0.063269
346,"[256, 512, 512, 256]",Torque,0.001578,0.039722,0.030391,0.998363,0.183835,103.038490,42.527654,227.185751,0.001350,0.039699
202,"[128, 256, 256, 128]",Fx,0.001870,0.043242,0.032845,0.998091,0.266120,16.076458,39.367224,190.695290,-0.009799,0.042117
202,"[128, 256, 256, 128]",Fy,0.048878,0.221084,0.159548,0.947559,1.376014,92.380623,234.311929,1434.936353,-0.030258,0.219004
202,"[128, 256, 256, 128]",Fz,0.003168,0.056282,0.043167,0.996941,0.255634,28.372854,75.921967,304.215866,0.005987,0.055963
202,"[128, 256, 256, 128]",Torque,0.001480,0.038472,0.029309,0.998465,0.196529,42.377361,41.542758,190.102875,-0.001412,0.038446
208,"[128, 256, 256, 128]",Fx,0.003172,0.056319,0.043811,0.996762,0.235524,14.384749,34.278289,172.438853,-0.012667,0.054876
208,"[128, 256, 256, 128]",Fy,0.045193,0.212587,0.151187,0.951513,1.235394,114.489998,217.076849,1165.337301,0.021440,0.211503
208,"[128, 256, 256, 128]",Fz,0.004323,0.065751,0.051177,0.995824,0.271591,26.070063,78.390923,288.171704,0.003793,0.065642
208,"[128, 256, 256, 128]",Torque,0.002726,0.052214,0.040535,0.997172,0.182913,85.307945,50.115555,196.322918,-0.010465,0.051155
206,"[128, 256, 256, 128]",Fx,0.003265,0.057144,0.044711,0.996667,0.247928,16.956577,49.203391,153.714512,0.002100,0.057106
206,"[128, 256, 256, 128]",Fy,0.045398,0.213069,0.154315,0.951293,1.301825,83.807365,209.682086,1055.678942,0.002097,0.213059
206,"[128, 256, 256, 128]",Fz,0.004055,0.063678,0.048481,0.996084,0.297746,27.497694,78.753909,276.984244,-0.003640,0.063574
206,"[128, 256, 256, 128]",Torque,0.002730,0.052252,0.041516,0.997168,0.208656,88.818932,54.161530,268.013308,0.010433,0.051200
228,"[128, 256, 256, 128]",Fx,0.001839,0.042888,0.033261,0.998122,0.188899,13.802552,39.097177,155.121131,-0.001290,0.042869
228,"[128, 256, 256, 128]",Fy,0.048675,0.220624,0.160270,0.947777,1.251277,105.745224,246.382870,1465.319290,0.016416,0.220012
228,"[128, 256, 256, 128]",Fz,0.003293,0.057387,0.044369,0.996819,0.272099,20.565554,71.841694,253.847823,-0.010587,0.056402
228,"[128, 256, 256, 128]",Torque,0.001707,0.041312,0.032115,0.998230,0.199910,35.503372,47.213953,215.693082,-0.007835,0.040563
554,"[128, 256, 256, 128, 64]",Fx,0.003941,0.062781,0.049701,0.995977,0.235234,19.625368,46.070419,159.745114,0.007467,0.062335
554,"[128, 256, 256, 128, 64]",Fy,0.043609,0.208827,0.149618,0.953213,1.360406,100.299957,218.757147,1062.895756,0.000297,0.208827
554,"[128, 256, 256, 128, 64]",Fz,0.004447,0.066683,0.052013,0.995705,0.285572,22.969814,65.065833,305.687479,0.001939,0.066655
554,"[128, 256, 256, 128, 64]",Torque,0.003525,0.059370,0.047697,0.996344,0.201196,92.841507,60.847824,321.291304,-0.000155,0.059370
431,"[64, 128, 256, 128, 64]",Fx,0.003250,0.057013,0.044765,0.996682,0.226731,16.963654,51.356899,196.875856,0.010282,0.056078
431,"[64, 128, 256, 128, 64]",Fy,0.045001,0.212134,0.150360,0.951719,1.584209,112.842033,224.774220,1520.867225,-0.006236,0.212042
431,"[64, 128, 256, 128, 64]",Fz,0.004011,0.063335,0.050204,0.996126,0.296239,30.190950,78.011620,328.864753,0.023605,0.058772
431,"[64, 128, 256, 128, 64]",Torque,0.003309,0.057521,0.045589,0.996568,0.195326,122.643227,64.568429,316.433358,0.022833,0.052796
389,"[64, 128, 256, 128, 64]",Fx,0.003806,0.061692,0.046902,0.996115,0.277538,17.857271,40.322858,195.256860,-0.003214,0.061608
389,"[64, 128, 256, 128, 64]",Fy,0.043119,0.207652,0.149567,0.953738,1.328418,104.071373,196.665672,1384.436112,0.008298,0.207486
389,"[64, 128, 256, 128, 64]",Fz,0.005078,0.071261,0.054844,0.995095,0.377933,27.076672,70.214793,305.259637,0.001340,0.071248
389,"[64, 128, 256, 128, 64]",Torque,0.003642,0.060351,0.047498,0.996222,0.260979,136.249130,59.087831,295.049035,0.000497,0.060349
56,"[128, 256, 128]",Fx,0.003797,0.061622,0.047945,0.996124,0.355994,14.791816,41.427209,162.576581,-0.009400,0.060900
56,"[128, 256, 128]",Fy,0.043938,0.209615,0.150790,0.952859,1.406038,77.982193,210.799278,1469.053142,-0.008429,0.209445
56,"[128, 256, 128]",Fz,0.004503,0.067103,0.050419,0.995651,0.300041,22.015768,70.369097,288.635273,0.003480,0.067013
56,"[128, 256, 128]",Torque,0.003407,0.058372,0.043177,0.996466,0.347599,58.557346,41.940892,192.025903,-0.014910,0.056436
519,"[64, 128, 256, 256, 128]",Fx,0.002511,0.050111,0.039309,0.997437,0.208167,14.785902,35.254596,217.602434,-0.007286,0.049578
519,"[64, 128, 256, 256, 128]",Fy,0.047480,0.217898,0.158909,0.949060,1.217348,103.921379,284.837303,1398.423955,0.015144,0.217371
519,"[64, 128, 256, 256, 128]",Fz,0.003457,0.058798,0.046439,0.996661,0.253507,25.001123,70.811378,285.884955,0.004352,0.058636
519,"[64, 128, 256, 256, 128]",Torque,0.002242,0.047355,0.036946,0.997674,0.180212,54.685524,41.865694,213.091857,-0.001638,0.047327
557,"[128, 256, 256, 128, 64]",Fx,0.003780,0.061481,0.047185,0.996141,0.313251,17.561977,48.163870,200.276453,-0.011143,0.060463
557,"[128, 256, 256, 128, 64]",Fy,0.044331,0.210549,0.149424,0.952438,1.346034,115.319519,230.885140,1261.495266,-0.012237,0.210193
557,"[128, 256, 256, 128, 64]",Fz,0.004643,0.068142,0.052874,0.995515,0.302857,21.549719,70.779117,299.810301,-0.003857,0.068033
557,"[128, 256, 256, 128, 64]",Torque,0.002959,0.054399,0.042245,0.996931,0.280334,95.301056,56.537087,324.178587,-0.010629,0.053350
416,"[64, 128, 256, 128, 64]",Fx,0.004381,0.066190,0.052274,0.995528,0.226045,21.908848,51.656057,224.566460,0.000475,0.066189
416,"[64, 128, 256, 128, 64]",Fy,0.042718,0.206683,0.149529,0.954169,1.388800,93.775307,220.606751,1132.739091,0.003212,0.206658
416,"[64, 128, 256, 128, 64]",Fz,0.005245,0.072422,0.054805,0.994934,0.331019,26.112120,77.703786,286.741120,-0.016626,0.070488
416,"[64, 128, 256, 128, 64]",Torque,0.003533,0.059440,0.047293,0.996335,0.220177,133.047607,61.673833,322.264148,0.000544,0.059438
344,"[256, 512, 512, 256]",Fx,0.003344,0.057827,0.044222,0.996586,0.291608,12.412367,31.479431,123.789038,-0.006287,0.057485
344,"[256, 512, 512, 256]",Fy,0.044919,0.211941,0.151297,0.951807,1.506192,119.201736,212.858440,1377.281017,-0.000061,0.211941
344,"[256, 512, 512, 256]",Fz,0.004638,0.068100,0.052210,0.995521,0.328889,30.651381,64.299232,328.544284,-0.009062,0.067495
344,"[256, 512, 512, 256]",Torque,0.003009,0.054850,0.043434,0.996880,0.215313,32.656445,36.682760,220.590861,0.004714,0.054647
423,"[64, 128, 256, 128, 64]",Fx,0.002426,0.049253,0.038417,0.997524,0.184152,17.188244,48.262704,230.250858,-0.007542,0.048672
423,"[64, 128, 256, 128, 64]",Fy,0.047159,0.217162,0.157208,0.949403,1.451304,101.588913,270.801511,1651.873712,0.032623,0.214697
423,"[64, 128, 256, 128, 64]",Fz,0.003939,0.062758,0.048567,0.996196,0.255843,25.709396,78.459752,456.277254,-0.001654,0.062737
423,"[64, 128, 256, 128, 64]",Torque,0.002449,0.049484,0.038417,0.997460,0.192347,49.159641,52.383569,271.745485,-0.005078,0.049223
151,"[64, 128, 128, 64]",Fx,0.003434,0.058603,0.043044,0.996494,0.286218,14.311027,39.982948,143.337341,-0.024156,0.053393
151,"[64, 128, 128, 64]",Fy,0.045392,0.213055,0.155289,0.951299,1.461466,97.541153,202.314165,1273.003884,-0.021313,0.211986
151,"[64, 128, 128, 64]",Fz,0.004189,0.064720,0.049346,0.995954,0.358150,26.582705,73.390066,284.048760,0.004540,0.064560
151,"[64, 128, 128, 64]",Torque,0.003019,0.054945,0.042601,0.996869,0.219721,65.217285,65.430894,341.372923,-0.013721,0.053204
560,"[128, 256, 256, 128, 64]",Fx,0.003639,0.060328,0.046473,0.996285,0.313103,18.565422,48.672536,225.200507,-0.003919,0.060201
560,"[128, 256, 256, 128, 64]",Fy,0.045066,0.212287,0.154220,0.951650,1.366651,102.186623,220.406329,1036.382644,0.020008,0.211342
560,"[128, 256, 256, 128, 64]",Fz,0.003782,0.061499,0.047946,0.996347,0.211102,24.096552,67.949762,356.982879,0.000353,0.061498
560,"[128, 256, 256, 128, 64]",Torque,0.003553,0.059608,0.045654,0.996315,0.230176,125.903961,71.500130,493.603123,-0.002708,0.059546
522,"[64, 128, 256, 256, 128]",Fx,0.002357,0.048546,0.038275,0.997594,0.203437,17.234455,38.881001,178.135676,0.005144,0.048273
522,"[64, 128, 256, 256, 128]",Fy,0.047403,0.217721,0.155426,0.949142,1.268334,102.618057,231.242755,1424.651233,-0.003151,0.217698
522,"[64, 128, 256, 256, 128]",Fz,0.003786,0.061530,0.047664,0.996343,0.314043,29.360189,75.076914,283.448303,0.000412,0.061529
522,"[64, 128, 256, 256, 128]",Torque,0.002504,0.050042,0.040342,0.997403,0.196904,53.229458,56.717034,293.160678,0.004232,0.049862
428,"[64, 128, 256, 128, 64]",Fx,0.003291,0.057368,0.046044,0.996640,0.222919,19.854647,48.754422,244.774826,0.006196,0.057032
428,"[64, 128, 256, 128, 64]",Fy,0.044287,0.210446,0.152341,0.952485,1.243095,88.940399,237.060332,1113.691791,0.013577,0.210007
428,"[64, 128, 256, 128, 64]",Fz,0.005029,0.070916,0.055426,0.995143,0.356980,28.380377,83.960165,384.286754,-0.007782,0.070488
428,"[64, 128, 256, 128, 64]",Torque,0.003548,0.059564,0.047546,0.996320,0.238366,168.846283,74.105339,332.026140,0.004881,0.059363
572,"[128, 256, 256, 128, 64]",Fx,0.003275,0.057225,0.044363,0.996657,0.241318,18.996006,57.206326,246.997106,-0.010269,0.056296
572,"[128, 256, 256, 128, 64]",Fy,0.045634,0.213620,0.155488,0.951040,1.260890,100.147659,221.900398,1109.532936,0.020998,0.212586
572,"[128, 256, 256, 128, 64]",Fz,0.004262,0.065286,0.050162,0.995883,0.282409,24.397005,82.059047,382.422345,-0.003184,0.065208
572,"[128, 256, 256, 128, 64]",Torque,0.003000,0.054775,0.042563,0.996888,0.248230,103.044357,61.052991,363.010017,-0.002714,0.054707
182,"[64, 128, 128, 64]",Fx,0.002612,0.051109,0.039548,0.997333,0.230712,18.345764,48.998214,231.929420,0.008841,0.050339
182,"[64, 128, 128, 64]",Fy,0.046127,0.214773,0.156243,0.950511,1.357182,87.016266,202.825883,1056.344702,-0.032697,0.212269
182,"[64, 128, 128, 64]",Fz,0.004456,0.066754,0.052964,0.995696,0.285793,30.383533,80.072396,268.521285,0.004165,0.066624
182,"[64, 128, 128, 64]",Torque,0.003011,0.054869,0.043637,0.996877,0.233357,114.122810,65.120442,310.514580,-0.003029,0.054786
420,"[64, 128, 256, 128, 64]",Fx,0.002568,0.050674,0.039920,0.997379,0.258605,15.018380,43.481650,218.832956,0.003614,0.050545
420,"[64, 128, 256, 128, 64]",Fy,0.047589,0.218148,0.156763,0.948943,1.463277,109.579521,248.288765,1332.289231,-0.005501,0.218079
420,"[64, 128, 256, 128, 64]",Fz,0.003737,0.061130,0.048197,0.996391,0.228695,30.731028,79.908030,297.556180,0.008712,0.060506
420,"[64, 128, 256, 128, 64]",Torque,0.002342,0.048393,0.038456,0.997571,0.233850,79.103477,51.780531,211.583834,0.006819,0.047910
185,"[64, 128, 128, 64]",Fx,0.003215,0.056697,0.043857,0.996719,0.306128,19.365110,53.473859,237.094453,-0.003314,0.056600
185,"[64, 128, 128, 64]",Fy,0.045140,0.212462,0.151127,0.951570,1.368972,100.785316,210.962364,1177.663188,-0.003607,0.212431
185,"[64, 128, 128, 64]",Fz,0.004734,0.068801,0.052572,0.995428,0.301466,23.554934,72.542972,279.131419,-0.006177,0.068524
185,"[64, 128, 128, 64]",Torque,0.003226,0.056797,0.044429,0.996654,0.291537,127.398697,54.919818,265.126269,0.003130,0.056711
443,"[128, 256, 512, 256, 128]",Fx,0.003059,0.055305,0.041492,0.996878,0.246683,16.117607,38.129491,189.360991,-0.011340,0.054130
443,"[128, 256, 512, 256, 128]",Fy,0.046503,0.215645,0.157854,0.950108,1.451834,92.819290,229.959109,1290.489133,-0.022578,0.214459
443,"[128, 256, 512, 256, 128]",Fz,0.004603,0.067846,0.051700,0.995554,0.336896,23.495598,72.402652,260.268174,-0.005045,0.067658
443,"[128, 256, 512, 256, 128]",Torque,0.002230,0.047222,0.036414,0.997687,0.230418,77.423027,52.429502,249.784066,0.001611,0.047195
569,"[128, 256, 256, 128, 64]",Fx,0.003366,0.058017,0.045707,0.996564,0.249516,17.299646,53.050810,256.926518,0.005391,0.057766
569,"[128, 256, 256, 128, 64]",Fy,0.044487,0.210920,0.152934,0.952270,1.352839,92.607315,248.403973,1235.354879,0.011024,0.210632
569,"[128, 256, 256, 128, 64]",Fz,0.005247,0.072438,0.056495,0.994932,0.344388,30.525467,86.018235,343.437590,0.010553,0.071665
569,"[128, 256, 256, 128, 64]",Torque,0.003345,0.057834,0.045367,0.996531,0.217314,154.238007,59.458813,294.649684,0.017780,0.055033
250,"[64, 128, 256, 128]",Fx,0.002196,0.046859,0.034976,0.997759,0.221072,16.478104,39.999342,133.768860,-0.007964,0.046177
250,"[64, 128, 256, 128]",Fy,0.047710,0.218425,0.156434,0.948813,1.498002,93.207397,245.650318,1323.816539,-0.001229,0.218422
250,"[64, 128, 256, 128]",Fz,0.004448,0.066690,0.049712,0.995704,0.315765,27.955360,80.435223,313.217462,-0.022270,0.062862
250,"[64, 128, 256, 128]",Torque,0.002152,0.046394,0.034327,0.997768,0.240648,94.886261,41.849041,204.510975,-0.010644,0.045156
173,"[64, 128, 128, 64]",Fx,0.004506,0.067128,0.052857,0.995400,0.276465,17.130327,53.475244,203.436994,-0.012428,0.065968
173,"[64, 128, 128, 64]",Fy,0.042481,0.206108,0.149811,0.954423,1.157450,101.911743,258.380974,1330.525922,0.019813,0.205154
173,"[64, 128, 128, 64]",Fz,0.005116,0.071524,0.055867,0.995059,0.288249,30.968351,89.196794,395.514288,-0.005789,0.071289
173,"[64, 128, 128, 64]",Torque,0.004418,0.066470,0.050958,0.995417,0.289837,84.780273,58.269370,351.956359,-0.010575,0.065623
487,"[64, 128, 256, 256, 128]",Fx,0.003152,0.056144,0.042961,0.996782,0.292993,15.019056,40.831690,213.857562,-0.004817,0.055937
487,"[64, 128, 256, 256, 128]",Fy,0.045485,0.213273,0.156367,0.951199,1.396859,111.092697,214.138251,1350.624816,0.001254,0.213269
487,"[64, 128, 256, 256, 128]",Fz,0.004938,0.070273,0.056181,0.995230,0.304946,25.329687,83.254563,267.250621,0.004631,0.070120
487,"[64, 128, 256, 256, 128]",Torque,0.002996,0.054734,0.042257,0.996893,0.227423,101.869118,45.765703,211.156796,-0.000684,0.054729
149,"[64, 128, 128, 64]",Fx,0.003142,0.056056,0.044922,0.996792,0.209683,19.237185,48.739182,178.537967,0.015510,0.053867
149,"[64, 128, 128, 64]",Fy,0.045293,0.212821,0.153805,0.951406,1.378371,106.849113,199.937139,1290.827463,-0.025719,0.211261
149,"[64, 128, 128, 64]",Fz,0.005393,0.073437,0.058117,0.994791,0.254567,24.747715,81.262553,284.775373,0.005596,0.073223
149,"[64, 128, 128, 64]",Torque,0.002777,0.052697,0.042414,0.997120,0.189330,96.970787,61.599347,374.218218,0.018231,0.049443
566,"[128, 256, 256, 128, 64]",Fx,0.002921,0.054048,0.041663,0.997018,0.253524,17.950132,43.839870,189.348826,0.003674,0.053923
566,"[128, 256, 256, 128, 64]",Fy,0.045185,0.212567,0.153478,0.951522,1.334815,107.995575,225.121450,1615.308387,0.019396,0.211680
566,"[128, 256, 256, 128, 64]",Fz,0.004727,0.068755,0.053932,0.995434,0.297587,28.090158,74.951937,292.830309,0.005442,0.068539
566,"[128, 256, 256, 128, 64]",Torque,0.003796,0.061610,0.048388,0.996063,0.210586,130.904343,71.355294,325.461932,0.002090,0.061575
491,"[64, 128, 256, 256, 128]",Fx,0.002340,0.048378,0.037039,0.997611,0.234924,15.634277,41.745376,142.074957,0.004282,0.048188
491,"[64, 128, 256, 256, 128]",Fy,0.047803,0.218639,0.160773,0.948713,1.503083,96.916061,215.995026,1132.103112,0.005150,0.218579
491,"[64, 128, 256, 256, 128]",Fz,0.004160,0.064502,0.047738,0.995982,0.341433,27.334658,74.882446,294.972192,-0.005553,0.064262
491,"[64, 128, 256, 256, 128]",Torque,0.002335,0.048319,0.037434,0.997578,0.229457,117.256195,56.831844,249.641859,0.011460,0.046941
440,"[128, 256, 512, 256, 128]",Fx,0.002596,0.050950,0.039429,0.997350,0.244726,17.337280,44.655844,202.305134,-0.008058,0.050309
440,"[128, 256, 512, 256, 128]",Fy,0.045766,0.213930,0.154742,0.950898,1.383829,107.112236,197.438328,1225.799570,-0.008398,0.213765
440,"[128, 256, 512, 256, 128]",Fz,0.005071,0.071210,0.052714,0.995102,0.336161,27.045717,69.713811,417.274555,-0.025089,0.066644
440,"[128, 256, 512, 256, 128]",Torque,0.003302,0.057460,0.044774,0.996575,0.228992,69.362984,69.827827,338.652903,-0.019128,0.054183
548,"[128, 256, 256, 128, 64]",Fx,0.003705,0.060872,0.046830,0.996217,0.254696,14.821469,45.017989,173.848961,-0.009595,0.060111
548,"[128, 256, 256, 128, 64]",Fy,0.045088,0.212338,0.153688,0.951626,1.322398,91.141495,194.514202,894.909467,0.007061,0.212221
548,"[128, 256, 256, 128, 64]",Fz,0.004710,0.068629,0.054438,0.995451,0.314472,24.571918,73.447088,369.493042,0.012260,0.067525
548,"[128, 256, 256, 128, 64]",Torque,0.003279,0.057262,0.045909,0.996599,0.191990,94.462677,52.908743,215.898304,-0.000676,0.057258
176,"[64, 128, 128, 64]",Fx,0.004040,0.063559,0.049903,0.995876,0.245990,19.605587,45.443107,202.204462,0.001468,0.063542
176,"[64, 128, 128, 64]",Fy,0.043916,0.209561,0.152493,0.952883,1.324928,109.380577,222.350563,1338.013638,-0.036546,0.206350
176,"[64, 128, 128, 64]",Fz,0.004974,0.070527,0.054424,0.995196,0.394257,25.397385,81.843419,252.433871,0.003364,0.070447
176,"[64, 128, 128, 64]",Torque,0.003895,0.062412,0.049918,0.995960,0.198596,111.614639,61.293611,351.802368,0.008118,0.061882
200,"[128, 256, 256, 128]",Fx,0.003768,0.061384,0.048461,0.996154,0.260364,15.814933,41.408915,187.896153,-0.016025,0.059256
200,"[128, 256, 256, 128]",Fy,0.045909,0.214263,0.156986,0.950745,1.393047,113.083824,223.994846,1164.713284,0.010371,0.214012
200,"[128, 256, 256, 128]",Fz,0.004992,0.070657,0.054163,0.995178,0.343546,29.512913,70.867081,469.883762,-0.018167,0.068282
200,"[128, 256, 256, 128]",Torque,0.002319,0.048157,0.037767,0.997595,0.205382,67.682419,43.026806,177.190935,-0.004123,0.047980
570,"[128, 256, 256, 128, 64]",Fx,0.002064,0.045430,0.035262,0.997893,0.185176,14.667551,36.339478,207.383372,-0.009003,0.044529
570,"[128, 256, 256, 128, 64]",Fy,0.049079,0.221539,0.158337,0.947343,1.570029,97.677971,239.218878,929.212967,0.001205,0.221535
570,"[128, 256, 256, 128, 64]",Fz,0.003610,0.060083,0.046932,0.996513,0.241096,21.130705,63.367782,261.398110,-0.000043,0.060083
570,"[128, 256, 256, 128, 64]",Torque,0.002283,0.047780,0.038739,0.997632,0.211373,58.434429,42.964734,265.917756,0.002105,0.047734
468,"[128, 256, 512, 256, 128]",Fx,0.002358,0.048561,0.037433,0.997593,0.266281,12.905990,36.126967,156.513106,-0.008262,0.047853
468,"[128, 256, 512, 256, 128]",Fy,0.048456,0.220128,0.156911,0.948012,1.432837,108.881187,235.562213,985.043298,-0.004693,0.220078
468,"[128, 256, 512, 256, 128]",Fz,0.004066,0.063765,0.048932,0.996073,0.286683,26.728348,70.655681,281.309313,-0.007737,0.063294
468,"[128, 256, 512, 256, 128]",Torque,0.002158,0.046456,0.036647,0.997762,0.231496,80.030685,42.322568,193.199436,-0.001926,0.046416
488,"[64, 128, 256, 256, 128]",Fx,0.003492,0.059089,0.044471,0.996436,0.280715,14.728236,33.819044,140.397288,0.004064,0.058950
488,"[64, 128, 256, 256, 128]",Fy,0.045911,0.214269,0.154961,0.950743,1.266954,90.544785,217.023064,1135.751499,-0.011170,0.213977
488,"[64, 128, 256, 256, 128]",Fz,0.004473,0.066878,0.050357,0.995680,0.363359,24.023012,60.140331,306.564663,-0.000892,0.066872
488,"[64, 128, 256, 256, 128]",Torque,0.003181,0.056398,0.043571,0.996701,0.248440,125.627037,56.963697,228.189469,-0.005843,0.056094
38,"[64, 128, 64]",Fx,0.002480,0.049797,0.039758,0.997469,0.193351,16.889223,46.783726,175.572780,0.010722,0.048629
38,"[64, 128, 64]",Fy,0.048690,0.220657,0.160769,0.947762,1.463534,102.810616,232.962582,1398.344525,0.008377,0.220498
38,"[64, 128, 64]",Fz,0.003511,0.059253,0.046261,0.996609,0.317076,23.902843,78.718047,295.056240,-0.008863,0.058587
38,"[64, 128, 64]",Torque,0.002450,0.049502,0.039575,0.997458,0.172600,105.095840,68.649710,243.175425,0.021247,0.044711
536,"[128, 256, 256, 128, 64]",Fx,0.004187,0.064706,0.049171,0.995726,0.287544,16.425694,46.588786,184.004388,-0.006071,0.064421
536,"[128, 256, 256, 128, 64]",Fy,0.044053,0.209889,0.150497,0.952736,1.495592,88.005363,223.575256,1168.102971,-0.013612,0.209447
536,"[128, 256, 256, 128, 64]",Fz,0.004904,0.070029,0.054369,0.995263,0.340019,24.321342,68.923070,308.216821,0.005490,0.069814
536,"[128, 256, 256, 128, 64]",Torque,0.004017,0.063382,0.048799,0.995833,0.247298,122.835724,63.637894,347.750697,-0.009265,0.062702
442,"[128, 256, 512, 256, 128]",Fx,0.002380,0.048784,0.037294,0.997571,0.222969,18.056835,40.620709,208.009651,0.006883,0.048296
442,"[128, 256, 512, 256, 128]",Fy,0.048465,0.220148,0.159708,0.948002,1.689923,124.633400,216.093632,1209.432722,0.012467,0.219795
442,"[128, 256, 512, 256, 128]",Fz,0.004079,0.063869,0.049749,0.996060,0.322291,29.228874,75.390792,370.488260,0.019926,0.060681
442,"[128, 256, 512, 256, 128]",Torque,0.002358,0.048554,0.037417,0.997555,0.204610,108.764954,51.311310,240.116074,0.009709,0.047574
545,"[128, 256, 256, 128, 64]",Fx,0.004369,0.066098,0.050697,0.995540,0.266002,18.585934,46.422525,240.002281,-0.001043,0.066090
545,"[128, 256, 256, 128, 64]",Fy,0.045874,0.214182,0.155415,0.950782,1.356713,112.193779,212.983918,1437.327246,0.048364,0.208650
545,"[128, 256, 256, 128, 64]",Fz,0.004035,0.063522,0.049215,0.996103,0.270949,24.873541,69.332637,277.544998,0.000843,0.063517
545,"[128, 256, 256, 128, 64]",Torque,0.003047,0.055202,0.043227,0.996839,0.210492,84.605820,54.917484,288.580134,-0.004248,0.055039
248,"[64, 128, 256, 128]",Fx,0.004154,0.064448,0.048718,0.995760,0.274928,16.666790,39.679781,191.319935,-0.017077,0.062144
248,"[64, 128, 256, 128]",Fy,0.045399,0.213070,0.153963,0.951292,1.458139,100.762482,208.921436,1170.326956,-0.007129,0.212951
248,"[64, 128, 256, 128]",Fz,0.005063,0.071156,0.054077,0.995110,0.367978,23.127159,63.562823,336.529031,-0.006581,0.070851
248,"[64, 128, 256, 128]",Torque,0.002729,0.052238,0.039372,0.997170,0.239804,56.261166,40.007768,173.214242,-0.011133,0.051038
398,"[64, 128, 256, 128, 64]",Fx,0.003801,0.061656,0.048930,0.996119,0.262337,17.127365,49.745945,246.996885,0.000984,0.061648
398,"[64, 128, 256, 128, 64]",Fy,0.044286,0.210443,0.152443,0.952486,1.259726,99.620895,215.041151,1382.522728,-0.015687,0.209858
398,"[64, 128, 256, 128, 64]",Fz,0.005680,0.075367,0.059921,0.994514,0.280660,25.286493,83.894197,322.044701,0.013497,0.074149
398,"[64, 128, 256, 128, 64]",Torque,0.003577,0.059806,0.047921,0.996290,0.188559,156.237244,69.166199,392.449595,0.002953,0.059733
164,"[64, 128, 128, 64]",Fx,0.004812,0.069372,0.052358,0.995087,0.324154,15.015279,54.455704,153.315679,-0.026045,0.064297
164,"[64, 128, 128, 64]",Fy,0.043047,0.207478,0.148542,0.953815,1.353251,99.929893,192.356561,1094.123116,-0.000862,0.207476
164,"[64, 128, 128, 64]",Fz,0.005056,0.071103,0.056036,0.995117,0.304789,23.153809,68.436386,379.509134,0.000805,0.071099
164,"[64, 128, 128, 64]",Torque,0.004546,0.067424,0.051910,0.995285,0.272930,71.178848,56.884124,275.235459,-0.019747,0.064468
154,"[64, 128, 128, 64]",Fx,0.002284,0.047796,0.036069,0.997668,0.220325,16.875488,44.016205,183.214591,0.000579,0.047793
154,"[64, 128, 128, 64]",Fy,0.049486,0.222454,0.163526,0.946907,1.495373,126.641579,214.986433,1295.275928,0.002012,0.222445
154,"[64, 128, 128, 64]",Fz,0.004114,0.064140,0.048027,0.996027,0.285027,26.874718,83.643475,358.357707,0.000705,0.064136
154,"[64, 128, 128, 64]",Torque,0.001637,0.040462,0.031528,0.998302,0.162294,99.482635,45.391168,229.489185,0.008029,0.039658
490,"[64, 128, 256, 256, 128]",Fx,0.002503,0.050028,0.037866,0.997445,0.235499,14.552818,42.206865,181.840876,-0.005520,0.049722
490,"[64, 128, 256, 256, 128]",Fy,0.048998,0.221354,0.159735,0.947431,1.492022,101.481415,241.214703,1176.034149,-0.004023,0.221318
490,"[64, 128, 256, 256, 128]",Fz,0.003910,0.062529,0.048178,0.996224,0.245146,23.872396,70.234650,305.679085,0.010202,0.061691
490,"[64, 128, 256, 256, 128]",Torque,0.002133,0.046184,0.035733,0.997788,0.164071,79.846878,52.553273,279.735288,-0.003292,0.046066
391,"[64, 128, 256, 128, 64]",Fx,0.004361,0.066039,0.051110,0.995548,0.292446,15.227465,46.817058,148.701289,-0.020211,0.062870
391,"[64, 128, 256, 128, 64]",Fy,0.045265,0.212755,0.153958,0.951436,1.384461,93.486015,211.083090,1299.990120,0.010642,0.212488
391,"[64, 128, 256, 128, 64]",Fz,0.004724,0.068731,0.051399,0.995437,0.319631,24.803070,68.396637,370.558209,-0.019928,0.065778
391,"[64, 128, 256, 128, 64]",Torque,0.003247,0.056982,0.043883,0.996632,0.264370,36.517948,55.482872,256.351070,-0.016154,0.054644
57,"[128, 256, 128]",Fx,0.002311,0.048070,0.036198,0.997641,0.231481,13.919367,42.676467,166.435740,-0.010002,0.047018
57,"[128, 256, 128]",Fy,0.049376,0.222208,0.162447,0.947025,1.744451,112.580048,240.896402,1225.057111,-0.003177,0.222185
57,"[128, 256, 128]",Fz,0.004139,0.064338,0.048847,0.996002,0.273077,31.909636,80.911768,289.551942,0.002661,0.064283
57,"[128, 256, 128]",Torque,0.001785,0.042249,0.031907,0.998149,0.198984,109.841057,49.697449,335.193671,-0.006497,0.041747
426,"[64, 128, 256, 128, 64]",Fx,0.002027,0.045020,0.035564,0.997931,0.211140,15.720096,40.198485,205.900853,0.002880,0.044927
426,"[64, 128, 256, 128, 64]",Fy,0.049162,0.221726,0.160929,0.947254,1.172565,111.121864,272.435509,1489.999066,-0.006603,0.221628
426,"[64, 128, 256, 128, 64]",Fz,0.004151,0.064430,0.048820,0.995991,0.313291,26.269289,74.620280,313.591982,-0.011461,0.063403
426,"[64, 128, 256, 128, 64]",Torque,0.002308,0.048041,0.037704,0.997606,0.227890,19.250790,40.067766,187.134936,-0.001120,0.048028
533,"[128, 256, 256, 128, 64]",Fx,0.004584,0.067707,0.051745,0.995320,0.283342,17.183882,48.788720,213.245403,-0.009642,0.067017
533,"[128, 256, 256, 128, 64]",Fy,0.044912,0.211924,0.153879,0.951815,1.247875,84.732300,210.845446,1152.259128,-0.002888,0.211905
533,"[128, 256, 256, 128, 64]",Fz,0.004353,0.065980,0.052552,0.995795,0.277811,26.757677,81.559589,321.410861,0.019083,0.063160
533,"[128, 256, 256, 128, 64]",Torque,0.003906,0.062499,0.049912,0.995949,0.222752,61.892979,63.469018,320.959763,-0.000646,0.062495
410,"[64, 128, 256, 128, 64]",Fx,0.003961,0.062938,0.048398,0.995956,0.336832,18.117603,49.383412,241.761334,-0.011289,0.061917
410,"[64, 128, 256, 128, 64]",Fy,0.043945,0.209631,0.151993,0.952852,1.258188,97.817078,225.217014,1001.720204,0.017086,0.208934
410,"[64, 128, 256, 128, 64]",Fz,0.005837,0.076400,0.058205,0.994362,0.358309,32.712700,64.097155,272.006834,-0.007184,0.076062
410,"[64, 128, 256, 128, 64]",Torque,0.004027,0.063459,0.049950,0.995823,0.216522,128.065079,77.035926,377.720874,-0.006225,0.063152
530,"[128, 256, 256, 128, 64]",Fx,0.004526,0.067277,0.051284,0.995380,0.315243,17.937546,47.237907,186.573459,-0.018080,0.064802
530,"[128, 256, 256, 128, 64]",Fy,0.044329,0.210544,0.154024,0.952440,1.309442,107.595863,223.661508,1091.454417,0.015094,0.210002
530,"[128, 256, 256, 128, 64]",Fz,0.005791,0.076101,0.059030,0.994407,0.292664,24.692301,72.300750,289.069794,-0.014105,0.074782
530,"[128, 256, 256, 128, 64]",Torque,0.003146,0.056093,0.044064,0.996736,0.230225,91.065559,57.588857,241.638369,-0.006526,0.055712
394,"[64, 128, 256, 128, 64]",Fx,0.003073,0.055433,0.042378,0.996863,0.262926,16.243124,54.236730,182.983631,-0.013517,0.053760
394,"[64, 128, 256, 128, 64]",Fy,0.048637,0.220538,0.161082,0.947818,1.409227,96.950096,220.240872,1127.206624,-0.002641,0.220522
394,"[64, 128, 256, 128, 64]",Fz,0.003948,0.062836,0.047539,0.996186,0.307539,29.988544,84.760720,318.547226,-0.003901,0.062715
394,"[64, 128, 256, 128, 64]",Torque,0.002160,0.046480,0.036538,0.997759,0.188304,92.579979,50.023467,214.897402,-0.005797,0.046117
158,"[64, 128, 128, 64]",Fx,0.004746,0.068890,0.055385,0.995155,0.234583,24.669832,63.755441,248.297185,0.016544,0.066874
158,"[64, 128, 128, 64]",Fy,0.044123,0.210056,0.151926,0.952661,1.399074,98.633759,206.732518,1446.154092,-0.006552,0.209953
158,"[64, 128, 128, 64]",Fz,0.004905,0.070036,0.055522,0.995262,0.289941,35.443478,94.228174,464.123799,0.016174,0.068143
158,"[64, 128, 128, 64]",Torque,0.004126,0.064237,0.051860,0.995720,0.240265,107.047539,73.864518,327.945042,0.014070,0.062677
401,"[64, 128, 256, 128, 64]",Fx,0.003596,0.059965,0.046442,0.996329,0.266976,17.062235,39.188552,189.702885,-0.003364,0.059871
401,"[64, 128, 256, 128, 64]",Fy,0.045658,0.213678,0.152447,0.951014,1.314547,109.937523,224.625400,1619.395916,-0.002010,0.213669
401,"[64, 128, 256, 128, 64]",Fz,0.005235,0.072356,0.056803,0.994943,0.337708,26.890278,72.894007,307.931122,-0.001249,0.072345
401,"[64, 128, 256, 128, 64]",Torque,0.003437,0.058627,0.045226,0.996435,0.245853,61.921898,51.805098,232.430193,-0.010720,0.057639
10,"[64, 128, 64]",Fx,0.002622,0.051204,0.039533,0.997324,0.242339,16.119499,45.983673,187.260457,-0.003328,0.051096
10,"[64, 128, 64]",Fy,0.049020,0.221404,0.158139,0.947407,1.597806,102.955826,224.594286,1137.568901,-0.001826,0.221396
10,"[64, 128, 64]",Fz,0.004317,0.065703,0.049528,0.995831,0.347398,23.269215,71.617171,236.151843,-0.005410,0.065480
10,"[64, 128, 64]",Torque,0.002083,0.045641,0.035848,0.997839,0.182838,88.433075,41.073733,209.679867,0.000944,0.045631
347,"[256, 512, 512, 256]",Fx,0.002582,0.050810,0.038557,0.997365,0.255573,14.253296,35.263325,132.969585,0.001249,0.050794
347,"[256, 512, 512, 256]",Fy,0.049859,0.223291,0.162196,0.946507,1.686639,100.834373,226.711076,991.281678,0.014983,0.222787
347,"[256, 512, 512, 256]",Fz,0.003928,0.062674,0.046591,0.996206,0.265322,27.187315,71.046106,360.754303,-0.008008,0.062160
347,"[256, 512, 512, 256]",Torque,0.001676,0.040943,0.031318,0.998261,0.208405,95.589478,41.281927,206.003009,0.000679,0.040937
425,"[64, 128, 256, 128, 64]",Fx,0.003091,0.055601,0.044467,0.996844,0.271131,21.173925,55.831067,274.995991,0.010800,0.054542
425,"[64, 128, 256, 128, 64]",Fy,0.046318,0.215217,0.156899,0.950306,1.420384,104.192993,228.285561,1160.835208,-0.017304,0.214520
425,"[64, 128, 256, 128, 64]",Fz,0.004875,0.069821,0.053636,0.995292,0.293172,25.432943,77.932744,387.673069,-0.002252,0.069785
425,"[64, 128, 256, 128, 64]",Torque,0.003772,0.061413,0.047902,0.996088,0.252824,190.663803,65.762656,321.474992,0.005317,0.061183
542,"[128, 256, 256, 128, 64]",Fx,0.003415,0.058441,0.044389,0.996514,0.265962,16.487299,39.306037,151.989088,-0.010626,0.057467
542,"[128, 256, 256, 128, 64]",Fy,0.046496,0.215628,0.154799,0.950115,1.378397,104.292709,212.920567,1183.342158,0.016181,0.215020
542,"[128, 256, 256, 128, 64]",Fz,0.005122,0.071567,0.057003,0.995053,0.330444,23.667620,81.395138,305.692651,0.002242,0.071532
542,"[128, 256, 256, 128, 64]",Torque,0.003063,0.055341,0.042407,0.996823,0.243870,119.434692,53.965712,193.259809,-0.006247,0.054987
413,"[64, 128, 256, 128, 64]",Fx,0.003361,0.057970,0.045222,0.996570,0.283826,19.525295,44.603066,192.444493,-0.000267,0.057970
413,"[64, 128, 256, 128, 64]",Fy,0.046162,0.214853,0.154087,0.950473,1.515741,102.339386,219.777772,1435.907826,0.021488,0.213776
413,"[64, 128, 256, 128, 64]",Fz,0.005327,0.072987,0.057535,0.994855,0.292085,27.008224,80.287452,307.380156,0.013441,0.071738
413,"[64, 128, 256, 128, 64]",Torque,0.003285,0.057315,0.044822,0.996593,0.233773,154.394958,62.524188,239.568855,0.000125,0.057315
535,"[128, 256, 256, 128, 64]",Fx,0.004268,0.065329,0.049937,0.995643,0.297401,14.867074,43.171554,173.301081,0.003595,0.065231
535,"[128, 256, 256, 128, 64]",Fy,0.044930,0.211967,0.150369,0.951795,1.537244,116.512932,203.768032,1515.013853,-0.013932,0.211509
535,"[128, 256, 256, 128, 64]",Fz,0.004945,0.070321,0.054504,0.995224,0.324099,29.684435,82.619118,313.809792,-0.004401,0.070183
535,"[128, 256, 256, 128, 64]",Torque,0.004123,0.064210,0.050975,0.995724,0.269983,118.192665,54.504732,210.100612,0.015546,0.062300
161,"[64, 128, 128, 64]",Fx,0.003309,0.057525,0.044874,0.996622,0.236232,16.278481,48.461913,177.242608,-0.006216,0.057188
161,"[64, 128, 128, 64]",Fy,0.045656,0.213673,0.151390,0.951016,1.393814,134.854553,206.034621,1348.186941,0.010710,0.213404
161,"[64, 128, 128, 64]",Fz,0.006286,0.079287,0.061906,0.993928,0.342333,25.042604,69.811806,363.370460,-0.011544,0.078442
161,"[64, 128, 128, 64]",Torque,0.003108,0.055746,0.044352,0.996777,0.205451,62.618847,67.238696,398.842346,-0.011318,0.054585
170,"[64, 128, 128, 64]",Fx,0.004241,0.065125,0.051341,0.995670,0.318293,17.128572,42.649496,213.651612,-0.000721,0.065121
170,"[64, 128, 128, 64]",Fy,0.044689,0.211397,0.153082,0.952054,1.404028,100.525108,219.978043,1317.612190,-0.000915,0.211395
170,"[64, 128, 128, 64]",Fz,0.005218,0.072232,0.056747,0.994961,0.281967,30.242405,82.720667,288.307712,0.005313,0.072037
170,"[64, 128, 128, 64]",Torque,0.004224,0.064996,0.050814,0.995618,0.274782,72.623337,61.138905,276.584760,-0.003623,0.064895
516,"[64, 128, 256, 256, 128]",Fx,0.002328,0.048249,0.036977,0.997624,0.226943,14.757882,42.347203,182.602917,-0.007253,0.047700
516,"[64, 128, 256, 256, 128]",Fy,0.049827,0.223220,0.161465,0.946541,1.432356,127.628105,243.565142,1612.215585,-0.015676,0.222669
516,"[64, 128, 256, 256, 128]",Fz,0.003899,0.062443,0.048951,0.996234,0.284583,28.299870,79.448363,357.369194,0.008941,0.061799
516,"[64, 128, 256, 256, 128]",Torque,0.002323,0.048196,0.036894,0.997591,0.209786,39.062923,51.614202,255.397863,-0.012766,0.046475
203,"[128, 256, 256, 128]",Fx,0.002809,0.052999,0.040019,0.997133,0.295812,12.862180,41.742838,148.663603,-0.013040,0.051369
203,"[128, 256, 256, 128]",Fy,0.048622,0.220503,0.159051,0.947834,1.751791,97.353935,224.281535,1352.224788,-0.004938,0.220448
203,"[128, 256, 256, 128]",Fz,0.004979,0.070559,0.050830,0.995191,0.340506,28.976105,69.678501,347.154206,-0.013091,0.069334
203,"[128, 256, 256, 128]",Torque,0.002030,0.045060,0.033992,0.997894,0.224732,136.831421,43.267174,254.846392,-0.003727,0.044905
146,"[64, 128, 128, 64]",Fx,0.003180,0.056395,0.045308,0.996753,0.201516,16.887516,51.990252,180.820634,0.007768,0.055857
146,"[64, 128, 128, 64]",Fy,0.045905,0.214254,0.154315,0.950749,1.585240,113.384155,211.485301,1389.171476,0.013222,0.213846
146,"[64, 128, 128, 64]",Fz,0.005759,0.075887,0.061121,0.994438,0.269984,31.551920,90.367910,379.223147,0.011248,0.075049
146,"[64, 128, 128, 64]",Torque,0.003619,0.060162,0.047748,0.996246,0.255688,132.095078,60.139168,330.658971,0.004825,0.059968
9,"[64, 128, 64]",Fx,0.002230,0.047224,0.036813,0.997723,0.208899,13.557483,40.326454,143.348495,0.006034,0.046837
9,"[64, 128, 64]",Fy,0.050427,0.224559,0.165815,0.945898,1.539609,112.348038,230.378375,1194.533274,0.005241,0.224498
9,"[64, 128, 64]",Fz,0.003850,0.062044,0.046256,0.996282,0.272582,25.109407,77.247583,276.705924,-0.005578,0.061793
9,"[64, 128, 64]",Torque,0.001984,0.044543,0.034020,0.997942,0.221259,85.966881,48.491293,282.262044,0.003701,0.044389
404,"[64, 128, 256, 128, 64]",Fx,0.003516,0.059296,0.045087,0.996411,0.287014,16.890022,39.260214,175.073917,0.000390,0.059294
404,"[64, 128, 256, 128, 64]",Fy,0.045586,0.213508,0.154002,0.951092,1.454310,102.287086,212.431194,921.024062,-0.011763,0.213184
404,"[64, 128, 256, 128, 64]",Fz,0.005263,0.072545,0.057783,0.994917,0.341761,28.637527,84.559687,333.257574,0.013092,0.071354
404,"[64, 128, 256, 128, 64]",Torque,0.004185,0.064691,0.050061,0.995659,0.276479,136.081985,60.074329,380.235774,0.002403,0.064646
299,"[128, 256, 512, 256]",Fx,0.002803,0.052943,0.040431,0.997139,0.255235,14.696563,47.632829,174.951336,-0.005410,0.052665
299,"[128, 256, 512, 256]",Fy,0.049772,0.223097,0.163423,0.946600,1.559711,99.334503,233.390394,1657.347684,-0.004432,0.223053
299,"[128, 256, 512, 256]",Fz,0.004017,0.063380,0.047417,0.996120,0.293870,26.823494,86.693694,289.250269,-0.004444,0.063224
299,"[128, 256, 512, 256]",Torque,0.002237,0.047298,0.035738,0.997680,0.217443,71.542572,41.740504,174.514042,-0.003636,0.047158
251,"[64, 128, 256, 128]",Fx,0.002560,0.050601,0.039485,0.997386,0.214022,14.892922,39.498948,162.364361,0.007880,0.049984
251,"[64, 128, 256, 128]",Fy,0.050071,0.223765,0.163254,0.946280,1.455522,112.942177,205.710405,1431.100980,-0.024173,0.222456
251,"[64, 128, 256, 128]",Fz,0.004089,0.063942,0.050926,0.996051,0.269626,30.251881,83.182891,344.627751,0.021361,0.060269
251,"[64, 128, 256, 128]",Torque,0.002532,0.050315,0.039921,0.997374,0.189662,151.799042,58.401605,230.550930,0.016861,0.047406
386,"[64, 128, 256, 128, 64]",Fx,0.004759,0.068987,0.055229,0.995142,0.205662,27.052414,59.551343,254.999366,0.016271,0.067041
386,"[64, 128, 256, 128, 64]",Fy,0.044685,0.211389,0.151752,0.952058,1.337258,105.403214,211.796919,1445.877197,0.001717,0.211382
386,"[64, 128, 256, 128, 64]",Fz,0.006354,0.079711,0.064657,0.993863,0.262873,32.799198,97.596643,423.460398,0.023635,0.076126
386,"[64, 128, 256, 128, 64]",Torque,0.003695,0.060789,0.049128,0.996167,0.243757,176.940887,77.894748,406.716657,0.012443,0.059502
8,"[64, 128, 64]",Fx,0.003956,0.062898,0.051007,0.995961,0.254681,18.189184,49.988814,181.223369,0.001810,0.062872
8,"[64, 128, 64]",Fy,0.047271,0.217419,0.157403,0.949283,1.655360,93.611115,206.701244,982.314385,0.008801,0.217241
8,"[64, 128, 64]",Fz,0.004704,0.068582,0.053561,0.995457,0.314564,29.095615,79.981374,328.391151,0.005067,0.068395
8,"[64, 128, 64]",Torque,0.003590,0.059920,0.047971,0.996276,0.253874,85.806557,42.173489,196.881131,0.004225,0.059770
249,"[64, 128, 256, 128]",Fx,0.002319,0.048157,0.038552,0.997633,0.198450,13.015394,39.482854,130.873675,0.006323,0.047740
249,"[64, 128, 256, 128]",Fy,0.050194,0.224039,0.164069,0.946148,1.644846,111.330383,218.592831,1441.145522,0.018071,0.223309
249,"[64, 128, 256, 128]",Fz,0.005074,0.071235,0.053597,0.995099,0.346748,29.397255,86.340470,329.443671,0.002358,0.071196
249,"[64, 128, 256, 128]",Torque,0.002122,0.046066,0.036968,0.997799,0.182993,110.652908,48.763029,247.502119,0.008477,0.045279
153,"[64, 128, 128, 64]",Fx,0.002663,0.051600,0.041170,0.997282,0.189661,13.826234,51.503920,170.803919,0.011993,0.050186
153,"[64, 128, 128, 64]",Fy,0.050146,0.223933,0.163513,0.946199,1.577266,85.611382,221.915844,1033.829538,-0.002209,0.223922
153,"[64, 128, 128, 64]",Fz,0.004716,0.068676,0.053189,0.995445,0.292840,28.065500,79.080946,310.550217,0.013132,0.067408
153,"[64, 128, 128, 64]",Torque,0.002233,0.047258,0.037233,0.997684,0.225014,137.933685,47.299285,269.216665,0.013530,0.045280
564,"[128, 256, 256, 128, 64]",Fx,0.002483,0.049827,0.039857,0.997466,0.201359,17.659111,49.080324,164.293883,0.011551,0.048470
564,"[128, 256, 256, 128, 64]",Fy,0.051028,0.225894,0.161283,0.945253,1.436296,93.886894,240.159056,1276.585760,-0.011557,0.225598
564,"[128, 256, 256, 128, 64]",Fz,0.004025,0.063443,0.049394,0.996113,0.226618,25.063715,85.786636,319.157395,-0.006033,0.063155
564,"[128, 256, 256, 128, 64]",Torque,0.002553,0.050528,0.040780,0.997352,0.155779,101.614388,46.505775,272.628902,0.012924,0.048847
58,"[128, 256, 128]",Fx,0.002331,0.048285,0.037666,0.997620,0.230395,14.963248,45.813893,219.392413,-0.005877,0.047926
58,"[128, 256, 128]",Fy,0.051395,0.226705,0.166432,0.944859,1.734317,105.152412,235.719542,1543.615996,-0.017349,0.226040
58,"[128, 256, 128]",Fz,0.004669,0.068328,0.052313,0.995491,0.343320,26.826872,74.520408,335.362205,0.005574,0.068100
58,"[128, 256, 128]",Torque,0.001909,0.043696,0.034346,0.998020,0.190151,83.065659,47.375813,350.464919,-0.003887,0.043523
538,"[128, 256, 256, 128, 64]",Fx,0.003901,0.062454,0.046494,0.996018,0.327947,17.656132,43.155488,226.894996,-0.008545,0.061867
538,"[128, 256, 256, 128, 64]",Fy,0.048904,0.221143,0.161534,0.947531,1.672345,91.524567,229.580757,963.172491,0.015554,0.220596
538,"[128, 256, 256, 128, 64]",Fz,0.004922,0.070159,0.051684,0.995246,0.413030,31.516092,69.679759,389.860700,-0.003987,0.070046
538,"[128, 256, 256, 128, 64]",Torque,0.003234,0.056871,0.044577,0.996645,0.334019,129.404495,51.531138,265.587378,0.006807,0.056463
201,"[128, 256, 256, 128]",Fx,0.002388,0.048867,0.036483,0.997562,0.217363,14.473127,36.318562,156.748681,-0.007681,0.048260
201,"[128, 256, 256, 128]",Fy,0.052363,0.228830,0.165903,0.943820,1.616709,111.410263,222.652651,1444.495197,-0.002568,0.228816
201,"[128, 256, 256, 128]",Fz,0.004517,0.067211,0.051040,0.995637,0.285753,29.290333,100.277722,282.702299,-0.006401,0.066905
201,"[128, 256, 256, 128]",Torque,0.001957,0.044233,0.033589,0.997971,0.184758,72.543655,45.816166,214.344270,-0.009069,0.043294
345,"[256, 512, 512, 256]",Fx,0.002921,0.054046,0.042227,0.997018,0.238283,16.728333,43.888855,210.634523,0.011223,0.052867
345,"[256, 512, 512, 256]",Fy,0.051781,0.227555,0.166291,0.944445,1.742801,113.907196,229.204264,1491.428875,0.002241,0.227544
345,"[256, 512, 512, 256]",Fz,0.004456,0.066756,0.050735,0.995696,0.329342,24.509218,83.386496,291.689368,0.002848,0.066695
345,"[256, 512, 512, 256]",Torque,0.002102,0.045846,0.036231,0.997820,0.185448,115.552277,49.830342,327.841162,0.010400,0.044651
152,"[64, 128, 128, 64]",Fx,0.003882,0.062303,0.048905,0.996038,0.246590,19.209805,48.800009,208.816826,-0.002779,0.062241
152,"[64, 128, 128, 64]",Fy,0.048796,0.220898,0.163556,0.947648,1.281541,95.946594,203.611159,1395.970704,0.037175,0.217747
152,"[64, 128, 128, 64]",Fz,0.006148,0.078411,0.059810,0.994062,0.351749,31.733974,96.116523,313.659332,-0.002168,0.078381
152,"[64, 128, 128, 64]",Torque,0.003237,0.056894,0.045550,0.996643,0.214231,95.625412,49.394144,354.477411,0.014594,0.054990
106,"[256, 512, 256]",Fx,0.002537,0.050368,0.037996,0.997410,0.259514,19.795595,45.604508,195.556712,-0.012566,0.048775
106,"[256, 512, 256]",Fy,0.052975,0.230163,0.168174,0.943164,1.750003,132.634827,228.515741,1587.251951,-0.002252,0.230152
106,"[256, 512, 256]",Fz,0.004702,0.068569,0.051442,0.995459,0.417273,28.854986,66.483741,401.991621,0.001144,0.068559
106,"[256, 512, 256]",Torque,0.002036,0.045121,0.034194,0.997888,0.197577,109.463501,49.266842,261.690806,-0.004117,0.044933
155,"[64, 128, 128, 64]",Fx,0.003492,0.059091,0.045233,0.996436,0.280470,18.446445,43.001781,199.927862,-0.009651,0.058298
155,"[64, 128, 128, 64]",Fy,0.049585,0.222678,0.160586,0.946801,1.779201,87.515099,211.123638,1189.848260,0.001819,0.222670
155,"[64, 128, 128, 64]",Fz,0.005303,0.072825,0.054884,0.994878,0.380276,33.057449,67.638055,394.659058,-0.014096,0.071447
155,"[64, 128, 128, 64]",Torque,0.003916,0.062580,0.048271,0.995938,0.259776,170.923462,65.836133,308.820064,-0.001637,0.062559
297,"[128, 256, 512, 256]",Fx,0.003207,0.056634,0.044721,0.996726,0.232262,15.059149,56.168121,164.629068,0.010174,0.055712
297,"[128, 256, 512, 256]",Fy,0.051486,0.226906,0.167190,0.944761,1.542120,97.295227,239.103963,1358.856410,-0.014152,0.226464
297,"[128, 256, 512, 256]",Fz,0.005465,0.073926,0.055832,0.994722,0.350703,30.304600,102.348483,557.409962,0.008757,0.073405
297,"[128, 256, 512, 256]",Torque,0.002219,0.047104,0.036946,0.997699,0.201383,92.307922,47.646703,256.170745,0.002411,0.047043
105,"[256, 512, 256]",Fx,0.003382,0.058151,0.043982,0.996548,0.293362,17.605959,52.289181,187.124337,-0.012117,0.056875
105,"[256, 512, 256]",Fy,0.052341,0.228781,0.167651,0.943844,1.685336,103.301941,213.477938,1107.782474,-0.013278,0.228395
105,"[256, 512, 256]",Fz,0.004458,0.066770,0.051417,0.995694,0.280847,27.359915,81.808707,269.366660,-0.000002,0.066770
105,"[256, 512, 256]",Torque,0.002598,0.050967,0.038799,0.997306,0.259786,122.467392,45.011321,292.959920,-0.009704,0.050035
393,"[64, 128, 256, 128, 64]",Fx,0.003921,0.062617,0.049787,0.995998,0.282026,20.693167,48.836566,181.943723,0.010846,0.061671
393,"[64, 128, 256, 128, 64]",Fy,0.051394,0.226703,0.166621,0.944860,1.685107,96.142220,233.507342,1168.808741,0.014399,0.226245
393,"[64, 128, 256, 128, 64]",Fz,0.004893,0.069947,0.051551,0.995275,0.366512,29.433361,75.373547,296.069343,-0.004124,0.069825
393,"[64, 128, 256, 128, 64]",Torque,0.003110,0.055769,0.045297,0.996774,0.191412,114.365753,53.857945,476.911256,0.017597,0.052920
489,"[64, 128, 256, 256, 128]",Fx,0.003641,0.060338,0.046127,0.996284,0.324815,17.603119,44.535725,183.380593,-0.003156,0.060255
489,"[64, 128, 256, 256, 128]",Fy,0.051311,0.226519,0.162990,0.944949,1.738465,99.828171,229.391285,1422.075093,0.000072,0.226519
489,"[64, 128, 256, 256, 128]",Fz,0.006160,0.078486,0.058545,0.994050,0.421335,31.491867,95.937122,405.590051,0.001850,0.078464
489,"[64, 128, 256, 256, 128]",Torque,0.002605,0.051036,0.039331,0.997298,0.259029,124.454796,46.985457,254.288031,0.003017,0.050946
537,"[128, 256, 256, 128, 64]",Fx,0.003885,0.062332,0.049420,0.996034,0.286502,20.357107,46.562014,160.268378,0.007498,0.061879
537,"[128, 256, 256, 128, 64]",Fy,0.051164,0.226194,0.167272,0.945107,1.556552,98.298950,220.354271,1457.096101,-0.004320,0.226153
537,"[128, 256, 256, 128, 64]",Fz,0.005542,0.074447,0.056958,0.994647,0.364422,26.628456,101.985295,323.957726,0.001791,0.074426
537,"[128, 256, 256, 128, 64]",Torque,0.003363,0.057989,0.045988,0.996512,0.267463,72.183548,55.386659,436.254281,0.000350,0.057988
107,"[256, 512, 256]",Fx,0.002723,0.052185,0.039860,0.997220,0.248317,16.254215,41.492430,150.822375,0.007360,0.051663
107,"[256, 512, 256]",Fy,0.055107,0.234749,0.171938,0.940876,1.724093,125.981628,229.181701,1181.305312,0.003177,0.234728
107,"[256, 512, 256]",Fz,0.005280,0.072661,0.055207,0.994901,0.336615,31.519178,92.655848,366.311240,-0.008826,0.072123
107,"[256, 512, 256]",Torque,0.002133,0.046186,0.035987,0.997787,0.199406,135.527969,48.023718,193.314701,0.015020,0.043676
392,"[64, 128, 256, 128, 64]",Fx,0.005068,0.071188,0.057186,0.994827,0.246147,21.008995,49.610535,300.588449,0.006231,0.070915
392,"[64, 128, 256, 128, 64]",Fy,0.048538,0.220312,0.161051,0.947925,1.581380,84.748611,208.559158,1164.977378,-0.012172,0.219976
392,"[64, 128, 256, 128, 64]",Fz,0.006921,0.083195,0.066918,0.993315,0.338549,31.014149,89.633895,356.935396,0.022737,0.080028
392,"[64, 128, 256, 128, 64]",Torque,0.004834,0.069525,0.056051,0.994986,0.234452,144.676971,65.122608,360.008471,0.017804,0.067207
395,"[64, 128, 256, 128, 64]",Fx,0.004052,0.063654,0.049588,0.995864,0.289689,19.938358,49.414941,200.566688,0.004496,0.063495
395,"[64, 128, 256, 128, 64]",Fy,0.051742,0.227469,0.164556,0.944487,1.630142,85.900810,209.198190,1127.600925,-0.002058,0.227459
395,"[64, 128, 256, 128, 64]",Fz,0.005627,0.075013,0.057503,0.994565,0.382382,29.712475,73.879395,294.473148,0.008870,0.074486
395,"[64, 128, 256, 128, 64]",Torque,0.003970,0.063007,0.049215,0.995882,0.220750,187.824051,63.465433,355.337300,0.017964,0.060392
59,"[128, 256, 128]",Fx,0.002946,0.054276,0.041984,0.996993,0.218512,15.549297,47.710766,237.963985,-0.004757,0.054068
59,"[128, 256, 128]",Fy,0.054162,0.232728,0.168261,0.941890,1.878403,117.764153,236.280030,1337.073726,-0.009532,0.232533
59,"[128, 256, 128]",Fz,0.005725,0.075667,0.058473,0.994470,0.352911,32.172668,101.180912,435.925036,0.020798,0.072753
59,"[128, 256, 128]",Torque,0.002622,0.051201,0.038640,0.997281,0.221776,136.482788,44.934533,227.197137,0.012671,0.049608
539,"[128, 256, 256, 128, 64]",Fx,0.004781,0.069146,0.053090,0.995119,0.295076,17.551006,55.623554,194.273141,-0.003662,0.069049
539,"[128, 256, 256, 128, 64]",Fy,0.051198,0.226271,0.164303,0.945070,1.556239,122.396027,210.706775,1390.991493,0.000647,0.226270
539,"[128, 256, 256, 128, 64]",Fz,0.006023,0.077607,0.059770,0.994183,0.346040,30.931288,81.090978,312.905606,0.002959,0.077550
539,"[128, 256, 256, 128, 64]",Torque,0.003845,0.062007,0.048475,0.996012,0.274942,159.256729,58.864965,253.182327,-0.001477,0.061989
441,"[128, 256, 512, 256, 128]",Fx,0.005310,0.072872,0.054103,0.994579,0.400095,16.697849,43.649131,195.514932,-0.010789,0.072069
441,"[128, 256, 512, 256, 128]",Fy,0.053722,0.231780,0.168744,0.942362,1.937567,140.554825,252.266962,1285.066584,0.001222,0.231777
441,"[128, 256, 512, 256, 128]",Fz,0.005727,0.075678,0.058891,0.994469,0.304936,36.075191,109.347497,449.140760,0.013370,0.074488
441,"[128, 256, 512, 256, 128]",Torque,0.003198,0.056553,0.043176,0.996683,0.280355,131.126831,55.488517,341.719010,0.002598,0.056493
11,"[64, 128, 64]",Fx,0.004197,0.064781,0.051132,0.995716,0.252771,18.649017,45.671728,266.034493,0.016660,0.062602
11,"[64, 128, 64]",Fy,0.054589,0.233642,0.170401,0.941433,1.822103,130.794006,239.811356,1511.771575,0.005571,0.233576
11,"[64, 128, 64]",Fz,0.006650,0.081550,0.062258,0.993577,0.349496,33.970886,99.876243,391.709702,-0.007781,0.081178
11,"[64, 128, 64]",Torque,0.003338,0.057773,0.045643,0.996538,0.232040,160.652710,55.286655,277.583200,0.011461,0.056625
