Fx_true,Fy_true,Fz_true,Torque_true,Fx_pred,Fy_pred,Fz_pred,Torque_pred,Fx_error,Fy_error,Fz_error,Torque_error
2.542971,-0.009058,0.219335,0.043022,2.550037,-0.007258,0.219213,0.042680,0.007066,0.001800,-0.000121,-0.000342
2.119119,-0.014734,0.186557,0.033871,2.077367,-0.015716,0.186010,0.033993,-0.041751,-0.000983,-0.000547,0.000122
6.266453,-0.027474,0.469062,0.105455,6.130601,-0.026984,0.474056,0.104804,-0.135852,0.000490,0.004994,-0.000651
5.362182,-0.015283,0.397988,0.091086,5.396563,-0.016961,0.403017,0.092989,0.034381,-0.001678,0.005029,0.001904
5.368074,-0.004301,0.249857,0.096462,5.366062,-0.003145,0.252687,0.096138,-0.002012,0.001156,0.002830,-0.000324
4.201777,-0.029781,0.356966,0.064136,4.181688,-0.028222,0.357797,0.064010,-0.020089,0.001559,0.000831,-0.000125
2.359929,-0.005797,0.236268,0.043381,2.413895,-0.006312,0.236851,0.043573,0.053966,-0.000515,0.000583,0.000191
6.975911,-0.009600,0.575717,0.118195,6.966201,-0.016127,0.571416,0.117782,-0.009710,-0.006528,-0.004301,-0.000413
2.302464,-0.015327,0.171481,0.041556,2.287639,-0.015290,0.171778,0.040912,-0.014825,0.000037,0.000296,-0.000644
4.829413,0.004885,0.179133,0.075956,4.730310,0.004030,0.184654,0.075147,-0.099102,-0.000855,0.005521,-0.000809
2.486137,-0.004187,0.202513,0.039680,2.442781,-0.004661,0.201982,0.039812,-0.043356,-0.000474,-0.000531,0.000132
2.584128,-0.023234,0.214618,0.049522,2.515308,-0.020921,0.211180,0.049344,-0.068820,0.002313,-0.003438,-0.000177
4.190175,-0.024214,0.407067,0.075854,4.137749,-0.027001,0.403169,0.076091,-0.052425,-0.002787,-0.003897,0.000237
2.321268,-0.017478,0.169146,0.041197,2.369487,-0.016377,0.178154,0.041552,0.048219,0.001101,0.009008,0.000356
2.280828,-0.018336,0.199188,0.036531,2.235119,-0.016041,0.193709,0.035417,-0.045709,0.002295,-0.005479,-0.001114
2.455660,-0.014887,0.238535,0.042667,2.458010,-0.014367,0.234571,0.041371,0.002350,0.000520,-0.003964,-0.001295
5.265316,-0.023437,0.402696,0.091280,5.275302,-0.020735,0.409669,0.090946,0.009986,0.002701,0.006973,-0.000334
2.510482,-0.003123,0.139590,0.041138,2.496749,-0.005288,0.139572,0.041485,-0.013733,-0.002165,-0.000018,0.000347
2.412552,-0.034363,0.197014,0.034773,2.343197,-0.032653,0.197872,0.034468,-0.069356,0.001710,0.000859,-0.000305
3.392682,-0.024344,0.253958,0.051892,3.390062,-0.024759,0.251789,0.053113,-0.002619,-0.000415,-0.002169,0.001222
2.123585,-0.008784,0.112640,0.031008,2.063899,-0.010584,0.113862,0.030243,-0.059686,-0.001800,0.001223,-0.000765
5.368645,-0.030835,0.556307,0.104035,5.472443,-0.031404,0.558933,0.104896,0.103798,-0.000569,0.002626,0.000861
2.680438,-0.019409,0.234718,0.039964,2.675891,-0.021948,0.230338,0.039428,-0.004548,-0.002540,-0.004380,-0.000536
7.031347,-0.041867,0.649765,0.116295,6.962134,-0.038331,0.637402,0.115212,-0.069212,0.003536,-0.012363,-0.001084
2.274304,-0.009389,0.217477,0.038212,2.205192,-0.008206,0.211465,0.037513,-0.069112,0.001183,-0.006011,-0.000699
6.293817,0.021627,0.269764,0.118962,6.232314,0.026821,0.286099,0.118673,-0.061503,0.005194,0.016335,-0.000289
3.009083,-0.012846,0.313111,0.060132,3.075744,-0.013299,0.312768,0.060437,0.066661,-0.000453,-0.000343,0.000305
2.794937,-0.017889,0.190184,0.051312,2.806137,-0.019135,0.185503,0.050564,0.011200,-0.001246,-0.004681,-0.000748
4.466352,0.013901,0.475274,0.082160,4.389033,0.011516,0.471256,0.080986,-0.077319,-0.002385,-0.004018,-0.001174
2.481297,-0.046284,0.264836,0.043245,2.458959,-0.046200,0.260647,0.042703,-0.022338,0.000084,-0.004189,-0.000542
5.984418,-0.001086,0.400234,0.107051,5.795373,-0.007458,0.381407,0.103725,-0.189045,-0.006371,-0.018827,-0.003325
4.615842,-0.028572,0.401060,0.073437,4.609135,-0.026551,0.391580,0.073871,-0.006707,0.002021,-0.009480,0.000434
5.578994,0.011796,0.473020,0.100773,5.547907,0.012532,0.474600,0.099951,-0.031086,0.000737,0.001580,-0.000822
3.824686,-0.005872,0.215386,0.071487,3.853343,-0.007596,0.222310,0.070533,0.028658,-0.001724,0.006924,-0.000954
7.038864,-0.029337,0.569613,0.125194,7.033664,-0.028534,0.565526,0.123165,-0.005200,0.000803,-0.004087,-0.002029
4.484825,-0.027204,0.289226,0.084964,4.490257,-0.030626,0.297063,0.083589,0.005432,-0.003422,0.007837,-0.001376
3.973804,-0.016854,0.223961,0.067374,3.955315,-0.016681,0.226958,0.066863,-0.018489,0.000173,0.002997,-0.000510
4.307632,-0.031841,0.300574,0.070206,4.273393,-0.027452,0.303609,0.069527,-0.034240,0.004390,0.003035,-0.000678
2.407404,-0.011068,0.258960,0.044625,2.389951,-0.012863,0.252315,0.043546,-0.017453,-0.001795,-0.006646,-0.001079
6.013748,-0.013831,0.448832,0.102767,5.934845,-0.018117,0.444880,0.100507,-0.078902,-0.004285,-0.003952,-0.002260
3.085941,-0.007540,0.361321,0.060540,3.169369,-0.010733,0.365590,0.061809,0.083428,-0.003193,0.004269,0.001269
3.891891,-0.000329,0.230990,0.070586,3.851212,-0.000666,0.231548,0.070465,-0.040679,-0.000336,0.000559,-0.000121
3.388429,-0.008760,0.359537,0.062923,3.452236,-0.007375,0.354333,0.063600,0.063807,0.001385,-0.005204,0.000676
2.567076,-0.007277,0.127870,0.039185,2.534825,-0.006887,0.126088,0.039046,-0.032251,0.000390,-0.001782,-0.000138
3.496097,-0.011714,0.314788,0.055876,3.501393,-0.011746,0.312735,0.056351,0.005296,-0.000031,-0.002053,0.000474
4.039474,-0.010607,0.193651,0.071845,4.035004,-0.010650,0.193052,0.070575,-0.004470,-0.000043,-0.000599,-0.001270
3.336336,0.008003,0.198756,0.064892,3.386948,0.004710,0.203652,0.064625,0.050612,-0.003293,0.004896,-0.000267
2.115267,-0.015429,0.114738,0.036097,2.109881,-0.015345,0.115442,0.035833,-0.005386,0.000084,0.000703,-0.000263
4.427558,0.006238,0.372999,0.078376,4.437930,0.005521,0.373089,0.077952,0.010372,-0.000716,0.000090,-0.000424
5.350310,0.023623,0.275653,0.101801,5.275797,0.026969,0.272813,0.101038,-0.074513,0.003346,-0.002840,-0.000762
5.832328,-0.008740,0.443661,0.100185,5.794560,-0.013092,0.445592,0.099037,-0.037768,-0.004352,0.001931,-0.001148
5.728354,-0.003674,0.366322,0.098149,5.707105,-0.001572,0.360578,0.099223,-0.021249,0.002102,-0.005744,0.001074
3.300279,0.011617,0.284161,0.056195,3.329309,0.007451,0.286806,0.056542,0.029030,-0.004167,0.002645,0.000347
5.810831,-0.001513,0.474871,0.105832,5.684503,-0.003404,0.475947,0.104344,-0.126328,-0.001891,0.001077,-0.001488
2.360975,-0.017284,0.189012,0.044114,2.346536,-0.020500,0.195516,0.044367,-0.014439,-0.003216,0.006504,0.000254
2.238106,-0.007446,0.258285,0.045382,2.255663,-0.007896,0.262436,0.045428,0.017557,-0.000449,0.004151,0.000046
2.360483,0.002841,0.118255,0.037777,2.355443,-0.000047,0.117742,0.037532,-0.005040,-0.002888,-0.000513,-0.000245
2.980679,-0.021061,0.344317,0.055654,2.967635,-0.023299,0.341627,0.055321,-0.013044,-0.002238,-0.002690,-0.000333
4.160707,0.021336,0.204623,0.084344,4.174681,0.025087,0.211148,0.084147,0.013975,0.003751,0.006525,-0.000197
6.633687,0.018966,0.288861,0.119307,6.535053,0.020574,0.295292,0.118623,-0.098634,0.001608,0.006432,-0.000684
3.170173,-0.005634,0.244380,0.044291,3.198477,-0.006234,0.243602,0.044947,0.028304,-0.000599,-0.000779,0.000656
2.245876,-0.006447,0.137892,0.034792,2.195095,-0.004987,0.139351,0.035160,-0.050781,0.001460,0.001459,0.000368
3.894766,0.004070,0.326889,0.077314,3.945462,0.001073,0.328646,0.077677,0.050696,-0.002997,0.001757,0.000363
5.725722,-0.007333,0.348875,0.104630,5.695548,-0.009882,0.355702,0.103305,-0.030174,-0.002549,0.006827,-0.001325
6.229416,0.018961,0.561762,0.111872,6.225810,0.016323,0.555018,0.112427,-0.003606,-0.002639,-0.006744,0.000555
2.474614,0.001960,0.167518,0.039670,2.444387,-0.001502,0.168723,0.039829,-0.030226,-0.003461,0.001205,0.000159
5.939459,0.009176,0.267207,0.104791,5.862088,0.006881,0.261595,0.103179,-0.077371,-0.002294,-0.005612,-0.001613
3.805993,-0.023129,0.221981,0.059907,3.728254,-0.021709,0.223534,0.059965,-0.077739,0.001420,0.001552,0.000058
2.727789,-0.004951,0.180203,0.055656,2.715965,-0.008121,0.183702,0.055334,-0.011823,-0.003170,0.003499,-0.000323
2.910737,-0.027726,0.263808,0.053783,2.952603,-0.028553,0.262277,0.053590,0.041866,-0.000826,-0.001531,-0.000194
5.698822,0.031073,0.274430,0.110511,5.684268,0.032340,0.271900,0.109201,-0.014555,0.001267,-0.002531,-0.001310
5.023738,-0.017958,0.316223,0.087736,5.065091,-0.018504,0.317557,0.087625,0.041352,-0.000546,0.001334,-0.000111
5.205710,-0.014781,0.232138,0.087042,5.166922,-0.010554,0.232692,0.086259,-0.038788,0.004227,0.000554,-0.000782
3.656022,-0.011862,0.283546,0.063860,3.650418,-0.008781,0.281932,0.063919,-0.005605,0.003081,-0.001615,0.000060
3.631579,-0.009652,0.293140,0.064212,3.567893,-0.013423,0.292159,0.064337,-0.063687,-0.003771,-0.000981,0.000125
4.157618,0.002098,0.298626,0.059250,4.101925,-0.000445,0.300280,0.059045,-0.055693,-0.002543,0.001654,-0.000205
3.107949,-0.010377,0.346182,0.061333,3.127748,-0.008634,0.342894,0.061442,0.019799,0.001743,-0.003287,0.000109
3.212456,-0.004752,0.286252,0.056224,3.233341,-0.003569,0.290206,0.057044,0.020885,0.001182,0.003954,0.000820
4.147951,-0.045296,0.336377,0.068194,4.112155,-0.047205,0.334774,0.067595,-0.035796,-0.001909,-0.001603,-0.000598
2.325845,-0.020331,0.232892,0.036646,2.340866,-0.021242,0.229408,0.035614,0.015021,-0.000910,-0.003484,-0.001032
2.253558,-0.025536,0.159060,0.034714,2.253601,-0.023130,0.158746,0.034755,0.000043,0.002406,-0.000314,0.000042
2.859707,-0.005934,0.180818,0.051815,2.840487,-0.007628,0.176283,0.051149,-0.019221,-0.001694,-0.004536,-0.000666
4.660868,-0.028077,0.419072,0.093157,4.616041,-0.027942,0.422477,0.092171,-0.044827,0.000135,0.003404,-0.000986
2.078094,-0.004628,0.136883,0.034795,2.066833,-0.006391,0.139645,0.034399,-0.011260,-0.001764,0.002762,-0.000396
2.679785,-0.013461,0.141548,0.041693,2.601460,-0.017981,0.143720,0.041222,-0.078325,-0.004520,0.002172,-0.000472
2.460256,-0.012130,0.226519,0.039667,2.499074,-0.011442,0.224210,0.039283,0.038818,0.000688,-0.002309,-0.000384
5.087890,-0.003461,0.335164,0.099601,4.962364,-0.003466,0.326229,0.096956,-0.125525,-0.000005,-0.008935,-0.002645
3.732352,0.029233,0.369847,0.068012,3.729913,0.024996,0.373602,0.067983,-0.002439,-0.004237,0.003755,-0.000029
3.735154,-0.006608,0.164713,0.061647,3.700772,-0.009503,0.165888,0.061229,-0.034382,-0.002895,0.001175,-0.000418
2.172212,-0.018894,0.154648,0.035457,2.170227,-0.018696,0.157712,0.036014,-0.001985,0.000198,0.003064,0.000557
2.204697,-0.015169,0.126839,0.040497,2.196656,-0.014824,0.125277,0.039331,-0.008041,0.000345,-0.001562,-0.001166
4.998816,-0.047594,0.406445,0.082151,4.971478,-0.043344,0.406836,0.081813,-0.027338,0.004251,0.000391,-0.000337
3.214017,-0.007730,0.249242,0.049689,3.209841,-0.007548,0.252021,0.049808,-0.004176,0.000182,0.002780,0.000119
2.762187,-0.014429,0.170928,0.038822,2.774629,-0.014445,0.174624,0.038426,0.012441,-0.000016,0.003696,-0.000396
5.266321,0.027502,0.231404,0.090678,5.083669,0.026943,0.226870,0.088501,-0.182652,-0.000559,-0.004534,-0.002176
4.211573,0.003216,0.336004,0.066136,4.201779,0.000962,0.331315,0.065854,-0.009794,-0.002254,-0.004689,-0.000282
4.419961,-0.037696,0.303578,0.058700,4.421935,-0.034182,0.299344,0.059202,0.001974,0.003514,-0.004234,0.000502
1.993953,-0.024971,0.196887,0.040160,2.005160,-0.021764,0.197463,0.040140,0.011206,0.003207,0.000575,-0.000020
2.382064,0.000910,0.152319,0.046288,2.412133,-0.000126,0.155228,0.046002,0.030068,-0.001037,0.002909,-0.000286
6.836131,-0.025212,0.523759,0.114762,6.792902,-0.025697,0.523317,0.113509,-0.043230,-0.000486,-0.000442,-0.001253
2.963454,0.004640,0.172934,0.051354,2.996708,0.005448,0.171940,0.051652,0.033254,0.000808,-0.000994,0.000298
3.608938,-0.011498,0.203256,0.059669,3.539657,-0.012269,0.202995,0.059372,-0.069281,-0.000771,-0.000261,-0.000298
4.097568,-0.013015,0.331563,0.078493,4.045374,-0.010193,0.331145,0.076892,-0.052194,0.002822,-0.000418,-0.001601
2.363919,-0.022736,0.197680,0.036851,2.370032,-0.019702,0.199882,0.037372,0.006113,0.003034,0.002201,0.000521
4.476506,0.023803,0.186766,0.069108,4.410433,0.024036,0.185124,0.069441,-0.066072,0.000234,-0.001642,0.000334
4.390182,0.005336,0.294981,0.068728,4.345724,0.004280,0.292823,0.069165,-0.044457,-0.001057,-0.002158,0.000437
3.317715,-0.017767,0.289550,0.047864,3.271355,-0.015288,0.293357,0.047660,-0.046360,0.002479,0.003807,-0.000205
5.569808,-0.048002,0.398543,0.087191,5.552898,-0.044806,0.396685,0.086967,-0.016910,0.003196,-0.001859,-0.000223
2.799041,-0.008319,0.159272,0.049349,2.720384,-0.007808,0.158428,0.048596,-0.078657,0.000511,-0.000844,-0.000752
1.998337,-0.013103,0.098680,0.030886,1.985335,-0.010387,0.093359,0.030398,-0.013002,0.002716,-0.005320,-0.000489
2.367452,-0.019294,0.172344,0.041803,2.354021,-0.018132,0.175739,0.042352,-0.013431,0.001162,0.003395,0.000549
3.456833,-0.001861,0.238528,0.057650,3.458875,-0.001944,0.241896,0.057156,0.002042,-0.000083,0.003369,-0.000494
2.604490,-0.034171,0.249409,0.042382,2.550432,-0.035639,0.245166,0.041777,-0.054057,-0.001468,-0.004242,-0.000605
4.956445,-0.047645,0.358975,0.080446,4.882219,-0.047691,0.360628,0.079582,-0.074226,-0.000046,0.001653,-0.000865
5.020895,-0.032409,0.401473,0.083704,5.007747,-0.037546,0.409786,0.082863,-0.013148,-0.005137,0.008314,-0.000841
6.321856,0.007290,0.385774,0.107565,6.229315,-0.002543,0.380431,0.109197,-0.092541,-0.009833,-0.005344,0.001632
6.093417,0.008963,0.562031,0.110496,6.102569,0.008834,0.548977,0.110320,0.009152,-0.000128,-0.013054,-0.000176
5.330523,-0.012432,0.458069,0.087536,5.309391,-0.011994,0.453116,0.086556,-0.021132,0.000438,-0.004953,-0.000981
2.396624,-0.028943,0.227566,0.040634,2.326997,-0.032601,0.225925,0.040511,-0.069627,-0.003658,-0.001641,-0.000123
4.459904,-0.004161,0.210444,0.085570,4.421223,-0.001186,0.210217,0.084599,-0.038682,0.002975,-0.000227,-0.000971
3.679561,0.003422,0.203233,0.061170,3.692344,0.002715,0.206240,0.060405,0.012783,-0.000707,0.003007,-0.000765
6.209655,-0.038069,0.535772,0.092372,6.139370,-0.041582,0.525955,0.091720,-0.070285,-0.003513,-0.009817,-0.000652
5.866619,-0.019319,0.446281,0.094130,5.816875,-0.017300,0.435758,0.093137,-0.049745,0.002018,-0.010523,-0.000993
6.709641,-0.035885,0.650050,0.118826,6.694697,-0.033228,0.636940,0.119102,-0.014944,0.002657,-0.013110,0.000277
6.763424,0.008643,0.300701,0.116084,6.728619,0.006153,0.302084,0.115991,-0.034805,-0.002490,0.001383,-0.000093
4.215754,0.036546,0.216081,0.081578,4.323444,0.031583,0.223811,0.083240,0.107690,-0.004963,0.007730,0.001663
2.832747,-0.004854,0.222904,0.053366,2.844391,-0.003043,0.222365,0.053349,0.011644,0.001811,-0.000540,-0.000016
3.873284,-0.000283,0.169536,0.068769,3.906705,0.001367,0.169770,0.067609,0.033421,0.001650,0.000234,-0.001160
2.608048,0.003175,0.189995,0.046840,2.590561,0.001840,0.186703,0.046135,-0.017486,-0.001335,-0.003292,-0.000705
3.667150,-0.029501,0.403759,0.065430,3.657175,-0.031009,0.395020,0.065190,-0.009975,-0.001508,-0.008739,-0.000240
3.756352,-0.003166,0.286876,0.069315,3.762017,-0.003630,0.286093,0.069466,0.005665,-0.000464,-0.000784,0.000151
2.538127,-0.001844,0.219457,0.044075,2.515356,-0.003981,0.222269,0.044228,-0.022771,-0.002136,0.002812,0.000154
1.909692,-0.006872,0.113984,0.036371,1.881276,-0.007258,0.113113,0.035575,-0.028416,-0.000386,-0.000872,-0.000796
2.110965,-0.029032,0.182106,0.031681,2.137974,-0.028830,0.181448,0.031118,0.027009,0.000201,-0.000658,-0.000564
4.435292,0.004745,0.294556,0.069904,4.410072,0.004889,0.294517,0.070027,-0.025219,0.000144,-0.000039,0.000124
2.235535,-0.007984,0.124309,0.043689,2.227710,-0.008067,0.132367,0.043302,-0.007825,-0.000083,0.008059,-0.000388
3.455077,0.021120,0.337013,0.061768,3.502241,0.020078,0.338770,0.062777,0.047164,-0.001043,0.001757,0.001009
4.817572,0.009722,0.400341,0.096606,4.794000,0.009626,0.398849,0.094619,-0.023571,-0.000095,-0.001492,-0.001987
4.601745,0.005512,0.187692,0.075015,4.605132,0.005765,0.192921,0.075028,0.003387,0.000253,0.005229,0.000013
4.994151,0.005031,0.189615,0.076779,4.871971,0.006753,0.189999,0.074792,-0.122180,0.001722,0.000384,-0.001987
5.792108,-0.036520,0.565609,0.101379,5.828318,-0.041264,0.565368,0.100635,0.036210,-0.004743,-0.000241,-0.000744
2.192845,-0.022627,0.172810,0.034364,2.243050,-0.021086,0.168012,0.033419,0.050205,0.001540,-0.004797,-0.000944
2.780839,0.000742,0.224090,0.041775,2.782538,-0.001899,0.223967,0.042324,0.001699,-0.002641,-0.000123,0.000549
4.803537,-0.001854,0.436489,0.089316,4.825666,-0.001312,0.438124,0.088138,0.022129,0.000542,0.001634,-0.001177
2.306479,-0.020402,0.226534,0.042833,2.256557,-0.022536,0.226482,0.042184,-0.049922,-0.002134,-0.000052,-0.000649
2.108953,-0.016722,0.158492,0.036319,2.095911,-0.016675,0.153414,0.035908,-0.013042,0.000046,-0.005078,-0.000411
2.563780,-0.012855,0.196304,0.037627,2.579452,-0.013839,0.198790,0.037288,0.015672,-0.000985,0.002486,-0.000339
2.680091,-0.001957,0.234394,0.042389,2.634501,-0.002462,0.238629,0.042163,-0.045590,-0.000505,0.004235,-0.000226
4.685429,-0.034215,0.293681,0.081106,4.655777,-0.035892,0.295739,0.080484,-0.029652,-0.001677,0.002058,-0.000622
5.027563,-0.013586,0.372114,0.069625,5.035324,-0.013939,0.372821,0.070520,0.007761,-0.000353,0.000708,0.000895
3.480250,0.015774,0.348137,0.060963,3.491758,0.014962,0.345113,0.060258,0.011508,-0.000812,-0.003024,-0.000705
2.033812,-0.020722,0.198537,0.042387,2.059148,-0.019815,0.189915,0.041873,0.025337,0.000907,-0.008622,-0.000515
2.861459,0.002384,0.240932,0.057747,2.874280,0.002515,0.243602,0.057580,0.012822,0.000131,0.002670,-0.000167
6.697269,0.009417,0.485278,0.115398,6.677532,0.003190,0.481680,0.114664,-0.019738,-0.006226,-0.003598,-0.000734
2.911944,-0.057257,0.312661,0.047067,2.979405,-0.057299,0.313113,0.046822,0.067461,-0.000043,0.000452,-0.000245
5.348691,-0.071067,0.550212,0.093511,5.371425,-0.070552,0.552708,0.095103,0.022734,0.000515,0.002496,0.001592
5.115292,0.013705,0.301604,0.086482,4.999842,0.012498,0.296335,0.085160,-0.115450,-0.001207,-0.005270,-0.001322
2.781890,0.005670,0.160361,0.048221,2.789548,0.005775,0.157369,0.048594,0.007658,0.000105,-0.002992,0.000374
6.461230,0.019336,0.551978,0.115320,6.415347,0.023153,0.557134,0.116173,-0.045884,0.003817,0.005155,0.000854
3.283796,-0.000885,0.264241,0.063338,3.269440,0.002709,0.264746,0.062129,-0.014356,0.003593,0.000505,-0.001210
7.019945,-0.026776,0.610629,0.133545,6.983993,-0.024034,0.601442,0.131662,-0.035952,0.002742,-0.009187,-0.001882
3.159136,0.002631,0.175519,0.059060,3.192154,0.002188,0.182446,0.058445,0.033018,-0.000443,0.006926,-0.000615
2.946275,-0.015969,0.241811,0.051720,2.883523,-0.015795,0.234710,0.050997,-0.062752,0.000174,-0.007101,-0.000723
3.992566,-0.030053,0.213997,0.058510,3.957572,-0.030625,0.212629,0.058416,-0.034994,-0.000572,-0.001368,-0.000094
3.049096,-0.004365,0.222875,0.051100,3.103423,-0.002302,0.224444,0.051038,0.054327,0.002063,0.001569,-0.000062
2.658931,0.003935,0.247567,0.044417,2.671461,0.003720,0.255047,0.044793,0.012530,-0.000215,0.007480,0.000376
2.490052,-0.032452,0.216257,0.042195,2.483881,-0.031111,0.214900,0.041407,-0.006171,0.001341,-0.001358,-0.000788
4.896614,-0.016207,0.306408,0.080903,4.864778,-0.016783,0.304579,0.080535,-0.031836,-0.000576,-0.001830,-0.000368
2.632026,-0.015324,0.338922,0.055774,2.647450,-0.014249,0.341229,0.055947,0.015424,0.001076,0.002307,0.000174
2.004251,-0.008659,0.109997,0.036123,2.012748,-0.008023,0.110181,0.035514,0.008497,0.000636,0.000184,-0.000609
5.744488,-0.017798,0.515275,0.088624,5.710496,-0.019472,0.507020,0.087585,-0.033992,-0.001674,-0.008255,-0.001039
7.032603,-0.034851,0.502899,0.114090,6.975695,-0.034174,0.502460,0.112801,-0.056908,0.000677,-0.000438,-0.001289
5.304163,-0.006688,0.477476,0.110301,5.261144,-0.007153,0.472399,0.107620,-0.043019,-0.000464,-0.005077,-0.002681
3.318289,-0.016092,0.217367,0.047927,3.300084,-0.012166,0.222980,0.048852,-0.018204,0.003926,0.005613,0.000925
3.741989,-0.022506,0.275743,0.059280,3.673210,-0.022902,0.271463,0.059361,-0.068779,-0.000396,-0.004281,0.000081
3.500433,-0.015407,0.282855,0.052454,3.464722,-0.015389,0.284303,0.052145,-0.035711,0.000018,0.001447,-0.000309
3.126867,-0.014418,0.199211,0.057713,3.041108,-0.013092,0.189496,0.056560,-0.085759,0.001326,-0.009715,-0.001154
4.216408,-0.020080,0.429809,0.076071,4.209917,-0.016945,0.426442,0.074906,-0.006492,0.003134,-0.003368,-0.001165
1.752499,-0.010086,0.114084,0.025483,1.722165,-0.009786,0.117152,0.024854,-0.030333,0.000300,0.003069,-0.000628
3.419709,0.014455,0.324991,0.059555,3.466057,0.012457,0.331675,0.060817,0.046347,-0.001998,0.006684,0.001262
4.071343,-0.019495,0.199833,0.070674,4.004236,-0.016275,0.200263,0.069349,-0.067108,0.003220,0.000430,-0.001325
3.636209,-0.007030,0.259642,0.065346,3.662445,-0.006573,0.262518,0.064794,0.026236,0.000457,0.002876,-0.000552
3.511203,-0.015777,0.292898,0.068072,3.540554,-0.019653,0.299361,0.067853,0.029351,-0.003876,0.006463,-0.000218
2.031037,-0.025992,0.213524,0.034750,2.049719,-0.027451,0.211557,0.034776,0.018682,-0.001459,-0.001967,0.000026
4.227100,-0.013523,0.349635,0.081131,4.159271,-0.012476,0.347462,0.079720,-0.067829,0.001047,-0.002173,-0.001410
5.465744,-0.010707,0.405721,0.094601,5.478364,-0.012206,0.412251,0.093922,0.012621,-0.001499,0.006529,-0.000678
2.219118,-0.016278,0.134280,0.040256,2.229554,-0.016245,0.129000,0.039631,0.010436,0.000032,-0.005280,-0.000626
2.395635,-0.018495,0.210313,0.039927,2.319478,-0.020135,0.204317,0.039324,-0.076157,-0.001640,-0.005995,-0.000602
2.450620,-0.011026,0.175922,0.039400,2.455869,-0.010655,0.180490,0.039911,0.005249,0.000371,0.004568,0.000511
5.125764,-0.024130,0.379658,0.083506,5.097385,-0.021063,0.375527,0.083677,-0.028379,0.003067,-0.004132,0.000170
4.521818,-0.036506,0.438515,0.080167,4.520527,-0.037796,0.441817,0.080698,-0.001291,-0.001290,0.003302,0.000531
2.105033,-0.013141,0.117372,0.035730,2.066824,-0.014737,0.115548,0.035677,-0.038209,-0.001596,-0.001824,-0.000053
5.733966,-0.014655,0.360038,0.103562,5.703349,-0.012690,0.358442,0.102875,-0.030617,0.001964,-0.001596,-0.000687
3.452975,-0.002764,0.265966,0.051337,3.493053,-0.001778,0.265913,0.051732,0.040078,0.000986,-0.000053,0.000396
5.263768,0.009279,0.187771,0.082928,5.192265,0.006154,0.190944,0.081076,-0.071503,-0.003126,0.003173,-0.001852
2.803833,0.000552,0.214066,0.047786,2.807293,0.000465,0.209287,0.048472,0.003459,-0.000087,-0.004779,0.000686
3.185143,0.011334,0.174038,0.058392,3.220740,0.010959,0.174212,0.058364,0.035597,-0.000375,0.000174,-0.000028
5.298540,0.028617,0.262552,0.099732,5.298552,0.025368,0.261098,0.098820,0.000012,-0.003249,-0.001455,-0.000913
5.505956,0.027662,0.320693,0.098714,5.386699,0.025705,0.323283,0.096809,-0.119256,-0.001957,0.002590,-0.001906
3.831357,0.000441,0.166993,0.071048,3.856699,-0.000705,0.174651,0.070863,0.025342,-0.001147,0.007658,-0.000185
3.180312,-0.014987,0.251657,0.057063,3.148107,-0.014168,0.251168,0.056507,-0.032205,0.000819,-0.000489,-0.000556
2.687716,-0.016123,0.231883,0.045262,2.594264,-0.011709,0.231651,0.044897,-0.093452,0.004415,-0.000232,-0.000365
4.494366,-0.026717,0.372243,0.069017,4.424888,-0.027842,0.368180,0.069481,-0.069478,-0.001124,-0.004062,0.000463
2.443331,0.000097,0.108482,0.038015,2.458094,0.000936,0.108912,0.037330,0.014763,0.000839,0.000430,-0.000685
2.268763,-0.021453,0.254145,0.039987,2.304456,-0.020159,0.248329,0.039835,0.035694,0.001293,-0.005815,-0.000152
4.645489,-0.003521,0.204348,0.084205,4.576677,-0.005051,0.206737,0.082903,-0.068812,-0.001530,0.002389,-0.001302
2.750502,-0.034259,0.298285,0.048811,2.762893,-0.034072,0.296866,0.048659,0.012392,0.000187,-0.001420,-0.000152
2.291032,-0.011442,0.137076,0.043902,2.228234,-0.015015,0.134808,0.042706,-0.062799,-0.003573,-0.002268,-0.001195
3.883588,-0.005341,0.245235,0.071455,3.845691,-0.008077,0.239870,0.071629,-0.037897,-0.002736,-0.005365,0.000174
4.554358,0.005446,0.471075,0.075458,4.445233,0.005814,0.458009,0.074926,-0.109124,0.000368,-0.013066,-0.000532
2.012786,-0.009698,0.167221,0.034082,2.011576,-0.009243,0.164041,0.034449,-0.001210,0.000455,-0.003180,0.000367
2.736072,0.001708,0.152298,0.051846,2.727832,0.002515,0.151149,0.051881,-0.008240,0.000807,-0.001149,0.000035
4.627137,0.007734,0.501444,0.084977,4.528363,0.003955,0.493254,0.083476,-0.098774,-0.003779,-0.008189,-0.001500
3.325186,0.000158,0.186619,0.057660,3.334293,-0.001084,0.189381,0.057850,0.009107,-0.001242,0.002761,0.000190
3.900788,-0.001378,0.318285,0.070879,3.907712,-0.001379,0.321407,0.070274,0.006925,-0.000001,0.003122,-0.000605
4.469184,-0.027454,0.392038,0.087828,4.458839,-0.029636,0.396028,0.086887,-0.010345,-0.002182,0.003990,-0.000940
2.463856,-0.003961,0.135323,0.042425,2.402257,-0.002603,0.133655,0.042117,-0.061599,0.001358,-0.001668,-0.000308
2.913415,0.006027,0.143611,0.046823,2.965473,0.004691,0.152195,0.047791,0.052058,-0.001336,0.008585,0.000967
5.161070,-0.011581,0.340334,0.080587,5.096944,-0.009772,0.334416,0.080050,-0.064126,0.001809,-0.005918,-0.000537
3.057734,-0.021017,0.231672,0.052320,3.076177,-0.020069,0.231093,0.051746,0.018442,0.000948,-0.000579,-0.000574
5.130033,0.014596,0.276099,0.093733,5.179494,0.013245,0.264979,0.093848,0.049461,-0.001350,-0.011120,0.000115
5.095565,-0.017532,0.377764,0.072717,5.099556,-0.022796,0.372344,0.073415,0.003991,-0.005265,-0.005420,0.000698
2.407137,-0.008289,0.181284,0.039096,2.447806,-0.008229,0.181625,0.039208,0.040669,0.000060,0.000341,0.000112
2.075077,-0.017661,0.153422,0.035782,2.085427,-0.016322,0.153399,0.035436,0.010350,0.001338,-0.000023,-0.000346
5.737392,-0.002773,0.472635,0.088998,5.639335,-0.006610,0.464358,0.086776,-0.098057,-0.003837,-0.008277,-0.002222
5.750565,0.049252,0.322077,0.115516,5.689353,0.047388,0.313264,0.113972,-0.061213,-0.001864,-0.008813,-0.001544
3.389352,-0.003289,0.238960,0.055342,3.390529,-0.002307,0.236512,0.055369,0.001177,0.000982,-0.002448,0.000027
4.140632,-0.015313,0.199269,0.076895,4.116202,-0.013554,0.204485,0.076332,-0.024429,0.001758,0.005215,-0.000563
3.085695,-0.012553,0.358062,0.065658,3.122793,-0.014365,0.356434,0.065570,0.037098,-0.001812,-0.001628,-0.000088
4.262974,-0.013240,0.391575,0.073130,4.288023,-0.012099,0.393121,0.072909,0.025049,0.001141,0.001546,-0.000221
5.746497,0.004146,0.460736,0.105689,5.822547,0.005893,0.469797,0.106793,0.076050,0.001747,0.009061,0.001104
3.646228,-0.023501,0.320028,0.067597,3.654620,-0.027096,0.328498,0.067549,0.008392,-0.003594,0.008470,-0.000048
4.999928,-0.006575,0.305753,0.072897,4.990315,-0.006951,0.306364,0.073637,-0.009613,-0.000376,0.000611,0.000740
2.889555,-0.011290,0.152295,0.045578,2.865684,-0.013404,0.154508,0.045458,-0.023871,-0.002114,0.002213,-0.000120
2.057207,-0.012138,0.146631,0.034149,2.051793,-0.013647,0.149301,0.034306,-0.005414,-0.001509,0.002670,0.000157
2.602037,0.000026,0.132241,0.041266,2.594605,-0.002887,0.137302,0.041956,-0.007432,-0.002913,0.005061,0.000690
6.793854,-0.012791,0.440803,0.120825,6.757865,-0.011765,0.432781,0.119778,-0.035989,0.001026,-0.008022,-0.001047
4.049578,0.003225,0.229379,0.065730,4.048889,0.004279,0.232189,0.065833,-0.000690,0.001054,0.002811,0.000103
5.232147,0.004978,0.271453,0.082896,5.165446,0.006191,0.272114,0.082449,-0.066701,0.001213,0.000661,-0.000447
5.065409,-0.013093,0.235559,0.083399,5.052280,-0.013160,0.232097,0.083461,-0.013129,-0.000067,-0.003463,0.000062
5.224526,-0.015937,0.303913,0.088412,5.236021,-0.013910,0.303120,0.087557,0.011495,0.002027,-0.000793,-0.000855
3.246609,-0.013349,0.304700,0.051896,3.244777,-0.013904,0.307995,0.051711,-0.001832,-0.000555,0.003295,-0.000184
2.207407,-0.008689,0.181180,0.036464,2.197411,-0.006873,0.174662,0.035926,-0.009996,0.001816,-0.006517,-0.000537
5.860446,-0.006576,0.340788,0.094294,5.747203,-0.006834,0.342617,0.092965,-0.113243,-0.000258,0.001828,-0.001330
6.527038,0.008825,0.394159,0.113520,6.482985,0.005217,0.391874,0.114462,-0.044053,-0.003609,-0.002286,0.000942
3.944951,-0.002846,0.146705,0.064366,3.948686,-0.005225,0.152015,0.063468,0.003735,-0.002379,0.005310,-0.000897
3.229592,-0.019792,0.363597,0.065416,3.238451,-0.020763,0.368599,0.064905,0.008859,-0.000971,0.005003,-0.000511
2.666273,-0.040156,0.262234,0.047493,2.646654,-0.037573,0.264373,0.047808,-0.019619,0.002583,0.002139,0.000316
3.040349,-0.009676,0.233911,0.055843,3.054698,-0.009664,0.232507,0.056469,0.014350,0.000012,-0.001403,0.000626
5.881653,-0.010679,0.286781,0.110212,5.855924,-0.011700,0.288239,0.109440,-0.025729,-0.001021,0.001458,-0.000773
3.018080,-0.009623,0.265151,0.049779,2.988669,-0.012770,0.268962,0.050011,-0.029411,-0.003147,0.003810,0.000232
3.839613,0.003944,0.288682,0.059781,3.806790,0.000569,0.290794,0.059622,-0.032824,-0.003375,0.002112,-0.000159
2.238469,0.000717,0.189376,0.040501,2.200194,-0.001359,0.186252,0.039868,-0.038275,-0.002075,-0.003124,-0.000633
3.390314,0.001318,0.248543,0.057411,3.345617,-0.001727,0.240544,0.056629,-0.044697,-0.003044,-0.007999,-0.000781
4.676582,0.014485,0.231570,0.078409,4.688417,0.013049,0.236886,0.078836,0.011835,-0.001436,0.005316,0.000427
1.843594,-0.006032,0.137088,0.026721,1.803752,-0.007092,0.136842,0.025853,-0.039842,-0.001061,-0.000246,-0.000869
3.565047,-0.016933,0.237699,0.071169,3.610853,-0.017154,0.236257,0.070968,0.045806,-0.000221,-0.001443,-0.000201
3.753451,0.009165,0.158951,0.067450,3.812760,0.008511,0.165160,0.067652,0.059309,-0.000654,0.006209,0.000202
3.498728,0.004339,0.136089,0.056094,3.475952,0.003039,0.140249,0.056476,-0.022776,-0.001300,0.004161,0.000382
1.917264,-0.025951,0.189583,0.038377,1.903662,-0.022987,0.193843,0.038564,-0.013602,0.002964,0.004260,0.000187
3.431108,-0.010001,0.213507,0.063543,3.378968,-0.008094,0.211876,0.063432,-0.052140,0.001907,-0.001631,-0.000111
5.825838,-0.004446,0.357413,0.103479,5.818161,0.000036,0.359807,0.101521,-0.007677,0.004482,0.002394,-0.001958
4.058261,-0.012404,0.413872,0.081575,4.114285,-0.014861,0.404298,0.081089,0.056023,-0.002458,-0.009573,-0.000487
2.294351,-0.028584,0.231744,0.039511,2.274835,-0.028442,0.231725,0.039338,-0.019517,0.000142,-0.000019,-0.000173
4.494151,0.001225,0.344718,0.069764,4.471633,0.000743,0.344592,0.069908,-0.022517,-0.000481,-0.000125,0.000144
5.046172,-0.048816,0.331247,0.095264,4.985817,-0.044910,0.332461,0.094438,-0.060354,0.003905,0.001215,-0.000826
2.893791,-0.016286,0.230315,0.051169,2.877403,-0.015872,0.229886,0.050879,-0.016387,0.000414,-0.000428,-0.000290
5.022474,0.009856,0.303811,0.086023,4.937927,0.008832,0.303377,0.083945,-0.084547,-0.001025,-0.000434,-0.002078
4.892413,-0.017843,0.207004,0.074942,4.825763,-0.020548,0.209608,0.075563,-0.066650,-0.002705,0.002604,0.000621
4.013231,-0.035618,0.269338,0.071484,4.006731,-0.034050,0.268218,0.071558,-0.006501,0.001567,-0.001120,0.000074
3.418622,-0.013279,0.243768,0.058063,3.412753,-0.015080,0.242997,0.058079,-0.005869,-0.001801,-0.000771,0.000016
4.031206,-0.027381,0.301927,0.068000,3.969494,-0.026262,0.302404,0.067810,-0.061712,0.001119,0.000477,-0.000191
5.349157,-0.048803,0.396287,0.084417,5.275514,-0.045386,0.392548,0.083593,-0.073644,0.003417,-0.003739,-0.000824
3.006778,-0.015522,0.363182,0.052781,3.012434,-0.019062,0.357972,0.052331,0.005657,-0.003541,-0.005209,-0.000450
4.987337,0.000799,0.460654,0.091995,4.961116,0.000408,0.450902,0.090426,-0.026221,-0.000391,-0.009752,-0.001568
6.387733,0.012833,0.392808,0.096824,6.338960,0.014913,0.392563,0.096666,-0.048773,0.002080,-0.000246,-0.000158
5.134607,-0.015950,0.413629,0.094762,5.178874,-0.015771,0.419491,0.094776,0.044268,0.000179,0.005862,0.000015
2.374343,-0.053181,0.240261,0.036481,2.378948,-0.051011,0.244537,0.036095,0.004606,0.002170,0.004276,-0.000386
4.851126,-0.011583,0.204804,0.086595,4.860131,-0.009226,0.202406,0.086839,0.009006,0.002358,-0.002397,0.000244
2.622164,-0.000734,0.222766,0.040854,2.588645,0.000780,0.230820,0.040680,-0.033518,0.001514,0.008054,-0.000174
2.263819,-0.016669,0.113737,0.035488,2.270527,-0.016691,0.117314,0.035520,0.006708,-0.000022,0.003577,0.000032
2.146914,-0.007939,0.173290,0.035218,2.144533,-0.008595,0.174600,0.035351,-0.002381,-0.000655,0.001311,0.000133
2.093719,-0.006806,0.094520,0.033879,2.022474,-0.006405,0.092212,0.033194,-0.071245,0.000401,-0.002308,-0.000685
6.586620,-0.029034,0.459519,0.104586,6.532585,-0.030240,0.460956,0.104093,-0.054035,-0.001206,0.001437,-0.000493
4.575668,-0.010414,0.217434,0.084163,4.596208,-0.014009,0.217411,0.084450,0.020539,-0.003595,-0.000023,0.000286
4.910674,0.039743,0.245009,0.099073,4.828090,0.042046,0.242685,0.097086,-0.082584,0.002303,-0.002324,-0.001987
4.750012,-0.017686,0.289404,0.086749,4.735505,-0.022062,0.294515,0.086437,-0.014508,-0.004376,0.005112,-0.000312
3.230938,-0.025453,0.242371,0.052741,3.279705,-0.026305,0.239602,0.053467,0.048767,-0.000852,-0.002768,0.000726
3.632449,-0.008795,0.333952,0.061750,3.601595,-0.009517,0.333312,0.060979,-0.030854,-0.000722,-0.000640,-0.000771
4.328580,0.012040,0.192521,0.074731,4.346207,0.013790,0.198179,0.074177,0.017627,0.001750,0.005658,-0.000554
2.461204,-0.041282,0.299060,0.045911,2.501350,-0.038623,0.292822,0.044997,0.040146,0.002659,-0.006238,-0.000914
4.461913,-0.047865,0.285964,0.079127,4.496661,-0.044186,0.288747,0.078925,0.034748,0.003679,0.002783,-0.000202
2.483761,-0.018336,0.257276,0.045604,2.485916,-0.016845,0.255785,0.045511,0.002155,0.001491,-0.001491,-0.000094
4.997134,-0.044512,0.366738,0.077186,5.022093,-0.045280,0.370392,0.077688,0.024959,-0.000768,0.003654,0.000502
5.080919,-0.021242,0.456126,0.084729,5.102916,-0.020996,0.454594,0.085928,0.021997,0.000246,-0.001532,0.001199
1.884784,-0.010463,0.121921,0.027990,1.855549,-0.008800,0.124642,0.027517,-0.029235,0.001663,0.002721,-0.000472
5.051898,-0.024498,0.421621,0.078686,5.063191,-0.026491,0.425475,0.078836,0.011293,-0.001994,0.003853,0.000150
5.516561,0.024350,0.233551,0.098493,5.427473,0.023404,0.235083,0.096772,-0.089087,-0.000946,0.001532,-0.001721
2.119851,-0.014210,0.201535,0.040167,2.118057,-0.011676,0.195643,0.039971,-0.001794,0.002534,-0.005892,-0.000196
4.237308,-0.028652,0.308137,0.060843,4.200109,-0.026344,0.306518,0.059839,-0.037199,0.002308,-0.001619,-0.001005
5.342755,-0.030235,0.490337,0.091092,5.360882,-0.032697,0.480998,0.090866,0.018126,-0.002462,-0.009338,-0.000225
2.529585,-0.026266,0.239372,0.040854,2.502182,-0.027808,0.234491,0.040251,-0.027404,-0.001542,-0.004881,-0.000602
2.724346,-0.015513,0.241504,0.043622,2.693891,-0.015185,0.237980,0.043285,-0.030455,0.000328,-0.003525,-0.000337
1.986454,-0.017387,0.173718,0.030965,1.962824,-0.019303,0.174475,0.029921,-0.023630,-0.001915,0.000757,-0.001043
2.934447,-0.003522,0.185317,0.047183,2.932102,-0.002543,0.193193,0.048067,-0.002344,0.000979,0.007876,0.000884
3.360409,0.000069,0.170400,0.058723,3.350211,-0.000107,0.177124,0.057944,-0.010198,-0.000175,0.006724,-0.000779
4.550952,-0.027999,0.372364,0.070801,4.505129,-0.024948,0.374102,0.071011,-0.045823,0.003051,0.001738,0.000210
2.973764,-0.005343,0.193473,0.059835,2.938818,-0.005500,0.192609,0.059690,-0.034946,-0.000157,-0.000864,-0.000145
5.147472,-0.023812,0.466098,0.085463,5.098413,-0.022825,0.458989,0.084614,-0.049059,0.000987,-0.007109,-0.000849
5.440905,-0.017239,0.328991,0.095560,5.412663,-0.014395,0.331997,0.094880,-0.028242,0.002843,0.003007,-0.000680
6.425769,-0.009287,0.333854,0.096020,6.279042,-0.014066,0.341054,0.095469,-0.146727,-0.004779,0.007200,-0.000551
5.078568,0.032870,0.232453,0.086834,4.939374,0.031287,0.223885,0.084792,-0.139193,-0.001583,-0.008569,-0.002042
7.043863,0.002294,0.431410,0.122392,6.987665,0.003050,0.419279,0.121754,-0.056198,0.000756,-0.012131,-0.000638
2.506363,-0.008126,0.239166,0.043396,2.528520,-0.008117,0.241431,0.042672,0.022158,0.000009,0.002265,-0.000724
6.033968,-0.003872,0.363863,0.101490,5.956094,-0.000908,0.363156,0.101032,-0.077874,0.002964,-0.000707,-0.000458
7.145768,0.008969,0.445619,0.136221,7.088009,0.004550,0.449348,0.133772,-0.057759,-0.004419,0.003730,-0.002448
3.946606,-0.020366,0.268221,0.074210,3.893734,-0.021039,0.267957,0.073527,-0.052872,-0.000673,-0.000264,-0.000682
6.519096,-0.015233,0.400267,0.111027,6.389074,-0.013024,0.390771,0.110061,-0.130022,0.002208,-0.009496,-0.000966
4.766132,-0.032348,0.449589,0.085843,4.741724,-0.037459,0.443766,0.086074,-0.024408,-0.005111,-0.005823,0.000231
3.036560,-0.014590,0.295207,0.048809,3.062514,-0.015949,0.299862,0.049190,0.025954,-0.001359,0.004655,0.000381
2.402437,-0.023588,0.177536,0.042580,2.369837,-0.021019,0.178211,0.041288,-0.032600,0.002569,0.000675,-0.001292
3.290577,-0.014834,0.284022,0.066910,3.337190,-0.016917,0.280422,0.067128,0.046612,-0.002083,-0.003600,0.000218
5.511910,0.008386,0.251356,0.098865,5.447804,0.005563,0.250589,0.099172,-0.064106,-0.002823,-0.000767,0.000306
3.239704,-0.019727,0.349631,0.055271,3.186270,-0.017967,0.344211,0.055839,-0.053434,0.001759,-0.005421,0.000568
2.301471,-0.029100,0.188715,0.040782,2.321179,-0.029441,0.184725,0.040546,0.019708,-0.000342,-0.003990,-0.000236
4.012054,-0.010133,0.411673,0.067732,3.950167,-0.010678,0.422992,0.066598,-0.061887,-0.000545,0.011319,-0.001134
4.514340,-0.004194,0.331724,0.066472,4.403066,-0.003211,0.335865,0.066591,-0.111274,0.000983,0.004140,0.000120
4.773008,0.002560,0.287413,0.089823,4.776737,0.002342,0.295411,0.089588,0.003729,-0.000218,0.007999,-0.000236
2.449770,-0.034907,0.207907,0.044612,2.499768,-0.033828,0.203363,0.044426,0.049999,0.001078,-0.004544,-0.000186
2.013610,-0.014925,0.141849,0.030705,1.977393,-0.015435,0.145192,0.031001,-0.036217,-0.000510,0.003343,0.000296
5.150872,-0.035161,0.485949,0.084520,5.142725,-0.040679,0.486940,0.084354,-0.008146,-0.005518,0.000992,-0.000166
4.251549,-0.028624,0.396745,0.077886,4.217075,-0.029342,0.398233,0.077947,-0.034474,-0.000718,0.001488,0.000061
4.903034,0.016727,0.246838,0.093114,4.968154,0.019480,0.259148,0.093231,0.065120,0.002754,0.012310,0.000117
3.037810,-0.032193,0.320197,0.049438,3.061915,-0.031142,0.318537,0.049429,0.024105,0.001051,-0.001661,-0.000009
3.543363,0.006988,0.343525,0.065793,3.553508,0.008012,0.342103,0.066024,0.010144,0.001024,-0.001422,0.000231
2.458227,-0.001318,0.177854,0.041578,2.478061,-0.005176,0.179061,0.042013,0.019834,-0.003858,0.001207,0.000435
4.610778,-0.006447,0.377282,0.087533,4.654837,-0.002799,0.369365,0.087258,0.044059,0.003648,-0.007917,-0.000275
5.873385,0.021627,0.267894,0.111838,5.814576,0.023719,0.269511,0.109060,-0.058809,0.002092,0.001616,-0.002778
2.899847,-0.016825,0.236394,0.051813,2.888244,-0.016072,0.234688,0.051807,-0.011603,0.000753,-0.001705,-0.000006
4.967711,0.015563,0.332841,0.076129,4.865010,0.013846,0.320522,0.074607,-0.102702,-0.001717,-0.012319,-0.001523
5.590661,-0.020166,0.441724,0.102457,5.654371,-0.020661,0.448898,0.102852,0.063710,-0.000495,0.007174,0.000395
5.949444,0.015274,0.233204,0.097705,5.822711,0.012135,0.230003,0.095203,-0.126733,-0.003140,-0.003202,-0.002502
2.541637,-0.040222,0.277462,0.043685,2.509543,-0.042960,0.275249,0.044293,-0.032094,-0.002738,-0.002213,0.000608
4.280813,-0.025020,0.307714,0.085385,4.308239,-0.021532,0.301326,0.085066,0.027425,0.003489,-0.006388,-0.000319
2.874608,-0.005046,0.169873,0.046601,2.957491,-0.005756,0.172895,0.046896,0.082883,-0.000710,0.003023,0.000295
3.070935,-0.023866,0.299911,0.054398,3.040020,-0.024483,0.298034,0.054204,-0.030916,-0.000617,-0.001878,-0.000194
5.438327,0.009435,0.236006,0.089990,5.312824,0.009802,0.229546,0.087942,-0.125503,0.000367,-0.006460,-0.002048
5.355223,0.027327,0.284816,0.106011,5.267923,0.034213,0.280002,0.104685,-0.087300,0.006885,-0.004815,-0.001327
4.453701,-0.024965,0.339779,0.077708,4.449269,-0.029447,0.341010,0.078174,-0.004432,-0.004483,0.001231,0.000466
3.014416,-0.013130,0.273038,0.060207,2.986982,-0.012833,0.270320,0.060477,-0.027434,0.000297,-0.002717,0.000270
2.729593,-0.004146,0.317122,0.055494,2.756012,-0.004197,0.315768,0.055030,0.026419,-0.000051,-0.001354,-0.000464
4.074793,-0.016886,0.286144,0.067830,4.059495,-0.015796,0.287217,0.067264,-0.015298,0.001090,0.001073,-0.000566
3.209580,0.010037,0.212890,0.068107,3.216006,0.008303,0.219926,0.068540,0.006426,-0.001734,0.007036,0.000433
2.279274,-0.027981,0.260051,0.041207,2.303270,-0.027498,0.254949,0.040930,0.023997,0.000484,-0.005101,-0.000277
2.138272,-0.016786,0.129935,0.039598,2.085323,-0.015017,0.126525,0.038747,-0.052948,0.001769,-0.003410,-0.000851
2.318260,-0.016933,0.196066,0.037668,2.308114,-0.015523,0.194849,0.038079,-0.010145,0.001411,-0.001217,0.000411
3.757507,-0.017817,0.341283,0.054542,3.768150,-0.019329,0.362437,0.054505,0.010643,-0.001512,0.021154,-0.000038
3.074178,-0.015120,0.240991,0.054769,3.104742,-0.016741,0.239350,0.054997,0.030565,-0.001621,-0.001640,0.000229
1.878543,-0.003627,0.122564,0.030137,1.878290,-0.006555,0.124876,0.030978,-0.000254,-0.002927,0.002312,0.000842
3.905953,-0.000184,0.171339,0.069333,3.912540,-0.000314,0.171269,0.068589,0.006587,-0.000129,-0.000070,-0.000744
7.044737,0.000838,0.522694,0.119724,7.047009,-0.000342,0.514166,0.119597,0.002272,-0.001180,-0.008528,-0.000128
3.930911,-0.014390,0.224157,0.067812,3.930863,-0.017125,0.223382,0.066674,-0.000048,-0.002735,-0.000775,-0.001138
4.076172,-0.014115,0.256514,0.058944,4.021546,-0.014656,0.262092,0.058859,-0.054626,-0.000541,0.005578,-0.000085
4.927032,0.012104,0.233193,0.086496,4.957078,0.009019,0.237498,0.085993,0.030046,-0.003085,0.004305,-0.000503
6.622168,0.004609,0.571014,0.127822,6.589715,0.007435,0.564568,0.126279,-0.032453,0.002826,-0.006446,-0.001544
2.759457,-0.014024,0.255309,0.046972,2.744370,-0.013220,0.253899,0.046934,-0.015087,0.000804,-0.001410,-0.000038
3.108982,-0.021061,0.242336,0.050774,3.185457,-0.019180,0.245259,0.051441,0.076475,0.001881,0.002922,0.000668
5.228352,-0.013494,0.509256,0.095021,5.248503,-0.013279,0.490466,0.094773,0.020152,0.000215,-0.018790,-0.000248
2.034031,-0.008431,0.090154,0.030296,2.058376,-0.010090,0.092742,0.030059,0.024345,-0.001658,0.002587,-0.000237
6.372441,0.011186,0.284597,0.119211,6.359063,0.010935,0.292895,0.118073,-0.013378,-0.000251,0.008298,-0.001138
2.834314,-0.017107,0.263573,0.044067,2.831348,-0.017614,0.261950,0.044166,-0.002967,-0.000507,-0.001623,0.000098
2.138765,0.000775,0.107988,0.032360,2.106976,-0.001222,0.107100,0.032116,-0.031790,-0.001996,-0.000888,-0.000244
3.205866,-0.007214,0.232230,0.050496,3.174230,-0.006561,0.232316,0.051082,-0.031636,0.000653,0.000086,0.000586
4.451236,-0.005245,0.200492,0.080045,4.451239,-0.002741,0.204247,0.080786,0.000003,0.002504,0.003754,0.000741
3.967308,-0.009027,0.210625,0.061070,3.940909,-0.008274,0.217693,0.061096,-0.026399,0.000753,0.007068,0.000027
4.089073,-0.002715,0.307081,0.072190,4.027064,-0.003338,0.310074,0.071280,-0.062009,-0.000623,0.002993,-0.000910
4.347641,-0.033226,0.351720,0.075092,4.303046,-0.029736,0.353398,0.074795,-0.044594,0.003490,0.001678,-0.000296
5.588736,0.045407,0.276218,0.108478,5.470496,0.042819,0.268231,0.105495,-0.118240,-0.002588,-0.007987,-0.002983
4.499258,0.028864,0.254285,0.095290,4.629138,0.035024,0.261214,0.095647,0.129881,0.006159,0.006930,0.000358
6.552752,-0.031906,0.492086,0.108025,6.506252,-0.029055,0.490190,0.107842,-0.046500,0.002851,-0.001896,-0.000182
3.225405,-0.025682,0.243572,0.053988,3.196247,-0.026918,0.246403,0.054254,-0.029158,-0.001237,0.002831,0.000267
3.415039,0.011169,0.175742,0.058450,3.426899,0.009822,0.173881,0.058264,0.011861,-0.001347,-0.001861,-0.000186
3.330767,-0.015448,0.287894,0.060317,3.317300,-0.014649,0.284564,0.059994,-0.013467,0.000798,-0.003330,-0.000324
2.070841,-0.017624,0.120571,0.034132,2.050602,-0.016609,0.116432,0.034643,-0.020239,0.001014,-0.004138,0.000510
2.685173,0.004635,0.180329,0.044695,2.683703,0.000857,0.180191,0.044519,-0.001470,-0.003778,-0.000138,-0.000175
3.983170,-0.005703,0.238899,0.074223,4.023709,-0.003826,0.236325,0.073527,0.040539,0.001878,-0.002574,-0.000696
3.746912,-0.014602,0.221360,0.058730,3.733981,-0.016637,0.220735,0.059508,-0.012931,-0.002035,-0.000625,0.000778
5.779224,0.010286,0.330738,0.093626,5.708356,0.008210,0.326728,0.092323,-0.070868,-0.002076,-0.004009,-0.001303
4.922118,0.031604,0.200446,0.083249,4.810343,0.026933,0.201210,0.080890,-0.111775,-0.004671,0.000764,-0.002359
3.957535,-0.019785,0.370346,0.068478,3.996233,-0.016550,0.360056,0.068547,0.038699,0.003235,-0.010291,0.000069
4.336197,-0.023188,0.355387,0.068560,4.331171,-0.024446,0.356230,0.068535,-0.005026,-0.001258,0.000842,-0.000024
2.128780,-0.010763,0.149825,0.036173,2.108783,-0.012513,0.150132,0.036258,-0.019997,-0.001750,0.000307,0.000085
6.460350,-0.002943,0.276542,0.108742,6.367112,-0.002575,0.277392,0.108566,-0.093237,0.000367,0.000849,-0.000176
2.842841,-0.007472,0.157511,0.048930,2.833852,-0.008198,0.162098,0.048743,-0.008989,-0.000726,0.004587,-0.000188
2.547441,-0.019250,0.298448,0.051306,2.558964,-0.019027,0.298860,0.050988,0.011523,0.000223,0.000412,-0.000318
5.014131,-0.026441,0.389662,0.085018,5.030657,-0.022107,0.381504,0.085261,0.016526,0.004333,-0.008158,0.000242
5.612001,-0.008924,0.459589,0.103430,5.531887,-0.009915,0.469630,0.102776,-0.080114,-0.000991,0.010041,-0.000654
3.635563,-0.004528,0.301528,0.068607,3.602203,-0.004652,0.305877,0.068391,-0.033360,-0.000124,0.004349,-0.000216
3.464988,0.002790,0.360460,0.064184,3.468667,0.005778,0.349698,0.063299,0.003680,0.002988,-0.010762,-0.000885
5.340963,0.011773,0.346973,0.085408,5.235415,0.013565,0.347808,0.083059,-0.105548,0.001792,0.000835,-0.002349
2.542030,-0.041949,0.296447,0.043058,2.611835,-0.040229,0.286899,0.042211,0.069805,0.001719,-0.009548,-0.000846
5.430353,0.037899,0.301309,0.113549,5.474554,0.046043,0.300848,0.112755,0.044201,0.008143,-0.000461,-0.000794
5.540073,-0.003200,0.331134,0.099647,5.578359,-0.005666,0.336592,0.098902,0.038286,-0.002466,0.005458,-0.000745
6.438312,0.002270,0.386519,0.113482,6.412771,0.002397,0.380115,0.112751,-0.025540,0.000127,-0.006405,-0.000731
6.457157,-0.010071,0.324662,0.118505,6.335972,0.000990,0.331625,0.115839,-0.121185,0.011061,0.006962,-0.002665
6.647348,-0.000033,0.420041,0.116171,6.684044,-0.007002,0.416186,0.114922,0.036696,-0.006968,-0.003855,-0.001248
2.276134,-0.002437,0.141859,0.046776,2.275478,-0.001444,0.145419,0.046282,-0.000657,0.000993,0.003560,-0.000495
6.262978,-0.024487,0.492492,0.106575,6.185843,-0.021658,0.482943,0.104984,-0.077136,0.002830,-0.009550,-0.001592
4.543598,0.022474,0.202909,0.081290,4.619745,0.019045,0.204521,0.081723,0.076147,-0.003429,0.001612,0.000433
6.678143,-0.029521,0.551057,0.103568,6.600242,-0.033529,0.550343,0.102767,-0.077901,-0.004008,-0.000713,-0.000802
2.930608,-0.021197,0.301401,0.051211,2.976092,-0.024410,0.301101,0.050973,0.045485,-0.003213,-0.000300,-0.000238
4.593973,-0.006738,0.225220,0.083896,4.595526,-0.013168,0.221416,0.083922,0.001553,-0.006430,-0.003803,0.000025
5.539170,-0.010218,0.276661,0.106697,5.509327,-0.007774,0.273012,0.104991,-0.029843,0.002445,-0.003649,-0.001706
2.115246,-0.006274,0.116984,0.041360,2.077748,-0.005727,0.118467,0.040476,-0.037498,0.000547,0.001483,-0.000884
5.920042,0.003051,0.405265,0.098473,5.839284,0.004706,0.401598,0.096382,-0.080758,0.001655,-0.003666,-0.002090
4.398558,0.017007,0.181122,0.073204,4.279409,0.019847,0.183133,0.072362,-0.119148,0.002840,0.002010,-0.000842
4.940880,-0.014645,0.383698,0.090628,4.975176,-0.018006,0.392472,0.091785,0.034297,-0.003361,0.008774,0.001157
2.945040,-0.013907,0.235676,0.052814,2.934374,-0.016610,0.237140,0.052570,-0.010666,-0.002702,0.001463,-0.000244
2.046807,-0.008416,0.143195,0.035282,2.034785,-0.007361,0.140839,0.035221,-0.012022,0.001054,-0.002357,-0.000061
3.563453,-0.013827,0.335504,0.057216,3.576953,-0.017457,0.340758,0.057423,0.013500,-0.003629,0.005254,0.000207
3.294098,-0.033064,0.248308,0.056811,3.206251,-0.032582,0.249074,0.055146,-0.087847,0.000482,0.000766,-0.001666
2.584555,-0.031337,0.208312,0.047215,2.543524,-0.027795,0.202748,0.046057,-0.041031,0.003542,-0.005564,-0.001158
3.649045,0.000999,0.370636,0.056963,3.629704,0.001003,0.367854,0.057888,-0.019341,0.000003,-0.002781,0.000925
2.608735,-0.016392,0.257786,0.054131,2.675037,-0.015611,0.256035,0.054839,0.066302,0.000780,-0.001751,0.000708
4.897515,-0.039788,0.349113,0.095029,4.867825,-0.041415,0.345486,0.094676,-0.029690,-0.001627,-0.003627,-0.000353
3.462481,-0.019772,0.347651,0.056198,3.478287,-0.024195,0.345393,0.056513,0.015805,-0.004423,-0.002258,0.000315
2.392626,-0.021659,0.217464,0.042311,2.374508,-0.023087,0.222086,0.042455,-0.018118,-0.001428,0.004622,0.000144
6.670635,0.007966,0.486743,0.117187,6.495576,0.004925,0.478246,0.115375,-0.175059,-0.003041,-0.008497,-0.001812
4.313062,-0.022607,0.385615,0.071159,4.305333,-0.021544,0.389730,0.071798,-0.007729,0.001062,0.004114,0.000639
5.525165,0.013478,0.324967,0.095772,5.491671,0.010148,0.325248,0.094692,-0.033494,-0.003331,0.000281,-0.001080
2.605937,-0.005122,0.205640,0.042102,2.537162,-0.005448,0.210544,0.041406,-0.068775,-0.000326,0.004904,-0.000696
6.962868,0.008697,0.347637,0.127604,6.840386,0.014882,0.348704,0.125354,-0.122482,0.006185,0.001067,-0.002250
1.955758,-0.006774,0.104859,0.032544,1.937888,-0.008924,0.104672,0.032840,-0.017870,-0.002150,-0.000187,0.000296
2.583603,-0.006245,0.258952,0.049338,2.602252,-0.009927,0.257824,0.049023,0.018649,-0.003682,-0.001128,-0.000316
3.252868,-0.023330,0.278309,0.067150,3.296050,-0.022059,0.279557,0.066468,0.043182,0.001271,0.001248,-0.000682
2.127735,-0.012611,0.120713,0.038380,2.123481,-0.015094,0.118852,0.037017,-0.004254,-0.002483,-0.001861,-0.001363
6.064419,-0.003165,0.355760,0.090979,5.940620,-0.002948,0.359358,0.088864,-0.123799,0.000217,0.003598,-0.002115
5.356699,-0.005649,0.249335,0.097003,5.364156,-0.003398,0.251176,0.097282,0.007456,0.002251,0.001841,0.000279
5.275889,-0.002473,0.264346,0.080083,5.178974,-0.001135,0.265584,0.078136,-0.096915,0.001338,0.001238,-0.001947
5.856514,-0.042758,0.394854,0.104846,5.774438,-0.041149,0.393382,0.103436,-0.082076,0.001609,-0.001472,-0.001410
2.378721,-0.017766,0.203883,0.034564,2.274910,-0.018353,0.199878,0.034563,-0.103811,-0.000587,-0.004005,-0.000001
4.770996,0.010351,0.314912,0.096798,4.720285,0.010075,0.316256,0.094231,-0.050711,-0.000275,0.001344,-0.002567
4.604572,-0.004291,0.437612,0.086737,4.661494,-0.005526,0.434591,0.086564,0.056922,-0.001235,-0.003021,-0.000173
2.286095,-0.019193,0.190181,0.038976,2.249651,-0.018441,0.191290,0.038691,-0.036444,0.000751,0.001110,-0.000285
5.046081,-0.026169,0.463857,0.084256,5.033032,-0.025055,0.467699,0.083709,-0.013049,0.001114,0.003842,-0.000548
2.103709,-0.013344,0.130653,0.040335,2.057851,-0.011531,0.126805,0.038835,-0.045858,0.001813,-0.003848,-0.001500
3.405724,-0.011902,0.360262,0.062744,3.420031,-0.010662,0.355367,0.062874,0.014307,0.001240,-0.004895,0.000130
3.589949,-0.004251,0.137485,0.058097,3.645129,-0.005726,0.140392,0.057702,0.055180,-0.001475,0.002907,-0.000395
3.280638,0.004995,0.245232,0.060872,3.313210,0.004082,0.243470,0.061162,0.032572,-0.000912,-0.001762,0.000291
2.012572,-0.012476,0.100326,0.030467,2.000863,-0.011315,0.094627,0.030269,-0.011709,0.001161,-0.005699,-0.000198
5.335711,-0.026887,0.314096,0.086288,5.341540,-0.029411,0.313254,0.086242,0.005828,-0.002524,-0.000842,-0.000045
4.776821,0.019964,0.270689,0.077623,4.670908,0.017521,0.262941,0.076080,-0.105912,-0.002444,-0.007748,-0.001543
5.912434,-0.012127,0.367490,0.101996,5.833798,-0.014219,0.362108,0.101600,-0.078636,-0.002091,-0.005382,-0.000396
1.986348,-0.020654,0.169116,0.033878,2.051018,-0.020111,0.170807,0.033922,0.064670,0.000543,0.001691,0.000044
4.206930,-0.021371,0.264300,0.060358,4.196334,-0.021690,0.261217,0.059969,-0.010596,-0.000320,-0.003084,-0.000389
2.450485,-0.005538,0.206659,0.045639,2.481605,-0.008022,0.205135,0.045906,0.031120,-0.002484,-0.001524,0.000266
4.914357,0.002720,0.253493,0.091834,4.921329,0.007355,0.253050,0.092171,0.006972,0.004635,-0.000442,0.000337
4.839288,0.006958,0.204291,0.082408,4.865746,0.007064,0.210416,0.082209,0.026458,0.000106,0.006125,-0.000199
4.410866,-0.028181,0.322309,0.075212,4.445677,-0.026697,0.331320,0.076100,0.034811,0.001485,0.009011,0.000888
4.368052,-0.009582,0.187298,0.075872,4.367914,-0.006965,0.187448,0.075932,-0.000138,0.002617,0.000150,0.000060
2.862850,0.009944,0.170731,0.057347,2.858935,0.008770,0.176214,0.057882,-0.003916,-0.001174,0.005483,0.000535
3.349073,0.002849,0.229196,0.047330,3.395285,0.002554,0.230377,0.048063,0.046212,-0.000295,0.001181,0.000732
3.629751,-0.011594,0.259528,0.057671,3.586462,-0.012329,0.257616,0.057144,-0.043289,-0.000735,-0.001912,-0.000527
2.706259,-0.014194,0.164429,0.048346,2.707307,-0.010972,0.163619,0.047858,0.001048,0.003221,-0.000810,-0.000487
2.398981,-0.004231,0.136752,0.042206,2.400457,-0.004203,0.137425,0.041901,0.001476,0.000028,0.000673,-0.000306
2.324136,-0.032348,0.173415,0.037493,2.228366,-0.031775,0.172517,0.036636,-0.095770,0.000573,-0.000899,-0.000856
2.416153,-0.024135,0.200022,0.045763,2.392939,-0.022560,0.195319,0.045630,-0.023214,0.001575,-0.004703,-0.000134
2.543793,-0.025328,0.191293,0.038018,2.486729,-0.023839,0.193491,0.037005,-0.057065,0.001489,0.002198,-0.001013
4.394380,-0.028480,0.383090,0.074838,4.368172,-0.027179,0.391512,0.074135,-0.026208,0.001301,0.008422,-0.000704
4.949919,-0.025581,0.435924,0.094808,4.948213,-0.024576,0.431183,0.095481,-0.001706,0.001005,-0.004741,0.000673
2.374699,-0.025912,0.187230,0.042888,2.365079,-0.026243,0.183811,0.041937,-0.009620,-0.000331,-0.003419,-0.000951
5.580088,0.021141,0.273536,0.093245,5.510029,0.024979,0.274287,0.093420,-0.070059,0.003838,0.000751,0.000175
4.329018,-0.013835,0.263475,0.081583,4.259357,-0.013440,0.261595,0.080408,-0.069660,0.000395,-0.001880,-0.001175
5.851459,0.005329,0.330426,0.095575,5.758351,0.007610,0.328467,0.093481,-0.093107,0.002281,-0.001960,-0.002094
5.303083,-0.016682,0.479306,0.096748,5.233728,-0.019291,0.481344,0.096444,-0.069355,-0.002610,0.002038,-0.000303
2.051495,-0.025174,0.193402,0.041560,2.083222,-0.021898,0.186950,0.041956,0.031728,0.003276,-0.006452,0.000396
5.928611,0.004705,0.268485,0.104020,5.833813,0.012071,0.268249,0.102095,-0.094798,0.007366,-0.000236,-0.001925
3.466045,-0.037347,0.307543,0.056749,3.470828,-0.036224,0.303416,0.055960,0.004783,0.001124,-0.004127,-0.000790
2.980830,-0.020905,0.233766,0.046226,2.987318,-0.019231,0.233104,0.046717,0.006488,0.001674,-0.000662,0.000492
2.616133,0.003704,0.137098,0.046262,2.631400,0.002287,0.136416,0.045923,0.015266,-0.001417,-0.000682,-0.000339
3.966193,-0.034287,0.340536,0.071083,3.953107,-0.036198,0.339651,0.071013,-0.013086,-0.001911,-0.000885,-0.000069
4.688029,0.001251,0.373999,0.088568,4.720422,0.004588,0.373233,0.087916,0.032393,0.003337,-0.000766,-0.000652
2.400742,-0.038173,0.255647,0.045778,2.399260,-0.038256,0.250789,0.044543,-0.001482,-0.000084,-0.004858,-0.001235
4.887596,-0.022236,0.328379,0.086925,4.905301,-0.021581,0.332288,0.087841,0.017705,0.000655,0.003908,0.000916
2.800501,-0.039361,0.291906,0.049020,2.793295,-0.037809,0.288472,0.049139,-0.007206,0.001552,-0.003433,0.000119
6.896049,-0.019058,0.614215,0.117214,6.911473,-0.023904,0.623368,0.117127,0.015424,-0.004846,0.009153,-0.000088
7.149315,0.008406,0.389333,0.142130,7.129389,0.005512,0.374894,0.139956,-0.019926,-0.002895,-0.014439,-0.002174
1.861126,-0.009500,0.144045,0.027842,1.841753,-0.010895,0.141769,0.027674,-0.019373,-0.001395,-0.002276,-0.000168
4.322968,-0.010581,0.213976,0.078595,4.299349,-0.011733,0.214506,0.079036,-0.023619,-0.001152,0.000531,0.000441
3.985761,-0.014981,0.441525,0.068659,3.948404,-0.012432,0.427398,0.067733,-0.037357,0.002549,-0.014127,-0.000927
2.750922,-0.010168,0.223748,0.052642,2.783117,-0.013512,0.226203,0.053339,0.032195,-0.003344,0.002455,0.000697
2.557032,0.001438,0.213254,0.036607,2.479486,0.001671,0.213209,0.036383,-0.077545,0.000233,-0.000044,-0.000224
2.664326,-0.032659,0.270159,0.047144,2.655464,-0.031047,0.265393,0.046635,-0.008862,0.001613,-0.004766,-0.000509
4.933239,-0.016165,0.286917,0.083190,4.958050,-0.016596,0.297744,0.083425,0.024811,-0.000431,0.010827,0.000235
4.831980,-0.013152,0.305121,0.083252,4.823921,-0.014580,0.304328,0.084023,-0.008059,-0.001428,-0.000793,0.000771
5.092375,-0.022885,0.383897,0.087208,5.084716,-0.022819,0.381741,0.086019,-0.007659,0.000065,-0.002156,-0.001190
2.713169,-0.010707,0.153495,0.046346,2.706474,-0.011499,0.153182,0.046348,-0.006695,-0.000793,-0.000314,0.000003
5.494782,-0.009817,0.338657,0.096525,5.508607,-0.009293,0.337503,0.096750,0.013825,0.000524,-0.001153,0.000225
4.718793,-0.041240,0.306442,0.083418,4.707552,-0.042303,0.304941,0.082777,-0.011241,-0.001062,-0.001500,-0.000641
5.468175,-0.014562,0.482102,0.106203,5.512363,-0.013211,0.482139,0.105855,0.044188,0.001351,0.000037,-0.000348
2.102869,-0.004453,0.162749,0.032384,2.114808,-0.007849,0.168556,0.032607,0.011939,-0.003395,0.005807,0.000223
3.713908,0.004380,0.236525,0.071097,3.728563,0.004289,0.233230,0.070933,0.014655,-0.000091,-0.003295,-0.000164
3.369023,-0.001586,0.186493,0.057906,3.348735,-0.005067,0.188536,0.057241,-0.020288,-0.003481,0.002042,-0.000664
3.151311,-0.020459,0.176935,0.055179,3.173559,-0.021123,0.175809,0.054781,0.022248,-0.000665,-0.001126,-0.000399
4.450036,-0.036123,0.236658,0.066658,4.473285,-0.037953,0.247457,0.067139,0.023249,-0.001830,0.010799,0.000481
4.338650,0.026899,0.226239,0.082355,4.357771,0.021995,0.221896,0.082524,0.019121,-0.004905,-0.004343,0.000169
3.850350,-0.001490,0.214168,0.056371,3.817433,-0.002276,0.213375,0.057488,-0.032918,-0.000786,-0.000793,0.001117
2.556469,0.012131,0.130862,0.042564,2.606996,0.008678,0.131412,0.042745,0.050527,-0.003452,0.000550,0.000181
3.656527,-0.012840,0.272933,0.058289,3.594143,-0.013055,0.278865,0.057697,-0.062383,-0.000215,0.005932,-0.000592
3.343112,-0.009092,0.250405,0.059041,3.288692,-0.010203,0.249531,0.058387,-0.054420,-0.001112,-0.000873,-0.000654
2.735638,-0.004674,0.183946,0.039518,2.742922,-0.004319,0.182774,0.040916,0.007284,0.000355,-0.001172,0.001398
7.204023,-0.021263,0.642940,0.124033,7.150637,-0.022685,0.627189,0.123551,-0.053386,-0.001422,-0.015751,-0.000482
4.209231,-0.018371,0.253435,0.062274,4.171360,-0.017963,0.256930,0.062173,-0.037871,0.000408,0.003495,-0.000100
4.034900,-0.016756,0.224462,0.064377,4.014368,-0.018447,0.219243,0.063729,-0.020532,-0.001691,-0.005219,-0.000648
2.688510,-0.006818,0.236102,0.044151,2.691582,-0.007404,0.238412,0.044102,0.003072,-0.000587,0.002310,-0.000049
3.042825,-0.004169,0.253581,0.056885,3.059977,-0.003573,0.250714,0.057125,0.017152,0.000595,-0.002867,0.000240
3.473487,-0.017444,0.262032,0.051345,3.432369,-0.019120,0.263959,0.052112,-0.041118,-0.001676,0.001927,0.000767
2.111245,-0.012698,0.128326,0.040774,2.100363,-0.011954,0.128486,0.039750,-0.010882,0.000744,0.000161,-0.001024
2.056132,-0.017574,0.113406,0.033808,2.008845,-0.018285,0.106903,0.032826,-0.047287,-0.000711,-0.006502,-0.000982
5.952412,-0.034350,0.343148,0.097101,5.900712,-0.033202,0.343470,0.096959,-0.051700,0.001148,0.000322,-0.000142
2.060920,-0.018426,0.115603,0.033442,2.034923,-0.019375,0.108482,0.032364,-0.025997,-0.000949,-0.007121,-0.001078
3.661205,-0.010679,0.334226,0.059627,3.668776,-0.011074,0.327097,0.059932,0.007571,-0.000395,-0.007129,0.000306
4.413389,-0.010405,0.202622,0.080396,4.421237,-0.010949,0.203442,0.079561,0.007847,-0.000544,0.000820,-0.000835
4.446624,-0.025479,0.304587,0.084095,4.448599,-0.026294,0.294028,0.082582,0.001975,-0.000814,-0.010560,-0.001513
2.644511,-0.030462,0.255041,0.046654,2.657593,-0.027920,0.258690,0.046937,0.013083,0.002541,0.003649,0.000283
3.439361,-0.014797,0.334985,0.057660,3.370177,-0.013772,0.323592,0.057590,-0.069184,0.001025,-0.011393,-0.000070
3.136944,-0.022310,0.309685,0.055496,3.147479,-0.024630,0.308616,0.055402,0.010535,-0.002321,-0.001069,-0.000094
2.021366,-0.018484,0.226399,0.042806,2.010537,-0.018310,0.223201,0.042581,-0.010829,0.000174,-0.003198,-0.000226
4.188960,-0.009237,0.300554,0.071872,4.197619,-0.009633,0.303120,0.072570,0.008659,-0.000396,0.002567,0.000698
6.072498,-0.001573,0.370146,0.107844,6.113335,-0.004525,0.382105,0.107802,0.040837,-0.002952,0.011959,-0.000042
4.709643,0.008694,0.215838,0.084835,4.757381,0.006841,0.216897,0.085197,0.047738,-0.001853,0.001059,0.000362
4.903747,0.003639,0.222193,0.083159,4.849825,0.006660,0.221025,0.082771,-0.053922,0.003021,-0.001168,-0.000388
4.933676,-0.030732,0.380195,0.086480,4.839203,-0.028997,0.372698,0.086222,-0.094472,0.001735,-0.007497,-0.000258
6.952497,0.021046,0.308677,0.124516,6.888948,0.021853,0.313772,0.123114,-0.063549,0.000807,0.005095,-0.001402
6.439466,-0.042309,0.590202,0.107602,6.523038,-0.047982,0.595234,0.107427,0.083572,-0.005673,0.005032,-0.000176
2.100307,-0.023728,0.266930,0.044485,2.107999,-0.024289,0.265040,0.044897,0.007692,-0.000561,-0.001890,0.000412
4.133890,-0.056672,0.364771,0.072654,4.166956,-0.057380,0.370431,0.073422,0.033066,-0.000708,0.005660,0.000768
3.338710,-0.008111,0.366018,0.066658,3.359905,-0.009032,0.370395,0.066098,0.021194,-0.000921,0.004377,-0.000560
2.404954,-0.038689,0.213872,0.039731,2.359422,-0.040818,0.213899,0.038679,-0.045532,-0.002129,0.000027,-0.001053
3.591537,0.008640,0.233981,0.056670,3.563225,0.008135,0.229065,0.057456,-0.028312,-0.000504,-0.004916,0.000786
3.434709,-0.011375,0.249108,0.055587,3.403746,-0.013132,0.253515,0.055878,-0.030963,-0.001757,0.004407,0.000291
6.424229,0.006867,0.460310,0.093806,6.343325,0.009042,0.456637,0.093794,-0.080904,0.002176,-0.003673,-0.000012
4.026766,-0.021995,0.246178,0.069573,4.039445,-0.023752,0.249672,0.069546,0.012680,-0.001757,0.003495,-0.000027
5.685375,-0.018251,0.354857,0.100235,5.612590,-0.016017,0.349958,0.099555,-0.072784,0.002234,-0.004898,-0.000680
4.053678,-0.018182,0.276848,0.075746,4.019844,-0.022514,0.273032,0.075132,-0.033834,-0.004332,-0.003816,-0.000615
3.181023,0.004304,0.179995,0.047175,3.219485,0.003247,0.188529,0.047175,0.038462,-0.001057,0.008533,-0.000000
2.230456,-0.030282,0.196954,0.040044,2.257708,-0.028993,0.193670,0.040962,0.027252,0.001289,-0.003284,0.000918
2.984259,-0.023341,0.259185,0.047345,2.967746,-0.023428,0.253292,0.047021,-0.016513,-0.000087,-0.005892,-0.000324
2.162214,-0.020001,0.162427,0.035273,2.160157,-0.019228,0.162551,0.036148,-0.002056,0.000773,0.000124,0.000875
2.222031,-0.023988,0.143505,0.041344,2.220089,-0.023604,0.139273,0.040680,-0.001941,0.000384,-0.004232,-0.000664
2.338786,-0.028715,0.201077,0.037375,2.311069,-0.031027,0.198137,0.036341,-0.027716,-0.002312,-0.002940,-0.001034
3.935343,-0.031839,0.255264,0.066396,3.966712,-0.029499,0.255492,0.066515,0.031370,0.002340,0.000228,0.000120
3.490280,-0.009261,0.312856,0.060094,3.424224,-0.008771,0.311624,0.060190,-0.066056,0.000490,-0.001232,0.000096
4.009248,0.013448,0.381701,0.067092,4.015179,0.011568,0.391598,0.066641,0.005931,-0.001881,0.009897,-0.000451
4.912553,-0.011426,0.354330,0.082126,4.874901,-0.010539,0.352211,0.081301,-0.037652,0.000887,-0.002120,-0.000825
3.106627,0.005373,0.220812,0.056090,3.171135,0.004473,0.228437,0.056037,0.064508,-0.000900,0.007625,-0.000053
2.665723,-0.008654,0.160078,0.052806,2.722763,-0.005845,0.167462,0.051596,0.057041,0.002809,0.007383,-0.001210
5.455640,0.013444,0.404338,0.085003,5.330084,0.012839,0.403427,0.083728,-0.125556,-0.000605,-0.000912,-0.001275
6.389554,-0.019903,0.653653,0.123287,6.502660,-0.022184,0.661257,0.123385,0.113106,-0.002280,0.007604,0.000098
3.868688,-0.006332,0.230720,0.073413,3.863760,-0.004635,0.236788,0.072926,-0.004928,0.001698,0.006069,-0.000487
2.200500,-0.015326,0.115853,0.036277,2.178460,-0.016135,0.116766,0.035913,-0.022040,-0.000809,0.000912,-0.000363
3.459959,-0.011616,0.340358,0.059589,3.460567,-0.012117,0.338204,0.059666,0.000608,-0.000501,-0.002153,0.000077
2.230555,-0.017967,0.251367,0.045197,2.228924,-0.019800,0.251488,0.046313,-0.001631,-0.001833,0.000121,0.001116
2.277262,-0.013018,0.181428,0.035935,2.252861,-0.012058,0.183043,0.036223,-0.024401,0.000960,0.001614,0.000287
5.302700,0.004614,0.326068,0.072528,5.105298,-0.000722,0.313356,0.071853,-0.197402,-0.005336,-0.012712,-0.000675
2.518332,-0.011627,0.298032,0.048908,2.555710,-0.014318,0.301896,0.048483,0.037378,-0.002691,0.003864,-0.000424
3.567653,-0.002998,0.190939,0.057886,3.484998,-0.005533,0.194843,0.057818,-0.082655,-0.002535,0.003904,-0.000068
2.362576,-0.003946,0.207043,0.040852,2.405570,-0.008789,0.213469,0.041794,0.042994,-0.004843,0.006427,0.000942
2.837669,-0.027580,0.261139,0.043468,2.862344,-0.028105,0.261814,0.043967,0.024675,-0.000525,0.000675,0.000499
5.337005,0.002605,0.445141,0.085016,5.172714,0.000873,0.446501,0.084131,-0.164291,-0.001732,0.001360,-0.000885
4.543050,-0.047453,0.323170,0.069001,4.513846,-0.043353,0.323678,0.069005,-0.029204,0.004099,0.000508,0.000004
4.121574,-0.001722,0.335315,0.080041,4.106704,-0.002731,0.336514,0.078701,-0.014870,-0.001008,0.001199,-0.001340
4.277049,-0.033864,0.307960,0.061376,4.285835,-0.033866,0.303698,0.061805,0.008787,-0.000002,-0.004262,0.000429
1.863880,-0.007167,0.100288,0.031104,1.849928,-0.009027,0.100973,0.030804,-0.013952,-0.001861,0.000685,-0.000300
3.203769,-0.022489,0.315697,0.054162,3.125741,-0.024646,0.315383,0.054289,-0.078028,-0.002157,-0.000314,0.000126
4.875209,-0.004585,0.415157,0.079450,4.843230,-0.007115,0.411588,0.079420,-0.031979,-0.002530,-0.003569,-0.000031
4.010889,-0.011518,0.321871,0.073256,3.992542,-0.009286,0.316099,0.073357,-0.018347,0.002232,-0.005772,0.000101
4.258102,0.001194,0.233084,0.066045,4.277965,0.002215,0.233169,0.066078,0.019863,0.001021,0.000085,0.000033
2.910284,-0.015055,0.294115,0.049879,2.914463,-0.015138,0.297151,0.049413,0.004179,-0.000082,0.003036,-0.000466
2.174818,-0.008293,0.185628,0.038937,2.190769,-0.008231,0.186223,0.037907,0.015951,0.000062,0.000595,-0.001030
3.733198,0.017252,0.202171,0.079589,3.740411,0.016404,0.204701,0.078735,0.007213,-0.000849,0.002530,-0.000855
6.244800,0.017601,0.314990,0.099170,6.201262,0.018143,0.321282,0.099706,-0.043537,0.000542,0.006292,0.000536
4.356260,-0.003831,0.222641,0.064417,4.332201,-0.007600,0.226828,0.064349,-0.024059,-0.003769,0.004186,-0.000069
5.443816,-0.011398,0.408412,0.095406,5.367911,-0.010801,0.406740,0.094787,-0.075905,0.000597,-0.001671,-0.000619
3.268366,-0.016100,0.375884,0.058633,3.265592,-0.016741,0.378639,0.059059,-0.002774,-0.000641,0.002755,0.000426
4.122427,-0.012783,0.246514,0.060703,4.137244,-0.014844,0.253779,0.061056,0.014817,-0.002061,0.007265,0.000353
5.755978,0.010117,0.376800,0.107913,5.773041,0.013419,0.376065,0.107284,0.017063,0.003302,-0.000735,-0.000629
5.782509,-0.007502,0.379873,0.098684,5.680695,-0.006251,0.369671,0.096127,-0.101814,0.001251,-0.010202,-0.002558
5.243268,-0.019231,0.298140,0.086995,5.135042,-0.018209,0.304462,0.084025,-0.108226,0.001021,0.006322,-0.002970
4.891428,-0.007479,0.341151,0.077638,4.922771,-0.006496,0.336658,0.077532,0.031343,0.000984,-0.004493,-0.000106
2.814925,0.001037,0.283890,0.049569,2.837855,0.001533,0.281148,0.049048,0.022930,0.000497,-0.002741,-0.000520
4.612228,-0.035176,0.360978,0.071683,4.597406,-0.033727,0.358466,0.071915,-0.014822,0.001450,-0.002512,0.000232
4.082864,0.000412,0.252387,0.080058,4.056340,0.002047,0.244969,0.079187,-0.026524,0.001636,-0.007418,-0.000871
5.555903,-0.003027,0.383731,0.110324,5.579395,-0.002652,0.389864,0.109589,0.023492,0.000375,0.006134,-0.000735
6.342064,-0.008862,0.540109,0.106014,6.156029,-0.006081,0.534595,0.105230,-0.186035,0.002781,-0.005515,-0.000784
2.106556,-0.017693,0.126446,0.037037,2.089794,-0.016743,0.124458,0.037090,-0.016762,0.000950,-0.001988,0.000053
3.206727,-0.027799,0.295404,0.055998,3.275074,-0.026229,0.297024,0.056090,0.068347,0.001571,0.001619,0.000091
4.234861,-0.038988,0.354110,0.061918,4.215012,-0.035089,0.351164,0.062523,-0.019849,0.003899,-0.002946,0.000605
6.129893,0.021236,0.455579,0.098619,6.028806,0.019486,0.456769,0.098229,-0.101087,-0.001751,0.001190,-0.000389
4.583053,-0.000662,0.206792,0.083761,4.555552,-0.001442,0.206074,0.082736,-0.027501,-0.000780,-0.000718,-0.001025
5.943537,0.008030,0.266192,0.105940,5.879907,0.007879,0.267658,0.103688,-0.063631,-0.000151,0.001466,-0.002252
2.503337,0.000598,0.210915,0.037592,2.499050,0.002625,0.215133,0.037846,-0.004287,0.002027,0.004219,0.000254
4.683426,0.037063,0.220783,0.082212,4.541825,0.042371,0.214474,0.080901,-0.141601,0.005308,-0.006309,-0.001312
4.955215,-0.006375,0.211680,0.084945,4.934235,-0.005320,0.220672,0.083833,-0.020979,0.001054,0.008992,-0.001112
5.569873,0.024213,0.460921,0.096966,5.461161,0.024864,0.449275,0.095630,-0.108712,0.000651,-0.011646,-0.001336
5.543019,-0.023914,0.438299,0.084390,5.505928,-0.023283,0.439153,0.085119,-0.037091,0.000631,0.000854,0.000729
3.854598,-0.016045,0.222841,0.069072,3.830558,-0.015311,0.226652,0.068850,-0.024040,0.000734,0.003811,-0.000222
3.985587,-0.001120,0.291714,0.069962,3.924480,0.000922,0.287865,0.069471,-0.061107,0.002042,-0.003849,-0.000491
5.780127,0.027777,0.313745,0.118233,5.751858,0.031886,0.329661,0.117268,-0.028268,0.004109,0.015916,-0.000965
4.905373,-0.006019,0.334408,0.092106,4.847984,-0.004966,0.332806,0.091280,-0.057388,0.001053,-0.001602,-0.000827
4.760459,-0.003816,0.354040,0.088930,4.777232,-0.004759,0.359216,0.088396,0.016773,-0.000942,0.005176,-0.000534
2.746918,-0.002778,0.290029,0.051107,2.717258,-0.003654,0.294621,0.050865,-0.029660,-0.000876,0.004591,-0.000242
5.952721,0.004331,0.406026,0.096386,5.891000,0.003146,0.403902,0.094140,-0.061721,-0.001185,-0.002124,-0.002246
2.221884,-0.004114,0.130143,0.038612,2.168521,-0.001675,0.126358,0.038814,-0.053362,0.002440,-0.003786,0.000202
2.567348,-0.023931,0.277849,0.040702,2.561048,-0.023673,0.277410,0.039647,-0.006300,0.000258,-0.000439,-0.001055
4.221861,-0.014494,0.348948,0.077786,4.199656,-0.011933,0.343902,0.077118,-0.022205,0.002560,-0.005046,-0.000668
6.343448,-0.007986,0.289979,0.110112,6.239328,-0.000623,0.303110,0.108552,-0.104120,0.007363,0.013131,-0.001559
5.411671,-0.042025,0.343323,0.093778,5.391090,-0.039628,0.350291,0.093420,-0.020581,0.002397,0.006968,-0.000358
3.211648,-0.037136,0.392406,0.059049,3.203612,-0.035351,0.388684,0.057823,-0.008035,0.001784,-0.003721,-0.001226
3.170012,-0.031524,0.306228,0.064526,3.232376,-0.030695,0.313882,0.064171,0.062364,0.000829,0.007654,-0.000355
4.564625,-0.033913,0.413428,0.077205,4.539600,-0.034117,0.413848,0.076975,-0.025025,-0.000204,0.000420,-0.000230
3.677017,-0.008326,0.214863,0.063706,3.704856,-0.007262,0.217434,0.063712,0.027839,0.001064,0.002571,0.000006
5.283886,0.022342,0.265477,0.096823,5.155321,0.021802,0.249808,0.094360,-0.128566,-0.000540,-0.015669,-0.002463
3.139296,0.002704,0.229258,0.054069,3.166499,0.001699,0.226301,0.053792,0.027203,-0.001005,-0.002957,-0.000277
3.019989,-0.008165,0.252181,0.056364,3.015610,-0.006485,0.250352,0.056161,-0.004379,0.001680,-0.001830,-0.000203
5.936969,-0.007023,0.377557,0.103628,5.908059,-0.005940,0.372489,0.102256,-0.028911,0.001083,-0.005068,-0.001372
4.835247,-0.003925,0.364542,0.098361,4.878345,-0.003662,0.374802,0.098385,0.043097,0.000263,0.010260,0.000024
1.951446,-0.019426,0.198789,0.033024,1.876092,-0.022965,0.191504,0.033402,-0.075354,-0.003539,-0.007286,0.000378
3.633052,-0.015025,0.396205,0.059068,3.697399,-0.014900,0.397730,0.059473,0.064347,0.000125,0.001525,0.000405
2.365282,0.000183,0.160391,0.036342,2.401332,-0.000191,0.161377,0.036778,0.036050,-0.000374,0.000986,0.000436
2.016931,-0.027541,0.234799,0.039068,2.001998,-0.025680,0.232054,0.038347,-0.014933,0.001861,-0.002745,-0.000720
4.939954,-0.019173,0.319884,0.094511,4.885717,-0.020082,0.320815,0.093471,-0.054237,-0.000909,0.000931,-0.001039
3.015089,-0.026114,0.284959,0.046293,2.978063,-0.023322,0.272369,0.047206,-0.037026,0.002792,-0.012589,0.000913
3.764212,-0.000255,0.164206,0.062869,3.741035,-0.001457,0.165627,0.062206,-0.023177,-0.001202,0.001421,-0.000663
3.317859,-0.000888,0.272335,0.046392,3.355489,-0.000456,0.273825,0.046578,0.037630,0.000431,0.001489,0.000186
2.724782,-0.005262,0.233495,0.050764,2.722160,-0.010727,0.231702,0.050261,-0.002622,-0.005465,-0.001793,-0.000503
4.340727,-0.005248,0.286005,0.081138,4.354689,-0.003649,0.290352,0.080991,0.013962,0.001599,0.004347,-0.000147
5.573578,-0.018780,0.629590,0.111994,5.661974,-0.020087,0.619924,0.111766,0.088396,-0.001307,-0.009665,-0.000229
5.561524,-0.004806,0.399052,0.082166,5.499636,-0.000846,0.393138,0.082186,-0.061888,0.003960,-0.005914,0.000020
2.112626,-0.011559,0.173783,0.032620,2.107326,-0.011102,0.172549,0.032574,-0.005300,0.000457,-0.001234,-0.000047
5.834260,-0.029272,0.347155,0.099507,5.774129,-0.030642,0.344106,0.098947,-0.060130,-0.001370,-0.003049,-0.000559
2.000074,-0.022011,0.228638,0.040023,1.968345,-0.022185,0.227020,0.040016,-0.031729,-0.000174,-0.001618,-0.000007
4.082845,-0.029153,0.261226,0.059007,4.038519,-0.029429,0.268431,0.058342,-0.044326,-0.000276,0.007206,-0.000665
3.572015,-0.015361,0.235897,0.067061,3.541570,-0.018838,0.238773,0.066344,-0.030445,-0.003477,0.002876,-0.000717
4.525367,0.002756,0.196605,0.076287,4.531361,0.002645,0.203387,0.075998,0.005994,-0.000111,0.006782,-0.000289
5.639900,-0.031599,0.389475,0.090474,5.614749,-0.033002,0.395665,0.091240,-0.025151,-0.001403,0.006190,0.000766
3.876425,-0.002662,0.346664,0.066770,3.832440,-0.004045,0.354485,0.067174,-0.043985,-0.001383,0.007821,0.000404
3.823349,-0.012743,0.225679,0.061330,3.799570,-0.017634,0.223458,0.061508,-0.023779,-0.004891,-0.002220,0.000178
2.473388,-0.016814,0.198473,0.044581,2.494495,-0.018039,0.194110,0.044600,0.021106,-0.001225,-0.004363,0.000019
3.753640,0.005824,0.384127,0.063343,3.719002,0.005017,0.380820,0.062417,-0.034639,-0.000808,-0.003307,-0.000926
4.276848,-0.020666,0.432223,0.074744,4.195829,-0.014916,0.427209,0.073907,-0.081019,0.005750,-0.005014,-0.000837
4.117756,-0.035526,0.253796,0.068008,4.103477,-0.033211,0.254886,0.066976,-0.014279,0.002316,0.001090,-0.001032
4.251307,-0.002097,0.438071,0.079714,4.191255,-0.001649,0.430798,0.078072,-0.060052,0.000448,-0.007274,-0.001642
5.638342,-0.024857,0.362491,0.097784,5.625028,-0.024077,0.358720,0.097262,-0.013314,0.000779,-0.003771,-0.000522
2.769572,-0.025445,0.197333,0.041264,2.783331,-0.027465,0.196433,0.040416,0.013759,-0.002020,-0.000900,-0.000848
4.124177,-0.025301,0.380989,0.067069,4.059841,-0.024499,0.374977,0.066938,-0.064336,0.000802,-0.006011,-0.000130
7.235281,-0.043088,0.504375,0.114390,7.170167,-0.041405,0.508366,0.114345,-0.065113,0.001683,0.003991,-0.000045
3.095981,0.009290,0.207843,0.065901,3.156691,0.008371,0.217228,0.066079,0.060710,-0.000919,0.009385,0.000177
7.044679,0.009200,0.423080,0.123875,7.028261,0.007752,0.417690,0.123482,-0.016418,-0.001449,-0.005389,-0.000393
3.980994,-0.027961,0.406462,0.078734,4.008272,-0.030604,0.414450,0.079221,0.027278,-0.002643,0.007988,0.000488
3.397540,-0.030108,0.306164,0.050158,3.317238,-0.029539,0.303669,0.049821,-0.080302,0.000569,-0.002495,-0.000337
4.673376,-0.018678,0.331419,0.066110,4.664888,-0.017944,0.330612,0.066379,-0.008488,0.000733,-0.000806,0.000270
3.671829,0.003695,0.247742,0.060632,3.794275,0.002233,0.252830,0.061828,0.122446,-0.001462,0.005087,0.001196
2.272518,-0.020895,0.166881,0.038027,2.267196,-0.018516,0.167051,0.038076,-0.005323,0.002380,0.000170,0.000049
5.776813,-0.006432,0.412863,0.098197,5.747425,-0.006761,0.416310,0.097117,-0.029387,-0.000329,0.003447,-0.001081
2.626489,-0.016498,0.154939,0.042386,2.628677,-0.015896,0.147027,0.042101,0.002188,0.000601,-0.007913,-0.000285
3.725820,-0.010952,0.403405,0.060056,3.623588,-0.014727,0.396826,0.058467,-0.102232,-0.003774,-0.006579,-0.001589
3.186288,-0.027621,0.385650,0.058614,3.189761,-0.028071,0.380374,0.056604,0.003474,-0.000450,-0.005275,-0.002010
3.626076,0.002401,0.299140,0.051223,3.638101,0.000263,0.308730,0.051463,0.012025,-0.002138,0.009590,0.000240
2.316523,-0.013275,0.179437,0.041890,2.325243,-0.014992,0.171959,0.041602,0.008720,-0.001717,-0.007478,-0.000288
6.697007,-0.029814,0.489545,0.113906,6.589980,-0.022612,0.484204,0.112458,-0.107027,0.007201,-0.005342,-0.001449
4.394135,-0.046188,0.413831,0.067775,4.452293,-0.040067,0.409871,0.068490,0.058158,0.006121,-0.003961,0.000715
6.665109,0.008558,0.317062,0.117603,6.506243,-0.000421,0.308700,0.114620,-0.158866,-0.008980,-0.008362,-0.002983
4.846478,-0.039391,0.404780,0.084846,4.835331,-0.036343,0.406321,0.085371,-0.011146,0.003048,0.001541,0.000524
3.015098,0.006131,0.168232,0.051792,2.975399,0.004325,0.166780,0.051483,-0.039699,-0.001806,-0.001452,-0.000309
3.263496,-0.011304,0.218948,0.066872,3.210099,-0.009058,0.210339,0.065955,-0.053396,0.002246,-0.008609,-0.000918
2.654654,-0.014642,0.214547,0.042632,2.614942,-0.016703,0.217989,0.042219,-0.039712,-0.002061,0.003442,-0.000413
5.721000,0.026326,0.345305,0.106101,5.648533,0.022484,0.348067,0.105008,-0.072467,-0.003842,0.002761,-0.001093
3.618819,-0.031258,0.348757,0.069707,3.656278,-0.031257,0.351964,0.069751,0.037458,0.000001,0.003208,0.000043
2.363886,-0.008819,0.240945,0.046682,2.345163,-0.011563,0.242866,0.047237,-0.018723,-0.002744,0.001921,0.000555
4.447364,-0.035137,0.403461,0.074583,4.457294,-0.033507,0.407232,0.075425,0.009930,0.001630,0.003771,0.000842
3.343071,-0.046048,0.318756,0.051896,3.311677,-0.046638,0.311224,0.051776,-0.031394,-0.000590,-0.007532,-0.000120
3.078034,-0.003892,0.316321,0.056805,3.154170,-0.006011,0.315643,0.057314,0.076135,-0.002119,-0.000678,0.000509
3.082387,-0.009163,0.207829,0.063246,3.011885,-0.008712,0.206595,0.062440,-0.070502,0.000451,-0.001234,-0.000806
2.566809,-0.002506,0.196959,0.046346,2.550420,-0.001278,0.191371,0.045879,-0.016389,0.001228,-0.005588,-0.000466
3.003178,-0.011035,0.250044,0.042034,2.943841,-0.010838,0.254775,0.042183,-0.059337,0.000197,0.004732,0.000149
3.253381,-0.004297,0.196815,0.064834,3.218027,-0.005652,0.194417,0.064662,-0.035354,-0.001356,-0.002398,-0.000173
2.188673,-0.010688,0.205735,0.036801,2.181313,-0.013965,0.201806,0.036756,-0.007360,-0.003277,-0.003929,-0.000045
3.832691,-0.017624,0.291926,0.068678,3.870984,-0.014603,0.298645,0.068734,0.038293,0.003021,0.006719,0.000056
4.258194,-0.013003,0.179968,0.070459,4.186789,-0.013405,0.186266,0.069876,-0.071405,-0.000402,0.006298,-0.000583
2.111938,-0.011302,0.107192,0.035343,2.043119,-0.011191,0.105745,0.034138,-0.068819,0.000111,-0.001447,-0.001205
4.066422,-0.007400,0.177477,0.069884,4.049889,-0.009387,0.179797,0.068766,-0.016533,-0.001987,0.002320,-0.001118
3.735164,-0.033981,0.414506,0.067847,3.707202,-0.031816,0.405034,0.067439,-0.027962,0.002165,-0.009472,-0.000409
6.203681,0.005441,0.352824,0.103862,6.177079,0.000877,0.347949,0.102178,-0.026602,-0.004564,-0.004875,-0.001684
4.132410,-0.017453,0.201763,0.064288,4.081593,-0.017528,0.208911,0.063976,-0.050817,-0.000075,0.007148,-0.000312
4.205494,0.001247,0.243942,0.086927,4.082772,0.004638,0.227790,0.085313,-0.122722,0.003391,-0.016152,-0.001614
5.670138,-0.003986,0.371311,0.095968,5.608014,-0.003456,0.368817,0.095400,-0.062124,0.000530,-0.002494,-0.000568
2.613061,-0.022131,0.300732,0.053105,2.632306,-0.022837,0.302083,0.052867,0.019244,-0.000706,0.001350,-0.000238
2.336454,-0.027194,0.282785,0.041315,2.421619,-0.030014,0.277600,0.042340,0.085166,-0.002820,-0.005185,0.001025
3.219546,-0.008583,0.186042,0.059364,3.194758,-0.007101,0.181904,0.058848,-0.024788,0.001482,-0.004138,-0.000516
4.923922,-0.014996,0.312447,0.085724,4.955183,-0.015017,0.311267,0.085352,0.031261,-0.000021,-0.001180,-0.000373
4.072200,-0.004583,0.164436,0.070003,4.013853,-0.003168,0.170184,0.068404,-0.058347,0.001415,0.005747,-0.001598
4.189221,0.022428,0.204200,0.084988,4.231677,0.022770,0.213269,0.085572,0.042456,0.000343,0.009069,0.000584
4.710726,0.012099,0.214599,0.083938,4.736310,0.009877,0.217787,0.084185,0.025584,-0.002222,0.003188,0.000247
6.122668,-0.004123,0.431014,0.088615,6.008438,-0.007412,0.431892,0.086326,-0.114230,-0.003288,0.000877,-0.002289
4.638144,-0.048336,0.424694,0.080273,4.638784,-0.048794,0.424280,0.079426,0.000640,-0.000458,-0.000415,-0.000847
3.349054,-0.014490,0.283505,0.064332,3.310220,-0.015165,0.276996,0.064185,-0.038834,-0.000675,-0.006510,-0.000146
2.389195,-0.017286,0.156209,0.048971,2.340934,-0.014460,0.157331,0.048664,-0.048261,0.002826,0.001122,-0.000307
5.401337,0.015007,0.247818,0.079865,5.316954,0.012033,0.254499,0.078640,-0.084383,-0.002974,0.006681,-0.001225
3.199582,0.008372,0.300343,0.057180,3.258507,0.006787,0.298373,0.057261,0.058926,-0.001585,-0.001970,0.000081
6.694460,-0.024483,0.586672,0.112787,6.688827,-0.027958,0.584292,0.111601,-0.005633,-0.003474,-0.002379,-0.001187
4.151103,-0.028536,0.288065,0.082856,4.124307,-0.027731,0.295117,0.081563,-0.026796,0.000805,0.007053,-0.001293
6.066082,-0.052937,0.552798,0.102391,6.067157,-0.053543,0.551561,0.102652,0.001075,-0.000606,-0.001237,0.000261
3.438975,-0.001952,0.161313,0.055438,3.426706,-0.004473,0.162095,0.054688,-0.012269,-0.002521,0.000781,-0.000750
3.145153,-0.024510,0.328038,0.058431,3.118988,-0.020208,0.324396,0.058434,-0.026165,0.004302,-0.003642,0.000003
4.802445,-0.031584,0.372767,0.082221,4.720593,-0.030361,0.378277,0.081578,-0.081851,0.001223,0.005510,-0.000642
4.556361,-0.031018,0.363150,0.083235,4.551689,-0.034333,0.369552,0.082815,-0.004672,-0.003315,0.006403,-0.000420
4.530095,-0.012473,0.370303,0.086390,4.536091,-0.010841,0.365274,0.085682,0.005996,0.001632,-0.005029,-0.000707
3.926339,-0.007061,0.172143,0.071979,3.932809,-0.004975,0.174927,0.071592,0.006470,0.002086,0.002784,-0.000386
6.149340,0.000550,0.263562,0.102262,6.066096,-0.001069,0.264307,0.100943,-0.083243,-0.001619,0.000744,-0.001319
2.158951,-0.017342,0.131033,0.040499,2.093068,-0.014491,0.127103,0.039356,-0.065883,0.002851,-0.003930,-0.001143
6.741165,-0.020367,0.581138,0.110795,6.657730,-0.017520,0.576094,0.109798,-0.083435,0.002847,-0.005045,-0.000996
4.403128,0.006798,0.154410,0.068457,4.373843,0.007773,0.156797,0.066929,-0.029285,0.000974,0.002387,-0.001528
4.677970,0.005423,0.283391,0.084825,4.690765,0.005714,0.280112,0.084156,0.012795,0.000291,-0.003279,-0.000669
1.750871,-0.004570,0.098068,0.030301,1.690248,-0.005147,0.095965,0.031117,-0.060623,-0.000577,-0.002103,0.000816
5.786195,-0.008041,0.240805,0.088259,5.645467,-0.010811,0.239413,0.087679,-0.140728,-0.002771,-0.001393,-0.000581
3.787431,-0.020646,0.227586,0.054212,3.729937,-0.018730,0.233933,0.054138,-0.057494,0.001916,0.006347,-0.000074
2.328240,-0.020311,0.200671,0.040136,2.286642,-0.020914,0.199557,0.039005,-0.041598,-0.000603,-0.001115,-0.001130
3.271024,-0.013694,0.289883,0.066024,3.285580,-0.016467,0.300003,0.065967,0.014556,-0.002773,0.010119,-0.000057
5.779991,-0.011110,0.364315,0.091741,5.691443,-0.012543,0.353786,0.090681,-0.088548,-0.001433,-0.010529,-0.001060
5.547170,0.000782,0.295481,0.083027,5.454727,0.000354,0.292050,0.081558,-0.092443,-0.000428,-0.003431,-0.001468
5.471940,-0.001627,0.333589,0.084070,5.404101,-0.000437,0.335574,0.084424,-0.067839,0.001190,0.001985,0.000354
5.815427,0.024468,0.308249,0.099083,5.817568,0.022012,0.313768,0.097722,0.002141,-0.002457,0.005519,-0.001361
2.087371,-0.013626,0.120533,0.038052,2.123621,-0.014250,0.120202,0.037994,0.036250,-0.000624,-0.000331,-0.000058
3.621207,-0.028704,0.315548,0.060319,3.645685,-0.027681,0.314276,0.060301,0.024478,0.001023,-0.001272,-0.000019
4.054852,0.032798,0.198657,0.081331,4.070876,0.029670,0.205485,0.081543,0.016025,-0.003128,0.006828,0.000211
4.737981,-0.000978,0.257664,0.065703,4.694546,-0.000148,0.263235,0.066596,-0.043435,0.000830,0.005571,0.000893
3.580050,-0.001961,0.191929,0.062150,3.590194,-0.002877,0.203146,0.061974,0.010145,-0.000915,0.011217,-0.000175
2.186642,-0.009044,0.201689,0.040624,2.216739,-0.010081,0.207640,0.040528,0.030097,-0.001036,0.005951,-0.000095
4.206841,-0.017726,0.301894,0.058633,4.225061,-0.018276,0.298360,0.059037,0.018220,-0.000550,-0.003534,0.000404
4.408729,-0.006162,0.324735,0.072355,4.390604,-0.003269,0.324086,0.072045,-0.018124,0.002893,-0.000650,-0.000310
6.018931,0.023733,0.253465,0.099160,6.021213,0.024404,0.246885,0.098952,0.002281,0.000671,-0.006580,-0.000207
3.130402,-0.017194,0.326291,0.056997,3.158360,-0.016867,0.325055,0.057150,0.027958,0.000327,-0.001236,0.000153
4.468171,-0.056657,0.330430,0.070683,4.397885,-0.052777,0.334682,0.070719,-0.070285,0.003880,0.004251,0.000037
4.361223,-0.010430,0.195471,0.081257,4.394736,-0.012129,0.199416,0.080716,0.033513,-0.001699,0.003945,-0.000541
3.292589,0.005769,0.218599,0.066989,3.324135,0.006023,0.222849,0.066664,0.031546,0.000253,0.004249,-0.000325
6.081785,-0.007126,0.463692,0.102867,6.000317,-0.007332,0.456274,0.101460,-0.081468,-0.000206,-0.007418,-0.001407
3.973821,-0.011851,0.345835,0.080600,4.069249,-0.008637,0.340156,0.080817,0.095428,0.003214,-0.005679,0.000217
2.875545,0.006546,0.143987,0.045067,2.919884,0.006354,0.149363,0.046016,0.044339,-0.000192,0.005376,0.000949
5.243020,-0.021598,0.474930,0.087745,5.239782,-0.023327,0.470347,0.087361,-0.003238,-0.001728,-0.004583,-0.000384
3.944556,-0.016717,0.325865,0.056916,3.918352,-0.020561,0.322938,0.058389,-0.026204,-0.003844,-0.002927,0.001473
3.461884,-0.024375,0.248185,0.051181,3.437163,-0.027851,0.245529,0.051108,-0.024721,-0.003476,-0.002656,-0.000073
5.341908,-0.001068,0.240784,0.101689,5.355111,0.000098,0.247718,0.100685,0.013203,0.001166,0.006934,-0.001003
3.241017,-0.013911,0.214840,0.065068,3.235619,-0.015006,0.218712,0.065116,-0.005399,-0.001095,0.003872,0.000048
4.935769,-0.005006,0.219233,0.085929,4.871208,-0.003507,0.221320,0.084408,-0.064561,0.001499,0.002086,-0.001521
5.803743,-0.026854,0.446041,0.100833,5.722062,-0.021434,0.440734,0.099216,-0.081682,0.005420,-0.005307,-0.001617
3.288586,-0.012310,0.191901,0.052912,3.252220,-0.011586,0.186475,0.052793,-0.036366,0.000724,-0.005426,-0.000119
2.146575,-0.019616,0.170358,0.037346,2.169631,-0.019173,0.166865,0.037557,0.023056,0.000444,-0.003493,0.000210
4.299786,-0.030571,0.377830,0.073565,4.366796,-0.034260,0.377736,0.073377,0.067010,-0.003689,-0.000094,-0.000189
4.914860,-0.029577,0.327363,0.082488,4.924342,-0.029811,0.330036,0.082252,0.009482,-0.000234,0.002673,-0.000236
3.232686,-0.013581,0.318829,0.055084,3.266188,-0.011853,0.314505,0.055850,0.033502,0.001728,-0.004324,0.000766
3.086205,-0.005315,0.295369,0.055416,3.121436,-0.008507,0.286752,0.055787,0.035231,-0.003193,-0.008617,0.000371
4.901797,-0.019743,0.409522,0.087632,4.883828,-0.016507,0.409893,0.087448,-0.017970,0.003236,0.000371,-0.000183
3.682681,0.006434,0.236191,0.070239,3.671022,0.005232,0.230287,0.069933,-0.011659,-0.001202,-0.005904,-0.000307
3.634763,-0.012406,0.388187,0.066238,3.617454,-0.010873,0.389059,0.066898,-0.017308,0.001532,0.000872,0.000660
5.632190,-0.002778,0.409765,0.092312,5.516273,-0.005028,0.406961,0.091759,-0.115918,-0.002249,-0.002804,-0.000553
2.194565,-0.008580,0.211292,0.037144,2.136455,-0.009446,0.207808,0.036510,-0.058110,-0.000866,-0.003484,-0.000634
4.240945,-0.059009,0.373078,0.074886,4.213580,-0.055789,0.375167,0.074394,-0.027365,0.003220,0.002090,-0.000492
5.709655,-0.004084,0.410203,0.114114,5.610662,0.001265,0.406885,0.111154,-0.098993,0.005349,-0.003317,-0.002960
2.973917,-0.022687,0.236259,0.047536,3.006790,-0.021558,0.237257,0.047839,0.032874,0.001129,0.000998,0.000303
4.211623,-0.036046,0.380424,0.067262,4.223826,-0.038367,0.386208,0.067229,0.012203,-0.002321,0.005784,-0.000033
2.812395,-0.011318,0.189300,0.045814,2.756901,-0.009016,0.188244,0.044593,-0.055494,0.002302,-0.001056,-0.001220
3.642643,0.004112,0.157767,0.063295,3.624187,0.001473,0.151926,0.063496,-0.018456,-0.002639,-0.005841,0.000201
4.976996,-0.021814,0.381092,0.079871,4.951460,-0.022857,0.377220,0.079887,-0.025537,-0.001043,-0.003872,0.000016
5.268518,0.012534,0.439231,0.092864,5.203708,0.014066,0.437611,0.091107,-0.064811,0.001532,-0.001620,-0.001758
5.545434,-0.000671,0.292954,0.080205,5.454470,0.002374,0.291743,0.080598,-0.090964,0.003044,-0.001211,0.000393
5.955052,-0.016203,0.418539,0.115749,5.942360,-0.012667,0.412561,0.115099,-0.012691,0.003535,-0.005978,-0.000650
4.062173,0.003183,0.208606,0.076399,3.999305,-0.001797,0.205424,0.076063,-0.062868,-0.004980,-0.003183,-0.000336
2.508878,-0.037280,0.197966,0.033271,2.463595,-0.038057,0.196173,0.032519,-0.045283,-0.000778,-0.001793,-0.000752
5.536185,0.021846,0.401328,0.097533,5.493080,0.016731,0.403221,0.096943,-0.043105,-0.005115,0.001893,-0.000590
3.689485,-0.005913,0.198813,0.060378,3.617205,-0.006036,0.202207,0.059254,-0.072280,-0.000123,0.003393,-0.001124
3.541507,-0.038812,0.352717,0.068029,3.621809,-0.036427,0.350568,0.068455,0.080302,0.002385,-0.002149,0.000426
2.578902,-0.014465,0.258164,0.047599,2.599401,-0.013698,0.256888,0.047459,0.020500,0.000767,-0.001276,-0.000139
1.950358,-0.021884,0.193298,0.039033,1.929796,-0.020544,0.194409,0.038884,-0.020563,0.001340,0.001111,-0.000149
2.715323,-0.009374,0.197422,0.046384,2.688150,-0.007205,0.193959,0.045408,-0.027174,0.002169,-0.003462,-0.000976
4.046037,-0.019524,0.195829,0.058014,4.038550,-0.022890,0.197048,0.058689,-0.007487,-0.003366,0.001219,0.000676
2.891858,-0.013195,0.255647,0.057582,2.942516,-0.012105,0.260411,0.058173,0.050658,0.001090,0.004765,0.000591
3.527899,-0.012411,0.343310,0.059690,3.523871,-0.014019,0.344819,0.059418,-0.004028,-0.001609,0.001509,-0.000272
4.111352,-0.016788,0.289814,0.067115,4.059950,-0.014694,0.287516,0.066710,-0.051402,0.002094,-0.002298,-0.000405
6.565914,-0.026522,0.569765,0.104404,6.485255,-0.031150,0.569053,0.103940,-0.080659,-0.004629,-0.000711,-0.000464
5.281974,-0.025696,0.411702,0.084465,5.257636,-0.025327,0.410632,0.083872,-0.024338,0.000369,-0.001070,-0.000593
1.923139,-0.011977,0.116805,0.035875,1.913616,-0.013358,0.118492,0.035164,-0.009524,-0.001381,0.001687,-0.000712
2.427281,-0.031631,0.206645,0.036308,2.317031,-0.029072,0.207537,0.036452,-0.110250,0.002559,0.000892,0.000144
7.007952,0.009307,0.677488,0.127644,7.043509,0.008632,0.670981,0.127559,0.035558,-0.000675,-0.006508,-0.000085
4.138318,-0.009542,0.298703,0.070361,4.121210,-0.007860,0.300067,0.070586,-0.017108,0.001682,0.001364,0.000225
5.167051,-0.026157,0.416636,0.095870,5.075564,-0.021448,0.409999,0.094971,-0.091487,0.004709,-0.006637,-0.000899
6.213405,-0.049261,0.521230,0.095420,6.181933,-0.048627,0.521354,0.096191,-0.031472,0.000634,0.000124,0.000771
5.941449,-0.017001,0.421808,0.106470,5.874729,-0.016848,0.420506,0.105184,-0.066720,0.000153,-0.001303,-0.001286
4.819790,-0.041525,0.379865,0.081217,4.703026,-0.038824,0.376872,0.080358,-0.116765,0.002701,-0.002992,-0.000859
5.235855,-0.028420,0.401860,0.090469,5.201795,-0.026591,0.405597,0.089427,-0.034060,0.001829,0.003737,-0.001042
2.487313,-0.014974,0.296094,0.048485,2.519220,-0.014708,0.294775,0.047516,0.031907,0.000266,-0.001319,-0.000968
6.089952,-0.000187,0.465355,0.092148,5.921463,-0.001894,0.450536,0.089630,-0.168489,-0.001706,-0.014819,-0.002518
3.745434,0.014768,0.343207,0.068991,3.701984,0.012739,0.351071,0.068536,-0.043450,-0.002028,0.007864,-0.000455
6.743626,-0.018156,0.582516,0.109754,6.663947,-0.018529,0.571870,0.109398,-0.079679,-0.000374,-0.010646,-0.000356
3.680352,0.000080,0.299989,0.065276,3.694746,-0.001092,0.302411,0.064789,0.014394,-0.001173,0.002422,-0.000487
2.999510,-0.018974,0.205526,0.044839,2.984387,-0.020624,0.204950,0.044794,-0.015123,-0.001650,-0.000576,-0.000045
4.049959,-0.000463,0.346591,0.081420,4.092937,-0.000090,0.341890,0.081314,0.042978,0.000373,-0.004701,-0.000106
2.124852,-0.015120,0.117908,0.037553,2.110157,-0.014535,0.117697,0.036883,-0.014694,0.000585,-0.000211,-0.000670
2.699522,-0.012535,0.157472,0.044580,2.720141,-0.014226,0.161339,0.044781,0.020619,-0.001691,0.003867,0.000202
4.189758,-0.011123,0.287040,0.069498,4.142359,-0.013827,0.287808,0.069531,-0.047400,-0.002704,0.000769,0.000033
2.691311,-0.015575,0.249074,0.054288,2.681048,-0.012836,0.242400,0.053784,-0.010262,0.002739,-0.006674,-0.000504
5.117079,-0.017665,0.320954,0.091664,5.170639,-0.018911,0.333660,0.091932,0.053559,-0.001247,0.012706,0.000267
2.376211,-0.016169,0.146447,0.045582,2.297769,-0.015847,0.138962,0.044778,-0.078443,0.000322,-0.007485,-0.000804
2.955567,0.003598,0.230645,0.039997,2.909401,0.002396,0.237746,0.040159,-0.046166,-0.001202,0.007101,0.000161
5.779418,-0.003744,0.543266,0.107247,5.848835,-0.001717,0.551107,0.106536,0.069417,0.002026,0.007841,-0.000712
4.242656,-0.020774,0.342221,0.066240,4.241645,-0.021521,0.346376,0.066852,-0.001011,-0.000747,0.004154,0.000612
3.506317,-0.008464,0.190742,0.053370,3.502532,-0.006563,0.191223,0.053637,-0.003785,0.001900,0.000481,0.000267
5.719213,-0.023777,0.563147,0.100550,5.679784,-0.024846,0.567769,0.100855,-0.039429,-0.001068,0.004622,0.000305
5.755041,0.024588,0.341482,0.107396,5.769839,0.024932,0.346145,0.106530,0.014798,0.000344,0.004663,-0.000866
3.477040,-0.024370,0.283125,0.059437,3.445351,-0.024224,0.284931,0.058841,-0.031689,0.000146,0.001806,-0.000595
1.601390,-0.003766,0.079247,0.026780,1.508078,-0.002610,0.078823,0.025081,-0.093312,0.001156,-0.000424,-0.001699
3.418066,0.000332,0.243045,0.056375,3.413612,-0.002270,0.240137,0.056051,-0.004454,-0.002602,-0.002909,-0.000324
2.990176,0.005430,0.190322,0.056830,3.054866,0.007115,0.188476,0.057989,0.064689,0.001684,-0.001846,0.001158
4.645536,-0.029567,0.371522,0.085277,4.643409,-0.031818,0.373993,0.085728,-0.002127,-0.002251,0.002470,0.000451
3.510367,-0.016216,0.380777,0.069666,3.499811,-0.014945,0.381886,0.068608,-0.010556,0.001271,0.001109,-0.001058
4.866775,-0.025777,0.379206,0.082919,4.860454,-0.023299,0.378223,0.082831,-0.006320,0.002478,-0.000983,-0.000087
4.422637,-0.016882,0.194304,0.075701,4.393598,-0.017000,0.197258,0.076237,-0.029040,-0.000118,0.002955,0.000536
2.752487,-0.020503,0.282965,0.051758,2.766521,-0.019626,0.286352,0.052792,0.014034,0.000877,0.003387,0.001034
5.045470,-0.022631,0.415985,0.099113,4.938761,-0.023373,0.417156,0.096798,-0.106709,-0.000742,0.001171,-0.002315
5.145696,-0.000327,0.392318,0.108712,5.163954,0.002297,0.379005,0.105744,0.018258,0.002623,-0.013312,-0.002968
7.020580,0.012525,0.336436,0.135853,6.953958,0.017446,0.339552,0.134629,-0.066622,0.004921,0.003116,-0.001224
3.803433,-0.015544,0.321885,0.077183,3.812096,-0.017248,0.322983,0.076214,0.008663,-0.001704,0.001098,-0.000968
6.689082,-0.013710,0.479614,0.114621,6.685056,-0.014423,0.484223,0.114358,-0.004026,-0.000713,0.004609,-0.000263
2.195234,-0.008077,0.200853,0.035431,2.161642,-0.007111,0.207297,0.034826,-0.033592,0.000966,0.006443,-0.000605
2.084656,-0.000954,0.103920,0.036903,2.054832,-0.001541,0.100522,0.036231,-0.029825,-0.000587,-0.003398,-0.000672
5.267106,0.004220,0.319491,0.099259,5.238368,0.006063,0.324098,0.098751,-0.028738,0.001843,0.004606,-0.000508
2.884328,-0.031086,0.261444,0.043286,2.848812,-0.034325,0.261466,0.042701,-0.035517,-0.003239,0.000021,-0.000585
6.289264,-0.033322,0.566500,0.102641,6.283863,-0.033572,0.556151,0.103712,-0.005402,-0.000250,-0.010349,0.001072
4.112787,0.015473,0.181649,0.079429,4.055730,0.014340,0.180249,0.077932,-0.057057,-0.001133,-0.001400,-0.001497
5.885119,-0.013584,0.383268,0.099849,5.792700,-0.019449,0.382618,0.096832,-0.092419,-0.005865,-0.000650,-0.003017
4.818782,-0.016106,0.304343,0.076605,4.853564,-0.021329,0.306567,0.077454,0.034781,-0.005223,0.002225,0.000849
2.519655,-0.008017,0.265148,0.049658,2.479252,-0.010397,0.255114,0.049578,-0.040404,-0.002380,-0.010035,-0.000080
5.862648,0.003428,0.266733,0.106572,5.831584,0.005576,0.265728,0.106286,-0.031064,0.002148,-0.001005,-0.000286
2.981780,-0.023925,0.250246,0.052491,3.015864,-0.026006,0.242929,0.052735,0.034085,-0.002081,-0.007317,0.000244
4.035740,-0.028081,0.256934,0.057662,4.042375,-0.027738,0.265565,0.057932,0.006635,0.000342,0.008631,0.000269
3.274646,0.015465,0.280861,0.057844,3.309934,0.011299,0.288766,0.058399,0.035288,-0.004167,0.007905,0.000554
2.205479,-0.006300,0.164219,0.033149,2.213041,-0.007530,0.166636,0.033441,0.007562,-0.001230,0.002417,0.000292
4.247844,0.007074,0.290891,0.070131,4.262119,0.006333,0.288831,0.069833,0.014276,-0.000741,-0.002060,-0.000298
2.867381,-0.031692,0.285982,0.048021,2.887259,-0.028876,0.285689,0.048178,0.019878,0.002816,-0.000293,0.000157
3.257906,-0.001699,0.300605,0.051178,3.248610,-0.004822,0.313550,0.051601,-0.009296,-0.003122,0.012945,0.000423
3.702639,-0.009375,0.301386,0.065839,3.596510,-0.008357,0.297976,0.065179,-0.106129,0.001017,-0.003411,-0.000660
6.483306,0.005753,0.265528,0.107689,6.329419,0.009496,0.280362,0.106113,-0.153887,0.003743,0.014834,-0.001576
5.974642,0.014373,0.234151,0.096655,5.820264,0.014181,0.235132,0.094795,-0.154377,-0.000192,0.000980,-0.001860
5.939716,0.002323,0.251565,0.100579,5.786318,0.002407,0.248955,0.096418,-0.153399,0.000084,-0.002610,-0.004161
3.054727,-0.001515,0.152424,0.049959,3.152843,-0.002044,0.156650,0.050149,0.098116,-0.000529,0.004225,0.000190
5.584127,-0.018506,0.330261,0.099648,5.571317,-0.015591,0.338117,0.099464,-0.012810,0.002915,0.007856,-0.000184
2.280141,-0.015321,0.196107,0.045495,2.280363,-0.018130,0.203491,0.045624,0.000222,-0.002808,0.007384,0.000129
6.536078,-0.022542,0.578687,0.109892,6.459367,-0.023010,0.567894,0.110113,-0.076711,-0.000468,-0.010793,0.000221
6.042799,-0.002948,0.269961,0.097746,5.871235,0.000192,0.269761,0.095366,-0.171565,0.003140,-0.000199,-0.002380
4.849271,-0.043098,0.286486,0.082964,4.774491,-0.041705,0.286229,0.082882,-0.074780,0.001393,-0.000258,-0.000082
4.056339,-0.027888,0.253480,0.066779,4.049939,-0.027270,0.249619,0.066680,-0.006400,0.000619,-0.003861,-0.000098
4.400870,-0.015121,0.198448,0.081015,4.416080,-0.011452,0.204465,0.080292,0.015210,0.003669,0.006017,-0.000723
2.608823,-0.006625,0.148095,0.047663,2.620502,-0.008293,0.150538,0.047403,0.011679,-0.001668,0.002442,-0.000260
6.978547,-0.004569,0.338427,0.129419,6.962943,-0.003467,0.343990,0.128042,-0.015604,0.001103,0.005563,-0.001377
6.296465,-0.056073,0.642715,0.110518,6.318238,-0.061775,0.639150,0.110079,0.021773,-0.005701,-0.003565,-0.000438
5.014137,-0.024152,0.231600,0.090359,4.908649,-0.019835,0.228651,0.088898,-0.105488,0.004318,-0.002949,-0.001461
5.816066,-0.011329,0.581173,0.104737,5.728406,-0.011395,0.567379,0.104820,-0.087659,-0.000066,-0.013794,0.000083
2.474071,-0.025548,0.131954,0.043283,2.498741,-0.025962,0.134818,0.043425,0.024670,-0.000414,0.002863,0.000142
3.085277,-0.009097,0.207312,0.051408,3.170331,-0.008195,0.208032,0.052013,0.085054,0.000902,0.000720,0.000606
3.628249,0.009917,0.350384,0.066999,3.597807,0.010834,0.348377,0.066448,-0.030442,0.000917,-0.002007,-0.000552
4.611564,-0.007240,0.322669,0.068831,4.571067,-0.007350,0.313800,0.068366,-0.040497,-0.000109,-0.008869,-0.000465
5.835045,0.020963,0.278702,0.103463,5.766701,0.023799,0.269093,0.101780,-0.068344,0.002836,-0.009610,-0.001684
4.711134,-0.023807,0.325048,0.072283,4.670968,-0.022111,0.323376,0.071119,-0.040167,0.001696,-0.001672,-0.001164
5.271125,-0.013807,0.208725,0.082467,5.184819,-0.008960,0.213161,0.082442,-0.086307,0.004846,0.004436,-0.000025
4.455644,-0.017411,0.349590,0.065834,4.464051,-0.018522,0.342213,0.066509,0.008407,-0.001111,-0.007378,0.000675
5.966851,-0.040393,0.572633,0.096085,5.875295,-0.040875,0.561612,0.093971,-0.091557,-0.000483,-0.011022,-0.002114
3.582088,0.007073,0.208234,0.070096,3.576251,0.007520,0.210772,0.069712,-0.005837,0.000447,0.002538,-0.000383
2.837484,-0.011727,0.181950,0.056922,2.886792,-0.008027,0.190324,0.057419,0.049308,0.003700,0.008373,0.000497
6.061767,-0.021496,0.550005,0.100447,6.049257,-0.018324,0.540551,0.099254,-0.012510,0.003172,-0.009454,-0.001193
4.742585,-0.058577,0.393957,0.084566,4.735997,-0.056108,0.393208,0.083806,-0.006588,0.002469,-0.000749,-0.000760
2.538245,-0.018077,0.224803,0.040952,2.531603,-0.016738,0.227543,0.041044,-0.006641,0.001339,0.002739,0.000093
3.902022,-0.002441,0.392002,0.064209,3.859257,-0.004084,0.381431,0.062934,-0.042764,-0.001643,-0.010571,-0.001274
3.884915,0.001222,0.244093,0.066650,3.846960,0.001149,0.243779,0.066571,-0.037956,-0.000072,-0.000314,-0.000080
4.768215,0.005040,0.292775,0.088299,4.804362,0.006606,0.288029,0.088145,0.036148,0.001566,-0.004746,-0.000155
7.444870,-0.014105,0.599868,0.117071,7.365371,-0.018546,0.593261,0.116803,-0.079499,-0.004441,-0.006608,-0.000268
4.428937,-0.036265,0.254307,0.073648,4.443109,-0.037615,0.263241,0.074269,0.014171,-0.001350,0.008934,0.000620
2.716363,0.005480,0.244366,0.049573,2.670652,0.004080,0.241054,0.048617,-0.045711,-0.001400,-0.003312,-0.000956
4.471488,-0.026372,0.373614,0.073277,4.443119,-0.024197,0.373745,0.072342,-0.028370,0.002176,0.000131,-0.000935
7.163752,0.004390,0.559278,0.133155,7.134460,0.005799,0.554020,0.131858,-0.029292,0.001409,-0.005258,-0.001296
5.070964,0.020947,0.295804,0.104300,4.958476,0.021456,0.280236,0.101738,-0.112488,0.000509,-0.015568,-0.002562
6.170907,0.005702,0.412670,0.108913,6.156801,0.005183,0.411591,0.108653,-0.014107,-0.000519,-0.001079,-0.000260
5.369563,-0.004264,0.274859,0.099478,5.353156,-0.004001,0.287146,0.099255,-0.016407,0.000263,0.012287,-0.000223
3.754303,-0.003119,0.305417,0.055957,3.745296,-0.000907,0.311475,0.055944,-0.009006,0.002213,0.006058,-0.000013
5.264149,0.000469,0.352368,0.084368,5.237775,-0.005123,0.356511,0.082534,-0.026373,-0.005592,0.004143,-0.001834
3.449988,-0.000015,0.334979,0.052338,3.495037,0.001881,0.333012,0.053676,0.045049,0.001896,-0.001967,0.001338
3.747962,-0.034858,0.381036,0.063313,3.782419,-0.034101,0.381883,0.063976,0.034457,0.000757,0.000846,0.000663
4.321440,-0.004637,0.313786,0.070788,4.284419,-0.006045,0.320202,0.070004,-0.037021,-0.001408,0.006415,-0.000784
4.333944,0.001098,0.334144,0.068593,4.289182,0.000255,0.334521,0.068337,-0.044762,-0.000843,0.000378,-0.000256
4.342049,-0.005530,0.226775,0.062842,4.305156,-0.007072,0.226249,0.063395,-0.036893,-0.001542,-0.000526,0.000554
3.575155,-0.021226,0.290571,0.071446,3.615796,-0.022971,0.295765,0.071111,0.040641,-0.001745,0.005194,-0.000334
6.229521,-0.042087,0.641701,0.108693,6.116027,-0.040655,0.629795,0.107581,-0.113494,0.001432,-0.011906,-0.001112
4.759926,0.006473,0.216552,0.086526,4.783814,0.002819,0.217343,0.086115,0.023889,-0.003654,0.000791,-0.000412
2.493187,-0.018059,0.203667,0.048090,2.460927,-0.017657,0.200444,0.047807,-0.032259,0.000402,-0.003223,-0.000282
2.455252,-0.008349,0.181645,0.041164,2.500614,-0.007247,0.180978,0.041048,0.045362,0.001102,-0.000666,-0.000116
3.578009,0.010406,0.359859,0.063031,3.537449,0.007059,0.356564,0.061107,-0.040560,-0.003347,-0.003295,-0.001924
3.921536,-0.028988,0.351620,0.078169,3.892374,-0.027375,0.349466,0.077384,-0.029162,0.001613,-0.002154,-0.000785
4.265862,-0.007797,0.205612,0.078347,4.272346,-0.007773,0.206352,0.078224,0.006483,0.000024,0.000739,-0.000122
4.885150,0.008279,0.229691,0.094694,4.941586,0.010013,0.232388,0.093748,0.056436,0.001734,0.002696,-0.000946
6.185372,-0.011503,0.538000,0.102602,6.036401,-0.010102,0.524845,0.100945,-0.148971,0.001401,-0.013155,-0.001657
4.983721,-0.019376,0.296248,0.082900,4.968173,-0.019438,0.298595,0.082017,-0.015548,-0.000062,0.002348,-0.000883
4.079884,-0.028394,0.330753,0.064362,4.057704,-0.026696,0.331784,0.064028,-0.022180,0.001698,0.001031,-0.000334
6.736561,-0.003282,0.297642,0.116516,6.698843,0.000488,0.300171,0.116583,-0.037718,0.003770,0.002529,0.000067
2.458745,-0.013759,0.216855,0.044309,2.456020,-0.014403,0.213151,0.043258,-0.002724,-0.000644,-0.003704,-0.001050
3.955640,-0.012933,0.285352,0.067361,3.917649,-0.016496,0.291119,0.066872,-0.037991,-0.003563,0.005767,-0.000489
4.420076,-0.015463,0.238999,0.084440,4.433837,-0.020756,0.233411,0.084046,0.013761,-0.005293,-0.005588,-0.000394
3.161937,-0.017952,0.265259,0.064714,3.185598,-0.020783,0.269609,0.063854,0.023661,-0.002831,0.004350,-0.000860
3.353415,0.008431,0.146751,0.058930,3.365367,0.006733,0.146228,0.059341,0.011951,-0.001698,-0.000523,0.000411
2.641997,-0.001852,0.243257,0.049570,2.591850,-0.003551,0.250930,0.049989,-0.050147,-0.001699,0.007673,0.000419
4.830386,-0.024995,0.426675,0.080076,4.814723,-0.026196,0.422952,0.080921,-0.015663,-0.001201,-0.003724,0.000845
7.040561,-0.015930,0.494860,0.136591,7.068812,-0.013390,0.495973,0.135624,0.028251,0.002540,0.001113,-0.000966
2.628580,-0.000728,0.141343,0.048352,2.541476,0.001628,0.133651,0.047012,-0.087105,0.002356,-0.007691,-0.001340
4.417699,0.006965,0.224277,0.088518,4.329369,0.011673,0.218728,0.086484,-0.088331,0.004708,-0.005550,-0.002034
2.914165,-0.014383,0.234957,0.051552,2.891996,-0.016285,0.236810,0.051663,-0.022169,-0.001902,0.001854,0.000111
3.632265,-0.009503,0.256281,0.058542,3.636031,-0.011774,0.260092,0.058625,0.003766,-0.002271,0.003811,0.000083
4.803053,-0.027972,0.374070,0.083803,4.706874,-0.027764,0.370624,0.083235,-0.096179,0.000208,-0.003446,-0.000568
5.904172,-0.028078,0.481261,0.105848,5.956109,-0.031764,0.488986,0.104389,0.051936,-0.003686,0.007725,-0.001459
2.350078,-0.012728,0.282925,0.048110,2.363226,-0.009752,0.281828,0.048005,0.013148,0.002975,-0.001098,-0.000105
4.903001,-0.029825,0.451214,0.082316,4.942435,-0.033478,0.453716,0.082881,0.039434,-0.003653,0.002501,0.000565
5.243507,0.004715,0.267588,0.084007,5.187736,0.004725,0.270423,0.084004,-0.055772,0.000010,0.002834,-0.000002
2.678986,-0.002756,0.275658,0.054618,2.735235,-0.005821,0.282288,0.054318,0.056249,-0.003065,0.006631,-0.000300
2.699666,-0.001693,0.194986,0.044977,2.673083,-0.006959,0.191461,0.044337,-0.026582,-0.005266,-0.003525,-0.000641
2.697313,-0.041957,0.257816,0.044129,2.655158,-0.043012,0.256862,0.043634,-0.042155,-0.001055,-0.000955,-0.000495
5.311724,-0.043293,0.457940,0.078645,5.287402,-0.047469,0.455210,0.080162,-0.024323,-0.004175,-0.002730,0.001517
1.724663,-0.009644,0.112617,0.024747,1.694540,-0.009666,0.113915,0.024185,-0.030123,-0.000021,0.001298,-0.000563
3.637270,-0.010261,0.242811,0.068611,3.634237,-0.007405,0.246806,0.067425,-0.003033,0.002855,0.003995,-0.001186
3.350567,-0.015227,0.207302,0.056308,3.342103,-0.009882,0.203507,0.055744,-0.008463,0.005345,-0.003795,-0.000564
4.609739,-0.039501,0.425232,0.082728,4.658508,-0.038658,0.434565,0.084485,0.048769,0.000843,0.009332,0.001757
5.921596,-0.022124,0.493793,0.100955,5.909927,-0.025171,0.494261,0.101167,-0.011669,-0.003046,0.000468,0.000212
4.171551,0.005794,0.169273,0.070352,4.117238,0.003020,0.164316,0.069850,-0.054313,-0.002774,-0.004957,-0.000501
4.968280,-0.020568,0.498878,0.089560,4.923644,-0.021702,0.485259,0.090286,-0.044637,-0.001134,-0.013619,0.000726
4.053564,-0.025301,0.300900,0.066857,4.034800,-0.025383,0.296054,0.066317,-0.018764,-0.000082,-0.004846,-0.000540
3.426848,-0.011316,0.265383,0.058875,3.401242,-0.009211,0.261841,0.058244,-0.025606,0.002105,-0.003542,-0.000631
4.214661,-0.006520,0.327438,0.070661,4.276394,-0.008506,0.328277,0.071485,0.061733,-0.001986,0.000839,0.000825
4.900731,0.000874,0.202238,0.083801,4.872812,0.003468,0.205749,0.083668,-0.027918,0.002595,0.003511,-0.000133
3.016600,-0.011586,0.316895,0.050930,3.044317,-0.010605,0.317555,0.050786,0.027717,0.000981,0.000660,-0.000144
6.519572,-0.032865,0.463736,0.102110,6.458991,-0.034158,0.455829,0.099721,-0.060582,-0.001294,-0.007907,-0.002389
2.137793,0.000399,0.130213,0.029494,2.128639,-0.003221,0.131582,0.028970,-0.009154,-0.003621,0.001369,-0.000523
2.962844,-0.016128,0.291998,0.050966,3.002152,-0.015358,0.294951,0.051898,0.039307,0.000771,0.002953,0.000932
4.438570,0.016907,0.176894,0.075173,4.365921,0.017138,0.184371,0.074519,-0.072649,0.000231,0.007477,-0.000655
3.231413,-0.021409,0.203017,0.061419,3.192902,-0.019909,0.203282,0.060243,-0.038511,0.001500,0.000266,-0.001176
2.617553,-0.023870,0.246142,0.053354,2.616158,-0.020362,0.239074,0.052257,-0.001395,0.003508,-0.007069,-0.001097
2.738562,-0.008043,0.171101,0.042567,2.678530,-0.008497,0.174158,0.041585,-0.060032,-0.000454,0.003058,-0.000982
2.304806,-0.021018,0.217726,0.038555,2.256285,-0.020304,0.212090,0.038169,-0.048522,0.000714,-0.005637,-0.000386
5.830027,-0.022868,0.565912,0.100219,5.680480,-0.025510,0.557055,0.098739,-0.149547,-0.002642,-0.008856,-0.001479
2.203999,-0.029127,0.277094,0.044363,2.236789,-0.027084,0.276559,0.045265,0.032790,0.002043,-0.000536,0.000903
3.257903,0.000891,0.178880,0.057724,3.230367,0.000991,0.180361,0.056658,-0.027536,0.000099,0.001481,-0.001066
2.718653,0.004055,0.222981,0.044642,2.738974,0.004800,0.220120,0.044595,0.020321,0.000745,-0.002861,-0.000047
7.371162,-0.018943,0.551496,0.124667,7.291058,-0.021066,0.544464,0.123715,-0.080104,-0.002123,-0.007032,-0.000952
1.627807,-0.001198,0.080395,0.027516,1.600167,-0.002196,0.079470,0.026419,-0.027640,-0.000998,-0.000925,-0.001097
3.495395,-0.009257,0.276367,0.061456,3.531548,-0.009217,0.274286,0.062631,0.036153,0.000040,-0.002081,0.001175
2.731790,-0.011894,0.257566,0.042953,2.758022,-0.011229,0.254267,0.043165,0.026232,0.000665,-0.003299,0.000212
4.508743,-0.015334,0.434278,0.070789,4.407868,-0.015158,0.431588,0.070534,-0.100875,0.000176,-0.002690,-0.000255
3.386570,-0.008254,0.208723,0.048174,3.388633,-0.008348,0.207552,0.047774,0.002063,-0.000094,-0.001171,-0.000400
2.124653,-0.011333,0.111600,0.036994,2.148998,-0.011709,0.115404,0.037943,0.024345,-0.000376,0.003804,0.000949
3.367744,-0.011906,0.281186,0.067970,3.368513,-0.011135,0.282045,0.067837,0.000768,0.000771,0.000859,-0.000133
2.298144,-0.032269,0.220899,0.039289,2.275919,-0.032244,0.220567,0.039043,-0.022225,0.000025,-0.000332,-0.000246
5.562286,-0.030125,0.418780,0.093175,5.587157,-0.030936,0.417702,0.093807,0.024871,-0.000811,-0.001078,0.000633
3.573686,-0.014101,0.218281,0.061362,3.549806,-0.015109,0.218318,0.060008,-0.023880,-0.001007,0.000037,-0.001354
5.897579,-0.038240,0.396371,0.107835,5.877708,-0.033567,0.394938,0.106205,-0.019871,0.004674,-0.001433,-0.001630
3.847040,-0.003567,0.261992,0.077726,3.795675,0.000141,0.259918,0.077266,-0.051365,0.003708,-0.002074,-0.000460
5.048315,0.028338,0.223289,0.096859,4.973014,0.027706,0.223273,0.094527,-0.075300,-0.000631,-0.000015,-0.002332
4.103264,-0.002827,0.378265,0.069822,4.040120,0.000586,0.380475,0.068944,-0.063144,0.003413,0.002210,-0.000877
4.367506,-0.032835,0.290793,0.082459,4.378119,-0.031880,0.289904,0.080951,0.010612,0.000954,-0.000889,-0.001508
5.480370,-0.059682,0.472742,0.085394,5.453920,-0.056455,0.465403,0.085736,-0.026450,0.003227,-0.007339,0.000342
6.133829,-0.045880,0.429352,0.097620,6.066935,-0.047297,0.432240,0.096860,-0.066894,-0.001417,0.002887,-0.000760
4.788073,-0.005341,0.325833,0.089869,4.778972,-0.007059,0.326778,0.089819,-0.009101,-0.001718,0.000945,-0.000050
2.895192,-0.026443,0.269832,0.045055,2.920485,-0.028935,0.263636,0.044568,0.025293,-0.002492,-0.006196,-0.000487
3.362052,-0.009164,0.222486,0.049272,3.352488,-0.013464,0.222599,0.049542,-0.009564,-0.004300,0.000113,0.000270
5.234403,-0.017478,0.458946,0.087366,5.199035,-0.018633,0.452346,0.087333,-0.035368,-0.001156,-0.006600,-0.000033
3.060185,0.008142,0.184261,0.060785,3.116988,0.005746,0.193349,0.061271,0.056803,-0.002396,0.009088,0.000486
2.883793,-0.008897,0.158311,0.050770,2.851244,-0.007900,0.157592,0.050024,-0.032549,0.000996,-0.000719,-0.000746
2.256532,-0.016098,0.221118,0.040735,2.186193,-0.019284,0.217897,0.039979,-0.070339,-0.003186,-0.003220,-0.000756
5.859631,-0.017722,0.450510,0.101524,5.808111,-0.017917,0.457610,0.100952,-0.051520,-0.000195,0.007100,-0.000571
3.620201,-0.007954,0.416730,0.064500,3.598695,-0.011288,0.413157,0.064164,-0.021506,-0.003334,-0.003573,-0.000336
3.331079,-0.013491,0.411946,0.064802,3.305178,-0.014945,0.401687,0.064655,-0.025902,-0.001454,-0.010259,-0.000147
2.250925,-0.030518,0.189227,0.035083,2.238938,-0.030419,0.187956,0.033152,-0.011987,0.000100,-0.001271,-0.001930
6.391339,0.001152,0.403468,0.106596,6.263142,-0.003840,0.392327,0.105910,-0.128198,-0.004992,-0.011141,-0.000686
4.488334,-0.028809,0.269976,0.078165,4.484990,-0.030230,0.268989,0.077675,-0.003344,-0.001421,-0.000987,-0.000491
6.096306,0.000182,0.369486,0.103617,5.997327,-0.000018,0.357758,0.102319,-0.098979,-0.000200,-0.011728,-0.001298
2.485399,-0.004777,0.208430,0.043324,2.451370,-0.008366,0.213915,0.043036,-0.034029,-0.003589,0.005485,-0.000288
2.486698,-0.016714,0.201348,0.047405,2.473832,-0.019220,0.201625,0.046809,-0.012866,-0.002506,0.000277,-0.000595
2.438529,-0.032232,0.171856,0.038803,2.366423,-0.034149,0.178638,0.038948,-0.072105,-0.001916,0.006783,0.000145
4.957407,-0.043209,0.396696,0.078563,4.916426,-0.042910,0.392942,0.078169,-0.040981,0.000299,-0.003754,-0.000394
2.666810,-0.027001,0.199141,0.046734,2.617919,-0.026732,0.197862,0.045209,-0.048891,0.000269,-0.001278,-0.001526
6.748471,0.009396,0.309641,0.125407,6.700190,0.011867,0.313988,0.124566,-0.048281,0.002471,0.004347,-0.000841
5.273354,-0.053899,0.464164,0.094407,5.261788,-0.056290,0.462456,0.094264,-0.011565,-0.002390,-0.001708,-0.000143
3.463202,-0.046029,0.353322,0.067117,3.579865,-0.045266,0.347182,0.067647,0.116663,0.000764,-0.006140,0.000530
2.689098,-0.008842,0.240073,0.041980,2.673338,-0.009609,0.233765,0.041885,-0.015760,-0.000767,-0.006308,-0.000095
2.351728,-0.026757,0.170585,0.038893,2.311378,-0.025753,0.165740,0.038695,-0.040350,0.001004,-0.004845,-0.000198
6.382256,0.013873,0.283374,0.118526,6.360732,0.012306,0.294239,0.117328,-0.021524,-0.001566,0.010865,-0.001199
4.135120,0.000904,0.211158,0.079849,4.097811,-0.002618,0.210076,0.079345,-0.037309,-0.003523,-0.001082,-0.000504
4.076190,-0.009562,0.197639,0.075570,4.071768,-0.010026,0.193790,0.074812,-0.004422,-0.000464,-0.003849,-0.000758
6.955916,-0.055626,0.564032,0.121811,6.855852,-0.051991,0.556940,0.119134,-0.100064,0.003635,-0.007092,-0.002677
3.714618,-0.001013,0.437933,0.072426,3.701536,0.001990,0.435061,0.071400,-0.013083,0.003002,-0.002872,-0.001026
2.052804,-0.008829,0.097010,0.032957,2.022823,-0.008639,0.095017,0.031877,-0.029981,0.000190,-0.001993,-0.001079
2.599166,-0.027056,0.264213,0.045856,2.579994,-0.026891,0.256063,0.046254,-0.019172,0.000165,-0.008150,0.000398
4.323759,0.002340,0.463749,0.073973,4.283785,0.003228,0.455436,0.073601,-0.039974,0.000888,-0.008313,-0.000372
2.913649,0.008752,0.148509,0.046870,2.984990,0.007529,0.148617,0.047671,0.071342,-0.001223,0.000108,0.000802
3.297263,-0.006485,0.313828,0.052932,3.297233,-0.008783,0.325584,0.053411,-0.000030,-0.002298,0.011755,0.000480
2.270900,-0.020791,0.188056,0.032613,2.289769,-0.020550,0.192475,0.032164,0.018869,0.000241,0.004419,-0.000449
4.380359,-0.043331,0.342075,0.075233,4.494011,-0.046851,0.353402,0.076333,0.113653,-0.003521,0.011327,0.001100
2.393817,-0.010307,0.187476,0.040699,2.411976,-0.009627,0.187497,0.040757,0.018159,0.000681,0.000021,0.000058
2.989969,-0.049887,0.309761,0.047518,2.977062,-0.048395,0.312126,0.047854,-0.012908,0.001491,0.002365,0.000336
2.764391,-0.009297,0.173015,0.050788,2.738020,-0.011078,0.171255,0.050250,-0.026371,-0.001780,-0.001760,-0.000538
4.063974,-0.012543,0.230838,0.069514,4.043323,-0.012258,0.231958,0.068818,-0.020652,0.000285,0.001120,-0.000696
5.602012,0.003640,0.358389,0.090455,5.550759,0.004488,0.353610,0.090656,-0.051253,0.000848,-0.004779,0.000201
2.802591,-0.013997,0.223826,0.048713,2.783736,-0.014308,0.220895,0.048401,-0.018855,-0.000311,-0.002931,-0.000313
5.370630,-0.023855,0.513128,0.094370,5.238616,-0.026415,0.504250,0.092247,-0.132014,-0.002560,-0.008878,-0.002123
2.941319,-0.008967,0.180804,0.053829,2.848749,-0.010330,0.174477,0.052658,-0.092570,-0.001363,-0.006327,-0.001172
2.533173,-0.012112,0.236906,0.053568,2.532185,-0.009910,0.239499,0.053595,-0.000989,0.002202,0.002594,0.000027
4.086070,-0.037354,0.375660,0.066749,4.088357,-0.034146,0.370977,0.066654,0.002288,0.003208,-0.004683,-0.000095
4.843820,0.045481,0.241423,0.096768,4.803971,0.043227,0.237993,0.095900,-0.039849,-0.002254,-0.003430,-0.000868
6.037041,0.018546,0.233982,0.100253,6.032251,0.019135,0.238491,0.100196,-0.004790,0.000590,0.004509,-0.000057
5.213497,-0.018678,0.375439,0.084461,5.215166,-0.015707,0.371332,0.082915,0.001669,0.002970,-0.004107,-0.001546
4.426642,-0.014497,0.379206,0.072976,4.377699,-0.015527,0.379922,0.073436,-0.048943,-0.001031,0.000716,0.000460
3.573914,-0.014012,0.322407,0.056863,3.513383,-0.012369,0.319907,0.056766,-0.060531,0.001643,-0.002499,-0.000097
5.959246,-0.049711,0.479748,0.097809,5.809579,-0.045350,0.468918,0.095186,-0.149667,0.004361,-0.010830,-0.002623
2.939665,-0.007688,0.188106,0.058774,2.937891,-0.006305,0.190331,0.058597,-0.001774,0.001383,0.002224,-0.000177
6.377801,-0.040798,0.554817,0.095486,6.202472,-0.040867,0.533693,0.093895,-0.175329,-0.000069,-0.021124,-0.001591
2.915868,-0.014478,0.218122,0.049030,2.919265,-0.012141,0.218889,0.048990,0.003397,0.002337,0.000767,-0.000040
6.665474,-0.028706,0.454515,0.106523,6.575768,-0.026127,0.460918,0.105874,-0.089706,0.002579,0.006403,-0.000649
4.614295,-0.014722,0.384852,0.068724,4.582407,-0.014135,0.390090,0.067983,-0.031888,0.000587,0.005238,-0.000741
2.085777,-0.020999,0.177199,0.031260,2.094533,-0.022168,0.178158,0.031279,0.008756,-0.001169,0.000959,0.000019
4.738765,0.006150,0.230336,0.079926,4.744302,0.008615,0.234771,0.080159,0.005538,0.002465,0.004435,0.000233
2.946653,-0.008852,0.303627,0.055638,2.960156,-0.006539,0.293602,0.055010,0.013503,0.002313,-0.010024,-0.000628
4.596055,-0.044197,0.403976,0.080068,4.618874,-0.044075,0.406270,0.080197,0.022819,0.000122,0.002294,0.000129
3.420469,-0.008970,0.364261,0.063058,3.467818,-0.008253,0.358324,0.063693,0.047349,0.000717,-0.005936,0.000635
2.546887,0.003683,0.149652,0.047770,2.547796,0.001638,0.147050,0.047509,0.000909,-0.002045,-0.002602,-0.000261
2.266668,-0.025570,0.226313,0.041546,2.245092,-0.024857,0.222625,0.041201,-0.021576,0.000713,-0.003688,-0.000345
5.925499,0.030333,0.323979,0.121307,5.781458,0.032056,0.327165,0.117985,-0.144041,0.001723,0.003185,-0.003322
4.018111,-0.002285,0.219851,0.071713,3.993909,-0.003435,0.218660,0.071305,-0.024202,-0.001150,-0.001191,-0.000408
4.952459,-0.015683,0.435113,0.084447,4.905072,-0.017029,0.445439,0.083622,-0.047387,-0.001346,0.010327,-0.000824
4.570714,0.002066,0.274933,0.073160,4.572149,-0.004934,0.271178,0.072972,0.001435,-0.007000,-0.003755,-0.000189
4.082489,-0.020055,0.259807,0.077764,4.099849,-0.018882,0.256077,0.077801,0.017360,0.001173,-0.003730,0.000037
3.077711,-0.010470,0.190824,0.058704,3.068185,-0.009774,0.190220,0.058448,-0.009526,0.000696,-0.000604,-0.000256
4.126461,-0.024451,0.295885,0.067970,4.110112,-0.026967,0.301505,0.067970,-0.016349,-0.002516,0.005619,0.000001
4.562324,-0.035457,0.259879,0.075713,4.503972,-0.036282,0.264842,0.075763,-0.058352,-0.000826,0.004963,0.000050
3.615639,-0.013616,0.241631,0.069019,3.665841,-0.011573,0.251371,0.068722,0.050202,0.002042,0.009740,-0.000297
2.688786,-0.016388,0.181173,0.040553,2.714541,-0.015323,0.183292,0.040255,0.025756,0.001065,0.002120,-0.000298
3.296033,0.008141,0.287284,0.051488,3.307670,0.006805,0.293530,0.052254,0.011637,-0.001335,0.006246,0.000766
4.015055,-0.031030,0.260554,0.068619,4.035971,-0.028878,0.256849,0.067751,0.020916,0.002152,-0.003705,-0.000868
1.933793,-0.021758,0.174879,0.029186,1.903253,-0.023742,0.175401,0.029147,-0.030540,-0.001984,0.000521,-0.000039
5.890891,-0.013261,0.531918,0.098413,5.834856,-0.016130,0.532781,0.098293,-0.056035,-0.002869,0.000864,-0.000121
6.617397,-0.004908,0.391224,0.115800,6.543747,-0.005470,0.393568,0.114700,-0.073650,-0.000562,0.002344,-0.001100
4.097724,-0.009549,0.229412,0.076200,4.056703,-0.013292,0.226121,0.074159,-0.041022,-0.003743,-0.003291,-0.002041
4.543997,-0.020939,0.552562,0.086237,4.413820,-0.015208,0.528933,0.085238,-0.130177,0.005731,-0.023629,-0.000999
4.842444,0.016004,0.316690,0.098362,4.776754,0.016317,0.318902,0.095148,-0.065690,0.000313,0.002213,-0.003213
3.138450,-0.002764,0.287663,0.054739,3.136290,-0.003073,0.292144,0.054518,-0.002160,-0.000309,0.004481,-0.000221
3.919219,-0.004823,0.289710,0.071790,3.969244,-0.003655,0.285124,0.071736,0.050025,0.001168,-0.004586,-0.000054
4.827719,-0.000468,0.445914,0.088510,4.854515,0.001726,0.443900,0.088033,0.026795,0.002194,-0.002014,-0.000478
6.236006,-0.016079,0.430360,0.113604,6.304242,-0.019146,0.430556,0.113240,0.068235,-0.003067,0.000196,-0.000363
3.407408,-0.007446,0.335233,0.058764,3.418429,-0.011288,0.333457,0.059563,0.011021,-0.003842,-0.001776,0.000799
5.753496,0.027574,0.344444,0.118146,5.730711,0.031195,0.333080,0.116485,-0.022785,0.003621,-0.011364,-0.001661
2.868610,0.006989,0.149129,0.048180,2.925591,0.006637,0.151839,0.048876,0.056981,-0.000351,0.002710,0.000696
2.308916,-0.017751,0.166262,0.039297,2.279716,-0.016654,0.163887,0.039198,-0.029200,0.001096,-0.002374,-0.000099
5.047308,-0.050613,0.389838,0.084979,5.011251,-0.045763,0.389480,0.085152,-0.036057,0.004849,-0.000358,0.000173
3.369055,-0.013329,0.225589,0.051701,3.318061,-0.013782,0.225483,0.050832,-0.050994,-0.000454,-0.000105,-0.000869
4.705458,0.009207,0.211529,0.083121,4.743194,0.009387,0.214394,0.082901,0.037736,0.000180,0.002865,-0.000220
4.838145,-0.030286,0.478764,0.087977,4.856600,-0.030375,0.483859,0.089089,0.018456,-0.000088,0.005096,0.001112
3.014364,-0.001527,0.225360,0.049443,3.075813,-0.004541,0.224423,0.049589,0.061449,-0.003013,-0.000937,0.000146
4.676277,-0.018367,0.342467,0.093918,4.665240,-0.016078,0.345648,0.093183,-0.011037,0.002290,0.003181,-0.000735
2.342724,-0.032071,0.258222,0.038695,2.380881,-0.031367,0.254067,0.039307,0.038157,0.000704,-0.004155,0.000613
2.457728,-0.029857,0.262381,0.043063,2.476099,-0.030750,0.258920,0.043120,0.018372,-0.000892,-0.003461,0.000056
6.095239,-0.004879,0.373817,0.106970,6.027703,-0.005541,0.381930,0.106033,-0.067536,-0.000662,0.008113,-0.000937
4.311920,0.014365,0.231742,0.071608,4.273940,0.014881,0.236578,0.070407,-0.037980,0.000516,0.004837,-0.001200
3.860086,-0.018899,0.356876,0.062628,3.853593,-0.018697,0.358119,0.062437,-0.006494,0.000202,0.001244,-0.000190
5.825321,-0.049072,0.446951,0.086009,5.794082,-0.050079,0.446958,0.086016,-0.031239,-0.001007,0.000007,0.000007
3.426316,-0.001201,0.281391,0.053375,3.419009,-0.001419,0.286243,0.053260,-0.007307,-0.000218,0.004852,-0.000115
2.197288,-0.019258,0.176461,0.039241,2.206779,-0.019393,0.173984,0.039691,0.009491,-0.000136,-0.002477,0.000450
5.713977,0.002110,0.385068,0.103035,5.652139,-0.004566,0.386794,0.102555,-0.061839,-0.006676,0.001725,-0.000480
2.325448,-0.022605,0.196082,0.038754,2.292589,-0.022813,0.194910,0.037965,-0.032859,-0.000208,-0.001172,-0.000788
3.704096,-0.005536,0.267023,0.066515,3.738774,-0.004278,0.265742,0.066023,0.034678,0.001259,-0.001281,-0.000493
2.300372,-0.035500,0.264352,0.041711,2.306030,-0.034740,0.263316,0.041808,0.005659,0.000760,-0.001037,0.000097
5.123641,0.010475,0.212604,0.086314,5.092055,0.010937,0.209312,0.084171,-0.031587,0.000462,-0.003292,-0.002143
4.891192,-0.009347,0.353509,0.083417,4.913663,-0.011835,0.357849,0.083511,0.022470,-0.002489,0.004340,0.000094
2.787254,0.004599,0.218054,0.040452,2.703703,0.001281,0.219509,0.040672,-0.083551,-0.003318,0.001454,0.000220
5.111029,-0.004140,0.426032,0.085322,5.025864,-0.004690,0.428130,0.085217,-0.085165,-0.000550,0.002098,-0.000105
3.380319,0.005949,0.137761,0.056956,3.393705,0.006278,0.135940,0.056800,0.013386,0.000329,-0.001821,-0.000156
2.123182,-0.004794,0.118766,0.041418,2.089206,-0.004846,0.116480,0.040784,-0.033976,-0.000053,-0.002286,-0.000634
6.015151,-0.001518,0.310053,0.120458,6.000218,-0.003891,0.313759,0.119449,-0.014933,-0.002373,0.003705,-0.001008
5.592689,0.011249,0.330228,0.098123,5.538229,0.010193,0.324264,0.096627,-0.054459,-0.001056,-0.005964,-0.001496
4.742338,0.000346,0.366495,0.067916,4.627870,-0.001309,0.371586,0.067866,-0.114468,-0.001656,0.005091,-0.000050
6.002381,0.036092,0.266035,0.111861,5.909365,0.037493,0.265249,0.110879,-0.093016,0.001401,-0.000787,-0.000982
5.395682,0.013911,0.244805,0.078574,5.306263,0.012848,0.252408,0.078009,-0.089418,-0.001064,0.007603,-0.000565
2.429736,-0.004609,0.217765,0.035141,2.370167,-0.007888,0.214997,0.034804,-0.059569,-0.003280,-0.002768,-0.000337
4.389649,-0.020598,0.428681,0.080186,4.473078,-0.020551,0.426241,0.081335,0.083428,0.000047,-0.002440,0.001148
2.194375,-0.021090,0.119372,0.036974,2.189027,-0.020207,0.122619,0.037297,-0.005348,0.000883,0.003247,0.000324
5.062288,0.003224,0.424371,0.091936,5.034361,0.003251,0.417209,0.091294,-0.027926,0.000027,-0.007162,-0.000641
4.506776,-0.045885,0.461148,0.075311,4.446957,-0.048476,0.455235,0.075305,-0.059819,-0.002591,-0.005913,-0.000006
4.130914,-0.023418,0.188189,0.070310,4.201374,-0.022775,0.197037,0.070767,0.070460,0.000644,0.008848,0.000458
3.360076,-0.010984,0.266743,0.053567,3.361494,-0.013843,0.256255,0.054451,0.001418,-0.002859,-0.010488,0.000884
2.847879,-0.013781,0.289558,0.052828,2.845874,-0.013462,0.291347,0.053065,-0.002005,0.000319,0.001789,0.000237
2.341420,-0.027970,0.187840,0.041626,2.313595,-0.024650,0.186507,0.041200,-0.027825,0.003321,-0.001333,-0.000426
4.969965,0.027293,0.201573,0.081598,4.862240,0.030294,0.199506,0.079614,-0.107726,0.003001,-0.002067,-0.001984
2.401909,-0.053419,0.267616,0.041091,2.470484,-0.052097,0.271375,0.042215,0.068576,0.001322,0.003759,0.001124
4.506330,0.002238,0.325349,0.076096,4.454868,0.000369,0.323267,0.076281,-0.051462,-0.001869,-0.002082,0.000186
6.210631,-0.041725,0.446735,0.095024,6.086686,-0.042147,0.441335,0.093088,-0.123945,-0.000422,-0.005400,-0.001935
4.284245,0.024272,0.420799,0.071325,4.266140,0.022531,0.420204,0.072328,-0.018105,-0.001741,-0.000595,0.001003
2.709110,-0.017851,0.178976,0.041543,2.702665,-0.016399,0.179829,0.040646,-0.006444,0.001452,0.000853,-0.000897
2.036921,-0.006405,0.101821,0.031916,2.040624,-0.007496,0.104439,0.032560,0.003703,-0.001091,0.002618,0.000645
5.889886,0.028448,0.426936,0.106010,5.785346,0.025054,0.422141,0.104672,-0.104541,-0.003394,-0.004795,-0.001338
3.825969,-0.033970,0.278728,0.077687,3.814717,-0.033974,0.285348,0.076799,-0.011251,-0.000005,0.006620,-0.000888
5.727711,0.022429,0.484525,0.099378,5.705457,0.020833,0.483708,0.098062,-0.022254,-0.001596,-0.000817,-0.001316
3.722426,-0.029935,0.306902,0.065401,3.714038,-0.027244,0.303028,0.065429,-0.008389,0.002691,-0.003874,0.000028
4.134543,-0.047137,0.232253,0.063507,4.067367,-0.045657,0.238567,0.062698,-0.067176,0.001480,0.006315,-0.000809
3.746908,-0.024396,0.277034,0.061051,3.694288,-0.023236,0.278730,0.061051,-0.052620,0.001160,0.001696,0.000001
5.713000,-0.026233,0.539332,0.092966,5.659814,-0.028939,0.526479,0.091737,-0.053185,-0.002707,-0.012853,-0.001229
3.028026,0.001566,0.206321,0.048429,3.042377,0.002684,0.207010,0.049121,0.014351,0.001117,0.000689,0.000693
3.524549,-0.009373,0.283301,0.066024,3.537972,-0.010235,0.298268,0.066673,0.013423,-0.000862,0.014967,0.000649
4.307505,-0.003634,0.324143,0.072393,4.326595,-0.005461,0.328441,0.072692,0.019090,-0.001827,0.004298,0.000300
1.912581,-0.014769,0.157057,0.038296,1.899874,-0.014794,0.158280,0.038541,-0.012707,-0.000025,0.001223,0.000246
2.294469,-0.022742,0.244273,0.039700,2.315586,-0.024664,0.235536,0.039138,0.021117,-0.001922,-0.008737,-0.000562
3.371945,0.020105,0.321199,0.060997,3.434127,0.019295,0.326441,0.061551,0.062182,-0.000810,0.005242,0.000554
3.481990,-0.014648,0.268269,0.058414,3.532902,-0.018002,0.267254,0.058340,0.050912,-0.003354,-0.001015,-0.000074
2.384902,-0.010521,0.156871,0.049221,2.340078,-0.012779,0.157571,0.049093,-0.044824,-0.002258,0.000700,-0.000128
3.157501,-0.021172,0.281572,0.050877,3.123649,-0.022419,0.279523,0.051181,-0.033852,-0.001247,-0.002049,0.000304
2.903091,0.003651,0.287469,0.053791,2.920943,-0.000873,0.291177,0.053412,0.017852,-0.004525,0.003707,-0.000380
2.372145,-0.011975,0.196595,0.039747,2.342103,-0.014395,0.202669,0.039687,-0.030041,-0.002421,0.006075,-0.000059
6.525175,-0.038219,0.506882,0.111190,6.498520,-0.035730,0.501757,0.109867,-0.026655,0.002488,-0.005125,-0.001322
3.377509,-0.017179,0.353339,0.060703,3.434301,-0.015880,0.356867,0.061152,0.056792,0.001299,0.003528,0.000449
2.509294,-0.015643,0.236259,0.053492,2.498929,-0.014558,0.235865,0.052809,-0.010365,0.001085,-0.000394,-0.000683
3.235612,-0.004664,0.233294,0.051684,3.214261,-0.006199,0.231756,0.051571,-0.021351,-0.001535,-0.001538,-0.000113
2.189138,-0.012616,0.151949,0.037016,2.137724,-0.014177,0.154730,0.037012,-0.051414,-0.001560,0.002781,-0.000004
4.430589,-0.027033,0.448576,0.072672,4.377427,-0.028207,0.442229,0.072632,-0.053162,-0.001174,-0.006347,-0.000041
5.421862,-0.005833,0.434690,0.102695,5.316219,-0.004044,0.428542,0.100685,-0.105642,0.001789,-0.006148,-0.002009
5.069418,0.007316,0.381623,0.072549,4.892138,0.006010,0.379402,0.071620,-0.177280,-0.001306,-0.002220,-0.000930
2.084055,-0.019886,0.156735,0.033177,2.114452,-0.020087,0.158538,0.033823,0.030396,-0.000201,0.001804,0.000646
2.790075,-0.016299,0.275889,0.046676,2.797081,-0.018414,0.276733,0.047409,0.007006,-0.002115,0.000845,0.000732
3.692607,-0.015887,0.451050,0.064601,3.678823,-0.014275,0.437225,0.064208,-0.013783,0.001613,-0.013825,-0.000393
5.404181,-0.006723,0.384534,0.073242,5.261984,-0.006919,0.384544,0.072721,-0.142196,-0.000196,0.000010,-0.000521
4.124553,-0.031050,0.323153,0.069732,4.101226,-0.031761,0.327417,0.068649,-0.023327,-0.000712,0.004264,-0.001083
6.090842,0.002940,0.492320,0.098831,6.002118,0.000679,0.483269,0.097869,-0.088724,-0.002261,-0.009051,-0.000962
5.897177,-0.038664,0.506839,0.085620,5.839328,-0.039639,0.505920,0.085975,-0.057848,-0.000975,-0.000918,0.000356
5.143251,0.018177,0.230066,0.087919,5.069790,0.020754,0.222455,0.085324,-0.073461,0.002577,-0.007610,-0.002595
4.865929,-0.006090,0.209149,0.086174,4.836493,-0.009393,0.204513,0.085786,-0.029436,-0.003303,-0.004637,-0.000388
3.126650,-0.018350,0.337837,0.053638,3.170127,-0.015679,0.341756,0.053642,0.043477,0.002672,0.003919,0.000004
2.149075,-0.011460,0.125433,0.038652,2.111998,-0.011570,0.125570,0.038106,-0.037077,-0.000110,0.000137,-0.000547
2.844575,-0.014337,0.253137,0.056550,2.915218,-0.014746,0.253849,0.057005,0.070643,-0.000409,0.000712,0.000455
4.181364,-0.011353,0.303165,0.070449,4.180471,-0.009056,0.308255,0.071123,-0.000893,0.002297,0.005090,0.000674
3.070512,-0.035507,0.378910,0.053898,3.094338,-0.031141,0.369053,0.054107,0.023826,0.004367,-0.009856,0.000209
3.970489,-0.027011,0.342549,0.073724,4.006550,-0.022647,0.343834,0.073914,0.036061,0.004364,0.001285,0.000191
5.177776,-0.032675,0.318262,0.082598,5.156544,-0.035147,0.313288,0.082571,-0.021232,-0.002473,-0.004974,-0.000027
3.557219,-0.004830,0.266640,0.060970,3.566074,-0.006203,0.260584,0.061023,0.008855,-0.001374,-0.006056,0.000053
5.883040,-0.017852,0.449235,0.098233,5.727619,-0.017712,0.442243,0.098267,-0.155421,0.000140,-0.006992,0.000034
5.817695,0.037180,0.324157,0.116553,5.742385,0.035290,0.317099,0.115037,-0.075310,-0.001890,-0.007058,-0.001517
2.958880,-0.007876,0.231365,0.049639,2.992779,-0.006810,0.228859,0.049524,0.033899,0.001065,-0.002505,-0.000115
4.413898,0.008607,0.219539,0.084572,4.355360,0.008667,0.214586,0.083417,-0.058539,0.000059,-0.004954,-0.001156
3.498043,-0.011698,0.196614,0.060427,3.548402,-0.012860,0.205655,0.060723,0.050359,-0.001162,0.009040,0.000295
5.267455,-0.019353,0.432537,0.088950,5.109076,-0.018026,0.436460,0.088099,-0.158379,0.001327,0.003923,-0.000851
4.455097,-0.006451,0.198971,0.074915,4.481100,-0.005502,0.201973,0.074497,0.026003,0.000950,0.003003,-0.000417
4.200572,0.006530,0.439770,0.072739,4.196588,0.008123,0.432387,0.072720,-0.003984,0.001593,-0.007383,-0.000019
4.235159,-0.022551,0.416782,0.082881,4.257504,-0.027792,0.418058,0.082602,0.022345,-0.005241,0.001276,-0.000280
3.655426,-0.037059,0.381289,0.064180,3.622520,-0.037875,0.385494,0.063863,-0.032906,-0.000816,0.004205,-0.000317
2.711190,-0.007328,0.166413,0.050159,2.654464,-0.007438,0.164957,0.049795,-0.056726,-0.000110,-0.001456,-0.000364
4.258333,0.004835,0.281994,0.061691,4.191746,0.000686,0.275489,0.062453,-0.066586,-0.004149,-0.006506,0.000762
2.998474,-0.007987,0.232008,0.054521,2.992505,-0.008877,0.228831,0.054441,-0.005970,-0.000890,-0.003177,-0.000081
6.442239,-0.003234,0.442966,0.119709,6.395165,0.000172,0.427885,0.117866,-0.047074,0.003406,-0.015082,-0.001843
5.685078,-0.032635,0.479364,0.100968,5.565246,-0.031094,0.478019,0.099806,-0.119833,0.001541,-0.001346,-0.001162
5.365264,0.017362,0.453028,0.093942,5.343823,0.018459,0.442882,0.092810,-0.021441,0.001097,-0.010146,-0.001133
5.003029,0.006262,0.254104,0.095421,4.983812,0.007293,0.252748,0.095515,-0.019217,0.001032,-0.001356,0.000094
3.028160,0.000194,0.198068,0.046366,3.057026,0.001557,0.200867,0.047471,0.028866,0.001362,0.002799,0.001105
2.482301,-0.012404,0.177264,0.041336,2.480278,-0.011244,0.178276,0.040960,-0.002023,0.001160,0.001012,-0.000375
4.336674,-0.026298,0.271689,0.078199,4.356746,-0.028596,0.277189,0.077786,0.020072,-0.002298,0.005500,-0.000413
3.606112,0.000245,0.223416,0.065832,3.558145,0.000545,0.220067,0.065064,-0.047967,0.000300,-0.003349,-0.000768
2.579456,-0.001901,0.146303,0.038183,2.571480,-0.003928,0.151937,0.037547,-0.007976,-0.002028,0.005634,-0.000636
3.877737,-0.015464,0.152407,0.061996,3.893471,-0.013633,0.157006,0.061164,0.015734,0.001830,0.004599,-0.000832
7.160359,0.003729,0.520909,0.122061,7.103826,0.004729,0.513130,0.121881,-0.056533,0.001001,-0.007780,-0.000179
2.992003,-0.011714,0.336827,0.051940,2.985211,-0.014957,0.334951,0.052378,-0.006792,-0.003242,-0.001876,0.000437
3.097821,-0.006782,0.284512,0.052594,3.113158,-0.007052,0.283445,0.052405,0.015337,-0.000269,-0.001067,-0.000189
3.304434,-0.016345,0.321702,0.058658,3.316752,-0.012776,0.318580,0.059205,0.012318,0.003568,-0.003121,0.000548
5.777127,0.004542,0.356241,0.108262,5.756770,0.007471,0.355103,0.106765,-0.020357,0.002929,-0.001138,-0.001497
4.197886,0.004837,0.280961,0.064021,4.197969,0.004862,0.275497,0.063911,0.000083,0.000025,-0.005464,-0.000110
2.301540,-0.012941,0.139249,0.045661,2.297698,-0.015815,0.145617,0.045439,-0.003842,-0.002873,0.006368,-0.000223
3.820721,-0.029737,0.306510,0.062688,3.816696,-0.030535,0.309443,0.062468,-0.004025,-0.000798,0.002933,-0.000220
2.875830,-0.010967,0.286026,0.048609,2.867280,-0.010496,0.287483,0.048350,-0.008550,0.000471,0.001457,-0.000259
2.807194,-0.014378,0.202217,0.047120,2.824800,-0.014013,0.207994,0.047526,0.017607,0.000364,0.005777,0.000406
7.283839,-0.015585,0.477688,0.135608,7.150431,-0.013154,0.472373,0.134737,-0.133409,0.002431,-0.005315,-0.000871
2.976163,-0.008067,0.283187,0.049810,3.060806,-0.008691,0.285397,0.050252,0.084642,-0.000624,0.002210,0.000442
5.663301,0.019512,0.242416,0.099020,5.551420,0.013316,0.243880,0.097693,-0.111881,-0.006196,0.001464,-0.001327
1.880223,-0.008199,0.088566,0.029968,1.861944,-0.009031,0.086582,0.028974,-0.018278,-0.000833,-0.001984,-0.000995
6.954005,-0.041150,0.564837,0.123470,6.960526,-0.042090,0.565518,0.121414,0.006522,-0.000940,0.000682,-0.002056
4.536532,-0.018376,0.347783,0.067942,4.541216,-0.021731,0.351628,0.068406,0.004684,-0.003355,0.003845,0.000464
2.212972,-0.006425,0.174320,0.037700,2.160709,-0.006490,0.168887,0.037894,-0.052262,-0.000065,-0.005432,0.000194
2.698150,-0.017735,0.289101,0.050443,2.746505,-0.014561,0.286413,0.050507,0.048355,0.003174,-0.002687,0.000064
3.345243,-0.004600,0.283446,0.050508,3.370609,-0.005357,0.291507,0.050891,0.025366,-0.000757,0.008061,0.000383
4.537160,0.002303,0.453950,0.077170,4.424668,0.001125,0.450099,0.076608,-0.112492,-0.001178,-0.003851,-0.000562
4.667165,0.001930,0.298274,0.089969,4.683536,0.003286,0.305098,0.088949,0.016370,0.001356,0.006825,-0.001020
7.090476,0.025626,0.333876,0.137477,7.030185,0.025214,0.339210,0.134849,-0.060291,-0.000412,0.005335,-0.002628
5.695965,-0.006045,0.409491,0.094339,5.621737,-0.005196,0.409119,0.092920,-0.074228,0.000849,-0.000372,-0.001419
3.709570,-0.011555,0.210554,0.065515,3.717840,-0.011726,0.214264,0.064809,0.008270,-0.000171,0.003711,-0.000706
3.987526,0.005360,0.360166,0.069411,3.933891,0.004257,0.363032,0.069134,-0.053635,-0.001103,0.002866,-0.000277
5.791082,0.004767,0.324905,0.099204,5.734952,0.008982,0.321193,0.096391,-0.056130,0.004216,-0.003711,-0.002813
5.213730,-0.016655,0.358068,0.092385,5.233120,-0.014876,0.353898,0.092351,0.019390,0.001779,-0.004170,-0.000034
2.269372,-0.021530,0.123460,0.039056,2.211740,-0.020200,0.120633,0.038246,-0.057632,0.001330,-0.002828,-0.000810
2.240592,0.000006,0.189611,0.044349,2.226087,-0.001858,0.184106,0.044551,-0.014505,-0.001865,-0.005505,0.000202
2.322146,-0.026535,0.201316,0.034275,2.315513,-0.029575,0.199572,0.033555,-0.006633,-0.003041,-0.001743,-0.000720
3.270821,-0.008461,0.203960,0.063830,3.236641,-0.008751,0.200760,0.063202,-0.034179,-0.000290,-0.003200,-0.000628
5.261334,-0.022808,0.434059,0.083383,5.265163,-0.021908,0.430207,0.083685,0.003829,0.000900,-0.003852,0.000303
5.942002,-0.020208,0.443058,0.095117,5.900900,-0.022959,0.440848,0.093438,-0.041102,-0.002752,-0.002209,-0.001679
3.162860,-0.019015,0.238933,0.057156,3.182664,-0.017138,0.241185,0.056841,0.019804,0.001877,0.002252,-0.000315
7.029097,-0.004483,0.679388,0.128871,7.125098,0.001256,0.674308,0.129607,0.096001,0.005739,-0.005080,0.000736
5.898108,0.007543,0.255046,0.098077,5.766907,0.006509,0.253175,0.095878,-0.131202,-0.001034,-0.001871,-0.002199
2.116928,-0.014296,0.121608,0.038885,2.125248,-0.012993,0.119712,0.038437,0.008320,0.001303,-0.001896,-0.000448
2.239446,-0.006995,0.126572,0.043521,2.199245,-0.007927,0.126829,0.042872,-0.040201,-0.000932,0.000257,-0.000649
4.008322,-0.000868,0.190917,0.073157,4.033995,-0.001276,0.187296,0.073043,0.025672,-0.000408,-0.003621,-0.000114
2.263913,-0.000314,0.130189,0.039340,2.201683,-0.001140,0.127135,0.039557,-0.062230,-0.000826,-0.003054,0.000217
2.901155,-0.031566,0.292979,0.049242,2.903222,-0.031062,0.294939,0.049236,0.002067,0.000503,0.001961,-0.000007
6.075620,-0.007543,0.423414,0.098247,6.062746,-0.009328,0.427921,0.097740,-0.012874,-0.001786,0.004507,-0.000507
5.544549,-0.023986,0.442504,0.099977,5.502563,-0.027588,0.445719,0.099441,-0.041986,-0.003601,0.003215,-0.000536
3.026461,0.005726,0.188964,0.057993,3.064126,0.006354,0.188964,0.058662,0.037665,0.000627,-0.000000,0.000669
2.855405,-0.014215,0.254868,0.044849,2.824609,-0.014253,0.251447,0.045493,-0.030796,-0.000038,-0.003421,0.000644
3.658914,-0.034621,0.440165,0.069857,3.609832,-0.033629,0.432928,0.069509,-0.049082,0.000992,-0.007237,-0.000348
5.580723,0.013365,0.238029,0.100015,5.514184,0.013171,0.246014,0.099068,-0.066540,-0.000194,0.007985,-0.000948
5.948054,0.006440,0.445601,0.085750,5.896834,0.004817,0.449675,0.085737,-0.051220,-0.001623,0.004074,-0.000013
7.192075,-0.002350,0.407254,0.121078,7.050048,0.003147,0.394867,0.119360,-0.142027,0.005497,-0.012387,-0.001718
5.233480,-0.018297,0.362843,0.098063,5.153298,-0.013676,0.354573,0.096774,-0.080183,0.004621,-0.008270,-0.001289
4.283865,-0.027932,0.247116,0.055641,4.178359,-0.025683,0.251182,0.055522,-0.105506,0.002249,0.004066,-0.000119
2.805980,-0.017794,0.163831,0.046155,2.837166,-0.017146,0.164728,0.046703,0.031186,0.000648,0.000896,0.000548
4.368564,0.009195,0.220391,0.081766,4.397771,0.009845,0.220859,0.081772,0.029207,0.000650,0.000468,0.000006
3.624295,-0.016782,0.300053,0.067991,3.608833,-0.015798,0.303471,0.068158,-0.015462,0.000983,0.003418,0.000167
3.284730,0.009043,0.173012,0.057811,3.303175,0.009642,0.171827,0.057280,0.018444,0.000599,-0.001185,-0.000532
3.152914,-0.018735,0.402992,0.067424,3.178754,-0.020697,0.405737,0.066598,0.025840,-0.001962,0.002745,-0.000826
2.031702,-0.036893,0.223772,0.032148,2.031288,-0.035319,0.216655,0.032062,-0.000414,0.001574,-0.007117,-0.000085
2.904262,-0.009301,0.169935,0.053433,2.852621,-0.007567,0.165873,0.052699,-0.051641,0.001734,-0.004062,-0.000734
2.063178,-0.007015,0.153462,0.038286,2.052226,-0.006281,0.151136,0.037875,-0.010952,0.000734,-0.002326,-0.000411
3.982168,-0.019165,0.288827,0.065905,3.943414,-0.018752,0.285710,0.065221,-0.038754,0.000414,-0.003117,-0.000684
4.313408,-0.001033,0.462893,0.075446,4.278738,-0.002299,0.447188,0.074943,-0.034670,-0.001266,-0.015705,-0.000503
2.264668,-0.028849,0.147489,0.042983,2.279613,-0.027077,0.148127,0.042237,0.014945,0.001772,0.000638,-0.000746
6.176569,0.000650,0.570483,0.112765,6.130196,0.001721,0.572685,0.111576,-0.046373,0.001071,0.002202,-0.001189
2.925394,-0.026643,0.302646,0.051485,2.945859,-0.027197,0.302807,0.051129,0.020465,-0.000554,0.000161,-0.000355
4.436517,-0.026866,0.360962,0.082731,4.428310,-0.027264,0.357342,0.081619,-0.008207,-0.000398,-0.003620,-0.001111
5.580943,-0.031705,0.395901,0.088680,5.543344,-0.034072,0.397808,0.088515,-0.037600,-0.002367,0.001907,-0.000165
4.343815,-0.042690,0.404970,0.092265,4.447160,-0.038278,0.410828,0.092074,0.103345,0.004411,0.005858,-0.000191
4.765334,-0.027785,0.301691,0.085661,4.704668,-0.027379,0.301542,0.084402,-0.060666,0.000407,-0.000149,-0.001259
4.174729,-0.000689,0.158056,0.065212,4.200796,0.001080,0.165131,0.064993,0.026066,0.001769,0.007075,-0.000218
2.096634,-0.019895,0.201759,0.035644,2.061529,-0.020768,0.195728,0.036077,-0.035105,-0.000872,-0.006031,0.000434
4.384593,-0.034263,0.354198,0.070394,4.402108,-0.033192,0.353129,0.071075,0.017515,0.001072,-0.001069,0.000681
5.651518,-0.002129,0.475493,0.091261,5.545711,-0.000025,0.473209,0.090921,-0.105807,0.002104,-0.002284,-0.000340
6.204767,0.021615,0.294046,0.099364,6.074549,0.008612,0.269579,0.099245,-0.130218,-0.013003,-0.024467,-0.000118
2.758611,-0.002017,0.193515,0.044920,2.715109,-0.006052,0.193050,0.044795,-0.043502,-0.004035,-0.000465,-0.000125
4.367781,0.012931,0.198471,0.084989,4.306748,0.006025,0.197253,0.083455,-0.061033,-0.006906,-0.001218,-0.001535
3.387272,0.007047,0.167891,0.069545,3.378767,0.011267,0.166057,0.068301,-0.008505,0.004220,-0.001834,-0.001243
4.862038,-0.023481,0.327437,0.081585,4.850454,-0.025179,0.325597,0.080181,-0.011584,-0.001698,-0.001840,-0.001404
2.203632,-0.010207,0.180561,0.036393,2.168945,-0.011558,0.178959,0.035718,-0.034687,-0.001351,-0.001602,-0.000674
2.053069,-0.025916,0.263678,0.044400,2.097554,-0.024003,0.260482,0.044828,0.044485,0.001913,-0.003196,0.000428
4.152639,0.006344,0.234471,0.086011,4.031898,0.009233,0.229850,0.083742,-0.120741,0.002889,-0.004621,-0.002269
3.809889,-0.016385,0.470052,0.066701,3.783345,-0.018296,0.453677,0.066475,-0.026544,-0.001912,-0.016376,-0.000225
3.167802,-0.016947,0.241084,0.052408,3.246806,-0.018056,0.243419,0.053231,0.079004,-0.001109,0.002335,0.000823
3.601502,-0.010516,0.269526,0.047225,3.565645,-0.010876,0.263746,0.047035,-0.035857,-0.000360,-0.005781,-0.000189
3.359172,-0.000979,0.197689,0.061270,3.339154,-0.001205,0.200093,0.060985,-0.020018,-0.000225,0.002404,-0.000285
2.402691,0.000659,0.159026,0.035258,2.363327,-0.003650,0.159042,0.035531,-0.039365,-0.004309,0.000016,0.000273
2.259445,-0.014076,0.225791,0.035416,2.251669,-0.013576,0.216842,0.034593,-0.007776,0.000500,-0.008949,-0.000823
3.016399,-0.003958,0.253249,0.060166,3.059259,-0.003509,0.251456,0.060324,0.042860,0.000449,-0.001793,0.000158
4.578678,-0.010613,0.278135,0.073745,4.542940,-0.009602,0.269295,0.072948,-0.035738,0.001011,-0.008840,-0.000797
1.896393,-0.005721,0.085922,0.028522,1.850238,-0.006005,0.083563,0.027673,-0.046155,-0.000284,-0.002358,-0.000849
5.235859,-0.006089,0.392241,0.080933,5.199512,-0.005911,0.391598,0.081638,-0.036347,0.000177,-0.000643,0.000705
2.254306,-0.022732,0.227631,0.038459,2.273742,-0.022318,0.221277,0.038307,0.019437,0.000415,-0.006355,-0.000152
2.495989,-0.038143,0.267155,0.043838,2.486959,-0.037907,0.266561,0.043964,-0.009030,0.000236,-0.000594,0.000125
2.102447,-0.036320,0.248807,0.039161,2.124309,-0.036121,0.247370,0.039363,0.021862,0.000199,-0.001436,0.000201
3.998325,0.004604,0.334597,0.072149,3.996811,0.003486,0.330723,0.071356,-0.001514,-0.001118,-0.003874,-0.000794
3.830235,-0.026909,0.354645,0.069955,3.826501,-0.027467,0.354795,0.070146,-0.003734,-0.000558,0.000150,0.000191
4.251167,-0.028797,0.222847,0.079379,4.156547,-0.026195,0.230319,0.077214,-0.094620,0.002602,0.007471,-0.002165
4.488610,-0.005742,0.379897,0.072694,4.480660,-0.008979,0.386903,0.073819,-0.007950,-0.003237,0.007006,0.001125
4.299154,0.002889,0.252299,0.072830,4.287151,0.001072,0.255253,0.073113,-0.012003,-0.001816,0.002954,0.000283
3.303869,-0.008929,0.201290,0.065463,3.275123,-0.007914,0.193833,0.064922,-0.028746,0.001014,-0.007457,-0.000541
5.947949,-0.020284,0.418882,0.093888,5.844810,-0.020484,0.420580,0.091855,-0.103139,-0.000200,0.001697,-0.002033
3.336742,0.008594,0.226976,0.056025,3.332085,0.007807,0.224655,0.055871,-0.004657,-0.000787,-0.002322,-0.000155
5.533844,0.014513,0.475055,0.096222,5.529860,0.014200,0.475856,0.095045,-0.003983,-0.000313,0.000801,-0.001177
6.171476,-0.035037,0.370044,0.095246,5.993094,-0.024168,0.358104,0.093962,-0.178381,0.010869,-0.011940,-0.001284
3.385399,-0.003784,0.211694,0.062202,3.445580,-0.005183,0.207089,0.062798,0.060180,-0.001399,-0.004605,0.000596
5.339501,-0.002079,0.244747,0.098308,5.324616,-0.004608,0.246606,0.097290,-0.014884,-0.002528,0.001859,-0.001018
4.872334,0.029151,0.273983,0.098327,4.826828,0.028006,0.270368,0.096883,-0.045505,-0.001145,-0.003615,-0.001444
2.303855,-0.028808,0.256974,0.043639,2.234963,-0.029344,0.252843,0.043763,-0.068892,-0.000536,-0.004130,0.000124
3.442529,-0.012784,0.201972,0.058073,3.487604,-0.014223,0.203510,0.058612,0.045074,-0.001439,0.001538,0.000539
3.645789,-0.056336,0.393901,0.078037,3.784815,-0.056417,0.397238,0.078142,0.139025,-0.000082,0.003337,0.000105
4.611104,-0.038463,0.321966,0.073110,4.549091,-0.041414,0.330592,0.072925,-0.062012,-0.002952,0.008626,-0.000186
4.558959,-0.010446,0.271527,0.070293,4.483307,-0.011439,0.272708,0.069878,-0.075653,-0.000993,0.001181,-0.000415
6.451175,0.008253,0.296349,0.115004,6.359809,0.010170,0.294594,0.113583,-0.091365,0.001917,-0.001755,-0.001421
2.861869,0.005933,0.248929,0.046528,2.879608,0.006582,0.247646,0.046159,0.017739,0.000649,-0.001283,-0.000370
3.495159,-0.013672,0.242439,0.068211,3.535295,-0.013857,0.242598,0.068285,0.040137,-0.000185,0.000159,0.000074
2.449860,0.001187,0.127395,0.041658,2.417846,0.000747,0.123359,0.041291,-0.032014,-0.000440,-0.004037,-0.000367
4.135250,-0.027058,0.257670,0.072796,4.111074,-0.026457,0.254295,0.071439,-0.024176,0.000601,-0.003375,-0.001357
5.472034,0.046537,0.241721,0.099754,5.308210,0.042181,0.241390,0.097060,-0.163825,-0.004356,-0.000331,-0.002694
2.421178,-0.029101,0.235608,0.038954,2.398249,-0.029569,0.231862,0.039614,-0.022929,-0.000468,-0.003746,0.000660
1.828078,-0.007724,0.123680,0.029411,1.802935,-0.006689,0.123376,0.029320,-0.025143,0.001036,-0.000304,-0.000092
4.677073,-0.006385,0.395290,0.079623,4.685086,-0.006446,0.392461,0.079526,0.008013,-0.000061,-0.002829,-0.000097
2.656289,-0.008706,0.232795,0.039853,2.595531,-0.008277,0.234095,0.040298,-0.060758,0.000429,0.001300,0.000445
2.551538,-0.010961,0.227592,0.044024,2.595631,-0.011045,0.230155,0.044355,0.044093,-0.000083,0.002563,0.000330
2.828695,-0.006198,0.231725,0.040999,2.871206,-0.004349,0.233540,0.042337,0.042511,0.001849,0.001814,0.001338
5.813359,-0.052847,0.479419,0.103061,5.779762,-0.049454,0.478609,0.101468,-0.033597,0.003392,-0.000810,-0.001593
3.009140,-0.028715,0.330329,0.052866,3.009917,-0.029832,0.322921,0.052055,0.000776,-0.001117,-0.007407,-0.000810
4.526685,-0.009831,0.323750,0.060216,4.483358,-0.012219,0.321230,0.061713,-0.043327,-0.002388,-0.002519,0.001497
2.038701,-0.027626,0.234552,0.040854,2.034093,-0.028370,0.235499,0.041575,-0.004608,-0.000744,0.000947,0.000721
5.733951,0.013682,0.328384,0.096341,5.643795,0.013732,0.323801,0.094109,-0.090156,0.000050,-0.004583,-0.002232
2.421436,-0.002020,0.160553,0.036032,2.389142,-0.002831,0.162566,0.036244,-0.032294,-0.000811,0.002013,0.000212
6.320864,-0.017932,0.364650,0.102182,6.245059,-0.016391,0.362387,0.099535,-0.075804,0.001541,-0.002263,-0.002647
2.028338,-0.004566,0.100575,0.032366,2.027252,-0.006266,0.103794,0.032579,-0.001087,-0.001700,0.003219,0.000213
2.563179,-0.013124,0.268903,0.043769,2.595599,-0.012503,0.270428,0.043343,0.032420,0.000621,0.001524,-0.000427
2.283890,-0.031483,0.204809,0.042360,2.306378,-0.029656,0.203103,0.042410,0.022487,0.001827,-0.001706,0.000050
5.434378,0.004604,0.206593,0.080844,5.330137,0.003668,0.203467,0.080442,-0.104241,-0.000936,-0.003126,-0.000402
3.693656,0.002666,0.211635,0.067872,3.723908,-0.002651,0.217127,0.068246,0.030252,-0.005317,0.005492,0.000375
2.105885,-0.018729,0.152271,0.043834,2.064500,-0.015462,0.144880,0.042559,-0.041385,0.003268,-0.007391,-0.001275
2.410699,-0.017321,0.144781,0.045220,2.370134,-0.015190,0.141788,0.044816,-0.040565,0.002131,-0.002993,-0.000405
5.108088,-0.023622,0.490780,0.092969,5.147326,-0.021413,0.486910,0.093342,0.039237,0.002209,-0.003870,0.000373
5.196772,-0.026352,0.456412,0.081740,5.224862,-0.028295,0.457731,0.081954,0.028090,-0.001943,0.001319,0.000214
5.866805,0.004745,0.270058,0.096731,5.678502,0.003081,0.270487,0.093692,-0.188303,-0.001664,0.000428,-0.003038
3.380765,-0.013724,0.217342,0.049923,3.386600,-0.011650,0.224138,0.050878,0.005834,0.002074,0.006796,0.000955
2.414726,0.002762,0.148918,0.047045,2.420953,-0.000908,0.153187,0.046290,0.006227,-0.003670,0.004269,-0.000755
3.364492,-0.004481,0.188063,0.056815,3.328515,-0.003013,0.188241,0.056490,-0.035977,0.001468,0.000178,-0.000325
3.966624,-0.005297,0.209367,0.062266,3.945735,-0.008766,0.213364,0.062415,-0.020890,-0.003469,0.003996,0.000149
3.575860,-0.002844,0.260216,0.051186,3.536446,-0.006069,0.261920,0.051559,-0.039414,-0.003225,0.001704,0.000373
1.896801,-0.006389,0.125476,0.030376,1.883848,-0.008017,0.129040,0.030434,-0.012953,-0.001628,0.003564,0.000059
5.010841,-0.010032,0.273762,0.081030,4.979620,-0.008409,0.274374,0.079651,-0.031221,0.001623,0.000612,-0.001379
2.415849,-0.022405,0.199126,0.038967,2.377524,-0.021426,0.194989,0.037571,-0.038325,0.000979,-0.004137,-0.001395
2.430187,-0.013985,0.175243,0.043286,2.420803,-0.015618,0.180843,0.043450,-0.009383,-0.001633,0.005600,0.000164
2.909853,0.006834,0.142966,0.046117,2.955682,0.007014,0.151707,0.046844,0.045829,0.000180,0.008741,0.000727
5.887469,0.043488,0.267807,0.109103,5.762887,0.039667,0.261738,0.108533,-0.124581,-0.003821,-0.006070,-0.000570
3.289581,0.005953,0.262751,0.044601,3.321903,0.004483,0.263020,0.045547,0.032322,-0.001470,0.000269,0.000946
4.996713,-0.020717,0.492394,0.086547,4.980644,-0.023567,0.486787,0.086431,-0.016069,-0.002849,-0.005608,-0.000117
1.782751,-0.016445,0.166364,0.029973,1.800959,-0.018934,0.158612,0.029587,0.018209,-0.002489,-0.007752,-0.000387
2.366469,-0.013752,0.209180,0.037589,2.306232,-0.016564,0.205755,0.037599,-0.060237,-0.002811,-0.003424,0.000010
4.715529,0.004845,0.318078,0.096134,4.627598,0.009656,0.312128,0.092628,-0.087931,0.004811,-0.005950,-0.003506
5.066837,-0.035942,0.440264,0.075282,5.113149,-0.041266,0.439058,0.076401,0.046312,-0.005324,-0.001206,0.001119
2.683192,-0.001940,0.167885,0.051238,2.646000,-0.003360,0.168939,0.050444,-0.037191,-0.001420,0.001053,-0.000794
3.832375,-0.020774,0.255304,0.058290,3.744425,-0.020130,0.261079,0.059047,-0.087951,0.000644,0.005775,0.000757
4.267351,-0.014224,0.274209,0.067197,4.205037,-0.015664,0.275683,0.066890,-0.062315,-0.001440,0.001474,-0.000306
4.347068,-0.024340,0.249505,0.073348,4.372427,-0.024263,0.258015,0.073902,0.025359,0.000077,0.008509,0.000554
2.328272,-0.030374,0.190482,0.041308,2.334879,-0.028323,0.187108,0.041039,0.006608,0.002050,-0.003374,-0.000269
2.274681,-0.001372,0.142494,0.045706,2.264386,-0.001098,0.142667,0.046047,-0.010295,0.000275,0.000174,0.000341
2.308857,-0.020773,0.120767,0.040104,2.225531,-0.018036,0.118757,0.039327,-0.083326,0.002737,-0.002010,-0.000777
3.308590,-0.018233,0.224582,0.067860,3.289998,-0.021010,0.227688,0.066594,-0.018593,-0.002777,0.003106,-0.001266
2.949389,-0.037892,0.308688,0.054663,2.920403,-0.033960,0.306635,0.054387,-0.028985,0.003932,-0.002053,-0.000276
4.120459,-0.026933,0.366341,0.068108,4.161310,-0.031004,0.377990,0.068368,0.040852,-0.004072,0.011649,0.000260
3.219417,-0.017030,0.349931,0.063259,3.149454,-0.013945,0.347503,0.062719,-0.069963,0.003085,-0.002428,-0.000540
4.212618,0.000281,0.439754,0.070633,4.222535,-0.000959,0.444677,0.070920,0.009917,-0.001240,0.004923,0.000287
2.509904,-0.026155,0.152609,0.047718,2.482566,-0.025905,0.152069,0.046492,-0.027339,0.000250,-0.000540,-0.001225
5.916071,0.029149,0.272866,0.112302,5.815132,0.021473,0.268357,0.110498,-0.100939,-0.007676,-0.004510,-0.001803
4.077025,-0.001057,0.293534,0.073985,4.032171,0.002238,0.290553,0.073200,-0.044854,0.003294,-0.002981,-0.000785
5.333257,0.015689,0.387632,0.094456,5.181457,0.013327,0.377722,0.091878,-0.151800,-0.002362,-0.009910,-0.002578
2.610431,-0.014729,0.251281,0.045061,2.611206,-0.018634,0.252332,0.044789,0.000775,-0.003905,0.001051,-0.000272
6.017556,0.001019,0.399980,0.093135,5.893182,-0.003754,0.387551,0.090980,-0.124374,-0.004774,-0.012430,-0.002154
4.065350,-0.040235,0.325251,0.065465,4.089617,-0.043930,0.327751,0.065875,0.024267,-0.003695,0.002499,0.000410
3.237190,-0.006103,0.177792,0.057183,3.232732,-0.009289,0.179507,0.056644,-0.004458,-0.003186,0.001715,-0.000539
3.566490,-0.008366,0.179652,0.057504,3.568560,-0.009448,0.191489,0.058601,0.002070,-0.001082,0.011837,0.001098
4.315159,-0.029972,0.402532,0.078430,4.218713,-0.029995,0.409607,0.077910,-0.096447,-0.000024,0.007075,-0.000520
5.120461,-0.019075,0.354404,0.090479,5.113292,-0.014942,0.349792,0.090063,-0.007170,0.004133,-0.004611,-0.000415
5.440712,0.009337,0.247349,0.082015,5.342191,0.011481,0.254164,0.079633,-0.098522,0.002144,0.006815,-0.002382
6.963170,0.000897,0.319646,0.112029,6.904272,-0.003956,0.305846,0.113890,-0.058898,-0.004853,-0.013800,0.001862
2.155074,-0.020257,0.178183,0.033836,2.128590,-0.018353,0.181304,0.034333,-0.026484,0.001903,0.003121,0.000497
3.397309,-0.012097,0.318906,0.053341,3.391491,-0.011153,0.318776,0.053546,-0.005817,0.000944,-0.000130,0.000206
5.084219,0.000330,0.413675,0.083837,5.009539,0.001233,0.415731,0.083234,-0.074680,0.000903,0.002055,-0.000603
1.944774,-0.017106,0.216361,0.038031,1.905599,-0.017030,0.211211,0.037804,-0.039175,0.000076,-0.005151,-0.000228
3.853792,-0.000521,0.341358,0.076582,3.775299,-0.000494,0.342825,0.076099,-0.078492,0.000026,0.001468,-0.000483
4.534108,0.000342,0.220474,0.087342,4.482780,-0.000732,0.218282,0.086061,-0.051328,-0.001075,-0.002192,-0.001281
5.102569,0.027616,0.234893,0.089136,4.981243,0.025688,0.227785,0.086344,-0.121326,-0.001928,-0.007108,-0.002792
2.584160,-0.017738,0.203478,0.049665,2.526530,-0.016870,0.200608,0.049172,-0.057630,0.000869,-0.002870,-0.000493
2.855352,-0.028937,0.256848,0.051135,2.833931,-0.030866,0.251050,0.050972,-0.021420,-0.001929,-0.005798,-0.000163
6.221879,-0.013214,0.472474,0.107555,6.217576,-0.013116,0.474199,0.106473,-0.004304,0.000097,0.001725,-0.001082
3.979686,-0.008599,0.386910,0.069935,3.986734,-0.009172,0.386599,0.069846,0.007048,-0.000573,-0.000311,-0.000088
5.654653,-0.000838,0.266968,0.104742,5.642581,0.004694,0.272283,0.103860,-0.012072,0.005532,0.005315,-0.000882
3.281227,-0.020255,0.390335,0.067760,3.281274,-0.018293,0.387805,0.067325,0.000047,0.001962,-0.002530,-0.000435
2.616826,-0.004906,0.124349,0.043381,2.578806,-0.003651,0.124653,0.042257,-0.038020,0.001255,0.000305,-0.001124
2.176319,-0.014829,0.201887,0.041270,2.190361,-0.015487,0.203989,0.040994,0.014042,-0.000658,0.002102,-0.000276
6.381339,-0.004526,0.385854,0.110071,6.336669,-0.002656,0.382942,0.111231,-0.044670,0.001870,-0.002912,0.001160
4.578476,-0.001443,0.380069,0.090864,4.493845,-0.000465,0.372254,0.089137,-0.084631,0.000978,-0.007815,-0.001727
4.781916,-0.015836,0.341889,0.096316,4.758803,-0.013311,0.350566,0.094963,-0.023112,0.002525,0.008677,-0.001353
5.924835,-0.004594,0.505957,0.098356,5.907925,-0.004089,0.516527,0.098669,-0.016910,0.000505,0.010570,0.000313
3.492146,-0.031592,0.221574,0.054639,3.437028,-0.032161,0.219519,0.054156,-0.055118,-0.000569,-0.002055,-0.000483
3.052350,-0.000955,0.279886,0.056418,3.062247,0.001012,0.285483,0.057041,0.009897,0.001967,0.005597,0.000623
4.662740,-0.012508,0.250405,0.069953,4.689539,-0.011581,0.251236,0.070261,0.026799,0.000927,0.000831,0.000309
5.250647,0.005190,0.248063,0.095677,5.193209,0.000834,0.250540,0.094507,-0.057438,-0.004355,0.002477,-0.001170
3.253493,-0.013008,0.203625,0.055880,3.236121,-0.015317,0.202379,0.055662,-0.017372,-0.002309,-0.001245,-0.000218
3.517377,-0.000682,0.133414,0.053588,3.461375,-0.003187,0.138060,0.053451,-0.056002,-0.002505,0.004646,-0.000137
3.296904,-0.007137,0.292873,0.050165,3.268075,-0.006370,0.293261,0.050750,-0.028829,0.000766,0.000388,0.000585
3.288975,-0.005543,0.357908,0.063644,3.282970,-0.003978,0.355511,0.063103,-0.006005,0.001564,-0.002397,-0.000541
4.058119,-0.026241,0.237875,0.065618,4.049656,-0.025887,0.242620,0.066253,-0.008463,0.000355,0.004745,0.000636
1.933949,-0.021499,0.178727,0.041777,1.939737,-0.021595,0.181618,0.041002,0.005788,-0.000096,0.002892,-0.000775
5.352401,-0.005867,0.375098,0.087458,5.349233,-0.009586,0.374858,0.087688,-0.003168,-0.003719,-0.000240,0.000230
2.647345,-0.037252,0.264596,0.044890,2.641619,-0.034613,0.258376,0.044693,-0.005725,0.002639,-0.006221,-0.000197
4.004898,-0.017072,0.242624,0.076798,4.009298,-0.015593,0.250630,0.076300,0.004400,0.001479,0.008005,-0.000499
2.902011,-0.014443,0.296276,0.049876,2.910208,-0.014375,0.299350,0.049723,0.008196,0.000068,0.003074,-0.000153
2.775569,-0.025601,0.247043,0.048263,2.775187,-0.024817,0.243030,0.047088,-0.000382,0.000784,-0.004013,-0.001175
2.868585,-0.005221,0.164495,0.056263,2.876771,-0.004629,0.167075,0.055735,0.008186,0.000593,0.002580,-0.000528
3.305745,0.004887,0.226464,0.045846,3.331960,0.004824,0.224841,0.046475,0.026216,-0.000063,-0.001623,0.000629
5.831289,-0.025605,0.475381,0.101995,5.761508,-0.026616,0.476564,0.101228,-0.069781,-0.001011,0.001183,-0.000767
2.500848,-0.001104,0.134364,0.043270,2.458616,-0.003124,0.134379,0.043060,-0.042232,-0.002019,0.000015,-0.000211
4.300572,-0.001410,0.387713,0.073743,4.198236,0.000442,0.391243,0.073781,-0.102336,0.001852,0.003530,0.000038
4.928549,0.020114,0.200480,0.078729,4.850345,0.020015,0.196692,0.077886,-0.078204,-0.000099,-0.003789,-0.000843
2.591391,0.002414,0.221403,0.039157,2.574974,0.000485,0.225606,0.039520,-0.016418,-0.001929,0.004203,0.000363
2.871632,-0.001820,0.165138,0.056393,2.876124,-0.001102,0.169739,0.055897,0.004492,0.000718,0.004601,-0.000496
4.012294,-0.044065,0.388896,0.070644,4.094699,-0.045859,0.397761,0.072453,0.082405,-0.001794,0.008865,0.001808
2.441041,-0.007656,0.153737,0.046092,2.492144,-0.008473,0.158056,0.045892,0.051103,-0.000818,0.004319,-0.000200
2.460222,-0.013205,0.213310,0.039818,2.417778,-0.013790,0.204621,0.039659,-0.042444,-0.000585,-0.008689,-0.000159
3.034189,-0.020495,0.294131,0.051224,2.975004,-0.021298,0.291402,0.050831,-0.059186,-0.000803,-0.002729,-0.000393
2.338850,-0.009443,0.226523,0.042046,2.300158,-0.011003,0.210600,0.041282,-0.038692,-0.001560,-0.015923,-0.000764
5.896327,-0.029563,0.332620,0.086407,5.753659,-0.029294,0.325397,0.085554,-0.142668,0.000269,-0.007223,-0.000853
2.605058,0.001475,0.218011,0.044295,2.519123,-0.001447,0.218923,0.044250,-0.085935,-0.002922,0.000912,-0.000045
5.291085,0.015418,0.278940,0.097216,5.300519,0.004182,0.284590,0.097891,0.009434,-0.011236,0.005650,0.000674
4.109637,0.003805,0.202921,0.066263,4.123812,0.004167,0.196620,0.065864,0.014175,0.000362,-0.006301,-0.000400
1.788303,-0.007077,0.175985,0.035371,1.765900,-0.008011,0.171039,0.035402,-0.022403,-0.000934,-0.004946,0.000031
4.313265,-0.024634,0.470610,0.073952,4.279788,-0.019767,0.459651,0.073440,-0.033476,0.004867,-0.010959,-0.000512
2.701094,-0.008792,0.227371,0.051259,2.748549,-0.013403,0.228269,0.052111,0.047454,-0.004611,0.000899,0.000852
5.401346,-0.045052,0.460920,0.089690,5.279413,-0.041001,0.456414,0.089226,-0.121933,0.004052,-0.004506,-0.000465
3.753504,-0.013447,0.283671,0.067194,3.799551,-0.009365,0.285986,0.067562,0.046048,0.004082,0.002315,0.000368
3.211879,-0.003868,0.229166,0.050292,3.178274,-0.007091,0.228542,0.050426,-0.033605,-0.003223,-0.000624,0.000134
3.361507,-0.004077,0.194853,0.062274,3.355148,-0.004504,0.200360,0.061855,-0.006359,-0.000427,0.005506,-0.000419
4.066306,0.003249,0.410355,0.064171,4.026362,0.000909,0.399819,0.064522,-0.039944,-0.002340,-0.010535,0.000351
4.925795,-0.002666,0.225591,0.082769,4.893586,-0.008232,0.234812,0.081572,-0.032209,-0.005566,0.009222,-0.001197
1.976399,-0.001644,0.105541,0.035287,1.953191,-0.004805,0.104675,0.034529,-0.023209,-0.003161,-0.000866,-0.000758
2.459888,-0.015669,0.184076,0.038819,2.471196,-0.013642,0.187363,0.039661,0.011309,0.002027,0.003287,0.000842
5.250756,-0.012807,0.376027,0.085344,5.280684,-0.012285,0.376514,0.084865,0.029928,0.000522,0.000487,-0.000480
1.932101,-0.013968,0.118266,0.026743,1.937632,-0.012462,0.122797,0.026472,0.005532,0.001505,0.004531,-0.000271
3.716483,-0.018044,0.270103,0.061990,3.741406,-0.019294,0.274320,0.062558,0.024924,-0.001249,0.004217,0.000568
6.629646,-0.007214,0.547914,0.110992,6.568710,-0.006555,0.549425,0.111417,-0.060936,0.000659,0.001511,0.000425
3.596480,-0.004047,0.133189,0.057146,3.596654,-0.002805,0.140506,0.056676,0.000174,0.001241,0.007318,-0.000471
2.635687,-0.005082,0.226068,0.040435,2.626565,-0.008584,0.229162,0.040651,-0.009121,-0.003502,0.003093,0.000216
3.884481,-0.004650,0.307647,0.073518,3.906284,-0.005715,0.302702,0.072795,0.021802,-0.001065,-0.004945,-0.000723
3.083736,-0.019187,0.360106,0.061427,3.037993,-0.019378,0.358599,0.060573,-0.045743,-0.000190,-0.001507,-0.000854
3.361954,-0.011444,0.209033,0.066841,3.336031,-0.011263,0.205187,0.066134,-0.025923,0.000181,-0.003847,-0.000707
3.482148,0.008116,0.332431,0.056255,3.479497,0.007165,0.330068,0.056783,-0.002651,-0.000951,-0.002363,0.000529
4.371799,0.004596,0.259270,0.074463,4.380435,0.000423,0.256524,0.074631,0.008635,-0.004173,-0.002746,0.000168
2.404905,-0.020727,0.192389,0.039176,2.412563,-0.021679,0.191312,0.038813,0.007658,-0.000951,-0.001078,-0.000363
2.182665,-0.022922,0.124045,0.036299,2.234785,-0.021175,0.124832,0.037031,0.052120,0.001748,0.000788,0.000732
2.278648,-0.009307,0.186601,0.032257,2.226638,-0.008525,0.181754,0.031946,-0.052011,0.000782,-0.004847,-0.000311
2.128601,-0.018496,0.129435,0.038676,2.100527,-0.016538,0.126300,0.038240,-0.028074,0.001958,-0.003135,-0.000435
2.815297,-0.044160,0.265544,0.044891,2.823742,-0.044619,0.264231,0.043959,0.008445,-0.000459,-0.001313,-0.000932
2.314421,-0.017557,0.143500,0.044479,2.288364,-0.017097,0.138575,0.044099,-0.026057,0.000460,-0.004925,-0.000380
3.818127,-0.013554,0.219718,0.060980,3.754875,-0.015931,0.223637,0.060368,-0.063252,-0.002377,0.003919,-0.000612
4.233923,-0.019292,0.284661,0.084018,4.205029,-0.018132,0.285528,0.082774,-0.028894,0.001160,0.000867,-0.001244
4.334489,-0.048229,0.303888,0.079531,4.308271,-0.050072,0.310129,0.079118,-0.026218,-0.001843,0.006241,-0.000413
2.218049,-0.022619,0.130036,0.031228,2.174095,-0.023322,0.135383,0.030250,-0.043954,-0.000703,0.005347,-0.000978
2.684241,-0.008027,0.159055,0.053224,2.709713,-0.007614,0.167170,0.051859,0.025472,0.000414,0.008115,-0.001366
5.395026,0.029029,0.241077,0.096172,5.381979,0.029644,0.237201,0.095066,-0.013046,0.000615,-0.003876,-0.001106
4.833239,0.024870,0.204787,0.076450,4.729257,0.026091,0.200879,0.075653,-0.103982,0.001221,-0.003908,-0.000797
4.516687,-0.020189,0.479764,0.093939,4.545346,-0.017782,0.475335,0.093164,0.028659,0.002407,-0.004430,-0.000776
5.160239,-0.015942,0.459888,0.087032,5.191309,-0.020808,0.455544,0.087421,0.031071,-0.004866,-0.004344,0.000389
4.660515,-0.018697,0.340353,0.067934,4.630760,-0.017797,0.337466,0.067566,-0.029755,0.000899,-0.002887,-0.000368
3.618989,-0.013931,0.302240,0.066763,3.651554,-0.017976,0.297183,0.067028,0.032565,-0.004045,-0.005057,0.000265
4.368948,0.007430,0.339700,0.072047,4.389439,0.003877,0.341690,0.071133,0.020491,-0.003553,0.001990,-0.000914
4.918837,-0.030058,0.321952,0.093664,4.870173,-0.028668,0.320340,0.092643,-0.048665,0.001390,-0.001612,-0.001021
4.569311,-0.000287,0.211156,0.068719,4.574450,-0.000360,0.220005,0.068356,0.005139,-0.000073,0.008849,-0.000363
4.186315,-0.052213,0.304041,0.064416,4.183877,-0.052158,0.311664,0.065291,-0.002438,0.000055,0.007623,0.000875
4.919560,-0.026251,0.376164,0.077956,4.905787,-0.025964,0.376410,0.078117,-0.013773,0.000287,0.000246,0.000161
3.189082,-0.003148,0.329548,0.053370,3.196432,-0.005304,0.330134,0.052691,0.007350,-0.002156,0.000587,-0.000679
5.148658,-0.012747,0.306814,0.077485,5.095466,-0.013885,0.311203,0.077061,-0.053192,-0.001138,0.004389,-0.000425
4.180170,0.004448,0.316829,0.063191,4.212987,0.004130,0.317535,0.063468,0.032817,-0.000319,0.000706,0.000277
2.864409,-0.015634,0.166259,0.048457,2.905695,-0.016247,0.165843,0.049057,0.041286,-0.000613,-0.000416,0.000600
6.077670,-0.053251,0.518289,0.092009,6.133064,-0.053587,0.517193,0.094853,0.055394,-0.000336,-0.001096,0.002844
2.863461,-0.005703,0.172243,0.047205,2.952584,-0.009525,0.173776,0.047930,0.089123,-0.003823,0.001533,0.000726
6.627843,-0.002954,0.323473,0.119177,6.570693,-0.002295,0.316491,0.118613,-0.057149,0.000659,-0.006982,-0.000564
5.968944,-0.004034,0.261166,0.099067,5.947442,-0.006823,0.263662,0.097967,-0.021502,-0.002790,0.002496,-0.001100
3.390978,0.007589,0.174379,0.058595,3.423728,0.007160,0.172036,0.058890,0.032750,-0.000429,-0.002343,0.000295
2.516982,-0.020906,0.217179,0.040891,2.439843,-0.017305,0.210981,0.040018,-0.077138,0.003602,-0.006198,-0.000872
3.339623,-0.022246,0.347091,0.059864,3.297256,-0.019708,0.339682,0.059401,-0.042367,0.002538,-0.007410,-0.000463
6.347018,-0.018373,0.365906,0.101085,6.245310,-0.017021,0.363160,0.098596,-0.101708,0.001352,-0.002746,-0.002489
2.056718,-0.008956,0.121202,0.040406,2.047890,-0.007202,0.120369,0.040588,-0.008828,0.001754,-0.000833,0.000182
3.767611,-0.006335,0.239733,0.060026,3.731724,-0.004375,0.249007,0.060096,-0.035887,0.001960,0.009274,0.000070
2.786145,-0.028907,0.258664,0.043665,2.734730,-0.030296,0.259717,0.043140,-0.051415,-0.001390,0.001053,-0.000525
3.561080,-0.006573,0.189592,0.054695,3.542625,-0.006213,0.194246,0.055228,-0.018455,0.000360,0.004653,0.000532
3.155298,-0.023361,0.350560,0.050984,3.248044,-0.023483,0.346361,0.050952,0.092745,-0.000122,-0.004199,-0.000032
2.642549,0.001503,0.144394,0.047357,2.599823,-0.002703,0.145673,0.046176,-0.042726,-0.004206,0.001280,-0.001181
4.103983,-0.025778,0.255697,0.072730,4.057497,-0.023295,0.252650,0.071781,-0.046486,0.002483,-0.003047,-0.000949
5.057816,-0.012134,0.337413,0.078550,5.042181,-0.010173,0.334253,0.078122,-0.015635,0.001961,-0.003161,-0.000428
6.143220,0.011157,0.469514,0.096442,6.005138,0.008372,0.469557,0.095401,-0.138083,-0.002785,0.000043,-0.001041
2.988192,-0.019879,0.182490,0.055626,3.008585,-0.019618,0.185796,0.054503,0.020393,0.000261,0.003306,-0.001123
3.988892,-0.039299,0.444340,0.080711,4.040768,-0.036072,0.444941,0.080841,0.051876,0.003227,0.000600,0.000130
5.611999,-0.009457,0.463256,0.083944,5.513528,-0.010493,0.462315,0.082022,-0.098471,-0.001035,-0.000940,-0.001922
4.941088,-0.040427,0.355065,0.073695,4.944137,-0.040074,0.364021,0.074663,0.003049,0.000353,0.008956,0.000968
3.055169,-0.022527,0.234381,0.050834,3.048727,-0.021484,0.229455,0.050608,-0.006443,0.001043,-0.004926,-0.000226
3.046304,-0.007353,0.168221,0.050808,3.069456,-0.007996,0.171063,0.050262,0.023153,-0.000643,0.002841,-0.000546
4.404499,0.015283,0.438863,0.073965,4.371034,0.016947,0.437612,0.075220,-0.033464,0.001664,-0.001251,0.001254
2.101458,-0.008952,0.106650,0.035570,2.061771,-0.008036,0.108218,0.035290,-0.039686,0.000916,0.001568,-0.000281
5.279691,0.011605,0.345032,0.083357,5.151810,0.012989,0.342628,0.081536,-0.127881,0.001384,-0.002404,-0.001822
3.555522,-0.006017,0.275888,0.052096,3.565752,-0.005622,0.269936,0.051197,0.010230,0.000395,-0.005952,-0.000899
3.066138,-0.006620,0.204882,0.063685,3.011385,-0.006657,0.203738,0.062488,-0.054752,-0.000037,-0.001144,-0.001197
2.130577,-0.019828,0.164888,0.036756,2.144253,-0.018761,0.163936,0.036893,0.013676,0.001067,-0.000952,0.000137
3.636181,-0.017080,0.358202,0.063071,3.719141,-0.017664,0.350272,0.064250,0.082960,-0.000585,-0.007930,0.001180
4.684340,0.022411,0.208690,0.085882,4.637846,0.024091,0.207220,0.084613,-0.046494,0.001679,-0.001470,-0.001269
2.941288,-0.014413,0.323130,0.049510,2.939031,-0.016621,0.320571,0.049377,-0.002257,-0.002207,-0.002560,-0.000133
3.544593,-0.026429,0.356623,0.057670,3.524811,-0.026468,0.354738,0.057518,-0.019782,-0.000039,-0.001885,-0.000152
3.008622,0.005338,0.270863,0.046915,3.019939,0.005281,0.274489,0.047684,0.011317,-0.000056,0.003626,0.000769
2.836973,-0.011930,0.152776,0.047068,2.793893,-0.010398,0.155741,0.046632,-0.043081,0.001532,0.002965,-0.000436
5.007336,0.013890,0.274657,0.076324,4.899065,0.014347,0.266454,0.074916,-0.108271,0.000457,-0.008204,-0.001409
3.148247,-0.050253,0.379995,0.055533,3.178236,-0.047996,0.378782,0.056297,0.029988,0.002257,-0.001213,0.000765
2.837564,-0.018430,0.164099,0.048821,2.879928,-0.015642,0.164200,0.049216,0.042363,0.002788,0.000101,0.000395
2.730521,-0.019414,0.223791,0.046297,2.737956,-0.018177,0.221892,0.046848,0.007435,0.001236,-0.001900,0.000551
6.561751,-0.003479,0.466551,0.111041,6.561839,-0.006266,0.477436,0.110399,0.000087,-0.002787,0.010885,-0.000642
2.747216,0.000169,0.207267,0.052164,2.729148,-0.000277,0.209767,0.051640,-0.018068,-0.000446,0.002500,-0.000524
5.823456,0.005074,0.464138,0.091091,5.827240,0.004477,0.458682,0.089995,0.003784,-0.000598,-0.005456,-0.001096
5.750939,-0.017861,0.363098,0.103222,5.672446,-0.016383,0.366186,0.101618,-0.078494,0.001478,0.003087,-0.001603
2.187999,-0.016715,0.121115,0.037528,2.131265,-0.014162,0.120134,0.037329,-0.056734,0.002553,-0.000980,-0.000198
3.537743,-0.017904,0.338638,0.056099,3.499872,-0.017577,0.334024,0.055470,-0.037871,0.000328,-0.004613,-0.000629
3.645058,-0.001544,0.181959,0.069545,3.681460,-0.003860,0.178157,0.069890,0.036402,-0.002316,-0.003801,0.000346
2.356908,-0.040225,0.273045,0.043422,2.320371,-0.040281,0.268345,0.043165,-0.036536,-0.000056,-0.004700,-0.000256
2.913241,-0.018138,0.256663,0.047747,2.915457,-0.019026,0.258750,0.047786,0.002216,-0.000888,0.002087,0.000039
2.891835,-0.020179,0.273336,0.047100,2.912385,-0.021156,0.272501,0.047021,0.020550,-0.000977,-0.000836,-0.000079
3.825382,-0.002301,0.296093,0.068293,3.824401,-0.005126,0.292730,0.067488,-0.000982,-0.002825,-0.003363,-0.000805
7.325035,-0.033052,0.556500,0.122414,7.257659,-0.030819,0.549253,0.121452,-0.067376,0.002233,-0.007248,-0.000962
2.902049,-0.010173,0.242627,0.041622,2.899489,-0.009883,0.249393,0.040979,-0.002560,0.000290,0.006765,-0.000643
3.570853,-0.001490,0.201872,0.070031,3.629982,-0.000879,0.208560,0.069249,0.059129,0.000611,0.006688,-0.000782
6.238902,-0.006971,0.587255,0.112762,6.173443,-0.009701,0.588421,0.112849,-0.065459,-0.002729,0.001166,0.000087
3.615172,-0.003431,0.361003,0.060733,3.569127,-0.002019,0.356092,0.061049,-0.046045,0.001412,-0.004911,0.000316
3.253858,-0.008736,0.271950,0.062035,3.219820,-0.009721,0.269087,0.061487,-0.034038,-0.000985,-0.002863,-0.000548
2.875148,-0.016341,0.272000,0.045604,2.853936,-0.016169,0.267419,0.045374,-0.021212,0.000172,-0.004581,-0.000230
5.265916,-0.041117,0.392950,0.081765,5.229982,-0.042169,0.388407,0.081450,-0.035933,-0.001052,-0.004542,-0.000314
3.910946,-0.012660,0.224774,0.068315,3.822853,-0.015086,0.230041,0.068301,-0.088094,-0.002425,0.005267,-0.000013
3.071360,-0.006527,0.218661,0.050948,3.079300,-0.007229,0.221353,0.050842,0.007940,-0.000701,0.002692,-0.000106
1.909522,-0.013730,0.169835,0.027791,1.859019,-0.019625,0.168877,0.027561,-0.050503,-0.005896,-0.000958,-0.000230
5.713261,0.004107,0.308641,0.082119,5.567358,0.006714,0.317642,0.081004,-0.145903,0.002607,0.009001,-0.001116
2.452088,-0.001315,0.167791,0.039015,2.442055,-0.001470,0.167911,0.039560,-0.010033,-0.000155,0.000120,0.000545
4.095044,-0.015970,0.229258,0.068584,4.071214,-0.014630,0.231258,0.067423,-0.023829,0.001340,0.002000,-0.001161
7.300790,-0.006845,0.469489,0.138056,7.241884,-0.002442,0.465268,0.136403,-0.058906,0.004404,-0.004221,-0.001653
3.189182,-0.002491,0.263100,0.061658,3.206209,-0.004541,0.258593,0.060707,0.017027,-0.002050,-0.004507,-0.000951
3.389173,0.013238,0.190451,0.063742,3.391621,0.012041,0.189760,0.064089,0.002448,-0.001198,-0.000690,0.000347
3.583381,-0.002384,0.125760,0.058157,3.646615,-0.001542,0.123259,0.057111,0.063234,0.000842,-0.002502,-0.001046
2.457714,-0.001206,0.247562,0.048588,2.484740,-0.004051,0.242998,0.049064,0.027026,-0.002846,-0.004564,0.000476
6.246729,-0.002357,0.402595,0.110590,6.189495,-0.001012,0.385155,0.108615,-0.057234,0.001346,-0.017440,-0.001975
2.205001,-0.024952,0.144102,0.040600,2.198760,-0.024141,0.139979,0.040207,-0.006241,0.000811,-0.004123,-0.000393
3.372777,-0.004730,0.288546,0.062682,3.347456,-0.008404,0.285704,0.062303,-0.025321,-0.003674,-0.002842,-0.000378
3.760138,-0.007044,0.322345,0.070599,3.706025,-0.008467,0.313804,0.070186,-0.054113,-0.001424,-0.008540,-0.000413
3.463761,-0.003651,0.196319,0.061403,3.436204,-0.002446,0.197519,0.061150,-0.027557,0.001205,0.001200,-0.000253
3.654141,-0.016419,0.206385,0.060032,3.602703,-0.017846,0.209229,0.059774,-0.051438,-0.001427,0.002843,-0.000258
4.739151,0.001537,0.255569,0.074898,4.727228,0.000283,0.256899,0.073964,-0.011924,-0.001254,0.001330,-0.000935
3.979495,0.004428,0.190494,0.072266,4.020030,0.001782,0.187841,0.072119,0.040535,-0.002645,-0.002653,-0.000146
3.927145,-0.005016,0.212204,0.058306,3.895953,-0.002548,0.217177,0.059150,-0.031192,0.002468,0.004973,0.000844
3.414587,0.009439,0.133658,0.057848,3.439067,0.007346,0.138479,0.057831,0.024480,-0.002093,0.004821,-0.000018
5.896170,-0.013302,0.565893,0.103216,5.757299,-0.014877,0.561333,0.102612,-0.138871,-0.001574,-0.004560,-0.000604
6.203803,-0.007324,0.429395,0.099523,6.132967,-0.006905,0.431381,0.096993,-0.070836,0.000419,0.001986,-0.002530
6.793410,0.000247,0.427354,0.121865,6.742594,-0.004534,0.425188,0.120205,-0.050816,-0.004782,-0.002165,-0.001660
4.061758,-0.034299,0.388807,0.073855,4.067973,-0.034484,0.396727,0.075257,0.006215,-0.000185,0.007920,0.001402
4.179261,-0.024418,0.262913,0.065403,4.166516,-0.020245,0.266968,0.065069,-0.012744,0.004173,0.004055,-0.000334
3.614658,0.019774,0.304097,0.051576,3.614982,0.017340,0.307469,0.052840,0.000324,-0.002434,0.003372,0.001263
4.310019,0.000610,0.283314,0.063512,4.254951,0.001323,0.281016,0.063915,-0.055068,0.000714,-0.002298,0.000403
3.106798,-0.020838,0.337736,0.052815,3.096062,-0.022594,0.334118,0.053512,-0.010736,-0.001756,-0.003619,0.000697
2.053755,-0.010323,0.190734,0.039272,2.107168,-0.008771,0.190413,0.039631,0.053412,0.001552,-0.000321,0.000359
5.604445,0.007885,0.311326,0.084931,5.581672,0.010131,0.310057,0.085026,-0.022773,0.002246,-0.001269,0.000096
6.003186,-0.025665,0.597928,0.115640,5.922657,-0.024685,0.595781,0.113752,-0.080528,0.000980,-0.002148,-0.001888
5.509100,0.010781,0.339258,0.092869,5.488370,0.008895,0.331173,0.092919,-0.020730,-0.001886,-0.008085,0.000050
3.100824,-0.001177,0.153595,0.049567,3.136641,-0.001173,0.156984,0.049351,0.035817,0.000005,0.003389,-0.000215
6.940774,-0.009116,0.307862,0.114727,6.869807,-0.007664,0.303331,0.114639,-0.070967,0.001452,-0.004531,-0.000088
3.571924,0.002022,0.195360,0.061037,3.558209,-0.000539,0.204723,0.061037,-0.013715,-0.002561,0.009362,-0.000000
3.866358,-0.012250,0.307555,0.057942,3.838441,-0.011363,0.312333,0.057496,-0.027917,0.000888,0.004778,-0.000446
4.861642,0.005476,0.320928,0.079407,4.849223,0.007121,0.324493,0.079845,-0.012420,0.001645,0.003566,0.000438
3.715402,-0.006036,0.359430,0.062219,3.708910,-0.008784,0.362674,0.061846,-0.006491,-0.002748,0.003244,-0.000373
3.312337,-0.004983,0.295905,0.051929,3.387992,-0.008706,0.296161,0.053229,0.075655,-0.003723,0.000256,0.001300
3.461187,0.002986,0.279929,0.051273,3.414695,0.002414,0.282021,0.051360,-0.046493,-0.000572,0.002093,0.000088
2.891090,-0.014136,0.312313,0.057310,2.940566,-0.013421,0.313594,0.057332,0.049476,0.000715,0.001280,0.000022
2.548825,-0.001188,0.137467,0.046143,2.526270,-0.000177,0.135688,0.045420,-0.022554,0.001010,-0.001779,-0.000723
4.825990,-0.035673,0.297552,0.075599,4.847434,-0.031939,0.293607,0.076134,0.021444,0.003734,-0.003945,0.000535
6.858015,0.011851,0.366744,0.136355,6.752000,0.010883,0.347450,0.134030,-0.106014,-0.000968,-0.019294,-0.002325
1.930362,-0.005562,0.148861,0.030445,1.890053,-0.006388,0.147883,0.030497,-0.040309,-0.000826,-0.000978,0.000051
2.870076,0.003817,0.178338,0.044739,2.848870,0.001364,0.183358,0.045578,-0.021205,-0.002453,0.005020,0.000840
2.550591,0.000708,0.219147,0.043193,2.532233,-0.000925,0.221121,0.042581,-0.018358,-0.001633,0.001974,-0.000612
2.347022,-0.015671,0.216530,0.043609,2.300529,-0.012162,0.220732,0.043255,-0.046493,0.003509,0.004202,-0.000354
2.359984,-0.002610,0.111893,0.036454,2.361125,-0.003982,0.115670,0.036107,0.001141,-0.001371,0.003777,-0.000347
2.459207,-0.024948,0.196906,0.042898,2.475114,-0.024023,0.191575,0.042805,0.015908,0.000925,-0.005331,-0.000093
4.894331,-0.004710,0.424119,0.089355,4.913496,-0.006145,0.421835,0.089222,0.019165,-0.001435,-0.002284,-0.000133
2.307246,-0.011806,0.219344,0.042860,2.327023,-0.011427,0.218990,0.043183,0.019777,0.000379,-0.000355,0.000323
3.359910,-0.002602,0.211618,0.051496,3.388289,-0.002957,0.214185,0.052021,0.028380,-0.000355,0.002568,0.000525
4.317568,-0.014852,0.318406,0.065608,4.272451,-0.014435,0.310932,0.064797,-0.045117,0.000417,-0.007474,-0.000811
2.220228,-0.014903,0.127734,0.029396,2.211756,-0.016427,0.132010,0.029353,-0.008472,-0.001524,0.004275,-0.000043
2.400413,-0.028256,0.171313,0.037464,2.395053,-0.028907,0.171975,0.038343,-0.005360,-0.000651,0.000661,0.000879
2.825906,-0.010942,0.276409,0.042907,2.815363,-0.010738,0.274042,0.043672,-0.010543,0.000204,-0.002367,0.000766
2.462677,-0.030649,0.248364,0.040699,2.503470,-0.030354,0.243459,0.040059,0.040792,0.000296,-0.004905,-0.000641
3.773888,-0.018711,0.304433,0.067222,3.790411,-0.020456,0.303099,0.067186,0.016523,-0.001745,-0.001334,-0.000036
2.564060,-0.031860,0.203372,0.044358,2.540215,-0.029836,0.195199,0.043550,-0.023846,0.002025,-0.008173,-0.000808
3.413228,0.015649,0.362239,0.062182,3.423951,0.014613,0.365143,0.062687,0.010723,-0.001035,0.002904,0.000505
3.864964,-0.011316,0.363949,0.066009,3.897255,-0.009965,0.354779,0.066030,0.032290,0.001351,-0.009170,0.000021
2.416880,-0.006975,0.207633,0.046792,2.431394,-0.006804,0.202458,0.046163,0.014514,0.000171,-0.005175,-0.000629
4.879403,-0.007526,0.219160,0.089166,4.818522,-0.006114,0.214207,0.088292,-0.060881,0.001413,-0.004953,-0.000874
5.150562,0.023524,0.280708,0.082116,5.027470,0.019332,0.276863,0.080906,-0.123092,-0.004192,-0.003845,-0.001211
2.014300,-0.015551,0.172433,0.033685,2.025254,-0.017447,0.174825,0.033596,0.010954,-0.001896,0.002391,-0.000089
3.063734,-0.012112,0.262944,0.056258,3.060045,-0.012524,0.258904,0.056747,-0.003689,-0.000412,-0.004040,0.000489
3.383301,-0.002901,0.218538,0.068707,3.377934,0.002388,0.226438,0.068565,-0.005368,0.005289,0.007900,-0.000141
3.259723,-0.025612,0.362513,0.056273,3.215147,-0.027643,0.354313,0.055446,-0.044576,-0.002031,-0.008200,-0.000827
3.910934,-0.018919,0.309923,0.068123,3.895178,-0.017836,0.306813,0.068009,-0.015757,0.001083,-0.003110,-0.000113
5.195298,-0.007810,0.449788,0.083685,5.233849,-0.010604,0.449145,0.084968,0.038551,-0.002795,-0.000643,0.001283
4.206761,-0.013647,0.177844,0.070812,4.196111,-0.014421,0.183629,0.070106,-0.010650,-0.000774,0.005785,-0.000706
3.925457,-0.019598,0.239346,0.068881,3.902869,-0.021126,0.237963,0.068848,-0.022588,-0.001527,-0.001383,-0.000033
2.073735,-0.009502,0.091713,0.030059,2.091867,-0.010470,0.095314,0.029934,0.018131,-0.000968,0.003601,-0.000125
2.091719,-0.009017,0.167795,0.031670,2.091333,-0.006633,0.166410,0.031587,-0.000386,0.002384,-0.001385,-0.000084
6.899630,-0.039251,0.649435,0.113426,6.912161,-0.040475,0.633269,0.113261,0.012531,-0.001224,-0.016166,-0.000165
4.086434,-0.000489,0.408374,0.070109,4.063631,-0.000175,0.409036,0.069474,-0.022803,0.000315,0.000663,-0.000634
5.663224,-0.014857,0.553058,0.103765,5.631685,-0.014704,0.553764,0.103235,-0.031539,0.000153,0.000706,-0.000530
2.507774,-0.030984,0.240203,0.041040,2.447168,-0.031567,0.236898,0.040844,-0.060606,-0.000583,-0.003304,-0.000196
3.444844,-0.005820,0.326622,0.057883,3.454723,-0.007650,0.324258,0.057961,0.009879,-0.001829,-0.002365,0.000078
4.830451,0.006651,0.335525,0.093324,4.848886,0.007456,0.328960,0.091879,0.018435,0.000804,-0.006565,-0.001445
3.723048,0.016276,0.360125,0.059559,3.702202,0.013384,0.353135,0.060126,-0.020847,-0.002892,-0.006990,0.000566
3.689939,0.000484,0.219426,0.070806,3.648268,0.002019,0.228635,0.070795,-0.041671,0.001534,0.009209,-0.000012
3.778972,-0.002926,0.212376,0.069892,3.772701,0.000801,0.221345,0.069638,-0.006272,0.003728,0.008970,-0.000254
1.996876,-0.005779,0.148393,0.031326,1.963622,-0.005051,0.151076,0.031143,-0.033255,0.000729,0.002683,-0.000184
3.897947,-0.016988,0.283280,0.064067,3.864626,-0.017684,0.282232,0.063896,-0.033321,-0.000695,-0.001048,-0.000171
4.442482,0.018773,0.216036,0.087982,4.496964,0.017436,0.215470,0.087648,0.054482,-0.001337,-0.000566,-0.000335
2.600050,0.003943,0.238012,0.046464,2.632461,0.003777,0.239310,0.046049,0.032411,-0.000167,0.001298,-0.000415
3.778384,-0.032253,0.353546,0.060024,3.729872,-0.034865,0.351584,0.060925,-0.048513,-0.002612,-0.001962,0.000901
3.743263,-0.009728,0.386216,0.059696,3.684626,-0.011944,0.378771,0.059953,-0.058637,-0.002216,-0.007445,0.000258
3.130968,0.004667,0.318913,0.056810,3.171344,0.004398,0.322266,0.057726,0.040376,-0.000269,0.003353,0.000916
2.620331,-0.006336,0.242155,0.049417,2.583014,-0.004421,0.244894,0.049322,-0.037317,0.001915,0.002740,-0.000095
2.250208,-0.013138,0.195506,0.042552,2.251585,-0.012417,0.201092,0.041995,0.001377,0.000721,0.005586,-0.000557
6.863311,-0.034684,0.634972,0.122363,6.837938,-0.031559,0.633282,0.122029,-0.025373,0.003125,-0.001691,-0.000334
2.831016,-0.017874,0.224224,0.041379,2.791661,-0.016330,0.223204,0.041317,-0.039354,0.001544,-0.001020,-0.000062
3.400741,-0.021579,0.342123,0.060341,3.366006,-0.025271,0.340749,0.060219,-0.034735,-0.003691,-0.001374,-0.000122
5.435506,-0.020435,0.391884,0.082710,5.350873,-0.018798,0.387625,0.081562,-0.084633,0.001637,-0.004259,-0.001148
3.423380,-0.025340,0.296130,0.066603,3.516762,-0.024734,0.299118,0.067342,0.093382,0.000606,0.002987,0.000739
6.624712,0.011864,0.335031,0.123979,6.560834,0.014558,0.323637,0.122145,-0.063878,0.002694,-0.011394,-0.001834
4.290951,-0.019922,0.343563,0.079439,4.329218,-0.018442,0.345255,0.079639,0.038267,0.001481,0.001692,0.000200
5.888905,-0.017903,0.364791,0.095528,5.780851,-0.016083,0.359728,0.093367,-0.108053,0.001820,-0.005063,-0.002160
5.279970,0.006277,0.239729,0.086762,5.102238,0.008741,0.232922,0.083537,-0.177732,0.002464,-0.006806,-0.003225
6.593983,-0.014292,0.481251,0.111810,6.455594,-0.007795,0.467931,0.110510,-0.138389,0.006497,-0.013319,-0.001299
5.045250,-0.019513,0.439319,0.099114,5.046855,-0.017175,0.440664,0.098405,0.001606,0.002337,0.001345,-0.000709
5.864276,-0.003585,0.363035,0.101488,5.813374,-0.003473,0.362694,0.100270,-0.050902,0.000112,-0.000341,-0.001218
2.553767,-0.032986,0.194075,0.043159,2.526639,-0.031643,0.188935,0.042705,-0.027128,0.001343,-0.005140,-0.000454
2.386852,-0.008404,0.128004,0.040497,2.432657,-0.006181,0.134252,0.040867,0.045806,0.002222,0.006248,0.000370
2.982065,-0.011713,0.227922,0.053982,2.977970,-0.010327,0.228126,0.053711,-0.004095,0.001386,0.000204,-0.000271
5.288052,0.017393,0.240494,0.101714,5.285138,0.015876,0.245777,0.101566,-0.002914,-0.001517,0.005283,-0.000148
4.271522,0.005188,0.284445,0.065495,4.269853,0.005077,0.279610,0.065386,-0.001668,-0.000111,-0.004835,-0.000109
4.228513,-0.050629,0.295619,0.060460,4.180188,-0.048213,0.298327,0.060232,-0.048325,0.002416,0.002708,-0.000228
5.155134,0.024404,0.201713,0.084075,4.990824,0.021084,0.208412,0.081687,-0.164310,-0.003320,0.006699,-0.002388
3.273033,-0.007349,0.197634,0.065882,3.268924,-0.006113,0.190992,0.065451,-0.004108,0.001236,-0.006643,-0.000431
2.939602,-0.010983,0.338639,0.054358,2.942816,-0.014746,0.340018,0.054329,0.003214,-0.003763,0.001379,-0.000029
5.209948,-0.020764,0.327351,0.094127,5.212416,-0.017788,0.333095,0.092960,0.002468,0.002976,0.005744,-0.001167
4.229708,-0.053729,0.299413,0.061571,4.195119,-0.051253,0.303382,0.061467,-0.034589,0.002476,0.003969,-0.000103
3.790532,-0.013393,0.274298,0.056091,3.702081,-0.013215,0.278027,0.056121,-0.088451,0.000178,0.003729,0.000031
2.711001,-0.016863,0.252453,0.050614,2.643786,-0.013836,0.253165,0.050374,-0.067214,0.003028,0.000712,-0.000240
2.854070,-0.047652,0.334718,0.055031,2.879133,-0.049277,0.334874,0.055573,0.025063,-0.001625,0.000156,0.000542
2.679145,-0.004101,0.287900,0.051020,2.731550,-0.000670,0.294011,0.051043,0.052405,0.003431,0.006111,0.000023
3.318678,0.018193,0.219634,0.063711,3.324022,0.010046,0.212678,0.063714,0.005344,-0.008147,-0.006957,0.000003
5.496984,-0.012929,0.395870,0.084988,5.397447,-0.015817,0.389125,0.082536,-0.099537,-0.002888,-0.006745,-0.002453
2.659918,-0.021142,0.145291,0.041592,2.675391,-0.019114,0.146460,0.041122,0.015473,0.002028,0.001170,-0.000470
3.311476,-0.002921,0.183367,0.058924,3.344641,-0.004417,0.188892,0.059226,0.033165,-0.001496,0.005526,0.000302
5.236958,0.020545,0.195650,0.081117,5.116414,0.014538,0.196186,0.079406,-0.120544,-0.006007,0.000537,-0.001711
4.658066,0.013847,0.284344,0.079909,4.562277,0.017736,0.279267,0.079299,-0.095788,0.003889,-0.005077,-0.000610
3.529368,-0.031044,0.220943,0.056223,3.485780,-0.034183,0.223248,0.055893,-0.043588,-0.003138,0.002305,-0.000330
3.733811,-0.006278,0.230811,0.069664,3.739389,-0.007310,0.231086,0.070202,0.005578,-0.001032,0.000275,0.000538
3.975335,-0.007958,0.271127,0.081410,3.967895,-0.007213,0.273197,0.079633,-0.007440,0.000745,0.002070,-0.001776
4.694778,-0.012492,0.227367,0.086446,4.652471,-0.014023,0.231998,0.085160,-0.042307,-0.001531,0.004631,-0.001286
4.113317,-0.041218,0.268131,0.070640,4.083211,-0.040936,0.269147,0.069362,-0.030106,0.000282,0.001016,-0.001278
3.629979,-0.006963,0.315494,0.053132,3.661483,-0.006187,0.319285,0.052906,0.031504,0.000775,0.003791,-0.000226
2.788310,-0.005147,0.227834,0.039623,2.825285,-0.004440,0.226377,0.041070,0.036976,0.000707,-0.001458,0.001447
3.726127,-0.012899,0.162407,0.062684,3.717218,-0.011532,0.165264,0.062271,-0.008909,0.001368,0.002857,-0.000413
2.626883,-0.008173,0.142041,0.047090,2.603740,-0.005374,0.143063,0.046332,-0.023143,0.002799,0.001022,-0.000758
4.586957,-0.006114,0.396745,0.080635,4.624992,-0.004650,0.401850,0.081020,0.038035,0.001464,0.005104,0.000385
3.705160,-0.006729,0.213922,0.064146,3.726593,-0.010426,0.214927,0.063999,0.021433,-0.003698,0.001005,-0.000147
5.469193,-0.022976,0.354301,0.103823,5.481560,-0.017326,0.359956,0.102041,0.012367,0.005650,0.005655,-0.001782
5.659656,0.034208,0.297169,0.103989,5.630491,0.032803,0.292317,0.103900,-0.029165,-0.001404,-0.004852,-0.000089
3.408650,-0.013513,0.205137,0.059033,3.362062,-0.012552,0.210354,0.058262,-0.046589,0.000961,0.005217,-0.000771
4.334018,-0.002229,0.255977,0.072605,4.332688,-0.002068,0.259442,0.071603,-0.001330,0.000161,0.003465,-0.001002
3.839218,-0.010816,0.365502,0.067095,3.900388,-0.012788,0.363881,0.067737,0.061171,-0.001972,-0.001621,0.000641
2.259851,-0.008635,0.126553,0.043283,2.237862,-0.010087,0.131107,0.042883,-0.021989,-0.001453,0.004554,-0.000400
4.842706,-0.028760,0.301538,0.076843,4.826746,-0.031742,0.292915,0.076791,-0.015959,-0.002982,-0.008623,-0.000052
2.647518,0.002004,0.133943,0.047481,2.625350,0.002319,0.132285,0.046157,-0.022168,0.000315,-0.001659,-0.001324
2.073000,-0.020142,0.203990,0.042749,2.118890,-0.019355,0.196973,0.042997,0.045890,0.000787,-0.007017,0.000248
6.399775,-0.008674,0.599106,0.116105,6.299374,-0.008567,0.595186,0.114622,-0.100401,0.000107,-0.003920,-0.001482
2.331572,-0.017048,0.214891,0.046788,2.366047,-0.014218,0.210854,0.047790,0.034476,0.002830,-0.004037,0.001002
6.347397,0.002095,0.576799,0.113793,6.265562,-0.000501,0.577135,0.113125,-0.081836,-0.002596,0.000336,-0.000668
3.812171,-0.000015,0.219997,0.069452,3.801020,-0.000401,0.223678,0.068533,-0.011151,-0.000386,0.003681,-0.000918
3.754384,0.007022,0.324398,0.057283,3.665414,0.005924,0.323771,0.056950,-0.088970,-0.001098,-0.000627,-0.000333
2.549777,-0.015571,0.222360,0.042343,2.558897,-0.018149,0.224320,0.041838,0.009121,-0.002578,0.001960,-0.000505
2.466980,-0.035712,0.247381,0.038258,2.488088,-0.036650,0.246791,0.038994,0.021108,-0.000938,-0.000590,0.000736
2.360968,-0.005874,0.208297,0.045704,2.406745,-0.009150,0.203072,0.045019,0.045778,-0.003276,-0.005225,-0.000685
5.033450,-0.030968,0.413970,0.088863,4.981792,-0.025507,0.407879,0.087542,-0.051658,0.005461,-0.006091,-0.001321
5.082198,-0.042300,0.493517,0.082337,5.048913,-0.043442,0.486196,0.081294,-0.033285,-0.001142,-0.007321,-0.001043
2.316141,-0.020860,0.159327,0.037048,2.299388,-0.020896,0.159827,0.036756,-0.016753,-0.000036,0.000500,-0.000292
5.422889,-0.038920,0.348326,0.095588,5.423029,-0.035333,0.351084,0.094822,0.000140,0.003587,0.002759,-0.000766
5.101770,0.014064,0.389111,0.077239,5.025193,0.014275,0.378563,0.076415,-0.076577,0.000211,-0.010548,-0.000825
2.156948,-0.004790,0.173826,0.036655,2.125179,-0.007933,0.171680,0.036368,-0.031769,-0.003143,-0.002145,-0.000287
5.995882,0.005817,0.285019,0.117143,5.967401,0.007041,0.286994,0.115889,-0.028481,0.001224,0.001975,-0.001254
4.493769,-0.024321,0.264947,0.080273,4.487055,-0.022468,0.269558,0.079649,-0.006714,0.001852,0.004611,-0.000624
3.155208,-0.001843,0.305466,0.053958,3.162447,-0.002051,0.309689,0.053217,0.007239,-0.000207,0.004223,-0.000741
2.428555,-0.020512,0.242376,0.044566,2.382516,-0.022288,0.239635,0.043925,-0.046038,-0.001776,-0.002741,-0.000641
2.144239,-0.024542,0.178851,0.038020,2.164487,-0.021708,0.175264,0.038456,0.020248,0.002834,-0.003587,0.000436
5.983122,0.014153,0.363033,0.100198,5.903094,0.003539,0.363085,0.099560,-0.080028,-0.010614,0.000052,-0.000638
3.410276,0.001319,0.315196,0.058255,3.327047,-0.000540,0.311438,0.057952,-0.083230,-0.001860,-0.003757,-0.000303
5.905166,-0.013697,0.439515,0.099647,5.856826,-0.015252,0.441218,0.099299,-0.048340,-0.001555,0.001703,-0.000348
2.561177,-0.023721,0.251122,0.043060,2.565187,-0.022650,0.246841,0.042333,0.004010,0.001071,-0.004280,-0.000727
2.914109,-0.071824,0.289359,0.048983,2.861091,-0.066647,0.292697,0.048601,-0.053018,0.005178,0.003338,-0.000382
4.748486,-0.036188,0.413716,0.076060,4.717615,-0.035017,0.400530,0.076175,-0.030871,0.001171,-0.013186,0.000115
4.290436,-0.024022,0.311078,0.070276,4.268076,-0.025318,0.313329,0.070118,-0.022359,-0.001295,0.002251,-0.000157
3.434096,-0.019291,0.260838,0.054161,3.428922,-0.019261,0.262160,0.054854,-0.005173,0.000030,0.001322,0.000693
4.968115,0.015798,0.334272,0.079912,4.895165,0.012316,0.332628,0.078226,-0.072950,-0.003482,-0.001644,-0.001687
4.673593,-0.031974,0.366544,0.069582,4.674258,-0.031246,0.374439,0.069542,0.000665,0.000729,0.007895,-0.000041
4.141438,0.001663,0.169546,0.070367,4.128939,0.000493,0.162043,0.070695,-0.012499,-0.001170,-0.007503,0.000328
5.626271,0.020903,0.477434,0.100914,5.682078,0.021757,0.476898,0.101820,0.055807,0.000855,-0.000535,0.000906
2.226152,-0.016420,0.162290,0.036982,2.195188,-0.015549,0.161917,0.036620,-0.030964,0.000871,-0.000373,-0.000362
3.086357,-0.011885,0.209522,0.062789,3.016121,-0.008999,0.207429,0.062441,-0.070236,0.002885,-0.002092,-0.000348
2.297028,-0.009258,0.140264,0.035695,2.247681,-0.007042,0.142983,0.036743,-0.049346,0.002216,0.002719,0.001048
3.797628,-0.023633,0.293266,0.063543,3.824627,-0.024365,0.290481,0.063805,0.026999,-0.000733,-0.002786,0.000262
2.364550,-0.020623,0.130440,0.044219,2.342612,-0.017680,0.138740,0.042750,-0.021939,0.002944,0.008300,-0.001469
3.438631,0.014773,0.190160,0.064685,3.410121,0.012642,0.190570,0.064402,-0.028510,-0.002130,0.000409,-0.000283
2.214122,-0.015834,0.162203,0.036541,2.176141,-0.017216,0.159967,0.036001,-0.037982,-0.001381,-0.002236,-0.000540
4.414041,-0.031937,0.479243,0.092806,4.537039,-0.034031,0.476403,0.093076,0.122998,-0.002094,-0.002839,0.000270
4.975664,0.030985,0.219292,0.094514,4.893918,0.030655,0.226227,0.093611,-0.081746,-0.000330,0.006935,-0.000903
2.892984,-0.012430,0.250942,0.048644,2.827621,-0.011511,0.244980,0.047504,-0.065363,0.000919,-0.005962,-0.001140
2.876537,-0.000776,0.229481,0.047823,2.882176,-0.001237,0.229193,0.047109,0.005639,-0.000462,-0.000288,-0.000714
1.681923,-0.004553,0.083213,0.025263,1.624337,-0.004431,0.075680,0.024460,-0.057586,0.000122,-0.007533,-0.000803
4.583034,0.018807,0.188425,0.071766,4.544317,0.019305,0.187113,0.071453,-0.038717,0.000498,-0.001312,-0.000313
3.180507,0.001353,0.311803,0.050653,3.219384,0.002154,0.313527,0.050717,0.038877,0.000800,0.001724,0.000065
2.246409,-0.023803,0.211697,0.042548,2.237554,-0.024578,0.216852,0.042636,-0.008856,-0.000775,0.005155,0.000088
2.436867,-0.001368,0.151610,0.047530,2.417554,-0.001316,0.151404,0.046993,-0.019313,0.000052,-0.000205,-0.000537
5.023143,-0.023200,0.386836,0.080558,4.968707,-0.025127,0.381111,0.078624,-0.054436,-0.001927,-0.005725,-0.001934
4.052859,-0.037117,0.246188,0.064303,3.993343,-0.039810,0.245714,0.064266,-0.059516,-0.002693,-0.000474,-0.000037
2.531860,-0.009475,0.148538,0.050248,2.463069,-0.011937,0.146830,0.049609,-0.068791,-0.002462,-0.001707,-0.000639
5.283875,-0.024806,0.389534,0.089757,5.299220,-0.023618,0.400471,0.091406,0.015344,0.001189,0.010937,0.001649
5.143701,0.007909,0.263770,0.074491,4.991941,0.003013,0.259460,0.073101,-0.151760,-0.004896,-0.004310,-0.001390
2.924161,-0.017897,0.257770,0.043515,2.935260,-0.017714,0.257269,0.042632,0.011098,0.000183,-0.000500,-0.000883
4.754631,0.001652,0.259340,0.073600,4.771029,-0.000270,0.263078,0.073594,0.016398,-0.001922,0.003738,-0.000007
6.506183,-0.048375,0.509137,0.109766,6.448593,-0.047204,0.498220,0.108189,-0.057590,0.001171,-0.010917,-0.001577
7.049085,-0.018065,0.463981,0.128601,7.024328,-0.017651,0.462646,0.125836,-0.024757,0.000415,-0.001335,-0.002766
3.646521,-0.002005,0.212619,0.069113,3.693657,-0.001611,0.213147,0.068548,0.047136,0.000394,0.000528,-0.000565
5.839487,-0.032377,0.442758,0.098636,5.755941,-0.032097,0.450093,0.096661,-0.083546,0.000280,0.007335,-0.001975
5.311958,-0.028554,0.457337,0.088396,5.389229,-0.028920,0.471502,0.091047,0.077271,-0.000366,0.014165,0.002651
2.458622,0.002820,0.161940,0.038295,2.470226,-0.000812,0.165988,0.038669,0.011603,-0.003631,0.004048,0.000375
4.770206,-0.013477,0.313726,0.081212,4.856833,-0.018077,0.317583,0.081780,0.086627,-0.004599,0.003857,0.000568
3.741403,-0.034735,0.426780,0.063271,3.789847,-0.029711,0.421689,0.063121,0.048444,0.005024,-0.005091,-0.000150
2.666508,-0.006809,0.206240,0.051006,2.679648,-0.001383,0.205613,0.050692,0.013139,0.005426,-0.000627,-0.000314
6.113434,-0.027475,0.364443,0.096972,6.020042,-0.027135,0.360291,0.095493,-0.093392,0.000341,-0.004152,-0.001479
4.812851,-0.027663,0.372995,0.075776,4.817911,-0.025529,0.371813,0.076329,0.005060,0.002135,-0.001182,0.000553
6.020909,-0.016108,0.520659,0.114519,6.008540,-0.012375,0.522208,0.114444,-0.012369,0.003733,0.001549,-0.000075
3.660172,0.008407,0.234524,0.073045,3.650911,0.005882,0.236382,0.072465,-0.009262,-0.002525,0.001858,-0.000580
4.225260,0.014780,0.205340,0.080138,4.334667,0.012552,0.207979,0.081762,0.109407,-0.002228,0.002639,0.001624
4.624263,-0.007137,0.201009,0.085823,4.604058,-0.004917,0.202541,0.084644,-0.020205,0.002220,0.001533,-0.001180
3.043375,0.000262,0.191232,0.057789,3.077125,-0.003289,0.193408,0.058318,0.033750,-0.003550,0.002176,0.000529
5.439386,0.005472,0.473825,0.095414,5.447305,0.005406,0.476548,0.094813,0.007919,-0.000066,0.002723,-0.000601
5.736513,-0.003646,0.374933,0.080977,5.632408,-0.004126,0.356239,0.080097,-0.104105,-0.000480,-0.018694,-0.000880
3.250976,0.002299,0.128666,0.051103,3.226232,-0.000247,0.131513,0.051185,-0.024744,-0.002545,0.002847,0.000082
3.032894,-0.004025,0.173013,0.056355,3.022401,-0.005928,0.177522,0.055779,-0.010493,-0.001903,0.004509,-0.000577
3.065996,-0.007492,0.305611,0.053164,3.003973,-0.009213,0.293453,0.053206,-0.062023,-0.001721,-0.012158,0.000041
3.021518,-0.011307,0.215630,0.048840,3.044311,-0.007305,0.222635,0.049479,0.022793,0.004002,0.007004,0.000638
4.249703,-0.028122,0.336892,0.067127,4.310365,-0.030152,0.338179,0.067075,0.060662,-0.002030,0.001288,-0.000052
4.909689,-0.044289,0.380527,0.083357,4.827446,-0.047684,0.381010,0.083554,-0.082243,-0.003395,0.000483,0.000197
2.490863,-0.023277,0.182899,0.044837,2.461716,-0.022410,0.180923,0.043638,-0.029146,0.000867,-0.001976,-0.001200
4.886661,-0.008056,0.300264,0.092575,4.921108,-0.007337,0.309014,0.092808,0.034447,0.000719,0.008750,0.000234
4.431207,-0.008438,0.204621,0.083439,4.413866,-0.008571,0.203093,0.081612,-0.017341,-0.000133,-0.001527,-0.001827
6.506869,-0.012502,0.324839,0.120371,6.402144,-0.012781,0.336009,0.117636,-0.104725,-0.000278,0.011170,-0.002735
4.005288,-0.022775,0.338164,0.073624,3.972870,-0.026522,0.340789,0.073446,-0.032417,-0.003747,0.002625,-0.000179
2.390982,-0.012154,0.206231,0.047952,2.438105,-0.013039,0.203070,0.048389,0.047123,-0.000886,-0.003161,0.000437
2.097322,-0.007444,0.107584,0.037020,2.053358,-0.006432,0.109161,0.036830,-0.043963,0.001011,0.001577,-0.000191
4.819388,-0.036092,0.427578,0.092240,4.783998,-0.034287,0.424801,0.092076,-0.035390,0.001805,-0.002777,-0.000163
4.792161,-0.029227,0.202081,0.081516,4.774746,-0.024490,0.212947,0.079989,-0.017415,0.004736,0.010866,-0.001527
5.845377,0.005566,0.261686,0.106725,5.836950,0.004852,0.262378,0.106924,-0.008427,-0.000714,0.000692,0.000199
4.387071,-0.011485,0.248901,0.072319,4.368670,-0.012203,0.249907,0.071404,-0.018401,-0.000718,0.001005,-0.000916
1.831274,-0.003299,0.089550,0.028210,1.785845,-0.004824,0.084852,0.027674,-0.045429,-0.001525,-0.004698,-0.000535
2.836182,-0.012218,0.178211,0.052390,2.837016,-0.011124,0.176964,0.052538,0.000835,0.001093,-0.001247,0.000147
2.903219,-0.010666,0.216283,0.038440,2.911896,-0.010744,0.216649,0.038056,0.008678,-0.000078,0.000366,-0.000384
6.365464,0.009518,0.280707,0.119687,6.341497,0.009990,0.291239,0.118551,-0.023967,0.000473,0.010531,-0.001137
5.043112,-0.005301,0.384109,0.083736,4.934438,-0.006448,0.379764,0.083230,-0.108675,-0.001147,-0.004345,-0.000506
3.033567,-0.009486,0.228710,0.053685,3.049336,-0.009275,0.232531,0.053295,0.015769,0.000211,0.003820,-0.000390
3.665470,0.001210,0.305812,0.051551,3.659963,0.001771,0.310817,0.051535,-0.005507,0.000561,0.005004,-0.000016
5.210599,-0.034282,0.353374,0.084876,5.154202,-0.030519,0.349979,0.085404,-0.056398,0.003763,-0.003394,0.000528
5.919820,-0.005643,0.360570,0.103781,5.862733,-0.009445,0.359200,0.103045,-0.057086,-0.003802,-0.001370,-0.000736
2.742895,-0.010241,0.240599,0.046793,2.661196,-0.013917,0.235203,0.045979,-0.081699,-0.003676,-0.005397,-0.000813
3.341432,-0.000160,0.197282,0.066463,3.405468,-0.000435,0.202996,0.066094,0.064037,-0.000275,0.005713,-0.000369
2.681630,-0.034190,0.230959,0.045382,2.679102,-0.034794,0.237707,0.044264,-0.002527,-0.000604,0.006749,-0.001118
3.486520,-0.000917,0.338685,0.053947,3.519762,0.000984,0.333187,0.054435,0.033242,0.001901,-0.005498,0.000488
4.867754,0.017279,0.208952,0.084468,4.774496,0.016235,0.208186,0.082769,-0.093257,-0.001044,-0.000766,-0.001699
2.686873,-0.020803,0.221355,0.043882,2.665999,-0.024268,0.222156,0.042633,-0.020875,-0.003465,0.000801,-0.001249
4.381953,-0.035347,0.430884,0.085900,4.342740,-0.037016,0.425199,0.085158,-0.039213,-0.001669,-0.005686,-0.000741
3.391575,-0.017584,0.340975,0.056250,3.406434,-0.018083,0.336989,0.056640,0.014858,-0.000499,-0.003986,0.000391
3.295151,-0.005203,0.423009,0.068622,3.283513,-0.007178,0.419028,0.068309,-0.011638,-0.001975,-0.003981,-0.000313
4.799897,-0.049843,0.403601,0.086075,4.803910,-0.050678,0.396967,0.084636,0.004013,-0.000835,-0.006635,-0.001439
1.857033,-0.009860,0.116610,0.036454,1.850075,-0.009030,0.117390,0.035760,-0.006958,0.000831,0.000780,-0.000694
3.434900,-0.012942,0.344653,0.057515,3.435398,-0.014177,0.340325,0.057517,0.000499,-0.001235,-0.004329,0.000001
2.878677,-0.007985,0.167638,0.053928,2.851899,-0.007816,0.167551,0.053362,-0.026778,0.000169,-0.000087,-0.000565
2.135530,-0.009188,0.182086,0.040002,2.166842,-0.005286,0.185022,0.040096,0.031311,0.003902,0.002935,0.000093
2.119443,-0.011299,0.135071,0.031055,2.083726,-0.010028,0.140089,0.031521,-0.035717,0.001272,0.005018,0.000466
5.120538,0.000379,0.288877,0.082378,5.027398,-0.000523,0.281589,0.080136,-0.093140,-0.000903,-0.007288,-0.002242
5.677814,-0.034433,0.452984,0.093845,5.600517,-0.034288,0.449114,0.092373,-0.077296,0.000145,-0.003870,-0.001472
5.396561,-0.016100,0.277146,0.101769,5.407919,-0.016593,0.286615,0.100985,0.011359,-0.000493,0.009468,-0.000785
3.573717,-0.014368,0.265255,0.057963,3.603884,-0.013035,0.266133,0.057836,0.030168,0.001333,0.000878,-0.000127
2.226535,-0.013407,0.112980,0.037021,2.158899,-0.014869,0.113990,0.036442,-0.067636,-0.001462,0.001010,-0.000579
4.367358,-0.014136,0.173707,0.068372,4.337018,-0.018175,0.180639,0.067860,-0.030340,-0.004039,0.006932,-0.000512
5.812603,-0.006693,0.273263,0.095516,5.646521,0.001960,0.268010,0.092399,-0.166083,0.008653,-0.005253,-0.003116
1.935533,-0.008349,0.134746,0.032686,1.928976,-0.008356,0.138821,0.033147,-0.006558,-0.000007,0.004075,0.000461
2.134228,-0.017025,0.164037,0.036363,2.152851,-0.017978,0.161093,0.036392,0.018623,-0.000953,-0.002944,0.000029
2.041665,-0.020234,0.183945,0.033143,2.005901,-0.019800,0.182751,0.033940,-0.035763,0.000434,-0.001194,0.000798
3.326020,-0.016233,0.200981,0.059717,3.281088,-0.018158,0.198891,0.058591,-0.044932,-0.001924,-0.002091,-0.001127
3.335392,0.006433,0.336361,0.062967,3.312697,0.001909,0.332475,0.062073,-0.022695,-0.004524,-0.003886,-0.000895
2.604899,0.005928,0.178143,0.043138,2.676135,0.003274,0.179152,0.043095,0.071236,-0.002653,0.001009,-0.000043
4.145145,-0.040195,0.404964,0.073288,4.133284,-0.040163,0.401198,0.073775,-0.011862,0.000031,-0.003766,0.000488
4.911273,-0.000234,0.244669,0.096071,4.855772,0.000057,0.235206,0.094467,-0.055501,0.000291,-0.009463,-0.001603
5.895878,-0.043172,0.547991,0.097236,5.832687,-0.039663,0.535040,0.096202,-0.063191,0.003508,-0.012950,-0.001034
2.944291,-0.016798,0.208323,0.047385,2.927841,-0.017050,0.211459,0.047082,-0.016450,-0.000253,0.003136,-0.000303
4.905050,-0.008101,0.350474,0.080306,4.851762,-0.004227,0.343437,0.079459,-0.053288,0.003873,-0.007037,-0.000847
4.995436,-0.009872,0.491740,0.094341,4.941551,-0.011255,0.500998,0.093747,-0.053885,-0.001382,0.009258,-0.000593
4.249817,-0.024408,0.296990,0.068720,4.229169,-0.027451,0.303946,0.068548,-0.020648,-0.003042,0.006956,-0.000172
3.515025,-0.014854,0.209251,0.057582,3.543643,-0.014063,0.211561,0.057089,0.028619,0.000791,0.002310,-0.000493
6.658986,0.005562,0.328060,0.119430,6.615081,0.006647,0.319495,0.117670,-0.043905,0.001085,-0.008564,-0.001759
4.024117,-0.016466,0.233468,0.068134,3.981992,-0.012152,0.231560,0.067442,-0.042125,0.004314,-0.001907,-0.000692
3.234041,-0.032172,0.277307,0.058877,3.223727,-0.031347,0.267578,0.058464,-0.010315,0.000825,-0.009728,-0.000413
2.187132,-0.015966,0.185475,0.037022,2.199328,-0.011436,0.182212,0.037083,0.012196,0.004531,-0.003263,0.000061
3.617504,-0.024118,0.277636,0.059082,3.588262,-0.024512,0.278554,0.059504,-0.029242,-0.000393,0.000918,0.000422
4.702902,-0.031236,0.385946,0.080064,4.708890,-0.027564,0.388559,0.080839,0.005988,0.003672,0.002613,0.000775
3.510584,-0.026751,0.235127,0.070616,3.503332,-0.029338,0.238772,0.069988,-0.007252,-0.002587,0.003645,-0.000628
5.125924,-0.063368,0.441003,0.077735,5.280093,-0.067073,0.437004,0.078219,0.154169,-0.003705,-0.003999,0.000485
4.054521,-0.015432,0.202232,0.062868,4.032012,-0.016895,0.208488,0.062046,-0.022509,-0.001463,0.006256,-0.000822
2.508107,-0.026494,0.182748,0.041687,2.478997,-0.029947,0.188172,0.041828,-0.029110,-0.003453,0.005424,0.000140
4.918959,0.013681,0.363378,0.088929,4.890015,0.013374,0.356086,0.088314,-0.028944,-0.000307,-0.007292,-0.000615
5.812272,-0.006708,0.248169,0.087391,5.666649,-0.007233,0.245575,0.086169,-0.145623,-0.000525,-0.002594,-0.001222
5.898518,-0.035216,0.425752,0.090448,5.779046,-0.039459,0.422131,0.088558,-0.119472,-0.004243,-0.003622,-0.001890
3.073882,-0.020284,0.279333,0.049206,3.062056,-0.017774,0.270104,0.049643,-0.011826,0.002509,-0.009229,0.000437
2.800148,-0.011494,0.225079,0.049066,2.779318,-0.011877,0.221121,0.049202,-0.020830,-0.000383,-0.003958,0.000135
6.489334,-0.002895,0.477773,0.113663,6.401314,-0.002364,0.478623,0.112696,-0.088020,0.000531,0.000850,-0.000967
2.159682,-0.020665,0.175958,0.030284,2.130953,-0.021888,0.175552,0.029464,-0.028730,-0.001223,-0.000406,-0.000820
4.204751,0.024844,0.449273,0.077635,4.191023,0.025519,0.441092,0.076971,-0.013727,0.000676,-0.008181,-0.000664
4.039512,-0.039459,0.247511,0.062870,4.031027,-0.041929,0.244016,0.063490,-0.008484,-0.002471,-0.003495,0.000620
5.290697,0.003237,0.226691,0.090935,5.217141,0.003233,0.223604,0.089584,-0.073556,-0.000004,-0.003086,-0.001352
5.711647,-0.012601,0.388413,0.094316,5.660456,-0.012417,0.373715,0.093567,-0.051191,0.000184,-0.014698,-0.000749
1.928346,-0.017914,0.191885,0.037131,1.942971,-0.017196,0.192030,0.036452,0.014625,0.000718,0.000145,-0.000679
2.345185,0.000481,0.162464,0.037657,2.350059,-0.001346,0.161618,0.038072,0.004874,-0.001826,-0.000846,0.000415
5.957980,-0.035871,0.585529,0.103757,5.963328,-0.032903,0.578114,0.102836,0.005349,0.002967,-0.007415,-0.000921
1.990643,-0.002616,0.110053,0.036838,1.979379,-0.003197,0.111235,0.036584,-0.011264,-0.000581,0.001182,-0.000254
2.836611,-0.010024,0.227856,0.043607,2.789749,-0.011252,0.230851,0.043632,-0.046862,-0.001227,0.002995,0.000025
2.242036,-0.021461,0.157125,0.036792,2.191126,-0.019642,0.156434,0.036362,-0.050910,0.001820,-0.000692,-0.000430
2.740781,0.004111,0.206086,0.050522,2.720448,0.002643,0.201814,0.050196,-0.020333,-0.001468,-0.004273,-0.000326
2.842743,-0.017371,0.239518,0.053443,2.862828,-0.012738,0.238904,0.053730,0.020085,0.004632,-0.000614,0.000287
3.789136,-0.001156,0.305056,0.049561,3.796515,0.002541,0.303365,0.049748,0.007378,0.003697,-0.001692,0.000187
6.382834,-0.029032,0.587543,0.106871,6.309960,-0.026574,0.574078,0.107007,-0.072875,0.002458,-0.013465,0.000136
5.955949,0.009325,0.285434,0.116340,5.923610,0.008004,0.285179,0.116090,-0.032339,-0.001321,-0.000255,-0.000249
5.632073,0.025469,0.252886,0.104052,5.579076,0.027307,0.249364,0.102595,-0.052997,0.001837,-0.003522,-0.001457
1.954682,-0.015749,0.123565,0.029888,1.935974,-0.013421,0.121591,0.029121,-0.018708,0.002328,-0.001974,-0.000767
1.859711,-0.009748,0.087520,0.029432,1.857609,-0.009246,0.086054,0.028566,-0.002102,0.000501,-0.001465,-0.000865
3.478125,-0.012308,0.204026,0.057655,3.464727,-0.013125,0.202080,0.057339,-0.013397,-0.000818,-0.001945,-0.000316
3.515409,-0.002844,0.287038,0.054993,3.455478,-0.002121,0.291120,0.053987,-0.059932,0.000722,0.004082,-0.001006
5.776953,-0.009684,0.492242,0.095371,5.730075,-0.010582,0.493136,0.095580,-0.046878,-0.000898,0.000893,0.000208
5.446281,0.013955,0.258584,0.103285,5.391345,0.011103,0.260115,0.101515,-0.054936,-0.002852,0.001531,-0.001771
4.414701,0.011361,0.219847,0.088731,4.380990,0.013228,0.224805,0.088074,-0.033711,0.001866,0.004958,-0.000657
3.306646,-0.004623,0.283234,0.062243,3.286206,-0.005650,0.279531,0.061894,-0.020440,-0.001027,-0.003703,-0.000349
1.716202,-0.015637,0.159356,0.028268,1.699292,-0.015217,0.157188,0.027793,-0.016910,0.000420,-0.002168,-0.000475
2.680126,-0.010127,0.194279,0.045416,2.642270,-0.008574,0.193574,0.044373,-0.037856,0.001553,-0.000705,-0.001043
4.552748,-0.002344,0.443253,0.090329,4.535233,-0.001029,0.442162,0.088545,-0.017515,0.001314,-0.001091,-0.001784
5.411190,0.004077,0.386556,0.079165,5.351462,0.001914,0.379855,0.079193,-0.059728,-0.002163,-0.006700,0.000028
4.478998,0.008600,0.485334,0.081750,4.405729,0.011136,0.482113,0.081026,-0.073268,0.002536,-0.003221,-0.000724
5.105264,0.019081,0.274108,0.081085,4.968774,0.020266,0.269719,0.078035,-0.136490,0.001185,-0.004388,-0.003050
2.638272,-0.028562,0.225519,0.037666,2.567303,-0.027855,0.227641,0.037495,-0.070969,0.000707,0.002122,-0.000171
3.525720,-0.001196,0.269714,0.052745,3.550544,-0.004429,0.270104,0.053225,0.024824,-0.003233,0.000390,0.000481
2.331127,-0.025551,0.199381,0.038966,2.328397,-0.025999,0.205386,0.039472,-0.002730,-0.000448,0.006004,0.000505
5.509490,-0.012079,0.333459,0.098010,5.552700,-0.016489,0.337194,0.098376,0.043210,-0.004410,0.003735,0.000366
3.984334,-0.023196,0.238444,0.070271,3.945236,-0.021485,0.240281,0.069658,-0.039098,0.001711,0.001837,-0.000613
4.916659,-0.015576,0.550741,0.098717,4.928965,-0.015295,0.536247,0.097181,0.012305,0.000281,-0.014493,-0.001536
4.196862,0.004475,0.311806,0.067819,4.151001,0.001309,0.314808,0.067238,-0.045861,-0.003166,0.003003,-0.000581
3.260985,0.004109,0.183073,0.059106,3.261462,-0.001278,0.186504,0.059099,0.000477,-0.005388,0.003431,-0.000007
3.638223,-0.008901,0.268672,0.061232,3.615597,-0.009866,0.270317,0.060898,-0.022626,-0.000965,0.001645,-0.000333
1.891824,-0.008156,0.119274,0.036851,1.865867,-0.007923,0.116129,0.036299,-0.025957,0.000234,-0.003145,-0.000553
2.636419,-0.023378,0.313506,0.054846,2.674767,-0.021611,0.318135,0.055161,0.038348,0.001766,0.004628,0.000315
4.392986,-0.004158,0.259722,0.065796,4.316989,-0.004598,0.262835,0.065483,-0.075996,-0.000440,0.003113,-0.000314
2.958909,-0.016667,0.286337,0.049499,2.970872,-0.017126,0.283616,0.049444,0.011964,-0.000459,-0.002721,-0.000055
2.640574,-0.009346,0.149474,0.048402,2.622141,-0.008515,0.148660,0.047658,-0.018433,0.000832,-0.000814,-0.000744
4.504292,-0.000795,0.273139,0.071012,4.492108,-0.004434,0.271476,0.071909,-0.012184,-0.003639,-0.001663,0.000897
3.397174,-0.000215,0.215678,0.052628,3.392100,-0.003976,0.216132,0.052645,-0.005074,-0.003761,0.000454,0.000017
1.920524,-0.012698,0.143902,0.032835,1.905695,-0.013384,0.141007,0.033154,-0.014829,-0.000687,-0.002895,0.000319
5.659024,0.007450,0.332340,0.097122,5.616427,0.005792,0.330379,0.095357,-0.042596,-0.001658,-0.001961,-0.001765
3.697700,-0.000693,0.152401,0.064664,3.691067,0.001049,0.153663,0.064889,-0.006634,0.001742,0.001262,0.000226
4.971202,0.024291,0.269350,0.100073,4.918496,0.023425,0.270840,0.098280,-0.052706,-0.000866,0.001490,-0.001793
4.528062,-0.015251,0.424736,0.082491,4.564898,-0.012996,0.424982,0.083216,0.036836,0.002255,0.000246,0.000725
2.484861,-0.008549,0.151488,0.047062,2.499703,-0.009401,0.156657,0.046770,0.014843,-0.000852,0.005169,-0.000292
2.777328,-0.009523,0.216378,0.047715,2.773185,-0.013131,0.212957,0.047348,-0.004143,-0.003608,-0.003421,-0.000367
4.291503,-0.005720,0.283391,0.080124,4.269280,-0.006855,0.288376,0.079568,-0.022223,-0.001135,0.004985,-0.000557
4.886554,-0.053910,0.323744,0.090181,4.814732,-0.046748,0.322752,0.087466,-0.071822,0.007162,-0.000993,-0.002715
2.713637,-0.014019,0.220928,0.044311,2.683876,-0.009693,0.216660,0.044345,-0.029761,0.004326,-0.004268,0.000034
5.964598,-0.010167,0.354905,0.081453,5.765946,-0.010931,0.356113,0.079599,-0.198652,-0.000764,0.001208,-0.001854
2.761392,-0.024343,0.276262,0.045631,2.763340,-0.020813,0.271576,0.046261,0.001948,0.003530,-0.004686,0.000631
3.529228,-0.004717,0.233654,0.056595,3.541517,-0.005344,0.237633,0.056829,0.012289,-0.000627,0.003979,0.000234
3.025922,-0.035200,0.334701,0.055413,3.041781,-0.033918,0.335510,0.055920,0.015859,0.001282,0.000809,0.000507
4.398437,-0.015406,0.188248,0.076474,4.403320,-0.018115,0.194613,0.076699,0.004884,-0.002709,0.006365,0.000225
5.123801,-0.027215,0.463656,0.079224,5.092319,-0.026991,0.449104,0.078002,-0.031482,0.000223,-0.014552,-0.001222
2.318946,-0.007035,0.196754,0.038192,2.276995,-0.009264,0.189330,0.037342,-0.041950,-0.002228,-0.007424,-0.000850
3.803693,-0.013631,0.327993,0.059530,3.780028,-0.013219,0.326363,0.059488,-0.023665,0.000412,-0.001630,-0.000042
7.302524,-0.008462,0.714297,0.132616,7.298107,-0.010028,0.698202,0.132488,-0.004417,-0.001566,-0.016095,-0.000128
2.968311,-0.012983,0.244548,0.052706,2.896896,-0.013302,0.233580,0.051698,-0.071415,-0.000318,-0.010969,-0.001008
5.646293,-0.012344,0.416869,0.096989,5.644749,-0.017180,0.415754,0.097287,-0.001544,-0.004836,-0.001114,0.000298
1.972916,-0.009597,0.095461,0.031368,1.985345,-0.008314,0.091840,0.031443,0.012428,0.001283,-0.003621,0.000075
2.243649,-0.003393,0.209564,0.040344,2.223082,-0.005847,0.206863,0.039861,-0.020567,-0.002455,-0.002701,-0.000482
3.717749,-0.003892,0.378499,0.062056,3.693278,-0.002210,0.375302,0.061952,-0.024472,0.001682,-0.003197,-0.000104
5.444146,0.015780,0.244749,0.096837,5.408686,0.007775,0.251849,0.097999,-0.035460,-0.008006,0.007100,0.001162
2.156815,-0.020232,0.128891,0.037994,2.143420,-0.021670,0.128620,0.037640,-0.013394,-0.001438,-0.000271,-0.000354
3.194675,0.011337,0.169083,0.058666,3.231736,0.011999,0.177047,0.059184,0.037060,0.000661,0.007964,0.000518
3.283027,-0.011369,0.292073,0.052051,3.381065,-0.009975,0.298139,0.052851,0.098038,0.001393,0.006067,0.000800
3.207162,0.004501,0.253502,0.051416,3.202828,0.003656,0.259215,0.051472,-0.004334,-0.000845,0.005712,0.000056
3.860834,0.005133,0.457168,0.075013,3.826263,0.000396,0.448784,0.074045,-0.034570,-0.004737,-0.008384,-0.000968
3.675953,-0.006437,0.233129,0.072771,3.711226,-0.006434,0.237997,0.071968,0.035272,0.000004,0.004867,-0.000803
3.978323,-0.026126,0.271827,0.074686,3.925267,-0.018125,0.266975,0.074259,-0.053056,0.008001,-0.004853,-0.000427
3.261167,-0.005373,0.330532,0.053956,3.311805,-0.005378,0.334419,0.054863,0.050639,-0.000005,0.003888,0.000907
2.689931,-0.036535,0.228910,0.045140,2.713449,-0.039007,0.229367,0.043739,0.023518,-0.002471,0.000457,-0.001401
3.581772,-0.010285,0.182583,0.057228,3.573138,-0.009967,0.192277,0.057422,-0.008634,0.000318,0.009694,0.000194
4.393501,-0.022855,0.415820,0.080554,4.407972,-0.023651,0.409560,0.080010,0.014471,-0.000795,-0.006260,-0.000543
2.131062,-0.022713,0.122631,0.035687,2.118172,-0.020806,0.121099,0.035094,-0.012890,0.001907,-0.001531,-0.000593
4.973619,-0.031472,0.415092,0.092911,4.975162,-0.029996,0.410448,0.092597,0.001543,0.001476,-0.004644,-0.000313
6.334730,-0.024902,0.430925,0.115938,6.332244,-0.018893,0.430174,0.114415,-0.002486,0.006009,-0.000751,-0.001523
4.256421,0.002671,0.369333,0.077693,4.255800,0.002361,0.368955,0.077765,-0.000621,-0.000310,-0.000379,0.000071
5.993157,0.005003,0.492315,0.111370,5.961986,0.001378,0.484829,0.110306,-0.031171,-0.003625,-0.007486,-0.001065
2.419958,-0.020906,0.232016,0.039953,2.437312,-0.020779,0.231434,0.039560,0.017354,0.000127,-0.000583,-0.000393
4.124058,-0.038022,0.397866,0.080793,4.159173,-0.036354,0.408130,0.080654,0.035114,0.001668,0.010265,-0.000140
2.526475,-0.026408,0.265766,0.045550,2.526411,-0.025023,0.266766,0.046182,-0.000064,0.001385,0.001000,0.000632
2.317028,-0.017354,0.184188,0.034150,2.277800,-0.017597,0.185299,0.034158,-0.039228,-0.000243,0.001111,0.000008
5.563502,-0.004278,0.465940,0.083868,5.358553,-0.007125,0.452933,0.080818,-0.204949,-0.002847,-0.013006,-0.003050
6.852001,-0.014793,0.581529,0.114446,6.791615,-0.020426,0.582252,0.114343,-0.060386,-0.005633,0.000723,-0.000103
2.223784,-0.016390,0.188956,0.037894,2.199263,-0.017138,0.189246,0.037339,-0.024521,-0.000748,0.000290,-0.000555
3.054628,-0.001148,0.368256,0.060231,3.063052,-0.003631,0.357443,0.059474,0.008424,-0.002483,-0.010813,-0.000757
3.675689,0.008172,0.144243,0.062666,3.625554,0.006946,0.149440,0.061878,-0.050135,-0.001226,0.005197,-0.000788
3.552299,0.004460,0.157793,0.059988,3.559546,0.007894,0.157506,0.059640,0.007247,0.003434,-0.000287,-0.000348
5.879012,-0.025756,0.480113,0.108660,5.852222,-0.017618,0.479462,0.107558,-0.026790,0.008137,-0.000651,-0.001102
7.060059,-0.007517,0.555674,0.131073,6.953104,-0.010987,0.550912,0.128367,-0.106955,-0.003469,-0.004762,-0.002706
2.828554,-0.021581,0.190852,0.052912,2.844354,-0.022142,0.187249,0.052462,0.015800,-0.000561,-0.003603,-0.000450
4.777412,-0.014275,0.405993,0.077319,4.724169,-0.009423,0.405708,0.078006,-0.053243,0.004852,-0.000285,0.000687
4.378177,0.001455,0.206868,0.071719,4.355554,0.006430,0.204871,0.070866,-0.022623,0.004975,-0.001997,-0.000852
4.147239,-0.025349,0.240288,0.068868,4.126347,-0.026669,0.245611,0.068381,-0.020892,-0.001320,0.005323,-0.000486
5.933326,-0.018406,0.418000,0.095308,5.917178,-0.017429,0.421136,0.093271,-0.016148,0.000978,0.003135,-0.002037
2.099151,-0.010605,0.143693,0.033962,2.096517,-0.012311,0.144807,0.034356,-0.002634,-0.001706,0.001113,0.000394
3.901817,-0.008331,0.283872,0.061857,3.896499,-0.010759,0.289606,0.062158,-0.005318,-0.002427,0.005734,0.000301
2.841254,-0.031529,0.292273,0.046038,2.822826,-0.026615,0.283520,0.046714,-0.018428,0.004914,-0.008753,0.000676
4.149888,-0.014271,0.360016,0.080246,4.208108,-0.016475,0.359767,0.080254,0.058221,-0.002203,-0.000249,0.000008
3.611943,-0.014571,0.202850,0.058725,3.575837,-0.019214,0.210355,0.058545,-0.036106,-0.004643,0.007506,-0.000181
2.532739,-0.013160,0.164222,0.051763,2.510503,-0.014003,0.164162,0.051418,-0.022236,-0.000842,-0.000060,-0.000345
4.125044,-0.003709,0.187182,0.072406,4.123512,-0.002165,0.191468,0.071795,-0.001532,0.001544,0.004286,-0.000611
3.921566,-0.010137,0.153105,0.060352,3.878312,-0.010675,0.157450,0.060126,-0.043254,-0.000538,0.004345,-0.000226
4.631073,-0.020152,0.347479,0.082147,4.549896,-0.018917,0.337333,0.081826,-0.081177,0.001235,-0.010146,-0.000321
3.582159,-0.050863,0.353679,0.071123,3.590431,-0.049503,0.346301,0.071930,0.008272,0.001360,-0.007378,0.000807
3.746224,-0.007031,0.375515,0.060175,3.790750,-0.003516,0.365959,0.060294,0.044526,0.003515,-0.009556,0.000119
5.092813,-0.011063,0.425384,0.093540,5.011107,-0.008893,0.413515,0.092242,-0.081706,0.002170,-0.011870,-0.001297
1.871381,-0.006916,0.165406,0.031330,1.807579,-0.009774,0.162663,0.031872,-0.063802,-0.002857,-0.002743,0.000542
4.393089,-0.001352,0.339693,0.068156,4.386567,-0.002648,0.339045,0.068639,-0.006522,-0.001296,-0.000648,0.000483
5.092593,-0.013500,0.242668,0.100639,5.080924,-0.011029,0.239689,0.099672,-0.011670,0.002471,-0.002978,-0.000967
4.940743,-0.033415,0.312222,0.081335,4.925460,-0.025428,0.311370,0.080469,-0.015283,0.007987,-0.000853,-0.000866
3.726412,-0.016051,0.228754,0.054970,3.681501,-0.016442,0.235986,0.054492,-0.044911,-0.000391,0.007233,-0.000477
2.483726,-0.048798,0.304711,0.046340,2.480980,-0.048352,0.300520,0.045664,-0.002746,0.000447,-0.004191,-0.000676
4.669755,0.002706,0.360604,0.065941,4.515303,-0.001714,0.365768,0.065280,-0.154452,-0.004420,0.005163,-0.000661
4.672379,-0.030470,0.448642,0.095523,4.660117,-0.034096,0.451186,0.094895,-0.012262,-0.003626,0.002543,-0.000629
3.526345,-0.014769,0.250044,0.059725,3.550854,-0.015529,0.257958,0.059999,0.024509,-0.000759,0.007914,0.000274
5.281776,-0.011076,0.363920,0.083655,5.179449,-0.008117,0.356325,0.081485,-0.102327,0.002959,-0.007596,-0.002169
4.272387,-0.025455,0.370323,0.071222,4.281355,-0.027216,0.367811,0.071692,0.008968,-0.001760,-0.002512,0.000470
2.228331,-0.003117,0.166868,0.036733,2.204924,-0.002309,0.167593,0.035727,-0.023407,0.000808,0.000725,-0.001006
3.092776,0.007146,0.270007,0.055271,3.159661,0.006145,0.276393,0.055352,0.066885,-0.001000,0.006387,0.000081
2.251828,-0.005126,0.149349,0.032876,2.211886,-0.006200,0.152112,0.032823,-0.039942,-0.001074,0.002763,-0.000053
2.940462,-0.029360,0.225219,0.047829,2.876271,-0.028442,0.224274,0.047699,-0.064191,0.000918,-0.000946,-0.000129
3.794048,-0.004234,0.219096,0.066348,3.756712,-0.004828,0.221137,0.065949,-0.037335,-0.000595,0.002041,-0.000398
4.934237,-0.020739,0.341766,0.096498,4.911622,-0.018262,0.338974,0.096738,-0.022615,0.002477,-0.002793,0.000240
2.064058,-0.005647,0.112141,0.029666,2.028832,-0.008247,0.111286,0.029243,-0.035225,-0.002600,-0.000855,-0.000424
6.645519,-0.025391,0.509715,0.092175,6.549368,-0.027476,0.512651,0.093182,-0.096150,-0.002085,0.002936,0.001007
4.408461,-0.010022,0.313594,0.069357,4.354207,-0.012394,0.310647,0.069525,-0.054254,-0.002372,-0.002947,0.000169
5.274571,-0.003929,0.208152,0.083210,5.189492,-0.008741,0.211308,0.083356,-0.085080,-0.004812,0.003156,0.000147
3.785507,0.004171,0.290367,0.057460,3.745280,0.005353,0.285091,0.057454,-0.040227,0.001182,-0.005277,-0.000005
4.572723,-0.000308,0.173422,0.068964,4.561908,-0.003444,0.176594,0.068744,-0.010815,-0.003136,0.003172,-0.000220
3.910568,-0.012601,0.290364,0.073692,3.945391,-0.010845,0.293964,0.073511,0.034823,0.001756,0.003600,-0.000181
4.043944,-0.017366,0.304398,0.083200,4.027304,-0.017417,0.308167,0.082694,-0.016640,-0.000052,0.003769,-0.000507
5.120799,-0.022311,0.420086,0.094136,5.076457,-0.022794,0.419439,0.093516,-0.044343,-0.000483,-0.000647,-0.000621
1.987675,-0.009747,0.105092,0.033178,1.955384,-0.008439,0.103733,0.033490,-0.032291,0.001308,-0.001359,0.000312
2.007920,-0.004007,0.149557,0.031147,2.002510,-0.003936,0.149118,0.031231,-0.005410,0.000071,-0.000439,0.000084
5.217593,-0.027286,0.512970,0.095657,5.176067,-0.024483,0.498419,0.094633,-0.041526,0.002803,-0.014551,-0.001024
4.737033,-0.021916,0.401021,0.079520,4.729890,-0.023865,0.396985,0.079211,-0.007143,-0.001949,-0.004036,-0.000309
4.795048,-0.030204,0.470536,0.092585,4.780319,-0.030209,0.482585,0.092804,-0.014729,-0.000005,0.012049,0.000220
3.518818,-0.003608,0.185653,0.058522,3.480805,-0.005879,0.194211,0.058359,-0.038013,-0.002271,0.008558,-0.000163
3.385147,0.000909,0.198070,0.066278,3.393661,0.002144,0.204431,0.064782,0.008514,0.001234,0.006360,-0.001496
4.076259,-0.001984,0.406473,0.069651,4.023863,-0.002852,0.407060,0.069762,-0.052396,-0.000868,0.000587,0.000110
2.830921,-0.017959,0.275655,0.048414,2.801870,-0.017953,0.273231,0.048185,-0.029052,0.000005,-0.002424,-0.000229
2.497970,-0.014754,0.211470,0.043716,2.451017,-0.012382,0.214765,0.042959,-0.046953,0.002372,0.003295,-0.000758
3.095914,-0.001571,0.174507,0.050430,3.104676,-0.002188,0.173688,0.050855,0.008761,-0.000617,-0.000819,0.000425
4.266177,-0.020465,0.185576,0.072868,4.279626,-0.020789,0.194691,0.072723,0.013449,-0.000324,0.009116,-0.000145
3.384328,-0.033550,0.314653,0.056366,3.374501,-0.032600,0.314928,0.056416,-0.009827,0.000951,0.000275,0.000050
2.671107,-0.011453,0.200106,0.045865,2.651343,-0.012193,0.200348,0.045727,-0.019764,-0.000740,0.000242,-0.000138
6.008581,-0.001171,0.361407,0.088873,5.881887,-0.001929,0.360258,0.086797,-0.126694,-0.000759,-0.001149,-0.002076
2.560096,-0.016809,0.207530,0.048997,2.521805,-0.014750,0.201970,0.048594,-0.038291,0.002059,-0.005560,-0.000402
5.429985,0.007459,0.384536,0.092203,5.338866,0.009853,0.384002,0.090843,-0.091119,0.002394,-0.000534,-0.001360
2.330529,-0.030537,0.296203,0.046881,2.329803,-0.031850,0.296999,0.048230,-0.000727,-0.001312,0.000796,0.001349
2.659866,0.004503,0.139308,0.040409,2.707326,0.003413,0.139282,0.041759,0.047461,-0.001090,-0.000026,0.001350
4.302711,-0.035074,0.296044,0.081466,4.283458,-0.034611,0.291171,0.080505,-0.019253,0.000464,-0.004872,-0.000961
3.899668,0.013755,0.185601,0.077147,3.931797,0.010796,0.184547,0.075810,0.032129,-0.002959,-0.001054,-0.001337
3.868631,0.003580,0.355685,0.057872,3.857839,0.005091,0.351792,0.058338,-0.010792,0.001512,-0.003893,0.000467
6.086442,-0.013428,0.580854,0.110098,6.069718,-0.013668,0.574741,0.109533,-0.016724,-0.000240,-0.006112,-0.000565
2.917160,0.000855,0.225074,0.054906,2.935256,0.000210,0.228759,0.055884,0.018096,-0.000645,0.003686,0.000978
4.483095,0.008383,0.184826,0.070150,4.485912,0.003087,0.188602,0.070268,0.002818,-0.005296,0.003777,0.000118
2.892244,-0.011611,0.297026,0.053500,2.887442,-0.013205,0.291660,0.053815,-0.004802,-0.001594,-0.005366,0.000315
2.590279,-0.004875,0.171459,0.054971,2.560289,-0.004242,0.178437,0.054839,-0.029990,0.000633,0.006978,-0.000132
6.550416,-0.021643,0.520337,0.118209,6.501390,-0.020109,0.520636,0.116790,-0.049026,0.001534,0.000299,-0.001419
2.136823,-0.001855,0.183034,0.038078,2.137369,-0.002091,0.177633,0.036861,0.000546,-0.000236,-0.005400,-0.001217
2.920071,-0.004837,0.267975,0.048021,2.958880,-0.004926,0.264423,0.048468,0.038809,-0.000089,-0.003552,0.000447
2.564190,-0.001684,0.177076,0.054462,2.549764,-0.005616,0.177078,0.053777,-0.014426,-0.003932,0.000002,-0.000685
2.270288,-0.019068,0.123791,0.039403,2.228731,-0.019297,0.120959,0.038688,-0.041558,-0.000229,-0.002832,-0.000715
2.528896,-0.000014,0.139407,0.045158,2.515623,-0.000086,0.136398,0.044524,-0.013273,-0.000072,-0.003009,-0.000634
5.011813,-0.014394,0.452583,0.082601,4.860819,-0.014244,0.443845,0.080753,-0.150994,0.000149,-0.008738,-0.001848
4.046089,0.002677,0.195337,0.078742,4.063321,0.003510,0.202619,0.078634,0.017232,0.000833,0.007281,-0.000108
6.462550,-0.011441,0.427606,0.119528,6.453318,-0.009750,0.423272,0.118541,-0.009232,0.001692,-0.004334,-0.000987
6.472415,-0.023561,0.405035,0.112593,6.436384,-0.023123,0.405951,0.111646,-0.036031,0.000438,0.000915,-0.000947
2.794800,-0.011778,0.277952,0.046940,2.738857,-0.014263,0.278977,0.046026,-0.055943,-0.002485,0.001025,-0.000914
6.569810,0.003527,0.481318,0.115502,6.426469,0.003220,0.479900,0.113596,-0.143341,-0.000306,-0.001419,-0.001906
5.883698,-0.023236,0.555212,0.107006,5.802881,-0.025749,0.546109,0.105101,-0.080817,-0.002513,-0.009103,-0.001904
2.712799,-0.038233,0.288207,0.045676,2.706969,-0.034334,0.281455,0.045226,-0.005830,0.003898,-0.006753,-0.000450
2.935175,-0.023943,0.288822,0.051754,3.015380,-0.025343,0.290338,0.052167,0.080205,-0.001400,0.001517,0.000414
2.822964,-0.016791,0.213899,0.049314,2.798294,-0.014719,0.214213,0.048131,-0.024670,0.002073,0.000314,-0.001184
3.961868,-0.003591,0.215615,0.066640,3.950628,-0.001906,0.215891,0.066464,-0.011240,0.001685,0.000276,-0.000176
5.279524,-0.016516,0.359721,0.098717,5.310327,-0.016147,0.358416,0.098336,0.030803,0.000369,-0.001306,-0.000381
2.443054,-0.011301,0.203958,0.045301,2.430130,-0.009816,0.202335,0.044992,-0.012924,0.001485,-0.001623,-0.000310
5.849492,0.033203,0.479255,0.103579,5.826607,0.030114,0.480008,0.104032,-0.022884,-0.003090,0.000752,0.000453
3.962801,-0.014701,0.291300,0.067682,3.929649,-0.015568,0.293720,0.067338,-0.033153,-0.000867,0.002420,-0.000344
4.711821,-0.007482,0.216566,0.074356,4.677054,-0.010152,0.221447,0.075852,-0.034767,-0.002670,0.004882,0.001496
2.629748,-0.001646,0.197605,0.048747,2.659955,-0.000013,0.194406,0.048808,0.030207,0.001632,-0.003200,0.000061
5.246333,0.003354,0.213791,0.084416,5.253417,0.003592,0.207314,0.083862,0.007083,0.000238,-0.006478,-0.000554
3.667732,-0.006469,0.376307,0.061316,3.656402,-0.011249,0.375064,0.061408,-0.011329,-0.004780,-0.001244,0.000092
4.000139,0.004188,0.438842,0.068076,3.936889,0.000810,0.430388,0.068466,-0.063250,-0.003378,-0.008453,0.000390
2.738266,-0.009839,0.340100,0.055318,2.749293,-0.011818,0.342681,0.055381,0.011028,-0.001979,0.002581,0.000063
3.754219,0.015069,0.149547,0.063724,3.774940,0.017813,0.152345,0.064098,0.020721,0.002744,0.002798,0.000374
3.812997,-0.045007,0.345399,0.077499,3.796296,-0.043230,0.348739,0.076393,-0.016701,0.001777,0.003341,-0.001106
3.691758,-0.017458,0.222228,0.050312,3.668993,-0.016327,0.229774,0.051301,-0.022765,0.001130,0.007546,0.000990
2.262879,-0.016310,0.171593,0.034612,2.200002,-0.015008,0.174906,0.034862,-0.062876,0.001302,0.003312,0.000249
1.720976,-0.009281,0.134891,0.029250,1.662180,-0.008893,0.130755,0.029559,-0.058796,0.000388,-0.004137,0.000309
4.889122,0.013629,0.410887,0.085154,4.858620,0.009312,0.419130,0.084427,-0.030502,-0.004317,0.008243,-0.000727
1.925465,-0.006571,0.102774,0.033280,1.877501,-0.007980,0.101570,0.033281,-0.047964,-0.001409,-0.001204,0.000001
5.765526,-0.005408,0.244571,0.087774,5.643483,-0.008508,0.240648,0.086743,-0.122043,-0.003100,-0.003923,-0.001031
2.545312,-0.039141,0.272658,0.044720,2.538877,-0.038205,0.271646,0.044377,-0.006434,0.000936,-0.001012,-0.000344
4.136250,-0.011486,0.216000,0.058703,4.017829,-0.013825,0.220291,0.058512,-0.118421,-0.002339,0.004291,-0.000191
6.461916,-0.002909,0.603562,0.116970,6.315065,-0.000558,0.594041,0.115343,-0.146851,0.002351,-0.009521,-0.001626
4.457918,-0.017942,0.271840,0.081609,4.406373,-0.019783,0.268607,0.080125,-0.051545,-0.001841,-0.003233,-0.001484
1.712896,-0.004982,0.085978,0.026432,1.676416,-0.003607,0.077912,0.025837,-0.036480,0.001375,-0.008066,-0.000595
6.193640,-0.008508,0.351585,0.094756,5.980322,-0.010685,0.346580,0.094214,-0.213318,-0.002177,-0.005004,-0.000542
4.948169,0.005268,0.342701,0.095806,4.912192,0.007420,0.332993,0.093517,-0.035977,0.002152,-0.009709,-0.002290
4.161676,-0.032991,0.356757,0.082290,4.177839,-0.032355,0.359100,0.081903,0.016163,0.000635,0.002343,-0.000387
3.521611,-0.036859,0.314437,0.062159,3.454014,-0.032273,0.305719,0.062593,-0.067596,0.004586,-0.008718,0.000434
4.332554,-0.010397,0.244712,0.070852,4.329351,-0.012302,0.249171,0.070475,-0.003202,-0.001904,0.004458,-0.000376
3.512028,-0.010382,0.343224,0.055804,3.540908,-0.010618,0.349426,0.056275,0.028879,-0.000236,0.006202,0.000471
3.025284,-0.032597,0.336018,0.057989,3.035410,-0.031727,0.335570,0.057098,0.010127,0.000870,-0.000449,-0.000891
4.115643,-0.000155,0.340315,0.078962,4.085890,0.000585,0.344272,0.078200,-0.029753,0.000740,0.003958,-0.000762
6.242447,-0.019204,0.563102,0.105308,6.267240,-0.021426,0.556608,0.106040,0.024793,-0.002223,-0.006494,0.000732
4.764025,-0.015954,0.334716,0.088463,4.810611,-0.013920,0.338271,0.089633,0.046586,0.002033,0.003555,0.001170
3.566488,-0.010792,0.402268,0.063133,3.535063,-0.011668,0.404084,0.062240,-0.031425,-0.000877,0.001815,-0.000892
3.045324,-0.017459,0.256751,0.057552,2.999729,-0.015997,0.254516,0.056937,-0.045594,0.001462,-0.002235,-0.000615
2.977651,-0.015166,0.348634,0.054613,2.972660,-0.017174,0.348132,0.054838,-0.004991,-0.002008,-0.000501,0.000225
2.785944,0.005962,0.173197,0.056380,2.791330,0.007648,0.177198,0.056329,0.005386,0.001686,0.004001,-0.000050
2.222672,-0.017426,0.218972,0.041349,2.242211,-0.015324,0.217230,0.041388,0.019539,0.002102,-0.001742,0.000039
5.035805,0.011819,0.202482,0.083335,5.012349,0.013463,0.203954,0.083329,-0.023456,0.001644,0.001472,-0.000006
2.490503,-0.022327,0.246806,0.043316,2.514287,-0.023169,0.245156,0.043350,0.023784,-0.000843,-0.001650,0.000034
5.180833,-0.002749,0.440507,0.085608,5.024403,-0.003256,0.443753,0.083987,-0.156430,-0.000508,0.003246,-0.001621
2.685722,-0.008858,0.199457,0.047524,2.673617,-0.008759,0.198215,0.046482,-0.012105,0.000099,-0.001241,-0.001042
5.943546,-0.016224,0.450326,0.100700,5.848310,-0.017076,0.444522,0.099507,-0.095236,-0.000852,-0.005804,-0.001192
4.259897,-0.008958,0.186113,0.068987,4.155602,-0.011509,0.184469,0.068868,-0.104295,-0.002551,-0.001644,-0.000119
4.191562,-0.022196,0.319051,0.070504,4.208509,-0.025917,0.326928,0.071389,0.016947,-0.003721,0.007877,0.000885
1.972964,-0.018070,0.191617,0.036243,2.000539,-0.016515,0.191743,0.036654,0.027575,0.001555,0.000126,0.000410
2.670080,-0.045196,0.247071,0.047006,2.720741,-0.046655,0.257634,0.046768,0.050661,-0.001459,0.010563,-0.000238
5.622037,-0.003130,0.245217,0.099435,5.643421,-0.012066,0.254929,0.100382,0.021384,-0.008936,0.009713,0.000947
5.636886,0.004950,0.266455,0.105022,5.655237,0.002107,0.271537,0.105157,0.018352,-0.002843,0.005082,0.000135
3.297406,-0.014151,0.279656,0.051165,3.254423,-0.014888,0.273388,0.051686,-0.042983,-0.000737,-0.006268,0.000521
2.907663,-0.018278,0.221508,0.039791,2.941506,-0.018377,0.222602,0.039174,0.033843,-0.000099,0.001095,-0.000617
2.734231,-0.016643,0.300618,0.054585,2.722074,-0.015664,0.300294,0.054085,-0.012157,0.000978,-0.000324,-0.000500
2.068658,-0.021037,0.115312,0.032947,2.052994,-0.019816,0.108651,0.032310,-0.015665,0.001221,-0.006661,-0.000637
3.721741,-0.020490,0.277278,0.059912,3.662730,-0.022032,0.272476,0.059586,-0.059011,-0.001542,-0.004801,-0.000325
2.083125,-0.016683,0.223987,0.042179,2.090070,-0.017701,0.227478,0.042632,0.006945,-0.001018,0.003491,0.000453
5.425141,-0.045428,0.418486,0.088190,5.368524,-0.042954,0.419400,0.087162,-0.056617,0.002474,0.000914,-0.001027
5.995144,-0.013288,0.424792,0.096360,6.017539,-0.013151,0.423634,0.095445,0.022395,0.000136,-0.001157,-0.000915
5.443107,0.009417,0.512266,0.101614,5.443720,0.004839,0.508769,0.101319,0.000613,-0.004578,-0.003497,-0.000295
2.284530,0.003279,0.193655,0.042628,2.300448,0.001246,0.200706,0.042468,0.015918,-0.002033,0.007050,-0.000159
3.910299,-0.023114,0.214149,0.057144,3.910234,-0.022841,0.208579,0.057540,-0.000065,0.000272,-0.005570,0.000397
5.392626,-0.028553,0.289524,0.080627,5.349040,-0.030515,0.298158,0.080623,-0.043586,-0.001962,0.008633,-0.000003
6.418748,-0.014789,0.368138,0.105090,6.413846,-0.013996,0.371548,0.105645,-0.004901,0.000793,0.003410,0.000555
6.126248,-0.016559,0.582395,0.104314,6.091459,-0.017767,0.582270,0.104538,-0.034789,-0.001209,-0.000125,0.000224
2.903415,-0.016545,0.288625,0.051402,2.886431,-0.019018,0.286423,0.051372,-0.016984,-0.002473,-0.002201,-0.000029
6.684452,0.007138,0.319057,0.121935,6.666729,0.004714,0.324150,0.121786,-0.017722,-0.002425,0.005093,-0.000149
5.205994,0.034724,0.246199,0.101020,5.177450,0.034748,0.248317,0.100222,-0.028543,0.000024,0.002118,-0.000797
7.050868,-0.004848,0.624572,0.116708,6.969077,-0.005698,0.610557,0.115870,-0.081791,-0.000850,-0.014014,-0.000838
2.839436,-0.005119,0.255559,0.053094,2.810395,-0.004061,0.259277,0.052569,-0.029041,0.001059,0.003718,-0.000526
3.614413,-0.018186,0.302105,0.057626,3.623786,-0.019385,0.305838,0.057470,0.009373,-0.001199,0.003733,-0.000156
3.638121,-0.029393,0.309084,0.065741,3.603535,-0.033337,0.304659,0.066594,-0.034586,-0.003944,-0.004425,0.000853
3.084200,-0.030364,0.304726,0.054348,3.052251,-0.029194,0.307721,0.053809,-0.031949,0.001170,0.002995,-0.000539
2.199262,-0.032685,0.155257,0.032373,2.162199,-0.029348,0.152733,0.031925,-0.037063,0.003337,-0.002524,-0.000448
3.580599,-0.014344,0.333026,0.055045,3.642141,-0.016128,0.329946,0.055022,0.061543,-0.001784,-0.003079,-0.000023
5.170428,0.009705,0.385191,0.083614,5.164792,0.007222,0.393028,0.084602,-0.005636,-0.002483,0.007837,0.000989
5.768220,-0.002342,0.645325,0.115124,5.780379,-0.003963,0.618529,0.113450,0.012158,-0.001621,-0.026796,-0.001674
4.379605,-0.014527,0.170784,0.069489,4.365848,-0.016332,0.176885,0.070546,-0.013758,-0.001805,0.006101,0.001057
3.294080,-0.007095,0.217033,0.065612,3.283741,-0.007552,0.218994,0.066180,-0.010339,-0.000457,0.001961,0.000568
4.969397,-0.038171,0.286585,0.075540,4.923869,-0.041015,0.285839,0.075146,-0.045528,-0.002843,-0.000746,-0.000394
1.802318,-0.010157,0.161249,0.030188,1.738582,-0.008232,0.157715,0.030055,-0.063735,0.001925,-0.003534,-0.000133
6.467527,0.014196,0.400703,0.099374,6.384219,0.011651,0.396668,0.099607,-0.083308,-0.002545,-0.004035,0.000234
5.145532,0.002332,0.337913,0.100989,5.008919,-0.000942,0.327940,0.097890,-0.136612,-0.003274,-0.009973,-0.003099
3.599457,0.002888,0.232694,0.071942,3.599498,0.004447,0.234217,0.071319,0.000041,0.001559,0.001523,-0.000623
4.075084,-0.000461,0.456312,0.078783,4.093140,-0.000645,0.452369,0.078644,0.018056,-0.000183,-0.003942,-0.000139
3.515823,0.005528,0.212648,0.064679,3.513495,0.000311,0.215575,0.064652,-0.002328,-0.005217,0.002928,-0.000027
5.969854,-0.004571,0.457580,0.108892,5.909805,-0.002566,0.453740,0.107765,-0.060049,0.002006,-0.003839,-0.001127
5.271367,-0.006002,0.259442,0.096268,5.257311,0.000618,0.259944,0.095853,-0.014056,0.006620,0.000502,-0.000415
5.958051,-0.007631,0.621426,0.112264,5.981342,-0.008889,0.612435,0.112336,0.023291,-0.001258,-0.008991,0.000072
3.733697,-0.025612,0.319061,0.063012,3.711284,-0.026835,0.316979,0.062311,-0.022414,-0.001223,-0.002082,-0.000701
4.083695,-0.024237,0.199431,0.056250,4.029179,-0.024534,0.200140,0.056202,-0.054516,-0.000297,0.000709,-0.000049
2.226556,-0.007463,0.207752,0.036385,2.226171,-0.007384,0.210129,0.035750,-0.000384,0.000078,0.002377,-0.000635
6.461505,-0.000582,0.388549,0.112847,6.435319,-0.000561,0.386694,0.112427,-0.026186,0.000021,-0.001855,-0.000420
6.333379,-0.021640,0.516459,0.100308,6.305232,-0.019246,0.508649,0.099842,-0.028148,0.002395,-0.007810,-0.000466
6.152511,-0.000888,0.389561,0.108843,6.152121,-0.002852,0.388682,0.108200,-0.000390,-0.001964,-0.000879,-0.000643
4.629422,0.004383,0.390805,0.077473,4.615390,0.003671,0.383841,0.077662,-0.014031,-0.000712,-0.006964,0.000189
4.874231,0.018193,0.190788,0.084894,4.839735,0.016756,0.199917,0.084641,-0.034496,-0.001438,0.009129,-0.000253
3.072221,-0.004816,0.193338,0.044418,3.081942,-0.005019,0.195650,0.045019,0.009721,-0.000202,0.002312,0.000602
5.744002,-0.025386,0.368341,0.102125,5.686755,-0.025320,0.367434,0.100868,-0.057248,0.000066,-0.000907,-0.001258
3.811348,-0.013580,0.216727,0.069435,3.865544,-0.014642,0.222790,0.070284,0.054196,-0.001063,0.006063,0.000849
3.530071,0.009985,0.351221,0.054715,3.554811,0.006502,0.352746,0.055462,0.024740,-0.003484,0.001524,0.000748
3.254971,-0.022001,0.339442,0.057980,3.257812,-0.021730,0.335771,0.058567,0.002841,0.000271,-0.003670,0.000587
5.208954,0.015559,0.194292,0.081259,5.146951,0.011360,0.192754,0.080042,-0.062004,-0.004199,-0.001538,-0.001216
3.173088,-0.014646,0.351004,0.058899,3.157099,-0.016418,0.344110,0.058551,-0.015988,-0.001773,-0.006894,-0.000347
2.272348,-0.007582,0.174014,0.038173,2.244263,-0.007490,0.177072,0.037439,-0.028085,0.000092,0.003059,-0.000733
3.501406,-0.004870,0.208967,0.065581,3.510567,-0.004200,0.217534,0.065474,0.009161,0.000670,0.008567,-0.000107
3.572764,-0.009796,0.387139,0.070559,3.588578,-0.009397,0.385328,0.069713,0.015814,0.000399,-0.001811,-0.000846
3.046937,-0.026656,0.307795,0.049720,3.106988,-0.026211,0.298214,0.049956,0.060052,0.000445,-0.009581,0.000236
4.690813,-0.020139,0.225984,0.087549,4.672476,-0.015652,0.224074,0.086698,-0.018337,0.004486,-0.001910,-0.000851
4.127054,0.011148,0.180648,0.077593,4.076335,0.013194,0.178261,0.076465,-0.050719,0.002046,-0.002388,-0.001128
5.920137,-0.045071,0.569393,0.094337,5.844746,-0.048027,0.558718,0.093427,-0.075391,-0.002956,-0.010674,-0.000910
5.486554,0.010218,0.254424,0.099339,5.538194,0.010877,0.254407,0.100525,0.051640,0.000658,-0.000017,0.001186
7.401045,-0.049679,0.595466,0.115566,7.404356,-0.048659,0.608671,0.116545,0.003310,0.001020,0.013204,0.000979
2.767529,-0.006184,0.246438,0.045707,2.728555,-0.008396,0.240092,0.044692,-0.038974,-0.002212,-0.006346,-0.001015
4.001639,-0.038216,0.239374,0.061046,4.041360,-0.039784,0.240968,0.062823,0.039721,-0.001568,0.001594,0.001777
4.000600,-0.031067,0.273247,0.072794,3.975054,-0.029292,0.273969,0.072422,-0.025546,0.001775,0.000722,-0.000372
6.239710,-0.008872,0.507257,0.115719,6.191847,-0.007721,0.497591,0.114636,-0.047863,0.001152,-0.009666,-0.001082
2.967566,0.004295,0.131011,0.048349,3.051267,0.004614,0.135517,0.048020,0.083701,0.000320,0.004506,-0.000329
2.148065,-0.021728,0.267228,0.043717,2.184777,-0.021499,0.269018,0.044192,0.036712,0.000229,0.001790,0.000475
5.201712,0.024175,0.259976,0.098653,5.093925,0.033267,0.249716,0.095900,-0.107786,0.009092,-0.010260,-0.002752
5.133250,-0.014944,0.493632,0.092668,5.005747,-0.016935,0.490438,0.091974,-0.127503,-0.001991,-0.003194,-0.000693
6.448824,0.000712,0.390077,0.114662,6.370452,0.000924,0.391293,0.114802,-0.078372,0.000212,0.001217,0.000139
2.696212,-0.015069,0.179222,0.039735,2.705701,-0.015262,0.180617,0.039539,0.009489,-0.000192,0.001396,-0.000196
5.869148,-0.012595,0.289563,0.109232,5.838468,-0.004243,0.290414,0.108371,-0.030680,0.008352,0.000852,-0.000861
2.760780,-0.012807,0.290277,0.050823,2.778339,-0.013130,0.288073,0.050618,0.017559,-0.000323,-0.002204,-0.000204
2.691931,-0.006619,0.137742,0.044501,2.659059,-0.005708,0.138206,0.044174,-0.032872,0.000911,0.000464,-0.000326
4.342641,0.005705,0.154080,0.069027,4.370080,0.006310,0.156994,0.067469,0.027439,0.000606,0.002914,-0.001559
3.285269,-0.006940,0.200356,0.064574,3.245185,-0.007249,0.197631,0.064265,-0.040084,-0.000309,-0.002725,-0.000309
5.377774,0.016084,0.446560,0.089599,5.257153,0.009684,0.441447,0.088669,-0.120621,-0.006400,-0.005113,-0.000930
3.747848,-0.012682,0.418353,0.061397,3.675478,-0.015531,0.405336,0.060003,-0.072370,-0.002849,-0.013017,-0.001393
2.117645,-0.022510,0.181116,0.038368,2.114551,-0.020455,0.174623,0.038222,-0.003094,0.002055,-0.006493,-0.000146
4.526688,-0.036677,0.295551,0.086282,4.520642,-0.030648,0.297739,0.084792,-0.006046,0.006029,0.002189,-0.001490
2.560267,-0.003254,0.200993,0.038090,2.509505,-0.005193,0.201000,0.038150,-0.050762,-0.001939,0.000007,0.000060
2.355347,-0.012123,0.139608,0.043447,2.357662,-0.015786,0.139701,0.042862,0.002314,-0.003664,0.000093,-0.000585
4.698390,-0.033777,0.377160,0.071829,4.632905,-0.035582,0.377453,0.072827,-0.065485,-0.001805,0.000292,0.000998
5.017966,-0.016727,0.316799,0.088118,5.009719,-0.012536,0.315824,0.087930,-0.008247,0.004191,-0.000974,-0.000188
2.892452,-0.010425,0.217068,0.048122,2.902811,-0.013070,0.215281,0.048121,0.010359,-0.002645,-0.001787,-0.000001
4.547967,0.007321,0.268887,0.082010,4.540985,0.007115,0.270396,0.080787,-0.006983,-0.000206,0.001510,-0.001223
6.645226,-0.006672,0.521810,0.120298,6.596539,-0.009206,0.519326,0.118990,-0.048686,-0.002534,-0.002484,-0.001308
1.643541,-0.004249,0.109287,0.027188,1.670651,-0.006384,0.113668,0.026876,0.027110,-0.002135,0.004381,-0.000312
3.445779,-0.006322,0.213061,0.054099,3.441841,-0.005909,0.220582,0.054238,-0.003938,0.000412,0.007520,0.000139
5.595780,-0.007315,0.254192,0.089955,5.477687,-0.006237,0.250436,0.088118,-0.118093,0.001078,-0.003756,-0.001838
2.608315,-0.010681,0.190787,0.041314,2.613234,-0.010057,0.189835,0.042295,0.004920,0.000624,-0.000952,0.000981
5.893300,-0.006816,0.484312,0.109621,5.912461,-0.008771,0.485260,0.108846,0.019162,-0.001956,0.000948,-0.000775
2.719308,-0.020178,0.184643,0.045601,2.668412,-0.021066,0.185317,0.044842,-0.050896,-0.000888,0.000674,-0.000759
2.573293,-0.017137,0.181665,0.042350,2.551370,-0.019115,0.182735,0.042746,-0.021924,-0.001978,0.001071,0.000395
3.836671,-0.007182,0.170927,0.057582,3.842469,-0.010541,0.179529,0.057475,0.005798,-0.003359,0.008601,-0.000107
2.966647,0.000669,0.256037,0.057441,3.012275,-0.000413,0.256512,0.057641,0.045628,-0.001083,0.000475,0.000200
5.651630,-0.000191,0.281397,0.103700,5.634305,-0.003299,0.277143,0.103577,-0.017325,-0.003108,-0.004254,-0.000123
4.925838,-0.004071,0.250829,0.085080,4.867261,-0.005204,0.250629,0.083398,-0.058577,-0.001132,-0.000200,-0.001682
3.170663,0.002843,0.180576,0.046246,3.211149,0.003698,0.185508,0.046474,0.040485,0.000855,0.004932,0.000227
4.549777,-0.016035,0.225966,0.089187,4.529251,-0.015831,0.222907,0.087113,-0.020525,0.000204,-0.003060,-0.002074
5.948698,-0.037631,0.512058,0.087460,5.875021,-0.038185,0.509021,0.087211,-0.073676,-0.000554,-0.003038,-0.000249
4.427433,0.030604,0.175206,0.075426,4.417718,0.029988,0.180039,0.074384,-0.009715,-0.000616,0.004833,-0.001042
4.260353,-0.053480,0.379165,0.069932,4.330222,-0.052262,0.392498,0.070392,0.069869,0.001218,0.013333,0.000460
5.221364,0.031893,0.231519,0.089973,4.957121,0.029819,0.226203,0.086696,-0.264243,-0.002074,-0.005317,-0.003277
6.188400,0.022798,0.318674,0.097219,6.161008,0.019524,0.322552,0.097183,-0.027392,-0.003274,0.003878,-0.000037
5.739216,-0.020720,0.527322,0.096461,5.730407,-0.020082,0.534597,0.096983,-0.008809,0.000638,0.007276,0.000522
4.544919,-0.065020,0.383920,0.072376,4.552309,-0.064499,0.389471,0.072802,0.007389,0.000521,0.005551,0.000426
4.378288,-0.001726,0.184077,0.075307,4.317504,-0.004964,0.189283,0.074655,-0.060783,-0.003238,0.005206,-0.000652
3.580093,-0.003800,0.363254,0.060425,3.571726,-0.005160,0.362109,0.060621,-0.008367,-0.001360,-0.001144,0.000196
2.102897,-0.010373,0.148784,0.035433,2.083291,-0.012597,0.150304,0.034827,-0.019606,-0.002224,0.001520,-0.000606
3.214668,-0.003893,0.308457,0.056692,3.251886,-0.007607,0.312942,0.057381,0.037218,-0.003714,0.004485,0.000689
2.160528,-0.027313,0.165123,0.034657,2.144658,-0.025981,0.166686,0.034023,-0.015870,0.001332,0.001564,-0.000634
4.818148,0.007737,0.362127,0.089347,4.887435,0.002771,0.359193,0.089335,0.069288,-0.004966,-0.002935,-0.000013
5.045492,-0.016072,0.419315,0.084095,5.071434,-0.017466,0.425102,0.085003,0.025942,-0.001394,0.005787,0.000908
2.175185,-0.005999,0.184503,0.034185,2.196223,-0.009884,0.185500,0.034084,0.021038,-0.003885,0.000998,-0.000102
3.854841,-0.006731,0.264302,0.077765,3.797277,-0.007082,0.264196,0.076825,-0.057564,-0.000351,-0.000107,-0.000940
2.664698,-0.022940,0.184514,0.044014,2.600858,-0.019315,0.183521,0.043803,-0.063840,0.003625,-0.000993,-0.000211
2.668110,-0.003892,0.152174,0.046110,2.683231,-0.008096,0.152879,0.046736,0.015121,-0.004204,0.000705,0.000626
3.635753,-0.016510,0.256630,0.057852,3.618681,-0.018642,0.260393,0.058205,-0.017072,-0.002132,0.003764,0.000353
4.542228,-0.024401,0.279455,0.081170,4.547715,-0.023153,0.275176,0.079335,0.005487,0.001248,-0.004279,-0.001835
2.820969,-0.030899,0.228752,0.047473,2.840297,-0.030977,0.231680,0.046421,0.019328,-0.000078,0.002927,-0.001053
1.946776,-0.015765,0.117179,0.036549,1.931547,-0.013325,0.116540,0.035762,-0.015229,0.002440,-0.000639,-0.000787
5.127150,-0.017454,0.243145,0.100692,5.055221,-0.010267,0.242176,0.098781,-0.071929,0.007187,-0.000968,-0.001911
2.669451,-0.007261,0.176804,0.049343,2.660157,-0.004836,0.170164,0.049262,-0.009293,0.002426,-0.006640,-0.000081
6.218528,-0.017051,0.504450,0.091115,6.181058,-0.016740,0.498885,0.092099,-0.037470,0.000311,-0.005565,0.000983
4.336141,-0.027245,0.278110,0.076938,4.352272,-0.026655,0.279716,0.077121,0.016130,0.000590,0.001606,0.000183
4.091252,0.013453,0.181453,0.077357,4.042936,0.013625,0.177259,0.076298,-0.048316,0.000173,-0.004194,-0.001059
1.979612,-0.018203,0.180575,0.034476,2.008579,-0.018462,0.178599,0.034492,0.028967,-0.000259,-0.001976,0.000016
5.565270,-0.047009,0.542342,0.099076,5.605616,-0.042600,0.533422,0.100620,0.040346,0.004409,-0.008920,0.001545
4.714523,-0.047594,0.379898,0.077002,4.764635,-0.046883,0.383262,0.077266,0.050112,0.000711,0.003364,0.000264
3.138519,-0.003156,0.281885,0.051731,3.171322,-0.002477,0.281030,0.051770,0.032802,0.000679,-0.000855,0.000039
5.101271,-0.034374,0.496135,0.099873,5.011676,-0.030056,0.492605,0.097422,-0.089595,0.004318,-0.003530,-0.002451
3.585774,-0.016243,0.237795,0.067297,3.610088,-0.014922,0.238782,0.067473,0.024314,0.001321,0.000987,0.000176
5.072781,-0.009408,0.316349,0.071614,4.999069,-0.011533,0.317597,0.071784,-0.073712,-0.002125,0.001248,0.000170
2.807052,-0.017254,0.214506,0.044114,2.767789,-0.020963,0.211761,0.043884,-0.039263,-0.003710,-0.002745,-0.000230
5.707016,0.022553,0.353675,0.104563,5.655738,0.024565,0.339268,0.103766,-0.051278,0.002012,-0.014406,-0.000797
2.369815,-0.015686,0.140833,0.043861,2.345847,-0.015331,0.136152,0.043650,-0.023968,0.000356,-0.004681,-0.000211
3.626769,-0.049119,0.334333,0.059586,3.707262,-0.049689,0.334365,0.059975,0.080493,-0.000569,0.000031,0.000389
2.345559,-0.020562,0.235770,0.044371,2.338906,-0.021089,0.226970,0.043772,-0.006652,-0.000527,-0.008800,-0.000599
4.845626,0.012171,0.195251,0.085952,4.846577,0.013458,0.197940,0.085368,0.000951,0.001286,0.002689,-0.000584
3.921246,-0.020813,0.273847,0.057742,3.853647,-0.021546,0.275027,0.056804,-0.067598,-0.000733,0.001179,-0.000938
5.293879,-0.025363,0.423659,0.090208,5.231905,-0.026726,0.414846,0.088835,-0.061974,-0.001363,-0.008813,-0.001373
4.242253,-0.024029,0.381271,0.067301,4.161555,-0.025356,0.376867,0.067138,-0.080698,-0.001328,-0.004404,-0.000163
4.674926,-0.013240,0.334662,0.072819,4.650189,-0.012025,0.336546,0.072196,-0.024737,0.001215,0.001883,-0.000623
4.022756,-0.012280,0.272413,0.075623,3.989133,-0.010311,0.270422,0.075635,-0.033623,0.001970,-0.001991,0.000012
4.874986,0.007205,0.260572,0.083389,4.847375,0.009853,0.267152,0.082635,-0.027610,0.002648,0.006580,-0.000754
6.090810,-0.003163,0.523349,0.118080,6.140356,-0.002426,0.523194,0.119031,0.049546,0.000737,-0.000155,0.000952
3.801349,-0.019619,0.384874,0.062666,3.808080,-0.018939,0.374476,0.061918,0.006731,0.000680,-0.010398,-0.000748
1.950748,-0.021182,0.188001,0.041595,1.968023,-0.020353,0.184381,0.041384,0.017275,0.000829,-0.003620,-0.000211
2.231061,-0.013802,0.194975,0.045868,2.235028,-0.009713,0.191986,0.045433,0.003967,0.004089,-0.002989,-0.000435
6.117470,-0.050240,0.495922,0.083749,5.957510,-0.051053,0.499427,0.083809,-0.159961,-0.000812,0.003505,0.000060
3.873930,-0.022851,0.273397,0.059247,3.814469,-0.023722,0.279673,0.059246,-0.059461,-0.000871,0.006276,-0.000001
5.036395,0.003051,0.403907,0.078990,5.040171,0.000375,0.398610,0.077996,0.003777,-0.002676,-0.005298,-0.000994
3.567104,-0.037642,0.280432,0.057182,3.565319,-0.039068,0.283462,0.058144,-0.001785,-0.001426,0.003030,0.000961
5.424450,0.000551,0.320489,0.086139,5.378059,0.003998,0.316406,0.084916,-0.046391,0.003447,-0.004083,-0.001223
2.937057,-0.010868,0.169104,0.053402,2.930568,-0.008719,0.173441,0.053235,-0.006489,0.002149,0.004338,-0.000167
5.621121,0.006757,0.222842,0.086070,5.483544,0.003674,0.219794,0.084734,-0.137577,-0.003083,-0.003048,-0.001336
4.550623,-0.005129,0.299243,0.087960,4.561257,-0.002942,0.298635,0.086680,0.010633,0.002188,-0.000609,-0.001281
2.567289,-0.027090,0.266034,0.046380,2.569674,-0.024099,0.268711,0.046806,0.002384,0.002990,0.002677,0.000426
5.127827,-0.038184,0.470932,0.077324,5.057024,-0.039703,0.469728,0.076357,-0.070804,-0.001519,-0.001204,-0.000967
2.545490,-0.020211,0.207119,0.048882,2.514654,-0.022310,0.210040,0.048966,-0.030835,-0.002099,0.002921,0.000084
2.550857,-0.047802,0.274100,0.045870,2.547117,-0.047569,0.271528,0.045576,-0.003740,0.000233,-0.002572,-0.000294
4.085770,-0.012609,0.240860,0.075359,4.066090,-0.012590,0.243871,0.074255,-0.019681,0.000019,0.003010,-0.001103
2.254665,-0.028373,0.215972,0.043740,2.248142,-0.026746,0.214842,0.042973,-0.006522,0.001627,-0.001130,-0.000767
4.886172,0.004147,0.205342,0.083192,4.874126,0.005634,0.209909,0.082959,-0.012046,0.001488,0.004567,-0.000233
2.368185,-0.005507,0.127598,0.039722,2.392193,-0.004926,0.133791,0.040082,0.024009,0.000581,0.006193,0.000359
2.746880,-0.024686,0.224563,0.045368,2.750882,-0.023725,0.221677,0.045272,0.004002,0.000961,-0.002886,-0.000096
3.019459,-0.001503,0.192052,0.056980,3.059535,-0.000373,0.192373,0.057452,0.040076,0.001130,0.000321,0.000473
4.100205,-0.038889,0.271335,0.073245,4.064222,-0.031740,0.270550,0.072861,-0.035983,0.007149,-0.000785,-0.000383
4.731323,-0.014145,0.417717,0.087497,4.818433,-0.014666,0.420479,0.088361,0.087110,-0.000521,0.002762,0.000864
2.218045,-0.020096,0.162091,0.036874,2.243370,-0.018693,0.165582,0.037112,0.025325,0.001403,0.003491,0.000238
3.651095,-0.005186,0.369032,0.067832,3.696040,-0.007833,0.377776,0.067958,0.044945,-0.002647,0.008744,0.000126
2.432744,-0.015235,0.217669,0.048354,2.387351,-0.015432,0.211205,0.048735,-0.045392,-0.000197,-0.006465,0.000381
5.946587,-0.019121,0.492467,0.091850,5.899379,-0.017926,0.490767,0.090436,-0.047208,0.001195,-0.001700,-0.001415
3.959032,-0.026838,0.282412,0.080115,3.949161,-0.025653,0.289306,0.079086,-0.009871,0.001185,0.006894,-0.001028
3.437436,0.005556,0.135663,0.054322,3.409883,0.005271,0.137631,0.054068,-0.027553,-0.000285,0.001968,-0.000254
5.839062,-0.011637,0.459450,0.106812,5.710935,-0.011985,0.453105,0.104790,-0.128127,-0.000348,-0.006345,-0.002023
5.285470,-0.047322,0.554243,0.092758,5.275132,-0.046978,0.544315,0.092919,-0.010338,0.000344,-0.009928,0.000162
3.826009,0.008360,0.379014,0.061744,3.784723,0.008962,0.369991,0.061910,-0.041286,0.000601,-0.009023,0.000166
2.496115,-0.011223,0.138276,0.046437,2.476861,-0.012881,0.136834,0.045903,-0.019254,-0.001658,-0.001442,-0.000534
3.273689,0.012519,0.170505,0.060109,3.220082,0.011200,0.176526,0.059935,-0.053607,-0.001319,0.006021,-0.000174
1.829376,-0.005124,0.121206,0.028343,1.848894,-0.005065,0.121317,0.027847,0.019518,0.000059,0.000110,-0.000497
2.255416,-0.018131,0.238682,0.044925,2.272341,-0.014269,0.231758,0.045022,0.016925,0.003862,-0.006924,0.000097
3.421422,0.014553,0.188141,0.066716,3.357739,0.013369,0.194007,0.065054,-0.063683,-0.001184,0.005867,-0.001662
2.870399,0.000101,0.263198,0.048532,2.867461,-0.000555,0.262488,0.048600,-0.002938,-0.000656,-0.000711,0.000068
4.944819,-0.003440,0.348126,0.081523,4.933484,-0.004305,0.347813,0.080547,-0.011335,-0.000866,-0.000313,-0.000976
2.328312,-0.013162,0.137474,0.037585,2.341256,-0.012450,0.140191,0.037170,0.012945,0.000712,0.002717,-0.000414
2.944361,-0.010073,0.317430,0.057127,3.038688,-0.008696,0.314010,0.057224,0.094327,0.001377,-0.003419,0.000097
4.497391,-0.027712,0.265015,0.079522,4.473452,-0.025451,0.270443,0.078272,-0.023939,0.002261,0.005427,-0.001250
4.453310,-0.019748,0.474592,0.078697,4.358089,-0.023524,0.464313,0.076981,-0.095221,-0.003776,-0.010279,-0.001716
2.160127,-0.000211,0.178097,0.039191,2.093554,-0.001080,0.178027,0.038124,-0.066574,-0.000869,-0.000071,-0.001067
4.368393,-0.042608,0.409881,0.070226,4.416789,-0.042934,0.404565,0.070352,0.048396,-0.000326,-0.005316,0.000125
3.002184,-0.009259,0.203869,0.049251,3.068733,-0.011438,0.207535,0.050021,0.066549,-0.002179,0.003666,0.000771
6.565486,-0.034739,0.546231,0.101037,6.495375,-0.036340,0.543792,0.100914,-0.070111,-0.001601,-0.002439,-0.000122
5.334393,0.019397,0.318208,0.092353,5.313906,0.016742,0.316779,0.091837,-0.020487,-0.002655,-0.001429,-0.000516
4.445826,-0.003031,0.320695,0.079478,4.418987,0.002723,0.319577,0.078365,-0.026839,0.005754,-0.001118,-0.001114
2.291148,-0.001975,0.141901,0.047060,2.305595,-0.001944,0.145667,0.047207,0.014446,0.000032,0.003766,0.000147
3.327482,-0.018364,0.250127,0.046966,3.299701,-0.014203,0.251780,0.047823,-0.027781,0.004161,0.001653,0.000857
2.832000,-0.008879,0.277197,0.044151,2.821583,-0.011045,0.272803,0.043873,-0.010417,-0.002166,-0.004394,-0.000278
7.163713,-0.004881,0.370827,0.142762,7.120248,0.003767,0.372058,0.139813,-0.043465,0.008649,0.001231,-0.002949
2.181967,-0.021364,0.181512,0.039694,2.148368,-0.018571,0.175963,0.039675,-0.033599,0.002793,-0.005549,-0.000019
5.072722,-0.043947,0.357945,0.074021,5.035468,-0.044456,0.358865,0.073562,-0.037254,-0.000510,0.000920,-0.000459
5.874388,0.013403,0.298434,0.107109,5.812819,0.011131,0.285400,0.106287,-0.061569,-0.002272,-0.013034,-0.000822
4.010495,-0.011165,0.256992,0.074650,4.003667,-0.010768,0.252369,0.074483,-0.006828,0.000397,-0.004623,-0.000167
5.981209,0.015617,0.497544,0.108037,5.904397,0.015472,0.488397,0.105850,-0.076812,-0.000144,-0.009146,-0.002188
3.960119,0.008931,0.407531,0.071738,3.867261,0.011911,0.402476,0.070454,-0.092858,0.002980,-0.005056,-0.001284
2.398030,0.001026,0.191088,0.036328,2.420705,-0.000177,0.190500,0.036527,0.022675,-0.001204,-0.000589,0.000200
3.827288,-0.009248,0.233744,0.068979,3.836208,-0.008345,0.228166,0.068958,0.008920,0.000903,-0.005578,-0.000022
2.977838,0.000343,0.265631,0.042946,2.983804,-0.000006,0.263625,0.043612,0.005966,-0.000349,-0.002006,0.000666
2.510808,-0.015664,0.184684,0.043653,2.453408,-0.017127,0.185232,0.043165,-0.057400,-0.001464,0.000548,-0.000488
2.877879,-0.009030,0.167055,0.050037,2.884194,-0.013194,0.164059,0.049610,0.006315,-0.004165,-0.002996,-0.000427
2.440194,-0.018166,0.231856,0.040551,2.439497,-0.015906,0.233219,0.040450,-0.000698,0.002260,0.001363,-0.000102
3.970426,-0.013028,0.238354,0.075699,3.962454,-0.007958,0.241489,0.074637,-0.007972,0.005070,0.003135,-0.001062
5.193348,-0.011581,0.509637,0.100411,5.203874,-0.009068,0.519933,0.100423,0.010526,0.002512,0.010296,0.000012
3.113331,-0.013143,0.275599,0.050093,3.146164,-0.010419,0.279133,0.050673,0.032833,0.002724,0.003534,0.000579
5.311399,0.018497,0.320403,0.091420,5.213160,0.018726,0.311007,0.090226,-0.098240,0.000229,-0.009396,-0.001194
6.851337,-0.018813,0.529302,0.117141,6.749707,-0.025720,0.525113,0.115827,-0.101630,-0.006907,-0.004189,-0.001314
3.443789,-0.011809,0.251595,0.057334,3.415367,-0.011903,0.251716,0.057571,-0.028422,-0.000095,0.000121,0.000237
2.794357,-0.015842,0.258176,0.052510,2.727719,-0.018025,0.261818,0.052334,-0.066638,-0.002183,0.003642,-0.000176
3.280970,-0.002576,0.246423,0.057451,3.273920,-0.003985,0.246236,0.057521,-0.007050,-0.001409,-0.000186,0.000070
3.339796,-0.005051,0.203686,0.058420,3.338703,-0.003863,0.203987,0.058625,-0.001093,0.001188,0.000301,0.000205
4.382791,-0.047619,0.327343,0.067733,4.328784,-0.046731,0.327612,0.067891,-0.054008,0.000888,0.000269,0.000157
4.036247,0.029826,0.206366,0.082614,4.122312,0.030359,0.208434,0.082483,0.086065,0.000533,0.002068,-0.000131
4.251766,-0.045964,0.384966,0.077604,4.259838,-0.045118,0.391464,0.078761,0.008072,0.000845,0.006498,0.001156
2.881650,-0.004243,0.179369,0.054743,2.881753,-0.002882,0.178969,0.054966,0.000103,0.001361,-0.000400,0.000222
2.588753,-0.004937,0.143428,0.045190,2.596630,-0.004342,0.144432,0.045170,0.007876,0.000595,0.001004,-0.000020
4.298190,0.005285,0.182288,0.073328,4.368346,0.003612,0.184870,0.073659,0.070156,-0.001673,0.002582,0.000331
3.257539,-0.031135,0.249378,0.055178,3.224957,-0.028749,0.249107,0.054830,-0.032582,0.002386,-0.000271,-0.000348
2.035637,-0.010167,0.144514,0.030439,2.010315,-0.010750,0.147843,0.029374,-0.025323,-0.000583,0.003328,-0.001065
4.004372,-0.011552,0.184516,0.068452,4.010530,-0.012878,0.185318,0.068059,0.006157,-0.001326,0.000802,-0.000394
4.635704,-0.029038,0.328656,0.077961,4.535526,-0.027011,0.336920,0.076865,-0.100178,0.002028,0.008264,-0.001096
4.967144,0.000259,0.248239,0.090271,4.936782,-0.001498,0.238730,0.089906,-0.030362,-0.001757,-0.009509,-0.000365
2.385707,-0.021135,0.193502,0.038353,2.408565,-0.022072,0.194389,0.038005,0.022858,-0.000938,0.000887,-0.000347
3.909877,0.005876,0.171509,0.073792,3.852288,0.005800,0.174985,0.073275,-0.057588,-0.000076,0.003477,-0.000517
3.024844,-0.018452,0.331370,0.049406,2.988603,-0.020281,0.327179,0.048597,-0.036241,-0.001829,-0.004192,-0.000809
5.021133,-0.014028,0.385570,0.075754,4.976543,-0.013092,0.382594,0.075140,-0.044590,0.000936,-0.002976,-0.000615
3.003843,-0.011054,0.289924,0.049696,3.002007,-0.008487,0.283757,0.048831,-0.001836,0.002567,-0.006167,-0.000865
4.353576,-0.008586,0.365541,0.080250,4.395318,-0.008279,0.359913,0.080445,0.041742,0.000306,-0.005628,0.000195
2.681407,-0.021347,0.276947,0.046904,2.724277,-0.020903,0.275720,0.047175,0.042870,0.000444,-0.001227,0.000271
4.277636,-0.032915,0.284679,0.080796,4.287000,-0.027275,0.283528,0.079704,0.009364,0.005640,-0.001151,-0.001091
5.142775,-0.016755,0.403730,0.087113,5.115102,-0.017459,0.393660,0.086536,-0.027673,-0.000704,-0.010070,-0.000577
2.740872,-0.010024,0.234277,0.051140,2.746589,-0.009395,0.233115,0.051321,0.005717,0.000629,-0.001162,0.000181
3.274916,-0.015881,0.294876,0.064069,3.189792,-0.011020,0.283693,0.063445,-0.085124,0.004861,-0.011183,-0.000624
2.699856,-0.046023,0.268901,0.046517,2.672330,-0.046505,0.266029,0.045744,-0.027526,-0.000482,-0.002872,-0.000773
6.001565,-0.009496,0.527223,0.094637,5.945144,-0.010256,0.513669,0.093692,-0.056421,-0.000761,-0.013554,-0.000945
3.489934,-0.031585,0.250557,0.052258,3.424618,-0.029148,0.248725,0.052021,-0.065317,0.002437,-0.001833,-0.000237
5.279787,-0.029884,0.372398,0.069446,5.230447,-0.027672,0.374292,0.070443,-0.049340,0.002212,0.001894,0.000997
1.884107,-0.020040,0.187650,0.036540,1.929654,-0.018193,0.191233,0.036457,0.045546,0.001847,0.003583,-0.000083
1.939107,-0.008652,0.121676,0.029160,1.920863,-0.008860,0.125317,0.029288,-0.018244,-0.000208,0.003641,0.000128
2.674620,-0.014426,0.267203,0.055002,2.720362,-0.013532,0.260167,0.055319,0.045741,0.000894,-0.007036,0.000317
4.209073,0.002047,0.284083,0.069110,4.179686,0.002358,0.289292,0.068378,-0.029387,0.000311,0.005209,-0.000732
3.783234,0.013935,0.412612,0.064089,3.775790,0.012933,0.394560,0.064015,-0.007444,-0.001002,-0.018052,-0.000074
2.090443,-0.024450,0.111449,0.032139,2.117989,-0.021891,0.109052,0.031592,0.027546,0.002559,-0.002398,-0.000547
5.828563,-0.023558,0.436426,0.080804,5.706718,-0.021983,0.436795,0.080371,-0.121845,0.001575,0.000370,-0.000433
3.095487,-0.006755,0.287274,0.052558,3.126939,-0.005080,0.286993,0.052336,0.031452,0.001675,-0.000281,-0.000222
2.378423,-0.023220,0.212105,0.038564,2.308891,-0.024486,0.204612,0.038027,-0.069532,-0.001267,-0.007493,-0.000537
3.894899,-0.018603,0.330705,0.055733,3.862808,-0.018107,0.316492,0.056775,-0.032091,0.000495,-0.014213,0.001043
4.049665,-0.005429,0.223056,0.071059,4.002936,-0.004341,0.220141,0.070249,-0.046729,0.001088,-0.002915,-0.000810
3.498582,-0.013439,0.278508,0.060909,3.564326,-0.012557,0.272450,0.061935,0.065743,0.000882,-0.006058,0.001026
3.422446,-0.009842,0.290537,0.062591,3.392989,-0.010180,0.290287,0.063045,-0.029457,-0.000338,-0.000250,0.000454
3.403022,-0.011990,0.254647,0.048818,3.375484,-0.015032,0.258935,0.049424,-0.027538,-0.003042,0.004288,0.000606
4.252399,-0.045318,0.355269,0.063770,4.312171,-0.045789,0.358209,0.064997,0.059772,-0.000472,0.002940,0.001227
7.020986,-0.003192,0.432262,0.121215,6.944202,0.000728,0.421358,0.120023,-0.076783,0.003920,-0.010904,-0.001193
4.525411,0.002222,0.311371,0.066886,4.442183,0.002218,0.302480,0.065895,-0.083228,-0.000004,-0.008891,-0.000991
5.766068,-0.030897,0.524054,0.098274,5.825248,-0.026515,0.528480,0.099722,0.059181,0.004381,0.004426,0.001448
2.488841,-0.017693,0.198357,0.048104,2.467737,-0.019183,0.198266,0.047371,-0.021103,-0.001490,-0.000091,-0.000733
5.118831,-0.007206,0.454909,0.094033,5.056273,-0.009380,0.459887,0.093186,-0.062558,-0.002175,0.004979,-0.000846
7.280954,-0.014779,0.448348,0.126754,7.183156,-0.009284,0.439801,0.125007,-0.097798,0.005495,-0.008547,-0.001747
2.204892,-0.005541,0.145344,0.031695,2.172340,-0.006613,0.147621,0.031737,-0.032552,-0.001072,0.002277,0.000042
3.127595,-0.016295,0.364481,0.062121,3.117300,-0.015528,0.362888,0.061417,-0.010295,0.000767,-0.001593,-0.000704
3.442751,-0.008251,0.250296,0.058130,3.496849,-0.010469,0.257364,0.058866,0.054098,-0.002218,0.007068,0.000737
5.482154,-0.000746,0.257936,0.096940,5.416372,0.002993,0.262454,0.095786,-0.065783,0.003739,0.004518,-0.001154
2.015669,-0.013808,0.171319,0.032863,2.010979,-0.013404,0.169730,0.032291,-0.004690,0.000403,-0.001588,-0.000572
2.024524,-0.024042,0.209731,0.034329,2.021980,-0.022291,0.205099,0.033817,-0.002543,0.001750,-0.004632,-0.000512
2.340417,-0.037682,0.236388,0.041228,2.301121,-0.036748,0.236122,0.040976,-0.039296,0.000934,-0.000266,-0.000252
5.380225,-0.026714,0.317517,0.084437,5.312908,-0.030350,0.313562,0.084202,-0.067317,-0.003636,-0.003955,-0.000235
5.884806,0.007214,0.255971,0.100731,5.812659,0.005347,0.254732,0.098682,-0.072147,-0.001867,-0.001239,-0.002049
3.865961,-0.007334,0.241851,0.072118,3.797261,-0.006539,0.240508,0.071904,-0.068700,0.000794,-0.001342,-0.000215
4.469667,-0.009064,0.274548,0.062873,4.435231,-0.007912,0.278811,0.063018,-0.034437,0.001153,0.004264,0.000145
3.667195,-0.007662,0.232333,0.054649,3.630394,-0.007179,0.237149,0.055296,-0.036802,0.000483,0.004816,0.000647
3.471366,0.008069,0.337990,0.058135,3.466372,0.009102,0.338712,0.058338,-0.004994,0.001033,0.000723,0.000203
5.703482,-0.039459,0.554174,0.101370,5.697874,-0.039058,0.543174,0.102086,-0.005608,0.000401,-0.011000,0.000716
5.896542,0.006266,0.367012,0.079620,5.721265,0.004837,0.377552,0.079854,-0.175277,-0.001430,0.010540,0.000234
4.701035,-0.016036,0.283701,0.082417,4.737663,-0.012721,0.287216,0.082891,0.036629,0.003315,0.003515,0.000474
5.794920,-0.001557,0.277451,0.097895,5.679445,-0.005307,0.271569,0.095069,-0.115475,-0.003750,-0.005882,-0.002826
2.820614,-0.009104,0.244564,0.047180,2.788391,-0.010619,0.239718,0.046183,-0.032223,-0.001515,-0.004846,-0.000996
4.354149,-0.037614,0.365107,0.081190,4.344924,-0.033813,0.351692,0.079877,-0.009225,0.003801,-0.013415,-0.001313
3.584711,-0.010342,0.340109,0.066769,3.531125,-0.012513,0.344183,0.066674,-0.053586,-0.002170,0.004074,-0.000095
2.115222,-0.019676,0.181035,0.031745,2.034584,-0.020798,0.182497,0.032097,-0.080638,-0.001122,0.001463,0.000353
2.009229,-0.007435,0.164610,0.028897,1.951226,-0.007712,0.165312,0.028201,-0.058003,-0.000276,0.000702,-0.000696
4.859732,0.013440,0.249507,0.089240,4.779965,0.017186,0.256007,0.088047,-0.079767,0.003747,0.006499,-0.001193
2.221718,-0.022022,0.196205,0.038996,2.242461,-0.021516,0.196182,0.038657,0.020743,0.000506,-0.000023,-0.000338
6.492698,0.058526,0.362088,0.127420,6.355259,0.048628,0.336126,0.125271,-0.137438,-0.009898,-0.025961,-0.002150
5.948587,-0.041499,0.476487,0.099459,5.814750,-0.036825,0.470716,0.096241,-0.133837,0.004674,-0.005772,-0.003217
2.603868,-0.015091,0.332958,0.055847,2.616645,-0.017875,0.334768,0.055635,0.012778,-0.002784,0.001810,-0.000212
5.944753,0.009089,0.235772,0.095065,5.778467,0.014486,0.233780,0.093811,-0.166286,0.005396,-0.001992,-0.001254
2.552985,0.001288,0.231446,0.048224,2.534349,0.000157,0.239610,0.048242,-0.018636,-0.001132,0.008163,0.000018
3.842901,-0.003595,0.155151,0.062891,3.813072,-0.002351,0.159189,0.062243,-0.029830,0.001243,0.004038,-0.000648
5.866336,-0.042213,0.545110,0.105178,5.838235,-0.041849,0.544472,0.104888,-0.028101,0.000364,-0.000638,-0.000290
2.978684,0.002923,0.166291,0.051287,3.049219,0.002885,0.172566,0.051693,0.070535,-0.000038,0.006276,0.000406
1.807702,-0.004683,0.130189,0.025670,1.761143,-0.006722,0.134040,0.024711,-0.046559,-0.002040,0.003851,-0.000959
2.475343,-0.060346,0.257221,0.041132,2.509352,-0.059998,0.263487,0.041687,0.034009,0.000347,0.006266,0.000556
4.771542,0.003970,0.181184,0.076630,4.755013,0.002501,0.181455,0.076138,-0.016529,-0.001470,0.000271,-0.000491
2.268586,-0.018387,0.139351,0.041093,2.207642,-0.016570,0.133529,0.040692,-0.060945,0.001817,-0.005822,-0.000401
7.244035,0.022527,0.333628,0.139176,7.168897,0.023051,0.350873,0.137196,-0.075139,0.000524,0.017245,-0.001981
2.436500,-0.036170,0.273548,0.044719,2.339915,-0.037720,0.271265,0.044165,-0.096585,-0.001550,-0.002283,-0.000555
3.885051,-0.007658,0.242823,0.072659,3.862728,-0.005213,0.238887,0.072205,-0.022323,0.002444,-0.003937,-0.000454
2.409837,-0.013954,0.141750,0.045593,2.412370,-0.014329,0.144646,0.045589,0.002532,-0.000375,0.002896,-0.000004
1.901049,-0.007948,0.102407,0.032565,1.879089,-0.007990,0.099588,0.031934,-0.021960,-0.000042,-0.002819,-0.000632
4.602010,-0.037586,0.420344,0.092639,4.620705,-0.037917,0.424350,0.092293,0.018694,-0.000331,0.004006,-0.000346
2.727086,-0.004442,0.170568,0.050371,2.694817,-0.007186,0.170780,0.049734,-0.032269,-0.002743,0.000213,-0.000637
2.805946,-0.011669,0.294120,0.051704,2.826331,-0.013371,0.292900,0.051895,0.020386,-0.001702,-0.001220,0.000191
2.413036,-0.005045,0.169879,0.037265,2.403190,-0.003739,0.177061,0.037878,-0.009845,0.001306,0.007181,0.000613
3.188466,-0.016549,0.259410,0.057320,3.224007,-0.017203,0.252898,0.057379,0.035541,-0.000654,-0.006512,0.000059
2.066260,-0.001582,0.103366,0.036359,2.034456,-0.002273,0.104421,0.035397,-0.031804,-0.000691,0.001055,-0.000962
2.495965,-0.029545,0.267673,0.044148,2.537819,-0.028013,0.263841,0.043589,0.041854,0.001532,-0.003832,-0.000560
5.266994,0.009668,0.223575,0.089892,5.186244,0.004943,0.226332,0.088627,-0.080750,-0.004724,0.002757,-0.001265
3.024004,0.009374,0.183028,0.060356,3.117919,0.008925,0.190378,0.060267,0.093915,-0.000450,0.007350,-0.000089
3.991165,-0.013472,0.382873,0.062633,3.988832,-0.012350,0.377265,0.062932,-0.002333,0.001122,-0.005608,0.000300
5.152421,-0.009964,0.441952,0.100807,5.153759,-0.010451,0.446727,0.100317,0.001338,-0.000487,0.004776,-0.000490
4.904813,-0.042626,0.349247,0.079314,4.844065,-0.045004,0.354884,0.078077,-0.060749,-0.002378,0.005637,-0.001237
5.889264,0.015289,0.256984,0.099533,5.782594,0.011933,0.256315,0.097944,-0.106670,-0.003356,-0.000669,-0.001589
4.005353,-0.019763,0.193757,0.069639,4.015354,-0.021112,0.195046,0.068245,0.010001,-0.001349,0.001289,-0.001394
1.836739,-0.014079,0.186690,0.037015,1.842808,-0.012872,0.184402,0.037209,0.006069,0.001207,-0.002288,0.000194
2.769034,-0.001747,0.231325,0.043964,2.752343,-0.002692,0.228389,0.044257,-0.016691,-0.000945,-0.002936,0.000293
5.090018,-0.027485,0.355300,0.082186,5.039654,-0.027815,0.350639,0.082062,-0.050364,-0.000330,-0.004662,-0.000125
3.147667,-0.005313,0.346591,0.053553,3.094285,-0.003005,0.337182,0.053696,-0.053382,0.002308,-0.009409,0.000143
2.304661,-0.028634,0.262066,0.042642,2.324431,-0.030331,0.261778,0.043011,0.019770,-0.001697,-0.000288,0.000370
4.353395,-0.036570,0.342009,0.075558,4.373786,-0.033747,0.344435,0.075719,0.020392,0.002824,0.002426,0.000161
6.578564,-0.006900,0.588742,0.113314,6.514011,-0.006132,0.576895,0.112906,-0.064553,0.000768,-0.011846,-0.000408
6.609383,-0.002205,0.465217,0.112410,6.618246,-0.004686,0.476696,0.112719,0.008863,-0.002480,0.011480,0.000309
2.496090,-0.016868,0.249513,0.043828,2.520707,-0.015800,0.244550,0.043682,0.024616,0.001069,-0.004963,-0.000147
3.901439,-0.019878,0.332753,0.072785,3.916636,-0.023860,0.333788,0.073092,0.015197,-0.003981,0.001034,0.000307
7.322377,-0.010105,0.585284,0.135570,7.220277,-0.010444,0.572729,0.133628,-0.102100,-0.000339,-0.012555,-0.001942
2.753796,-0.002064,0.298193,0.051822,2.791762,-0.003549,0.302609,0.052202,0.037966,-0.001485,0.004416,0.000380
5.172523,0.006324,0.389669,0.074835,4.999296,0.006327,0.386816,0.073906,-0.173226,0.000003,-0.002852,-0.000929
4.228152,-0.003771,0.338338,0.069231,4.210765,-0.004348,0.340411,0.068116,-0.017386,-0.000577,0.002073,-0.001115
4.593035,-0.051663,0.408582,0.076303,4.618350,-0.050385,0.414068,0.077435,0.025314,0.001277,0.005487,0.001132
4.011044,-0.023916,0.247915,0.069723,3.973483,-0.025026,0.248986,0.069547,-0.037561,-0.001110,0.001071,-0.000176
5.716298,0.033164,0.249195,0.098571,5.654459,0.028710,0.240643,0.097222,-0.061839,-0.004454,-0.008552,-0.001349
3.995211,-0.011663,0.326238,0.064610,3.973469,-0.013082,0.325739,0.064985,-0.021742,-0.001419,-0.000499,0.000375
3.558253,0.005758,0.160592,0.062181,3.546125,0.007266,0.159407,0.061221,-0.012129,0.001508,-0.001185,-0.000959
3.879175,0.000748,0.193211,0.068644,3.912171,-0.003177,0.191188,0.068098,0.032996,-0.003925,-0.002023,-0.000545
6.555549,-0.009030,0.525154,0.118860,6.552978,-0.012426,0.521258,0.118152,-0.002571,-0.003396,-0.003896,-0.000708
4.767927,-0.025330,0.206980,0.081347,4.762174,-0.024930,0.207103,0.080596,-0.005753,0.000401,0.000122,-0.000751
6.023913,-0.002419,0.268147,0.098373,5.914483,-0.004767,0.264329,0.096516,-0.109430,-0.002348,-0.003818,-0.001857
4.156264,0.006082,0.229821,0.062504,4.139194,0.002868,0.229326,0.063200,-0.017070,-0.003214,-0.000495,0.000696
4.019406,0.005250,0.395698,0.067782,3.937855,0.004184,0.394846,0.066792,-0.081551,-0.001066,-0.000851,-0.000990
3.610048,-0.010463,0.290107,0.064775,3.598237,-0.014178,0.290541,0.064847,-0.011812,-0.003715,0.000434,0.000072
5.114100,0.032606,0.224188,0.085772,4.976488,0.030471,0.225861,0.083880,-0.137612,-0.002135,0.001673,-0.001892
4.027901,-0.004355,0.349611,0.067900,3.979772,-0.002679,0.352224,0.068184,-0.048129,0.001677,0.002612,0.000284
5.469628,0.013377,0.221786,0.088890,5.402198,0.011365,0.214720,0.087756,-0.067430,-0.002012,-0.007065,-0.001134
5.046440,-0.012963,0.362276,0.085934,4.931292,-0.016302,0.366622,0.086289,-0.115148,-0.003339,0.004346,0.000356
2.888597,-0.012773,0.315636,0.056639,2.995986,-0.012244,0.313007,0.056309,0.107389,0.000529,-0.002630,-0.000331
6.151361,-0.005188,0.399899,0.107682,6.119188,-0.009666,0.396284,0.106485,-0.032173,-0.004477,-0.003615,-0.001196
3.551407,-0.033648,0.315680,0.063251,3.504040,-0.032900,0.310194,0.063731,-0.047367,0.000747,-0.005486,0.000480
5.985801,0.036945,0.260269,0.112033,5.826281,0.043770,0.265166,0.110558,-0.159520,0.006825,0.004897,-0.001474
3.505301,-0.004871,0.257833,0.052888,3.542899,-0.004799,0.260732,0.052883,0.037597,0.000072,0.002898,-0.000005
3.489981,-0.026634,0.322919,0.053032,3.503565,-0.028405,0.321681,0.054122,0.013583,-0.001772,-0.001238,0.001090
6.222356,0.010923,0.401665,0.115562,6.247509,0.004779,0.411458,0.115367,0.025153,-0.006143,0.009793,-0.000195
3.010097,-0.004229,0.277577,0.048659,3.093769,-0.003726,0.276313,0.049089,0.083672,0.000502,-0.001265,0.000431
3.673553,0.007985,0.333352,0.057927,3.685884,0.009384,0.330285,0.058341,0.012331,0.001399,-0.003067,0.000414
3.389567,0.011686,0.325691,0.056712,3.382328,0.011060,0.319439,0.056891,-0.007239,-0.000625,-0.006252,0.000179
2.441603,-0.012103,0.255873,0.041447,2.364165,-0.012264,0.246090,0.040953,-0.077438,-0.000161,-0.009783,-0.000494
3.021966,0.006370,0.203412,0.047594,3.065577,0.005155,0.205185,0.048275,0.043612,-0.001215,0.001773,0.000680
4.547133,0.017437,0.383760,0.080035,4.544841,0.010637,0.381534,0.079821,-0.002292,-0.006800,-0.002226,-0.000213
2.373437,-0.022873,0.176734,0.041250,2.364466,-0.019067,0.169235,0.040325,-0.008971,0.003807,-0.007499,-0.000926
2.279144,-0.024286,0.181915,0.040397,2.277265,-0.021787,0.178216,0.040288,-0.001879,0.002499,-0.003699,-0.000109
3.682779,-0.015111,0.184393,0.056661,3.659116,-0.017764,0.193110,0.055938,-0.023663,-0.002654,0.008717,-0.000723
3.020422,-0.008773,0.276626,0.060436,2.995671,-0.009052,0.269042,0.060273,-0.024751,-0.000279,-0.007584,-0.000163
2.360384,-0.015077,0.176042,0.041780,2.390531,-0.017537,0.179520,0.042199,0.030147,-0.002460,0.003478,0.000419
5.786185,0.001265,0.359276,0.100053,5.690507,-0.003485,0.359645,0.098769,-0.095678,-0.004750,0.000369,-0.001284
2.103626,-0.017245,0.190950,0.042240,2.140140,-0.017892,0.188357,0.043052,0.036514,-0.000647,-0.002594,0.000811
3.264590,0.002719,0.262243,0.049208,3.176238,0.000418,0.268659,0.049363,-0.088352,-0.002301,0.006416,0.000154
5.750104,0.005775,0.290385,0.098713,5.669501,0.007162,0.285962,0.095848,-0.080604,0.001387,-0.004423,-0.002865
2.364459,-0.041670,0.263444,0.039332,2.403840,-0.041257,0.262608,0.040550,0.039381,0.000413,-0.000836,0.001218
5.401820,-0.010066,0.327428,0.095746,5.412783,-0.011964,0.327910,0.095779,0.010962,-0.001897,0.000482,0.000033
4.417274,-0.032239,0.417998,0.086624,4.412129,-0.028488,0.424215,0.085810,-0.005145,0.003751,0.006217,-0.000814
5.918213,0.026665,0.297404,0.111876,5.854146,0.025831,0.288548,0.111384,-0.064066,-0.000835,-0.008857,-0.000492
2.522846,-0.013545,0.150410,0.049808,2.477003,-0.014595,0.148905,0.049085,-0.045844,-0.001050,-0.001505,-0.000723
5.494872,0.010227,0.404711,0.097102,5.433021,0.010340,0.401399,0.096353,-0.061852,0.000113,-0.003312,-0.000749
1.704170,-0.010167,0.133816,0.028554,1.730928,-0.009582,0.132323,0.027962,0.026758,0.000585,-0.001493,-0.000592
4.913301,-0.022340,0.314825,0.095274,4.904113,-0.023378,0.313668,0.093817,-0.009187,-0.001038,-0.001157,-0.001457
4.235739,-0.028250,0.310772,0.068901,4.209696,-0.027023,0.308228,0.068559,-0.026043,0.001226,-0.002544,-0.000343
5.187234,-0.055758,0.425543,0.082953,5.089193,-0.053162,0.425478,0.082104,-0.098041,0.002595,-0.000064,-0.000849
2.489319,-0.007463,0.147979,0.049978,2.497475,-0.006028,0.156229,0.049750,0.008156,0.001434,0.008250,-0.000228
5.270767,0.016025,0.242150,0.100836,5.268097,0.018199,0.245940,0.100741,-0.002670,0.002174,0.003790,-0.000095
2.019756,-0.006914,0.148543,0.037674,2.030374,-0.006565,0.149056,0.037501,0.010618,0.000349,0.000513,-0.000172
4.191893,-0.013995,0.280014,0.067715,4.174198,-0.012661,0.277742,0.067250,-0.017694,0.001333,-0.002271,-0.000465
3.684262,-0.013361,0.408076,0.068317,3.643682,-0.015246,0.406562,0.067839,-0.040580,-0.001885,-0.001515,-0.000479
3.682589,-0.014165,0.431716,0.066276,3.681292,-0.015959,0.424469,0.066246,-0.001297,-0.001794,-0.007247,-0.000029
4.741486,-0.033355,0.400833,0.080139,4.724349,-0.035228,0.401675,0.080600,-0.017136,-0.001873,0.000843,0.000461
3.451582,-0.001349,0.335343,0.070188,3.403306,-0.000929,0.325249,0.069520,-0.048277,0.000420,-0.010093,-0.000667
4.396095,0.014978,0.214797,0.084646,4.463417,0.017487,0.221091,0.085049,0.067322,0.002509,0.006294,0.000402
4.869580,-0.059214,0.374226,0.073116,4.832861,-0.057582,0.368464,0.072439,-0.036719,0.001632,-0.005762,-0.000677
2.910322,0.003042,0.142465,0.043653,2.966983,0.001065,0.148211,0.044825,0.056661,-0.001977,0.005746,0.001172
5.860537,0.007036,0.273728,0.105531,5.817733,0.007799,0.267782,0.104760,-0.042804,0.000763,-0.005946,-0.000771
5.346392,-0.025651,0.440738,0.084903,5.426106,-0.022831,0.438155,0.084746,0.079714,0.002820,-0.002583,-0.000157
2.792325,-0.012948,0.327599,0.056630,2.769926,-0.012492,0.321970,0.056616,-0.022400,0.000455,-0.005628,-0.000014
5.443269,-0.032664,0.425709,0.092937,5.470798,-0.036172,0.429318,0.093226,0.027529,-0.003508,0.003609,0.000288
4.906392,0.013793,0.233869,0.093902,4.918321,0.012194,0.231362,0.093033,0.011929,-0.001599,-0.002507,-0.000869
2.355442,-0.029880,0.238541,0.037336,2.363107,-0.030868,0.237737,0.037020,0.007665,-0.000988,-0.000804,-0.000317
4.169371,-0.036980,0.312180,0.063113,4.261285,-0.036006,0.311904,0.062904,0.091915,0.000974,-0.000276,-0.000209
3.717085,-0.000218,0.338651,0.063805,3.746772,-0.005652,0.351721,0.064141,0.029687,-0.005434,0.013070,0.000336
3.015173,-0.030352,0.307684,0.048361,2.962567,-0.026148,0.300400,0.048599,-0.052605,0.004204,-0.007284,0.000238
2.293230,-0.023029,0.159406,0.035796,2.253577,-0.022611,0.159504,0.035200,-0.039653,0.000418,0.000098,-0.000596
2.587509,-0.001263,0.147686,0.037126,2.575368,-0.001631,0.150201,0.036994,-0.012141,-0.000367,0.002515,-0.000131
3.052085,-0.012121,0.260186,0.055623,3.031372,-0.012740,0.258250,0.056155,-0.020714,-0.000620,-0.001936,0.000532
2.648340,-0.009473,0.191961,0.044028,2.632118,-0.008776,0.192437,0.043913,-0.016223,0.000697,0.000477,-0.000115
2.458834,-0.031913,0.161275,0.037219,2.360738,-0.030282,0.162242,0.036839,-0.098097,0.001631,0.000967,-0.000380
4.123245,-0.026000,0.346058,0.068872,4.104448,-0.025839,0.351642,0.069611,-0.018797,0.000161,0.005584,0.000739
4.844876,-0.063052,0.320625,0.087392,4.794593,-0.061121,0.321406,0.086499,-0.050282,0.001931,0.000780,-0.000893
4.944290,0.003789,0.401812,0.082117,4.907793,-0.000465,0.414198,0.082179,-0.036497,-0.004254,0.012387,0.000061
3.195683,0.011335,0.275088,0.049580,3.247680,0.009482,0.283912,0.050850,0.051997,-0.001853,0.008824,0.001269
4.200426,-0.019071,0.301017,0.058112,4.157293,-0.020945,0.300455,0.058629,-0.043133,-0.001874,-0.000562,0.000517
3.437396,-0.020179,0.281929,0.057680,3.465206,-0.022141,0.279464,0.058017,0.027810,-0.001962,-0.002464,0.000337
2.923896,-0.008765,0.246946,0.055278,2.913500,-0.009511,0.242196,0.055109,-0.010396,-0.000746,-0.004750,-0.000169
6.905113,-0.011846,0.405271,0.114806,6.865871,-0.016985,0.408403,0.114151,-0.039242,-0.005139,0.003132,-0.000655
4.432234,-0.026476,0.366841,0.074126,4.511312,-0.029622,0.379068,0.075853,0.079079,-0.003146,0.012227,0.001727
5.656487,0.014542,0.413341,0.102667,5.598468,0.011763,0.409722,0.102338,-0.058020,-0.002779,-0.003619,-0.000329
4.075258,-0.027340,0.411728,0.067723,4.128571,-0.025400,0.401269,0.067497,0.053313,0.001940,-0.010459,-0.000226
3.580723,0.002778,0.277178,0.067419,3.555984,0.002185,0.277639,0.067415,-0.024738,-0.000593,0.000461,-0.000004
5.049361,-0.010196,0.307187,0.084694,5.041429,-0.013700,0.312590,0.085400,-0.007932,-0.003503,0.005403,0.000706
3.458141,-0.005577,0.206008,0.065613,3.510228,-0.006572,0.216656,0.065780,0.052087,-0.000995,0.010648,0.000167
6.120585,0.027882,0.312266,0.110780,6.073000,0.029853,0.308836,0.110461,-0.047585,0.001971,-0.003430,-0.000319
2.211168,-0.008465,0.161643,0.034541,2.151544,-0.007331,0.161729,0.033148,-0.059624,0.001134,0.000086,-0.001393
4.105697,0.025653,0.190452,0.082590,4.141681,0.026798,0.204720,0.082940,0.035984,0.001145,0.014268,0.000349
5.231775,0.017066,0.182764,0.080511,5.118635,0.015912,0.188785,0.078050,-0.113140,-0.001154,0.006021,-0.002461
4.225578,-0.020537,0.191933,0.068672,4.144288,-0.019512,0.192817,0.068427,-0.081290,0.001025,0.000884,-0.000245
2.311243,-0.013492,0.163591,0.032095,2.218398,-0.015972,0.161902,0.031213,-0.092846,-0.002479,-0.001689,-0.000883
2.620470,-0.001007,0.231999,0.044573,2.578831,-0.001143,0.222901,0.043391,-0.041639,-0.000136,-0.009098,-0.001182
6.007671,-0.040275,0.413208,0.087021,5.864628,-0.040808,0.409914,0.085197,-0.143043,-0.000533,-0.003294,-0.001824
4.741107,-0.023974,0.459513,0.096254,4.746723,-0.022542,0.449906,0.095713,0.005616,0.001432,-0.009607,-0.000542
5.660778,-0.026091,0.441498,0.078876,5.572526,-0.026620,0.428968,0.079481,-0.088252,-0.000529,-0.012530,0.000605
7.089736,-0.004213,0.470738,0.133248,6.983796,-0.000978,0.460671,0.131950,-0.105940,0.003235,-0.010067,-0.001298
4.660967,-0.041988,0.522177,0.095402,4.774798,-0.044173,0.534431,0.094909,0.113831,-0.002185,0.012255,-0.000493
4.236141,-0.023799,0.256965,0.071803,4.212603,-0.025589,0.253321,0.071918,-0.023538,-0.001790,-0.003644,0.000115
5.757500,-0.003440,0.404262,0.096640,5.718890,-0.003582,0.412613,0.094722,-0.038610,-0.000141,0.008351,-0.001918
2.900344,-0.016486,0.192373,0.055385,2.941386,-0.019096,0.197981,0.053951,0.041042,-0.002609,0.005609,-0.001433
3.058863,0.008332,0.154217,0.052004,3.028216,0.007180,0.160323,0.051525,-0.030646,-0.001152,0.006106,-0.000478
4.547174,-0.050842,0.383133,0.069700,4.514704,-0.048239,0.379064,0.070200,-0.032470,0.002603,-0.004069,0.000500
4.086787,0.011559,0.235386,0.084750,3.955706,0.012636,0.232051,0.082143,-0.131080,0.001077,-0.003335,-0.002607
3.472466,0.006499,0.136181,0.059239,3.470587,0.006891,0.140482,0.058867,-0.001879,0.000392,0.004301,-0.000372
2.757183,0.001203,0.263776,0.046334,2.765445,-0.000349,0.260231,0.046319,0.008262,-0.001552,-0.003545,-0.000015
2.122406,-0.001815,0.174036,0.037424,2.100950,-0.002574,0.166973,0.036324,-0.021456,-0.000759,-0.007063,-0.001100
3.423249,-0.014469,0.265180,0.054989,3.380133,-0.013888,0.259387,0.055216,-0.043116,0.000581,-0.005793,0.000227
5.852355,-0.038610,0.467307,0.094602,5.779901,-0.040008,0.456109,0.092126,-0.072454,-0.001398,-0.011198,-0.002476
4.583369,-0.022762,0.272426,0.082815,4.618153,-0.027501,0.280624,0.082956,0.034783,-0.004739,0.008198,0.000141
6.055021,-0.008209,0.278934,0.107463,5.954841,-0.013179,0.287592,0.107161,-0.100180,-0.004969,0.008658,-0.000302
2.892838,-0.004306,0.233884,0.042791,2.932125,-0.002682,0.235621,0.043767,0.039287,0.001624,0.001737,0.000977
5.889842,0.003618,0.440106,0.083881,5.774993,0.003802,0.440620,0.083308,-0.114849,0.000184,0.000515,-0.000573
3.077761,-0.028576,0.311489,0.051102,3.072475,-0.032043,0.305160,0.051264,-0.005286,-0.003467,-0.006328,0.000162
2.318905,-0.019327,0.128076,0.041525,2.278946,-0.018543,0.124402,0.040082,-0.039959,0.000784,-0.003674,-0.001443
4.197024,-0.027949,0.255174,0.070180,4.202723,-0.026657,0.253964,0.071149,0.005698,0.001292,-0.001209,0.000970
2.581332,-0.016916,0.246913,0.046144,2.513627,-0.015035,0.242283,0.045314,-0.067706,0.001881,-0.004630,-0.000831
2.599789,0.002403,0.253414,0.050506,2.596051,-0.001700,0.256140,0.050535,-0.003738,-0.004103,0.002726,0.000030
4.168625,-0.031313,0.292839,0.066517,4.138139,-0.028354,0.300596,0.066545,-0.030487,0.002959,0.007758,0.000029
2.962914,-0.022708,0.259638,0.055428,2.987987,-0.023329,0.261156,0.055008,0.025073,-0.000621,0.001518,-0.000420
1.740567,-0.010438,0.170626,0.035199,1.741828,-0.011071,0.169605,0.035262,0.001261,-0.000633,-0.001021,0.000063
5.681043,-0.003488,0.360679,0.084090,5.687945,-0.003591,0.358461,0.083029,0.006902,-0.000103,-0.002218,-0.001061
4.509430,-0.011334,0.376448,0.090499,4.409245,-0.009258,0.375214,0.088202,-0.100185,0.002077,-0.001234,-0.002296
4.021349,-0.013442,0.202036,0.069759,3.961282,-0.011518,0.198431,0.067576,-0.060067,0.001924,-0.003604,-0.002183
4.759647,-0.009728,0.342277,0.080456,4.719181,-0.007470,0.348904,0.080238,-0.040466,0.002257,0.006627,-0.000218
2.837141,-0.008870,0.154087,0.046308,2.785918,-0.010735,0.156765,0.046166,-0.051223,-0.001865,0.002678,-0.000141
3.437268,-0.003608,0.268460,0.049201,3.420794,-0.003484,0.271117,0.048870,-0.016475,0.000124,0.002657,-0.000331
3.639786,-0.016968,0.321368,0.059747,3.630048,-0.015102,0.322258,0.059273,-0.009738,0.001866,0.000890,-0.000474
2.600935,-0.030707,0.313643,0.050735,2.570081,-0.032926,0.313570,0.051481,-0.030854,-0.002219,-0.000073,0.000746
3.555647,0.007697,0.258456,0.049555,3.586889,0.005483,0.262050,0.050104,0.031241,-0.002213,0.003595,0.000549
2.153945,-0.014572,0.132101,0.033049,2.116124,-0.012934,0.129673,0.032539,-0.037822,0.001638,-0.002428,-0.000510
2.727054,-0.004738,0.177826,0.040410,2.647290,-0.005677,0.180945,0.040527,-0.079763,-0.000940,0.003119,0.000117
4.224102,-0.024388,0.269481,0.068598,4.188114,-0.026328,0.271003,0.068495,-0.035988,-0.001940,0.001522,-0.000104
2.417178,-0.020500,0.143838,0.044230,2.375294,-0.016778,0.142168,0.043710,-0.041883,0.003723,-0.001670,-0.000520
4.227286,-0.030486,0.350125,0.072225,4.213504,-0.030605,0.351518,0.071762,-0.013783,-0.000119,0.001393,-0.000463
3.685050,-0.027787,0.410969,0.061367,3.806071,-0.030239,0.412463,0.062546,0.121021,-0.002452,0.001494,0.001179
1.851121,-0.009521,0.134556,0.031399,1.805733,-0.010824,0.135777,0.031046,-0.045388,-0.001304,0.001220,-0.000353
4.798132,0.009076,0.242746,0.083967,4.748223,0.008301,0.243135,0.082631,-0.049909,-0.000775,0.000389,-0.001336
5.212090,-0.014233,0.367658,0.075204,5.183412,-0.014790,0.369167,0.075342,-0.028678,-0.000557,0.001508,0.000138
5.873967,-0.019932,0.376273,0.086276,5.798328,-0.016671,0.372487,0.085225,-0.075639,0.003261,-0.003786,-0.001051
6.434380,-0.021783,0.543450,0.115031,6.376555,-0.029645,0.537729,0.112566,-0.057825,-0.007862,-0.005721,-0.002465
3.221126,-0.017234,0.300670,0.056364,3.221647,-0.016033,0.297961,0.056064,0.000521,0.001201,-0.002708,-0.000300
2.048941,0.001124,0.103820,0.034038,2.000532,0.001787,0.103279,0.033267,-0.048410,0.000663,-0.000540,-0.000770
5.276973,0.035116,0.276989,0.105079,5.207625,0.035161,0.279559,0.103931,-0.069348,0.000045,0.002570,-0.001148
2.872396,-0.015948,0.224158,0.042655,2.887489,-0.015909,0.219350,0.042416,0.015093,0.000039,-0.004808,-0.000239
2.879587,-0.036302,0.279630,0.049728,2.852667,-0.035336,0.275389,0.049360,-0.026920,0.000966,-0.004241,-0.000368
4.266901,-0.037724,0.230322,0.079491,4.202697,-0.034390,0.227350,0.078551,-0.064204,0.003334,-0.002972,-0.000940
6.033684,-0.042198,0.380291,0.101891,5.955801,-0.037371,0.380001,0.102916,-0.077883,0.004827,-0.000291,0.001025
2.714961,0.004843,0.271658,0.048020,2.739595,0.005573,0.270087,0.047296,0.024634,0.000730,-0.001571,-0.000724
2.120012,-0.038049,0.248706,0.040159,2.146379,-0.041092,0.249762,0.040114,0.026367,-0.003044,0.001057,-0.000045
4.949872,-0.007514,0.235157,0.087928,4.886259,-0.014264,0.229713,0.087505,-0.063613,-0.006750,-0.005443,-0.000423
2.733330,-0.017479,0.209772,0.044081,2.728031,-0.016167,0.210539,0.044348,-0.005298,0.001313,0.000768,0.000268
2.315956,-0.023848,0.215945,0.040763,2.270307,-0.024351,0.217827,0.040638,-0.045649,-0.000504,0.001882,-0.000124
4.815638,-0.048939,0.399986,0.078840,4.815000,-0.045188,0.404763,0.079365,-0.000638,0.003751,0.004777,0.000525
4.744632,0.024212,0.203244,0.087328,4.690670,0.021594,0.205559,0.086276,-0.053961,-0.002618,0.002315,-0.001052
6.692562,-0.040854,0.548133,0.102224,6.700135,-0.044385,0.547220,0.102090,0.007573,-0.003531,-0.000913,-0.000133
2.761688,-0.012352,0.171215,0.051912,2.701337,-0.009022,0.171907,0.050731,-0.060351,0.003329,0.000692,-0.001181
2.080745,-0.021211,0.135213,0.030515,2.105197,-0.020348,0.138716,0.030070,0.024452,0.000863,0.003503,-0.000445
2.332589,-0.055161,0.236320,0.037474,2.365455,-0.054911,0.247002,0.037910,0.032866,0.000250,0.010682,0.000436
5.639745,0.022469,0.257694,0.099213,5.585276,0.019036,0.251464,0.098415,-0.054469,-0.003434,-0.006230,-0.000797
3.664955,-0.009231,0.268021,0.062202,3.671090,-0.008296,0.270755,0.062668,0.006135,0.000935,0.002734,0.000466
7.391685,-0.036992,0.653105,0.120493,7.355080,-0.035653,0.650757,0.121210,-0.036604,0.001340,-0.002348,0.000716
5.304311,-0.041614,0.493758,0.088606,5.309813,-0.037945,0.498681,0.089501,0.005502,0.003668,0.004923,0.000895
5.676550,0.005338,0.314322,0.114062,5.657263,0.009859,0.303544,0.112205,-0.019287,0.004522,-0.010778,-0.001858
5.899388,0.015580,0.294040,0.114764,5.888741,0.013638,0.292800,0.114122,-0.010648,-0.001943,-0.001240,-0.000642
5.023830,-0.024094,0.337761,0.090374,4.940360,-0.020918,0.329415,0.088485,-0.083470,0.003176,-0.008346,-0.001889
3.713560,0.006769,0.233649,0.073830,3.685613,0.007773,0.243503,0.073969,-0.027948,0.001004,0.009853,0.000139
2.118526,-0.005105,0.114690,0.040082,2.069405,-0.004443,0.115541,0.039607,-0.049121,0.000662,0.000851,-0.000475
4.814065,0.006567,0.243497,0.084371,4.823120,0.005279,0.241166,0.083816,0.009055,-0.001288,-0.002331,-0.000555
1.899439,-0.015785,0.142196,0.031259,1.914246,-0.014039,0.139472,0.031007,0.014807,0.001746,-0.002725,-0.000252
5.627965,0.010777,0.300270,0.088293,5.592761,0.009660,0.299568,0.086950,-0.035204,-0.001117,-0.000702,-0.001344
3.248473,0.010059,0.195632,0.063440,3.262708,0.008247,0.196490,0.062685,0.014235,-0.001812,0.000858,-0.000755
4.439947,-0.055541,0.311602,0.061675,4.417420,-0.052085,0.310897,0.061547,-0.022527,0.003456,-0.000705,-0.000128
5.031232,-0.030588,0.343027,0.080945,4.995121,-0.028091,0.348955,0.080635,-0.036111,0.002498,0.005928,-0.000309
4.301288,-0.020845,0.423158,0.082130,4.320300,-0.019039,0.421230,0.081604,0.019012,0.001806,-0.001928,-0.000526
7.125332,0.000752,0.459044,0.134704,7.055301,-0.001896,0.453090,0.132958,-0.070031,-0.002648,-0.005955,-0.001746
3.894283,0.032052,0.175820,0.068335,3.898482,0.028456,0.185007,0.068869,0.004199,-0.003595,0.009187,0.000534
6.006805,-0.016199,0.500111,0.093482,5.958177,-0.015169,0.493570,0.091833,-0.048629,0.001029,-0.006541,-0.001650
1.878002,-0.008946,0.113197,0.035665,1.857069,-0.007856,0.112904,0.034983,-0.020933,0.001090,-0.000293,-0.000682
3.095725,0.007316,0.279546,0.048476,3.096055,0.004405,0.281801,0.049015,0.000330,-0.002911,0.002255,0.000539
4.803922,0.011605,0.317751,0.090336,4.857323,0.000241,0.327415,0.091126,0.053401,-0.011363,0.009664,0.000790
2.973745,-0.020818,0.330074,0.056059,2.967278,-0.022781,0.335742,0.056037,-0.006467,-0.001963,0.005667,-0.000022
2.388717,-0.003108,0.135195,0.040754,2.422306,-0.004122,0.135668,0.040511,0.033589,-0.001014,0.000472,-0.000244
2.948305,-0.001204,0.157317,0.050989,3.037748,-0.001656,0.167588,0.051528,0.089443,-0.000452,0.010271,0.000540
3.241733,-0.018327,0.361286,0.059946,3.283223,-0.013737,0.352408,0.060553,0.041490,0.004590,-0.008878,0.000607
2.368332,-0.003270,0.222573,0.041058,2.295825,-0.007389,0.216575,0.040733,-0.072507,-0.004119,-0.005999,-0.000325
5.288448,0.000198,0.320510,0.082549,5.197765,0.001941,0.312627,0.081730,-0.090683,0.001743,-0.007883,-0.000819
5.239808,-0.074139,0.421329,0.085946,5.156462,-0.070737,0.437984,0.085264,-0.083346,0.003402,0.016655,-0.000682
5.656469,-0.010394,0.394174,0.101370,5.576992,-0.005962,0.386264,0.101046,-0.079477,0.004432,-0.007910,-0.000324
3.370399,-0.010860,0.439019,0.069669,3.408890,-0.010603,0.441965,0.068907,0.038490,0.000256,0.002946,-0.000762
6.296495,0.023386,0.464130,0.114351,6.274069,0.024179,0.467179,0.115115,-0.022426,0.000793,0.003049,0.000764
4.406347,0.005103,0.322007,0.080411,4.351053,0.001911,0.325091,0.080881,-0.055294,-0.003192,0.003084,0.000470
5.606353,0.008475,0.246884,0.102551,5.576419,0.001257,0.253130,0.101044,-0.029934,-0.007218,0.006246,-0.001506
6.608818,0.012264,0.312655,0.115019,6.472689,0.006852,0.306655,0.113382,-0.136129,-0.005412,-0.006000,-0.001637
3.864468,-0.012456,0.351956,0.065127,3.804792,-0.007323,0.349941,0.063969,-0.059676,0.005132,-0.002014,-0.001158
3.442824,-0.011257,0.267845,0.054073,3.428406,-0.010190,0.272411,0.054214,-0.014418,0.001067,0.004566,0.000142
3.663026,0.000618,0.399272,0.067208,3.615683,0.001627,0.393157,0.067045,-0.047343,0.001009,-0.006114,-0.000163
5.499218,-0.005465,0.407347,0.110023,5.465338,-0.000627,0.401422,0.108535,-0.033880,0.004837,-0.005925,-0.001488
4.404910,0.038029,0.184090,0.072823,4.355480,0.031806,0.177453,0.073169,-0.049429,-0.006224,-0.006637,0.000346
2.040573,-0.014040,0.134387,0.043359,1.999217,-0.013847,0.138963,0.042831,-0.041355,0.000193,0.004576,-0.000528
3.265499,0.010033,0.144315,0.057333,3.243112,0.010605,0.146257,0.056741,-0.022387,0.000573,0.001943,-0.000592
2.367506,-0.022003,0.225274,0.039212,2.331343,-0.022881,0.217505,0.038640,-0.036163,-0.000878,-0.007769,-0.000571
2.993379,-0.001586,0.268726,0.047354,2.995530,-0.002765,0.267464,0.047856,0.002151,-0.001180,-0.001262,0.000502
4.497028,-0.020247,0.339941,0.079165,4.419564,-0.018688,0.335483,0.078901,-0.077464,0.001558,-0.004458,-0.000264
3.300309,-0.006558,0.297578,0.051550,3.294084,-0.007274,0.292844,0.051393,-0.006225,-0.000716,-0.004735,-0.000157
4.325837,-0.015687,0.210393,0.079860,4.302176,-0.014262,0.211707,0.079224,-0.023661,0.001425,0.001314,-0.000636
4.469590,-0.018367,0.201024,0.079125,4.475092,-0.020547,0.203034,0.078161,0.005502,-0.002180,0.002010,-0.000964
4.749579,-0.013554,0.339816,0.074680,4.741922,-0.012133,0.336683,0.074321,-0.007658,0.001421,-0.003133,-0.000360
2.582741,-0.023595,0.256877,0.045426,2.587525,-0.023609,0.255636,0.044907,0.004784,-0.000014,-0.001240,-0.000519
3.884516,-0.033907,0.408799,0.077596,3.917747,-0.037307,0.411700,0.077429,0.033231,-0.003400,0.002901,-0.000167
3.631638,-0.000624,0.200568,0.059789,3.620220,0.002188,0.205559,0.058991,-0.011418,0.002812,0.004992,-0.000798
2.887914,-0.005512,0.234676,0.046215,2.859476,-0.006851,0.229739,0.045854,-0.028438,-0.001340,-0.004937,-0.000361
2.499583,-0.022802,0.200331,0.044959,2.509977,-0.022882,0.194979,0.044405,0.010394,-0.000079,-0.005352,-0.000554
2.785489,-0.017192,0.202229,0.045422,2.753792,-0.014448,0.200550,0.045752,-0.031697,0.002744,-0.001679,0.000330
2.377244,-0.005136,0.248803,0.040016,2.310222,-0.004906,0.243393,0.039222,-0.067022,0.000230,-0.005409,-0.000794
3.444944,0.000364,0.199219,0.060364,3.468675,-0.000189,0.200495,0.060705,0.023731,-0.000553,0.001276,0.000342
2.961110,-0.018539,0.186177,0.054607,3.000359,-0.020319,0.189713,0.054062,0.039249,-0.001780,0.003537,-0.000544
3.612497,-0.012271,0.362760,0.061932,3.628076,-0.010037,0.343294,0.062073,0.015580,0.002234,-0.019466,0.000141
4.172277,-0.022489,0.259963,0.073011,4.165667,-0.021946,0.262973,0.073501,-0.006610,0.000543,0.003010,0.000491
3.807979,-0.021565,0.378241,0.066321,3.778380,-0.022312,0.373840,0.065926,-0.029599,-0.000748,-0.004402,-0.000395
2.903849,-0.018975,0.206415,0.044923,2.890684,-0.017823,0.205373,0.045239,-0.013165,0.001152,-0.001043,0.000316
3.873811,-0.003026,0.295490,0.069331,3.869858,-0.002850,0.298497,0.069460,-0.003953,0.000176,0.003006,0.000128
5.099703,-0.025264,0.305552,0.070814,5.034935,-0.028274,0.309070,0.071220,-0.064767,-0.003010,0.003517,0.000406
5.839425,-0.017134,0.377285,0.082869,5.731683,-0.017314,0.368899,0.082506,-0.107742,-0.000179,-0.008386,-0.000362
3.224351,-0.003998,0.163763,0.050188,3.243088,-0.006380,0.169647,0.050438,0.018737,-0.002381,0.005885,0.000250
4.064677,-0.007757,0.368989,0.071050,4.019262,-0.010585,0.367885,0.071157,-0.045414,-0.002827,-0.001104,0.000107
2.066943,-0.023505,0.236981,0.038336,2.070786,-0.025218,0.233584,0.038116,0.003844,-0.001712,-0.003398,-0.000220
2.167393,-0.027972,0.284652,0.045099,2.232361,-0.026759,0.285811,0.045691,0.064968,0.001213,0.001159,0.000592
4.743384,-0.004005,0.477516,0.095062,4.787658,-0.004080,0.471248,0.093638,0.044274,-0.000075,-0.006268,-0.001423
3.186443,-0.009294,0.232114,0.049157,3.166378,-0.010174,0.230812,0.050360,-0.020065,-0.000880,-0.001302,0.001203
6.344693,-0.010155,0.473919,0.109185,6.265481,-0.010112,0.475288,0.107846,-0.079213,0.000043,0.001369,-0.001339
2.866217,-0.009779,0.211590,0.048086,2.847703,-0.011352,0.210265,0.047890,-0.018514,-0.001574,-0.001325,-0.000196
4.638664,0.009582,0.376673,0.091203,4.612231,0.011275,0.380279,0.090225,-0.026433,0.001692,0.003605,-0.000978
6.556349,-0.021791,0.427943,0.094336,6.428887,-0.022196,0.421667,0.093456,-0.127462,-0.000406,-0.006276,-0.000880
2.931696,-0.042662,0.291908,0.050168,2.988900,-0.047212,0.293294,0.050355,0.057204,-0.004550,0.001386,0.000186
5.967923,0.044561,0.258970,0.111661,5.873590,0.043049,0.264027,0.111420,-0.094334,-0.001512,0.005056,-0.000241
2.379750,0.001268,0.161713,0.038492,2.398189,-0.001691,0.163768,0.039285,0.018439,-0.002959,0.002055,0.000792
4.751465,-0.040585,0.302472,0.084646,4.694468,-0.035685,0.300917,0.083334,-0.056998,0.004900,-0.001555,-0.001313
7.196415,-0.003073,0.324443,0.127484,7.105491,-0.004955,0.337412,0.126822,-0.090924,-0.001883,0.012969,-0.000662
2.301634,-0.019117,0.177152,0.034236,2.284676,-0.019517,0.181424,0.033000,-0.016958,-0.000400,0.004273,-0.001236
5.199957,0.008469,0.401629,0.080780,5.107862,0.009047,0.397764,0.079567,-0.092096,0.000578,-0.003865,-0.001213
4.624269,-0.031619,0.342610,0.080083,4.578067,-0.031899,0.343282,0.079217,-0.046202,-0.000280,0.000672,-0.000865
5.430398,-0.024541,0.363090,0.100468,5.451520,-0.024666,0.366300,0.100427,0.021122,-0.000125,0.003210,-0.000042
4.946551,-0.034316,0.394237,0.083433,4.918344,-0.027458,0.396199,0.082226,-0.028207,0.006858,0.001962,-0.001207
2.404897,-0.005197,0.210600,0.039996,2.423964,-0.008849,0.212139,0.040188,0.019068,-0.003651,0.001540,0.000192
3.899034,0.002194,0.254291,0.078020,3.914837,-0.001194,0.264285,0.078156,0.015803,-0.003388,0.009994,0.000136
4.315466,-0.035668,0.247318,0.071813,4.281610,-0.029086,0.256226,0.070213,-0.033856,0.006582,0.008907,-0.001600
3.628754,-0.007867,0.266698,0.060154,3.593862,-0.010908,0.268716,0.059823,-0.034892,-0.003041,0.002018,-0.000332
2.491186,-0.024757,0.243405,0.039311,2.486200,-0.027387,0.244171,0.039203,-0.004985,-0.002630,0.000766,-0.000108
2.668716,0.005214,0.229165,0.047157,2.661806,0.004300,0.226310,0.046603,-0.006910,-0.000913,-0.002855,-0.000554
2.845961,-0.025424,0.287458,0.046289,2.832589,-0.025279,0.279947,0.046359,-0.013372,0.000145,-0.007511,0.000070
3.414500,-0.001957,0.401026,0.069356,3.460771,-0.003540,0.398274,0.068794,0.046271,-0.001584,-0.002753,-0.000562
2.055477,-0.001107,0.108776,0.037820,1.993743,-0.002764,0.102266,0.036377,-0.061734,-0.001657,-0.006510,-0.001443
3.389000,-0.005442,0.278678,0.064313,3.389388,-0.008371,0.275496,0.064083,0.000388,-0.002929,-0.003182,-0.000230
2.380924,0.002347,0.118376,0.038480,2.410931,0.001645,0.118615,0.038569,0.030007,-0.000702,0.000239,0.000089
2.406346,-0.003103,0.147417,0.048183,2.437294,-0.004835,0.152495,0.047469,0.030948,-0.001732,0.005078,-0.000715
5.001003,0.031621,0.241567,0.100583,4.866120,0.036983,0.246443,0.098089,-0.134883,0.005362,0.004875,-0.002494
3.575542,-0.011255,0.212091,0.058878,3.591190,-0.013846,0.213175,0.058200,0.015647,-0.002591,0.001083,-0.000678
4.742299,0.021258,0.307779,0.094428,4.638420,0.019905,0.306395,0.091490,-0.103878,-0.001353,-0.001384,-0.002938
4.088274,-0.002362,0.306002,0.072739,4.069525,-0.002950,0.314546,0.073069,-0.018749,-0.000588,0.008543,0.000329
3.405432,-0.027850,0.329351,0.060960,3.414104,-0.025152,0.327556,0.061042,0.008671,0.002698,-0.001794,0.000082
3.250654,-0.006864,0.187250,0.058912,3.190386,-0.007220,0.185131,0.057872,-0.060268,-0.000356,-0.002118,-0.001039
3.960405,0.009663,0.177446,0.078181,3.945870,0.009672,0.185138,0.076768,-0.014535,0.000008,0.007692,-0.001412
2.247389,-0.030632,0.298817,0.045832,2.290889,-0.029063,0.294025,0.046841,0.043500,0.001569,-0.004792,0.001009
2.802618,-0.029321,0.233010,0.047021,2.766129,-0.025330,0.228386,0.046938,-0.036489,0.003990,-0.004624,-0.000083
3.716908,-0.004011,0.165256,0.061098,3.655948,-0.004567,0.164363,0.059546,-0.060960,-0.000556,-0.000893,-0.001552
5.010058,-0.040140,0.440908,0.084723,4.939737,-0.040473,0.447549,0.083481,-0.070321,-0.000333,0.006640,-0.001242
2.229272,-0.018803,0.202061,0.037503,2.195357,-0.018369,0.203489,0.037328,-0.033915,0.000434,0.001427,-0.000175
2.406247,0.000108,0.120377,0.039325,2.418390,0.000806,0.118186,0.039156,0.012143,0.000698,-0.002190,-0.000169
2.874352,0.000572,0.164499,0.056690,2.856937,0.000490,0.166509,0.056303,-0.017415,-0.000082,0.002010,-0.000387
3.869798,0.024798,0.305038,0.057526,3.822650,0.020709,0.307593,0.057400,-0.047147,-0.004088,0.002555,-0.000126
2.234955,-0.003690,0.125338,0.043845,2.208138,-0.005746,0.129233,0.043322,-0.026817,-0.002056,0.003894,-0.000523
4.403090,-0.010946,0.222321,0.066404,4.409484,-0.010448,0.229785,0.066844,0.006394,0.000499,0.007464,0.000440
2.663461,-0.024815,0.312982,0.049251,2.721051,-0.024127,0.318049,0.049371,0.057590,0.000689,0.005067,0.000120
3.639955,-0.028988,0.351732,0.058053,3.584946,-0.030687,0.344232,0.057406,-0.055009,-0.001698,-0.007500,-0.000647
3.780687,-0.007805,0.405708,0.064840,3.809960,-0.009941,0.400181,0.064788,0.029274,-0.002135,-0.005527,-0.000053
5.600124,-0.006204,0.332792,0.097332,5.571424,-0.002887,0.335691,0.096705,-0.028700,0.003317,0.002899,-0.000627
2.044156,-0.010361,0.141913,0.028929,2.063982,-0.009111,0.144104,0.028286,0.019827,0.001250,0.002191,-0.000643
5.021671,0.010260,0.193708,0.075741,4.859152,0.010548,0.191442,0.073841,-0.162519,0.000288,-0.002266,-0.001900
2.774970,-0.006157,0.238131,0.056936,2.783278,-0.007232,0.235980,0.055837,0.008309,-0.001076,-0.002151,-0.001099
3.591783,-0.006915,0.323158,0.058430,3.538690,-0.005355,0.320517,0.057420,-0.053092,0.001561,-0.002641,-0.001010
2.652807,-0.006218,0.147519,0.039574,2.593186,-0.006169,0.149462,0.038704,-0.059621,0.000049,0.001943,-0.000870
3.135453,-0.000116,0.175768,0.052141,3.134335,0.000194,0.174704,0.052175,-0.001119,0.000310,-0.001063,0.000034
3.464735,-0.014032,0.279797,0.050176,3.461537,-0.013587,0.280446,0.050125,-0.003197,0.000446,0.000648,-0.000051
6.937536,0.016570,0.283511,0.121048,6.921265,0.011311,0.290793,0.120675,-0.016271,-0.005259,0.007282,-0.000373
4.434821,-0.014019,0.332393,0.093441,4.478445,-0.014656,0.334350,0.092707,0.043624,-0.000637,0.001957,-0.000734
5.200583,-0.032633,0.311184,0.081299,5.113535,-0.035223,0.309815,0.081071,-0.087048,-0.002590,-0.001369,-0.000228
2.389479,-0.039818,0.256305,0.042273,2.363360,-0.040461,0.250213,0.041608,-0.026119,-0.000643,-0.006093,-0.000665
5.641626,0.010507,0.304699,0.087005,5.580401,0.009370,0.303070,0.085787,-0.061225,-0.001137,-0.001629,-0.001219
5.297629,0.015991,0.263628,0.100190,5.368396,0.016389,0.260533,0.100271,0.070766,0.000398,-0.003095,0.000082
2.728351,-0.005165,0.194913,0.044202,2.698471,-0.006247,0.188798,0.044177,-0.029880,-0.001082,-0.006115,-0.000025
3.294216,-0.030263,0.240945,0.055029,3.309503,-0.031114,0.238630,0.054624,0.015287,-0.000851,-0.002315,-0.000404
4.155144,-0.025873,0.377562,0.064989,4.147996,-0.026213,0.374093,0.066053,-0.007148,-0.000340,-0.003469,0.001064
3.651336,-0.005000,0.381356,0.071716,3.687839,-0.006162,0.391814,0.071486,0.036503,-0.001162,0.010459,-0.000230
3.025629,-0.023020,0.248714,0.053830,3.028174,-0.024089,0.245197,0.053188,0.002544,-0.001068,-0.003518,-0.000641
4.144474,-0.019667,0.362513,0.064689,4.128581,-0.020020,0.358826,0.065160,-0.015893,-0.000353,-0.003687,0.000471
2.589138,-0.012878,0.200967,0.040495,2.568026,-0.014251,0.200753,0.039560,-0.021112,-0.001373,-0.000215,-0.000935
3.297725,-0.012001,0.282665,0.048775,3.337497,-0.010723,0.286316,0.048311,0.039772,0.001278,0.003651,-0.000464
5.889514,-0.029606,0.333951,0.088389,5.759447,-0.030691,0.327266,0.086958,-0.130067,-0.001085,-0.006684,-0.001431
4.437736,0.004569,0.200297,0.073229,4.432184,-0.000447,0.204548,0.072833,-0.005551,-0.005016,0.004251,-0.000396
5.050490,0.017570,0.338322,0.077843,4.949100,0.014678,0.324885,0.076162,-0.101391,-0.002893,-0.013437,-0.001680
2.103020,-0.009566,0.114280,0.035417,2.097012,-0.014844,0.112826,0.035599,-0.006007,-0.005277,-0.001454,0.000183
4.927825,-0.016973,0.309111,0.087694,4.898268,-0.014610,0.307838,0.086140,-0.029557,0.002363,-0.001273,-0.001554
2.570310,-0.009054,0.199836,0.038927,2.584466,-0.010343,0.202964,0.038714,0.014156,-0.001290,0.003128,-0.000213
2.005050,-0.003102,0.110982,0.037425,1.985293,-0.003256,0.113262,0.037088,-0.019757,-0.000155,0.002280,-0.000337
4.410028,0.005206,0.384137,0.079789,4.348143,0.005457,0.381086,0.079232,-0.061886,0.000250,-0.003051,-0.000557
5.833756,-0.043128,0.458534,0.092150,5.734660,-0.044651,0.451909,0.090616,-0.099096,-0.001523,-0.006625,-0.001534
2.287732,-0.014158,0.134506,0.041757,2.210353,-0.015852,0.132389,0.040965,-0.077379,-0.001694,-0.002117,-0.000792
5.895499,0.002583,0.291726,0.090635,5.757999,0.003433,0.288678,0.088771,-0.137499,0.000851,-0.003049,-0.001865
4.414714,-0.003073,0.358494,0.073688,4.410242,-0.002993,0.360026,0.073631,-0.004472,0.000080,0.001532,-0.000057
3.153395,0.004602,0.158379,0.052468,3.189645,0.003571,0.167889,0.052762,0.036250,-0.001032,0.009510,0.000294
3.779496,-0.003531,0.351230,0.065899,3.804641,-0.000133,0.354652,0.065290,0.025146,0.003397,0.003422,-0.000609
4.955690,-0.042966,0.476720,0.090319,4.942391,-0.042215,0.471880,0.090540,-0.013299,0.000750,-0.004840,0.000221
1.968045,-0.012978,0.122157,0.030713,1.962770,-0.014702,0.121594,0.030017,-0.005275,-0.001724,-0.000563,-0.000696
2.180908,-0.005509,0.136133,0.031104,2.154073,-0.006216,0.137944,0.030362,-0.026835,-0.000707,0.001811,-0.000742
5.621572,-0.011478,0.420340,0.099222,5.527112,-0.008824,0.411002,0.098819,-0.094460,0.002654,-0.009338,-0.000403
2.242684,-0.006442,0.194148,0.036650,2.246186,-0.007555,0.192154,0.035956,0.003503,-0.001113,-0.001994,-0.000694
2.297465,-0.016733,0.196809,0.038880,2.246163,-0.014903,0.194650,0.037901,-0.051302,0.001829,-0.002160,-0.000979
2.271997,-0.018007,0.204980,0.039227,2.262541,-0.017752,0.203075,0.038815,-0.009456,0.000255,-0.001905,-0.000412
5.059197,-0.035333,0.332905,0.096977,5.013881,-0.038306,0.327895,0.095546,-0.045317,-0.002973,-0.005010,-0.001432
2.782951,-0.005528,0.226031,0.043392,2.727223,-0.005306,0.222119,0.042484,-0.055728,0.000222,-0.003913,-0.000909
6.237233,0.001881,0.245054,0.097122,6.099305,0.001102,0.246061,0.097371,-0.137928,-0.000779,0.001007,0.000250
2.354406,-0.022713,0.225558,0.037980,2.370898,-0.022777,0.224700,0.038712,0.016492,-0.000064,-0.000858,0.000732
5.894612,0.002687,0.489023,0.096223,5.825398,0.003557,0.483135,0.095373,-0.069213,0.000870,-0.005887,-0.000851
5.861324,-0.039856,0.388760,0.105635,5.858739,-0.041898,0.394836,0.105472,-0.002585,-0.002042,0.006076,-0.000163
1.801821,-0.007459,0.150079,0.036323,1.816938,-0.008834,0.148356,0.036902,0.015116,-0.001375,-0.001723,0.000580
3.861475,-0.010010,0.374666,0.076801,3.897552,-0.011569,0.381535,0.076481,0.036077,-0.001558,0.006869,-0.000320
2.180031,-0.002232,0.111437,0.034181,2.157402,-0.001581,0.109223,0.033655,-0.022629,0.000651,-0.002214,-0.000526
4.532508,0.005575,0.209072,0.067270,4.551519,0.000707,0.219625,0.067246,0.019011,-0.004869,0.010553,-0.000024
4.500962,-0.035704,0.314588,0.071476,4.501459,-0.040028,0.326096,0.071995,0.000497,-0.004324,0.011509,0.000518
2.364626,-0.015063,0.131528,0.043910,2.333497,-0.012721,0.134052,0.042850,-0.031129,0.002342,0.002524,-0.001060
2.171035,-0.001595,0.205458,0.039484,2.159972,-0.001030,0.201100,0.038793,-0.011063,0.000565,-0.004358,-0.000692
5.553150,-0.029785,0.488973,0.088132,5.544315,-0.031104,0.487954,0.088777,-0.008835,-0.001319,-0.001019,0.000645
2.426494,-0.023989,0.176243,0.040866,2.401841,-0.023920,0.176945,0.040513,-0.024653,0.000068,0.000702,-0.000354
2.191621,-0.026683,0.198699,0.044350,2.234351,-0.022083,0.198847,0.043887,0.042730,0.004600,0.000147,-0.000464
3.320700,-0.023531,0.320550,0.053831,3.315589,-0.022725,0.319675,0.053662,-0.005111,0.000807,-0.000875,-0.000169
3.832788,-0.011755,0.384444,0.071023,3.781788,-0.005537,0.382020,0.069659,-0.051000,0.006219,-0.002424,-0.001364
4.952250,-0.003295,0.233560,0.097391,4.893980,-0.003770,0.230324,0.096622,-0.058270,-0.000475,-0.003236,-0.000769
3.071135,-0.016850,0.269756,0.051753,2.984760,-0.014406,0.268633,0.051517,-0.086375,0.002443,-0.001123,-0.000236
5.429458,0.018987,0.388464,0.096295,5.320885,0.016539,0.382755,0.093806,-0.108572,-0.002448,-0.005709,-0.002489
3.246280,0.008449,0.284783,0.049798,3.240021,0.005139,0.285767,0.050799,-0.006259,-0.003309,0.000984,0.001001
4.687126,-0.001762,0.251318,0.095252,4.646654,-0.002202,0.242351,0.093710,-0.040472,-0.000439,-0.008967,-0.001541
3.585398,-0.048447,0.360620,0.059515,3.665627,-0.048927,0.350190,0.059435,0.080229,-0.000480,-0.010430,-0.000079
2.495314,-0.014076,0.140851,0.045407,2.453064,-0.015044,0.141078,0.044696,-0.042250,-0.000969,0.000227,-0.000710
4.788574,-0.036351,0.388491,0.079201,4.806916,-0.035191,0.387151,0.079862,0.018342,0.001160,-0.001341,0.000661
4.959032,-0.017300,0.314438,0.080778,4.838830,-0.015326,0.304981,0.077856,-0.120202,0.001974,-0.009457,-0.002922
5.876594,0.024622,0.351060,0.108124,5.823943,0.027738,0.348496,0.106543,-0.052650,0.003116,-0.002563,-0.001580
2.953417,-0.010190,0.189434,0.057864,2.957221,-0.010997,0.189289,0.057322,0.003804,-0.000807,-0.000145,-0.000542
3.872109,-0.000435,0.268962,0.065957,3.815899,-0.002389,0.271105,0.065563,-0.056210,-0.001954,0.002143,-0.000394
6.637303,-0.006012,0.389370,0.116781,6.581511,-0.006057,0.392647,0.115520,-0.055792,-0.000045,0.003277,-0.001261
3.790568,-0.011960,0.342313,0.064482,3.835623,-0.012596,0.345746,0.064833,0.045055,-0.000636,0.003432,0.000351
2.031259,-0.019629,0.203095,0.033109,2.045415,-0.019249,0.197024,0.032339,0.014156,0.000381,-0.006071,-0.000770
5.574567,0.001426,0.481362,0.094595,5.637196,-0.004312,0.491350,0.095859,0.062629,-0.005738,0.009987,0.001265
6.213756,0.009627,0.444280,0.120765,6.198579,0.012514,0.438801,0.120686,-0.015176,0.002887,-0.005479,-0.000078
2.645030,-0.040556,0.296994,0.048656,2.567622,-0.039566,0.293514,0.048821,-0.077408,0.000990,-0.003481,0.000165
6.340413,-0.008050,0.494129,0.108982,6.319728,-0.010414,0.487379,0.107838,-0.020685,-0.002364,-0.006751,-0.001144
2.625997,-0.001358,0.224339,0.038213,2.560896,-0.002429,0.225798,0.038261,-0.065101,-0.001071,0.001459,0.000048
4.471638,-0.023694,0.409220,0.081754,4.471823,-0.024889,0.403309,0.081633,0.000185,-0.001195,-0.005911,-0.000121
5.356237,0.025813,0.246547,0.104340,5.289618,0.024799,0.251279,0.103390,-0.066619,-0.001014,0.004732,-0.000950
3.406727,0.010798,0.250629,0.063004,3.374785,0.011547,0.255609,0.062694,-0.031942,0.000749,0.004980,-0.000311
5.888172,-0.003241,0.355816,0.104673,5.881029,-0.003708,0.359255,0.104928,-0.007143,-0.000467,0.003440,0.000255
5.900349,0.018640,0.264070,0.098396,5.758847,0.019309,0.260550,0.096940,-0.141501,0.000669,-0.003521,-0.001456
4.130952,0.006241,0.284644,0.066017,4.166176,0.002833,0.283010,0.066156,0.035224,-0.003408,-0.001633,0.000139
3.588928,-0.002101,0.246639,0.058873,3.628122,-0.001676,0.249560,0.058865,0.039194,0.000425,0.002920,-0.000008
3.018641,-0.031072,0.284033,0.044314,3.017273,-0.030114,0.294027,0.043704,-0.001368,0.000958,0.009993,-0.000611
2.785424,-0.018560,0.224615,0.047581,2.769140,-0.016754,0.222327,0.047774,-0.016284,0.001806,-0.002287,0.000193
5.555628,0.014942,0.353982,0.106316,5.510182,0.019073,0.356615,0.104566,-0.045446,0.004130,0.002633,-0.001750
5.092299,-0.055666,0.350442,0.081383,4.996906,-0.056200,0.353341,0.080532,-0.095393,-0.000534,0.002899,-0.000851
3.466954,0.000886,0.271875,0.050014,3.383442,0.002362,0.276327,0.049976,-0.083512,0.001477,0.004452,-0.000038
3.513485,-0.004228,0.358808,0.058965,3.511368,-0.002008,0.350567,0.059138,-0.002117,0.002220,-0.008241,0.000172
4.074796,-0.037102,0.342047,0.073806,4.027875,-0.034249,0.336416,0.073313,-0.046921,0.002853,-0.005631,-0.000492
2.901734,-0.020064,0.283072,0.054852,2.880538,-0.022274,0.285042,0.054893,-0.021196,-0.002210,0.001970,0.000041
4.413557,-0.041422,0.390168,0.074739,4.452255,-0.040133,0.399148,0.076349,0.038699,0.001289,0.008981,0.001610
2.510368,-0.015291,0.210845,0.046501,2.549983,-0.014200,0.212174,0.046580,0.039615,0.001091,0.001329,0.000079
6.850057,-0.024962,0.571240,0.114239,6.847261,-0.021919,0.578088,0.114652,-0.002796,0.003043,0.006848,0.000413
4.914892,-0.027908,0.344948,0.095580,4.874836,-0.028755,0.342551,0.095319,-0.040056,-0.000847,-0.002397,-0.000262
2.561940,-0.030926,0.255246,0.045304,2.531693,-0.031897,0.252534,0.045119,-0.030247,-0.000971,-0.002711,-0.000185
2.090444,-0.019213,0.125216,0.035088,2.110330,-0.022461,0.122135,0.035302,0.019886,-0.003247,-0.003081,0.000214
5.985800,-0.014531,0.381982,0.115039,5.973660,-0.009197,0.384925,0.113665,-0.012140,0.005333,0.002943,-0.001374
2.256778,-0.012093,0.121940,0.039360,2.199378,-0.012290,0.121465,0.039001,-0.057400,-0.000198,-0.000475,-0.000359
6.261972,-0.002335,0.411509,0.116173,6.167039,0.001680,0.408285,0.113805,-0.094934,0.004016,-0.003224,-0.002368
5.066432,-0.008197,0.504778,0.098346,5.100934,-0.012202,0.510404,0.098504,0.034502,-0.004005,0.005627,0.000158
3.882102,-0.004443,0.258269,0.078650,3.794883,-0.001238,0.258671,0.077693,-0.087218,0.003205,0.000402,-0.000957
4.621916,-0.037398,0.497436,0.092824,4.698525,-0.039776,0.502684,0.092470,0.076609,-0.002378,0.005248,-0.000354
5.707506,0.014048,0.285128,0.105075,5.764161,0.005397,0.294388,0.106051,0.056655,-0.008651,0.009260,0.000976
4.544150,-0.019942,0.416358,0.077792,4.511425,-0.019988,0.420169,0.078176,-0.032724,-0.000046,0.003811,0.000384
3.480950,-0.017503,0.267895,0.057477,3.467855,-0.017143,0.268468,0.056907,-0.013094,0.000360,0.000573,-0.000570
2.783178,0.004746,0.233831,0.055153,2.792967,0.005181,0.230394,0.055820,0.009789,0.000435,-0.003438,0.000667
3.348924,-0.012772,0.203757,0.067401,3.348683,-0.009767,0.203866,0.067397,-0.000241,0.003005,0.000109,-0.000004
3.396549,-0.019584,0.277264,0.056336,3.405428,-0.023677,0.272656,0.056306,0.008880,-0.004093,-0.004609,-0.000031
3.363688,-0.018218,0.226696,0.068447,3.332752,-0.016312,0.228498,0.067521,-0.030936,0.001906,0.001802,-0.000925
2.498335,-0.027340,0.223260,0.048958,2.475266,-0.021377,0.219128,0.049102,-0.023068,0.005964,-0.004132,0.000144
3.579673,-0.024788,0.304849,0.059742,3.598626,-0.025396,0.308994,0.059378,0.018953,-0.000607,0.004146,-0.000364
2.545801,-0.022589,0.265242,0.050179,2.490112,-0.023211,0.267414,0.050289,-0.055689,-0.000623,0.002172,0.000110
5.919848,-0.015326,0.339171,0.098178,5.835176,-0.009322,0.340663,0.095058,-0.084672,0.006004,0.001492,-0.003120
4.669238,0.022790,0.211887,0.086016,4.724465,0.018791,0.217046,0.086945,0.055227,-0.003999,0.005159,0.000928
2.655761,-0.003025,0.145611,0.046437,2.611183,-0.002649,0.145876,0.045588,-0.044577,0.000375,0.000264,-0.000849
2.770205,-0.013882,0.205505,0.046023,2.773615,-0.014611,0.205618,0.046414,0.003410,-0.000728,0.000113,0.000391
4.905070,0.010172,0.272533,0.074038,4.798551,0.015221,0.263267,0.073468,-0.106519,0.005049,-0.009266,-0.000570
3.678554,-0.016572,0.301085,0.065605,3.660870,-0.014499,0.298078,0.065783,-0.017684,0.002073,-0.003008,0.000178
5.562639,0.027712,0.250555,0.098418,5.499165,0.026127,0.249501,0.098015,-0.063474,-0.001585,-0.001054,-0.000402
2.153435,-0.013932,0.203068,0.032339,2.150485,-0.013470,0.201597,0.032661,-0.002950,0.000462,-0.001471,0.000322
6.595069,0.017862,0.449785,0.130768,6.661035,0.011309,0.449024,0.129568,0.065966,-0.006553,-0.000761,-0.001200
3.763190,-0.005718,0.149966,0.059048,3.749942,-0.006198,0.151448,0.058845,-0.013248,-0.000480,0.001482,-0.000203
2.461338,-0.023382,0.281967,0.048392,2.467647,-0.023850,0.284414,0.049089,0.006309,-0.000467,0.002447,0.000697
6.084189,0.004889,0.250099,0.099260,5.955236,0.001957,0.252728,0.097908,-0.128953,-0.002931,0.002629,-0.001352
4.253837,-0.019490,0.253489,0.072828,4.211706,-0.020771,0.250048,0.072467,-0.042131,-0.001280,-0.003441,-0.000361
7.182637,-0.038630,0.508498,0.117306,7.045866,-0.034171,0.508818,0.115982,-0.136771,0.004459,0.000320,-0.001324
3.629137,-0.013610,0.259984,0.056457,3.597569,-0.014185,0.255697,0.056786,-0.031568,-0.000575,-0.004288,0.000328
2.373778,-0.003161,0.249954,0.040872,2.367496,-0.008133,0.246559,0.040491,-0.006283,-0.004972,-0.003394,-0.000380
4.022623,0.031703,0.201267,0.081073,4.019485,0.033337,0.205715,0.080735,-0.003138,0.001635,0.004448,-0.000338
2.049393,-0.007368,0.152757,0.032375,1.987866,-0.006179,0.154857,0.032070,-0.061527,0.001189,0.002100,-0.000305
4.962292,-0.051843,0.443650,0.087473,5.036223,-0.057724,0.447872,0.088846,0.073931,-0.005881,0.004222,0.001373
2.112303,-0.013270,0.129659,0.032098,2.077928,-0.013016,0.131891,0.031451,-0.034375,0.000254,0.002232,-0.000647
4.330596,-0.002125,0.220424,0.069435,4.305210,-0.005689,0.223588,0.070054,-0.025386,-0.003565,0.003164,0.000618
3.529295,-0.018115,0.327012,0.055401,3.535693,-0.017912,0.341359,0.056047,0.006397,0.000203,0.014347,0.000646
2.385002,-0.023443,0.214558,0.039103,2.323212,-0.024291,0.210401,0.039384,-0.061790,-0.000848,-0.004157,0.000281
4.309571,-0.038597,0.252455,0.059126,4.230803,-0.038066,0.254072,0.059572,-0.078769,0.000531,0.001618,0.000447
2.391285,-0.028565,0.170393,0.040218,2.349033,-0.028006,0.170490,0.039795,-0.042252,0.000559,0.000097,-0.000423
3.263615,0.009355,0.307253,0.057912,3.284658,0.009025,0.304099,0.057625,0.021043,-0.000329,-0.003154,-0.000286
4.110595,0.006723,0.424538,0.076578,4.108688,0.005065,0.418200,0.075720,-0.001907,-0.001658,-0.006338,-0.000858
2.770760,-0.005309,0.197109,0.047259,2.713068,-0.007064,0.194372,0.046130,-0.057693,-0.001755,-0.002736,-0.001129
1.698066,-0.011844,0.143507,0.034693,1.679276,-0.011859,0.144852,0.034623,-0.018790,-0.000014,0.001346,-0.000070
6.057716,-0.053055,0.532773,0.106152,5.956135,-0.053369,0.526253,0.105713,-0.101582,-0.000314,-0.006520,-0.000439
6.150435,-0.003012,0.298272,0.119699,6.128160,0.002109,0.300872,0.118944,-0.022276,0.005121,0.002600,-0.000755
3.208927,-0.006637,0.330012,0.058590,3.215568,-0.005609,0.327883,0.059259,0.006641,0.001028,-0.002129,0.000669
2.352742,-0.022038,0.223800,0.037333,2.346217,-0.022010,0.219945,0.037354,-0.006525,0.000028,-0.003855,0.000021
3.217597,0.003061,0.178961,0.056416,3.240530,0.001868,0.179672,0.055923,0.022933,-0.001193,0.000711,-0.000494
2.821517,-0.013819,0.225654,0.049847,2.829393,-0.014784,0.228128,0.050695,0.007876,-0.000966,0.002474,0.000848
1.792909,-0.004129,0.106248,0.035851,1.736565,-0.004071,0.107958,0.035918,-0.056344,0.000059,0.001710,0.000068
3.194476,0.012877,0.185282,0.059974,3.192372,0.009108,0.186534,0.059510,-0.002104,-0.003769,0.001253,-0.000464
3.034936,-0.027184,0.258305,0.043814,2.951930,-0.024474,0.257973,0.043774,-0.083006,0.002710,-0.000332,-0.000040
5.109474,-0.053580,0.455382,0.089898,5.094682,-0.053611,0.451351,0.090183,-0.014792,-0.000031,-0.004030,0.000285
2.885309,-0.006999,0.251233,0.056212,2.921365,-0.007748,0.250568,0.055618,0.036056,-0.000749,-0.000665,-0.000594
3.788650,-0.006135,0.289390,0.066898,3.764037,-0.006954,0.290758,0.067036,-0.024613,-0.000819,0.001369,0.000138
4.985514,-0.002703,0.249246,0.091483,5.019866,-0.004065,0.248579,0.092160,0.034351,-0.001362,-0.000667,0.000677
2.405167,-0.018070,0.256651,0.046448,2.452533,-0.016565,0.256038,0.045802,0.047365,0.001506,-0.000613,-0.000645
3.520304,-0.021580,0.378269,0.060476,3.535608,-0.018899,0.374570,0.060356,0.015304,0.002681,-0.003699,-0.000119
2.179432,-0.011454,0.189083,0.044189,2.150948,-0.008251,0.184437,0.044051,-0.028484,0.003203,-0.004646,-0.000138
3.933847,-0.048264,0.434699,0.080686,3.965592,-0.048361,0.438240,0.080210,0.031745,-0.000097,0.003542,-0.000476
4.846114,0.011786,0.206687,0.085486,4.819904,0.007456,0.204381,0.084826,-0.026210,-0.004330,-0.002306,-0.000660
7.029459,-0.012379,0.406998,0.114110,6.976346,-0.016738,0.396688,0.114131,-0.053113,-0.004359,-0.010310,0.000020
2.965338,-0.004979,0.140876,0.048680,3.077348,-0.002204,0.152536,0.049527,0.112010,0.002775,0.011660,0.000846
2.069946,-0.031676,0.219227,0.036125,2.059333,-0.031538,0.213581,0.035882,-0.010612,0.000137,-0.005647,-0.000244
4.096288,-0.037528,0.270479,0.068747,4.073172,-0.036736,0.262305,0.067702,-0.023116,0.000792,-0.008174,-0.001045
3.558797,-0.011119,0.358840,0.062919,3.561899,-0.011810,0.357352,0.062937,0.003102,-0.000691,-0.001488,0.000019
2.976966,-0.030212,0.269464,0.047750,2.925738,-0.034895,0.269716,0.047871,-0.051228,-0.004683,0.000252,0.000121
2.733632,0.004881,0.135235,0.046664,2.770652,0.003165,0.141519,0.047553,0.037020,-0.001716,0.006284,0.000889
4.168406,0.014582,0.166492,0.070943,4.175192,0.017691,0.176115,0.070915,0.006786,0.003108,0.009623,-0.000028
6.077783,-0.051450,0.537875,0.095712,6.006511,-0.047885,0.524046,0.095167,-0.071272,0.003565,-0.013829,-0.000545
3.851327,-0.042010,0.369520,0.068098,3.815266,-0.042305,0.368221,0.069370,-0.036061,-0.000295,-0.001299,0.001272
2.431929,-0.012974,0.224185,0.036621,2.402061,-0.014130,0.222271,0.036890,-0.029868,-0.001157,-0.001913,0.000269
2.153265,-0.020812,0.173279,0.040955,2.132817,-0.019206,0.171762,0.040638,-0.020448,0.001606,-0.001517,-0.000317
3.848478,-0.002450,0.157325,0.062232,3.829717,-0.001917,0.160684,0.061680,-0.018760,0.000533,0.003359,-0.000553
4.115229,-0.007301,0.200869,0.074607,4.166076,-0.010300,0.200238,0.074808,0.050847,-0.003000,-0.000631,0.000200
7.046862,-0.044361,0.691308,0.122935,7.012592,-0.040547,0.675281,0.120711,-0.034270,0.003814,-0.016028,-0.002225
2.703072,-0.003295,0.259164,0.045701,2.726995,-0.005014,0.256175,0.046004,0.023923,-0.001718,-0.002990,0.000302
5.938296,-0.016479,0.529672,0.097874,5.771028,-0.016354,0.519908,0.097273,-0.167268,0.000125,-0.009764,-0.000601
4.605456,-0.020858,0.340540,0.092759,4.601820,-0.016819,0.342181,0.091884,-0.003636,0.004039,0.001641,-0.000875
5.608661,0.021912,0.265089,0.093684,5.540497,0.021348,0.269513,0.094142,-0.068164,-0.000564,0.004425,0.000458
2.135566,-0.003429,0.153733,0.039102,2.122134,-0.003809,0.155500,0.039258,-0.013432,-0.000380,0.001767,0.000156
4.556585,-0.034874,0.370786,0.083386,4.560006,-0.033076,0.373059,0.083314,0.003421,0.001798,0.002273,-0.000071
2.842384,-0.029034,0.282652,0.047741,2.876361,-0.030790,0.286754,0.047728,0.033977,-0.001756,0.004102,-0.000013
3.293236,-0.010372,0.176983,0.049584,3.278106,-0.011038,0.181079,0.050165,-0.015130,-0.000665,0.004096,0.000581
4.059225,-0.013455,0.172589,0.070766,4.060119,-0.012237,0.181175,0.069623,0.000894,0.001218,0.008586,-0.001142
3.663408,-0.013025,0.378373,0.068023,3.614838,-0.012385,0.372887,0.066796,-0.048569,0.000640,-0.005485,-0.001228
3.949798,0.004728,0.463825,0.077011,3.922774,0.004552,0.463757,0.076025,-0.027024,-0.000176,-0.000068,-0.000986
5.629716,0.016711,0.249459,0.098140,5.562268,0.019159,0.247705,0.096804,-0.067448,0.002448,-0.001754,-0.001336
5.584809,-0.009554,0.445096,0.113998,5.523501,-0.008181,0.427115,0.111444,-0.061307,0.001372,-0.017981,-0.002553
3.208188,0.005529,0.165619,0.051423,3.193478,0.002725,0.169626,0.051525,-0.014710,-0.002805,0.004008,0.000102
2.112694,-0.011915,0.125844,0.029652,2.073782,-0.012758,0.131525,0.029727,-0.038913,-0.000842,0.005681,0.000075
4.183034,-0.029916,0.340996,0.073640,4.145326,-0.029836,0.337462,0.072988,-0.037709,0.000080,-0.003533,-0.000652
4.314226,-0.036159,0.301349,0.065333,4.328709,-0.032796,0.301905,0.066170,0.014483,0.003363,0.000557,0.000837
3.097251,-0.012877,0.192815,0.058250,3.078038,-0.011171,0.191615,0.057911,-0.019213,0.001706,-0.001200,-0.000339
4.205924,-0.018657,0.329637,0.074160,4.167859,-0.017366,0.330449,0.074064,-0.038064,0.001291,0.000812,-0.000096
6.891699,-0.038381,0.517183,0.100193,6.741432,-0.038109,0.513034,0.099173,-0.150267,0.000272,-0.004149,-0.001020
5.483761,-0.028699,0.403642,0.108085,5.502421,-0.025015,0.398483,0.107939,0.018660,0.003684,-0.005159,-0.000146
4.906833,-0.025635,0.315677,0.079633,4.904508,-0.023935,0.310741,0.079170,-0.002325,0.001700,-0.004936,-0.000463
4.314837,-0.009470,0.284573,0.085456,4.384355,-0.009229,0.285545,0.085301,0.069517,0.000241,0.000973,-0.000155
4.482069,-0.017487,0.369457,0.080957,4.510539,-0.018811,0.367001,0.081108,0.028470,-0.001324,-0.002456,0.000151
3.654891,-0.000464,0.370717,0.060433,3.618365,-0.000870,0.365168,0.060372,-0.036526,-0.000406,-0.005549,-0.000061
2.047553,-0.000470,0.166637,0.036031,2.025251,-0.000976,0.163266,0.035155,-0.022302,-0.000506,-0.003371,-0.000876
5.267854,-0.033580,0.473359,0.095888,5.189198,-0.036142,0.468832,0.095385,-0.078656,-0.002563,-0.004527,-0.000503
5.117965,-0.009534,0.311363,0.087976,5.080287,-0.012379,0.306928,0.086924,-0.037678,-0.002845,-0.004435,-0.001053
4.371407,0.009529,0.164336,0.068749,4.362814,0.005881,0.169436,0.068248,-0.008593,-0.003648,0.005100,-0.000501
2.845328,0.000503,0.167824,0.055488,2.861144,-0.001018,0.168354,0.055137,0.015816,-0.001520,0.000530,-0.000351
4.645635,-0.023161,0.411374,0.090078,4.617050,-0.018461,0.403595,0.090039,-0.028585,0.004701,-0.007779,-0.000039
2.129085,-0.012951,0.153563,0.037230,2.106931,-0.013893,0.154906,0.036878,-0.022153,-0.000942,0.001343,-0.000353
4.931213,-0.001987,0.240629,0.096549,4.875109,-0.002808,0.234015,0.095547,-0.056105,-0.000821,-0.006614,-0.001002
4.832461,-0.023802,0.428241,0.080175,4.782620,-0.022151,0.420082,0.080726,-0.049840,0.001651,-0.008159,0.000551
4.383540,-0.041080,0.340146,0.061614,4.297427,-0.041731,0.350367,0.061229,-0.086113,-0.000651,0.010222,-0.000384
2.824612,-0.053738,0.302391,0.047807,2.784320,-0.051187,0.295682,0.047551,-0.040292,0.002551,-0.006709,-0.000256
5.913958,0.003209,0.324786,0.092665,5.790806,0.002065,0.312610,0.091127,-0.123152,-0.001144,-0.012176,-0.001538
4.893214,-0.005177,0.278911,0.083895,4.859046,-0.002593,0.277529,0.082529,-0.034167,0.002584,-0.001381,-0.001366
2.835269,-0.009534,0.177281,0.051977,2.841599,-0.011708,0.174591,0.051512,0.006330,-0.002174,-0.002691,-0.000466
3.158778,-0.011907,0.178731,0.053116,3.261271,-0.012731,0.185625,0.054211,0.102493,-0.000824,0.006893,0.001095
5.847891,0.014905,0.280061,0.104155,5.788859,0.017753,0.269858,0.102711,-0.059032,0.002848,-0.010202,-0.001444
2.334287,-0.009514,0.141119,0.037070,2.294054,-0.009582,0.148120,0.038029,-0.040233,-0.000068,0.007000,0.000959
2.856449,-0.016737,0.357821,0.056821,2.877603,-0.020298,0.354116,0.057450,0.021154,-0.003561,-0.003704,0.000630
4.427073,-0.004310,0.313456,0.070579,4.418972,-0.011111,0.312585,0.070610,-0.008101,-0.006800,-0.000871,0.000032
2.364764,-0.012248,0.274373,0.046999,2.375543,-0.013410,0.270634,0.046252,0.010779,-0.001162,-0.003739,-0.000747
5.032912,0.013762,0.271761,0.078273,4.973726,0.013998,0.266367,0.076378,-0.059186,0.000236,-0.005393,-0.001895
2.103717,-0.029660,0.210604,0.035473,2.068622,-0.030239,0.210782,0.034908,-0.035095,-0.000579,0.000178,-0.000565
2.456522,-0.015119,0.225333,0.043630,2.430936,-0.017225,0.222448,0.043060,-0.025586,-0.002106,-0.002886,-0.000571
2.929667,-0.020520,0.262979,0.054542,2.976128,-0.026570,0.265296,0.054486,0.046461,-0.006050,0.002317,-0.000056
6.662757,-0.030987,0.592020,0.112576,6.713899,-0.034040,0.597204,0.112772,0.051142,-0.003053,0.005183,0.000196
5.518855,-0.023554,0.569543,0.106142,5.604266,-0.021246,0.572400,0.106919,0.085411,0.002308,0.002857,0.000777
6.245708,-0.010662,0.426333,0.079601,5.945068,-0.013385,0.435103,0.079091,-0.300640,-0.002723,0.008770,-0.000510
3.727253,-0.005748,0.357923,0.059291,3.754080,-0.004615,0.363505,0.059911,0.026828,0.001133,0.005583,0.000620
5.479169,-0.004312,0.406268,0.096594,5.404296,-0.007965,0.412866,0.095934,-0.074873,-0.003652,0.006598,-0.000660
7.299107,0.011855,0.673115,0.132845,7.241406,0.011751,0.663041,0.131721,-0.057701,-0.000105,-0.010074,-0.001124
2.404727,-0.018237,0.228253,0.045262,2.340220,-0.015009,0.227979,0.044637,-0.064506,0.003229,-0.000273,-0.000624
4.266907,-0.025642,0.395942,0.078311,4.290402,-0.026182,0.396511,0.078306,0.023496,-0.000540,0.000569,-0.000005
3.587111,-0.001645,0.207589,0.067220,3.610834,-0.003699,0.212255,0.066881,0.023723,-0.002054,0.004666,-0.000339
5.093006,-0.040697,0.462926,0.088286,5.064157,-0.039058,0.458021,0.086857,-0.028850,0.001638,-0.004904,-0.001429
3.355883,0.013312,0.213418,0.064612,3.333328,0.009275,0.211264,0.064286,-0.022555,-0.004037,-0.002154,-0.000325
5.133858,0.034716,0.252860,0.099120,5.072014,0.035133,0.253293,0.098016,-0.061844,0.000417,0.000432,-0.001104
4.889141,0.004440,0.225805,0.095221,4.957172,0.006935,0.231320,0.094937,0.068032,0.002495,0.005515,-0.000284
3.435403,-0.004575,0.188494,0.053889,3.490343,-0.004994,0.189794,0.053892,0.054940,-0.000419,0.001300,0.000003
3.754773,-0.048746,0.367828,0.066510,3.753711,-0.046858,0.369307,0.068612,-0.001061,0.001888,0.001479,0.002103
2.083240,-0.014377,0.175462,0.039208,2.099844,-0.015101,0.173857,0.038737,0.016604,-0.000723,-0.001605,-0.000471
4.953944,0.013118,0.395434,0.077846,4.894785,0.009761,0.384615,0.076493,-0.059159,-0.003358,-0.010819,-0.001353
3.679969,-0.007966,0.233277,0.073399,3.697379,-0.007650,0.235582,0.072424,0.017410,0.000316,0.002305,-0.000975
6.154711,-0.019535,0.542129,0.111481,6.062182,-0.019476,0.537594,0.109786,-0.092529,0.000059,-0.004535,-0.001695
1.979397,-0.016249,0.137498,0.042209,1.930380,-0.016269,0.134768,0.040642,-0.049017,-0.000020,-0.002729,-0.001567
6.449685,-0.032287,0.446089,0.098794,6.417318,-0.033014,0.451425,0.097170,-0.032367,-0.000727,0.005337,-0.001624
5.808420,0.005896,0.349732,0.107896,5.862019,0.007336,0.333175,0.106488,0.053599,0.001440,-0.016556,-0.001408
7.231289,-0.009332,0.738830,0.135511,7.192373,-0.011878,0.718190,0.134995,-0.038916,-0.002546,-0.020640,-0.000516
3.933963,-0.022267,0.177335,0.063202,3.873909,-0.018682,0.179754,0.063322,-0.060053,0.003585,0.002419,0.000119
4.814361,-0.006851,0.460458,0.096759,4.858220,-0.010090,0.453716,0.096893,0.043859,-0.003240,-0.006742,0.000134
2.518929,-0.014339,0.236260,0.043092,2.513604,-0.013857,0.232144,0.042213,-0.005325,0.000483,-0.004116,-0.000879
4.190968,-0.025807,0.340954,0.072915,4.243763,-0.030396,0.348635,0.072848,0.052795,-0.004589,0.007681,-0.000067
4.723517,-0.006804,0.191610,0.073292,4.688236,-0.005555,0.192343,0.072850,-0.035282,0.001248,0.000733,-0.000442
2.192593,-0.020269,0.239402,0.041707,2.214314,-0.018844,0.234202,0.041415,0.021720,0.001424,-0.005200,-0.000293
5.798529,0.007186,0.374095,0.088173,5.760898,0.005264,0.379051,0.086979,-0.037631,-0.001921,0.004956,-0.001194
4.149744,-0.016895,0.225218,0.067296,4.103026,-0.017638,0.224025,0.065833,-0.046718,-0.000743,-0.001193,-0.001463
3.369797,-0.019784,0.308500,0.053183,3.352282,-0.020748,0.299050,0.054068,-0.017515,-0.000963,-0.009449,0.000886
6.057926,-0.018733,0.556741,0.108806,5.916935,-0.023204,0.546237,0.106768,-0.140991,-0.004471,-0.010504,-0.002038
4.821227,-0.009239,0.299635,0.091438,4.889740,-0.009367,0.308529,0.091627,0.068513,-0.000127,0.008894,0.000189
4.986463,0.019985,0.411148,0.088539,4.942338,0.017462,0.410459,0.088416,-0.044125,-0.002523,-0.000690,-0.000122
2.932832,-0.011912,0.184626,0.058706,2.950509,-0.012999,0.189396,0.058496,0.017677,-0.001087,0.004771,-0.000210
2.607100,-0.009151,0.237892,0.045737,2.580875,-0.014485,0.232005,0.044938,-0.026225,-0.005335,-0.005887,-0.000799
2.329190,-0.020348,0.241345,0.041542,2.316344,-0.023876,0.234875,0.041268,-0.012846,-0.003528,-0.006470,-0.000274
5.774196,-0.018337,0.381438,0.092755,5.643290,-0.013387,0.362178,0.090871,-0.130906,0.004950,-0.019260,-0.001884
3.033835,0.000013,0.195172,0.056476,3.047364,0.002781,0.193033,0.056927,0.013528,0.002769,-0.002139,0.000451
4.358166,0.001815,0.285363,0.065438,4.346118,0.000016,0.284041,0.065805,-0.012047,-0.001799,-0.001322,0.000368
2.726983,-0.011448,0.167198,0.049827,2.680817,-0.008978,0.164137,0.049448,-0.046166,0.002470,-0.003061,-0.000379
2.570640,-0.007993,0.197268,0.036113,2.583855,-0.008186,0.196579,0.036017,0.013215,-0.000193,-0.000689,-0.000096
6.342971,-0.016974,0.511347,0.110055,6.230614,-0.013440,0.499831,0.109681,-0.112357,0.003534,-0.011516,-0.000375
5.489006,-0.013631,0.398560,0.093652,5.469230,-0.013682,0.404803,0.094807,-0.019776,-0.000051,0.006242,0.001155
5.227944,0.005822,0.269084,0.093132,5.182448,0.005931,0.258786,0.093097,-0.045496,0.000109,-0.010298,-0.000035
6.132540,-0.055103,0.640720,0.106113,6.030482,-0.048759,0.626336,0.105044,-0.102057,0.006344,-0.014384,-0.001069
4.008129,-0.009971,0.176476,0.070919,4.045426,-0.010730,0.181860,0.070824,0.037297,-0.000759,0.005384,-0.000094
2.894145,-0.049685,0.291616,0.047485,2.829563,-0.052132,0.284780,0.047205,-0.064582,-0.002447,-0.006836,-0.000280
6.557880,-0.006413,0.459108,0.128395,6.536051,-0.010156,0.463763,0.127395,-0.021829,-0.003743,0.004655,-0.001000
5.342062,-0.035157,0.375389,0.098908,5.303143,-0.034152,0.373283,0.097321,-0.038919,0.001005,-0.002105,-0.001587
2.011572,-0.008370,0.153179,0.036276,2.024888,-0.006881,0.147902,0.035923,0.013316,0.001489,-0.005277,-0.000352
5.219447,-0.007746,0.244810,0.096307,5.202087,-0.005069,0.250083,0.095289,-0.017360,0.002677,0.005274,-0.001018
2.162832,-0.021320,0.154919,0.034654,2.156130,-0.019885,0.157846,0.034918,-0.006703,0.001435,0.002926,0.000264
5.281964,0.002025,0.237299,0.087571,5.176435,0.002474,0.225584,0.085037,-0.105529,0.000449,-0.011715,-0.002534
6.507018,-0.027737,0.517268,0.103803,6.417485,-0.029341,0.507791,0.103688,-0.089533,-0.001604,-0.009477,-0.000116
6.140294,-0.055952,0.511630,0.087600,5.981894,-0.052161,0.501683,0.085428,-0.158400,0.003791,-0.009947,-0.002172
2.432961,0.001503,0.125229,0.040967,2.400994,0.000842,0.124597,0.040701,-0.031967,-0.000662,-0.000631,-0.000265
7.058398,-0.008218,0.456846,0.132433,6.994426,-0.005536,0.455585,0.132085,-0.063972,0.002682,-0.001261,-0.000348
4.821550,-0.046868,0.283281,0.080804,4.761089,-0.048230,0.290000,0.080439,-0.060461,-0.001361,0.006719,-0.000365
5.050402,-0.025507,0.364045,0.080679,5.047055,-0.024041,0.366075,0.080637,-0.003347,0.001465,0.002030,-0.000043
4.923530,-0.004685,0.275942,0.078216,4.890459,-0.009621,0.270309,0.077450,-0.033071,-0.004936,-0.005633,-0.000766
5.924474,-0.001900,0.431334,0.081928,5.812618,-0.004040,0.430635,0.081429,-0.111856,-0.002141,-0.000699,-0.000499
3.493818,-0.039660,0.320490,0.054313,3.556698,-0.041195,0.322548,0.054908,0.062880,-0.001534,0.002058,0.000595
2.689070,-0.012330,0.238030,0.042335,2.691652,-0.015468,0.238482,0.043082,0.002582,-0.003138,0.000451,0.000747
2.017578,-0.007211,0.150810,0.030375,1.993915,-0.007887,0.150292,0.030524,-0.023663,-0.000675,-0.000518,0.000149
5.404147,-0.026599,0.505677,0.090282,5.391326,-0.032403,0.503075,0.090849,-0.012821,-0.005804,-0.002602,0.000568
3.463709,-0.001865,0.258934,0.047728,3.406111,-0.002813,0.264848,0.047837,-0.057598,-0.000948,0.005914,0.000108
2.814608,-0.042911,0.282052,0.045769,2.782769,-0.039719,0.275783,0.045683,-0.031839,0.003192,-0.006269,-0.000086
6.437482,0.000305,0.383292,0.111738,6.417222,-0.000093,0.382786,0.112584,-0.020260,-0.000399,-0.000506,0.000846
2.791892,-0.005487,0.161250,0.048338,2.728573,-0.007614,0.159971,0.047986,-0.063319,-0.002127,-0.001279,-0.000352
5.025724,-0.010430,0.318751,0.089365,5.017163,-0.010409,0.313104,0.088289,-0.008561,0.000021,-0.005647,-0.001077
5.918385,-0.005254,0.453878,0.089629,5.791401,-0.005038,0.444422,0.087168,-0.126984,0.000216,-0.009456,-0.002461
5.679368,0.000200,0.269785,0.106398,5.646976,0.000570,0.269369,0.106048,-0.032393,0.000370,-0.000416,-0.000350
6.359426,0.029486,0.290436,0.121230,6.239433,0.024965,0.285510,0.119198,-0.119994,-0.004521,-0.004926,-0.002032
6.353601,-0.041274,0.540909,0.112857,6.294069,-0.042633,0.541271,0.111128,-0.059532,-0.001359,0.000362,-0.001728
1.828724,-0.014190,0.104013,0.030445,1.820147,-0.016115,0.100005,0.029870,-0.008577,-0.001925,-0.004008,-0.000576
3.845679,-0.007476,0.326051,0.076912,3.880803,-0.007200,0.322613,0.076829,0.035124,0.000276,-0.003438,-0.000083
6.120447,-0.011405,0.509326,0.095105,6.038948,-0.014013,0.503627,0.093899,-0.081500,-0.002608,-0.005700,-0.001206
3.486804,-0.010870,0.334805,0.058675,3.432357,-0.012176,0.328556,0.058813,-0.054447,-0.001305,-0.006249,0.000138
5.359755,-0.044035,0.421060,0.091035,5.449317,-0.046241,0.424928,0.092272,0.089562,-0.002207,0.003867,0.001237
2.175121,-0.013566,0.243257,0.044531,2.187888,-0.016124,0.245969,0.044850,0.012767,-0.002558,0.002713,0.000318
4.180896,-0.021351,0.261648,0.074109,4.191712,-0.020295,0.260545,0.074514,0.010816,0.001055,-0.001103,0.000405
1.980276,-0.020743,0.214056,0.042428,1.992092,-0.021609,0.221529,0.042381,0.011816,-0.000866,0.007473,-0.000047
5.257577,-0.057120,0.433057,0.072098,5.106705,-0.052400,0.426086,0.072867,-0.150873,0.004720,-0.006971,0.000769
4.668659,-0.060424,0.331883,0.073024,4.600231,-0.053992,0.333260,0.073022,-0.068428,0.006432,0.001378,-0.000002
2.256670,-0.022002,0.173975,0.033819,2.240721,-0.021481,0.166733,0.033206,-0.015949,0.000522,-0.007241,-0.000613
2.583261,0.002493,0.198156,0.046761,2.576170,0.000704,0.193567,0.046219,-0.007092,-0.001789,-0.004589,-0.000541
3.074386,-0.034454,0.330486,0.057100,3.089532,-0.035203,0.334540,0.056613,0.015146,-0.000750,0.004054,-0.000488
3.359055,0.004086,0.220759,0.051454,3.312864,0.003082,0.224025,0.051715,-0.046191,-0.001004,0.003266,0.000261
4.904374,-0.030658,0.397610,0.081958,4.868167,-0.030431,0.393063,0.081298,-0.036207,0.000227,-0.004547,-0.000661
2.620707,-0.027841,0.264534,0.044553,2.664244,-0.025975,0.263891,0.044596,0.043537,0.001865,-0.000644,0.000044
2.582561,-0.000819,0.132093,0.041921,2.593018,-0.002056,0.137128,0.042256,0.010457,-0.001237,0.005035,0.000335
4.115487,-0.026419,0.346169,0.068612,4.139551,-0.027693,0.351321,0.069830,0.024064,-0.001274,0.005152,0.001219
2.166086,-0.029500,0.269998,0.045275,2.153031,-0.027022,0.268357,0.046399,-0.013055,0.002478,-0.001641,0.001124
7.131652,-0.046353,0.510998,0.110670,7.082295,-0.046660,0.511041,0.111226,-0.049357,-0.000307,0.000043,0.000557
5.548615,-0.034318,0.517096,0.094548,5.526903,-0.034079,0.506204,0.094559,-0.021713,0.000239,-0.010892,0.000012
4.349391,-0.033471,0.332834,0.075540,4.344996,-0.035038,0.339992,0.074818,-0.004395,-0.001567,0.007158,-0.000722
3.136411,-0.025422,0.210500,0.047339,2.994181,-0.025250,0.211972,0.047391,-0.142230,0.000172,0.001471,0.000052
1.872081,-0.007748,0.103275,0.031869,1.864209,-0.009469,0.101257,0.031226,-0.007872,-0.001721,-0.002018,-0.000643
2.019777,-0.025693,0.236448,0.040780,2.009755,-0.026672,0.234602,0.040941,-0.010021,-0.000978,-0.001846,0.000160
2.359798,-0.012292,0.193802,0.038864,2.327189,-0.011057,0.195765,0.038471,-0.032609,0.001234,0.001963,-0.000392
1.978302,-0.011905,0.164778,0.031879,1.985356,-0.011530,0.165702,0.031145,0.007054,0.000375,0.000924,-0.000734
3.880373,0.014090,0.182784,0.076035,3.880633,0.011828,0.183471,0.074848,0.000260,-0.002262,0.000687,-0.001187
5.967311,-0.040460,0.405086,0.089075,5.888106,-0.042059,0.413454,0.087095,-0.079205,-0.001599,0.008368,-0.001980
2.038203,-0.012044,0.110374,0.036468,2.036404,-0.011671,0.111278,0.035815,-0.001799,0.000373,0.000904,-0.000653
4.828484,-0.042172,0.491148,0.085165,4.856459,-0.042308,0.486276,0.085937,0.027975,-0.000136,-0.004873,0.000772
2.842728,-0.004405,0.229969,0.044626,2.789515,-0.006683,0.226706,0.043685,-0.053214,-0.002278,-0.003263,-0.000940
4.967489,-0.011493,0.378533,0.082038,4.838048,-0.011418,0.376555,0.081307,-0.129441,0.000075,-0.001978,-0.000731
2.447674,-0.011778,0.224023,0.045504,2.448697,-0.012929,0.232045,0.045478,0.001023,-0.001151,0.008022,-0.000025
4.376960,0.002866,0.196755,0.085521,4.322360,0.003158,0.195507,0.084256,-0.054601,0.000292,-0.001247,-0.001265
2.228557,-0.021486,0.227725,0.038253,2.249437,-0.022931,0.223701,0.038368,0.020880,-0.001444,-0.004025,0.000114
2.890734,0.000222,0.299299,0.058027,2.926423,0.001373,0.298648,0.058285,0.035689,0.001150,-0.000651,0.000258
4.419426,-0.021820,0.374034,0.079773,4.397852,-0.023377,0.365773,0.079725,-0.021574,-0.001558,-0.008262,-0.000048
4.138703,-0.048989,0.317501,0.065344,4.143092,-0.039938,0.316893,0.065458,0.004388,0.009051,-0.000608,0.000114
2.393481,-0.016023,0.142970,0.045051,2.411524,-0.015437,0.144910,0.045147,0.018044,0.000586,0.001940,0.000096
6.217644,-0.012305,0.432018,0.092702,6.137292,-0.011270,0.426965,0.089967,-0.080352,0.001035,-0.005053,-0.002736
7.230785,-0.005522,0.498221,0.117467,7.185664,-0.006167,0.491745,0.116442,-0.045122,-0.000646,-0.006476,-0.001026
5.525657,-0.032666,0.420283,0.091533,5.561560,-0.036117,0.422297,0.092436,0.035903,-0.003451,0.002014,0.000903
3.065024,-0.003840,0.280899,0.049834,3.136688,-0.004319,0.279845,0.050018,0.071664,-0.000479,-0.001054,0.000184
2.250601,-0.014852,0.197145,0.037889,2.230362,-0.012497,0.191592,0.037628,-0.020239,0.002355,-0.005553,-0.000261
4.495480,-0.011608,0.275558,0.064660,4.469749,-0.011660,0.278563,0.064822,-0.025731,-0.000052,0.003005,0.000162
5.150462,-0.013228,0.491146,0.087783,5.150309,-0.013965,0.492985,0.088219,-0.000154,-0.000737,0.001838,0.000436
5.599052,0.003369,0.212673,0.086726,5.491155,0.001631,0.215769,0.085425,-0.107897,-0.001738,0.003096,-0.001302
6.703889,0.002147,0.325528,0.121376,6.677470,0.006977,0.328310,0.120796,-0.026420,0.004829,0.002783,-0.000579
2.582582,-0.038796,0.190679,0.044512,2.529218,-0.037430,0.193114,0.043088,-0.053364,0.001366,0.002436,-0.001424
2.986076,-0.008806,0.303215,0.046606,2.924931,-0.011733,0.295702,0.046833,-0.061146,-0.002926,-0.007513,0.000227
4.323878,-0.021449,0.189913,0.072728,4.272212,-0.020429,0.194281,0.071837,-0.051667,0.001020,0.004368,-0.000891
5.066852,-0.002899,0.359310,0.099807,5.104900,-0.003670,0.360852,0.100032,0.038048,-0.000771,0.001541,0.000225
3.221423,0.010085,0.179049,0.061265,3.156787,0.010320,0.186412,0.060092,-0.064636,0.000235,0.007363,-0.001172
1.938367,-0.032447,0.188070,0.032550,2.017913,-0.030863,0.185631,0.032357,0.079546,0.001584,-0.002440,-0.000193
4.394562,-0.003703,0.361088,0.080920,4.494765,-0.002782,0.361691,0.081794,0.100203,0.000921,0.000604,0.000874
2.322146,-0.027079,0.234112,0.036383,2.322944,-0.026058,0.227832,0.037489,0.000798,0.001021,-0.006280,0.001106
4.881080,0.010386,0.280883,0.091808,4.856709,0.012166,0.294741,0.090130,-0.024371,0.001780,0.013858,-0.001678
2.544228,-0.006460,0.206943,0.040388,2.492670,-0.003701,0.204461,0.039906,-0.051558,0.002758,-0.002482,-0.000482
5.277771,-0.025920,0.432140,0.091227,5.233708,-0.024611,0.429453,0.091352,-0.044063,0.001309,-0.002688,0.000124
5.221284,-0.013356,0.302871,0.087194,5.182320,-0.015619,0.304567,0.085912,-0.038965,-0.002263,0.001695,-0.001282
5.932286,-0.005197,0.357382,0.103661,5.860845,-0.006047,0.360947,0.101061,-0.071441,-0.000850,0.003565,-0.002601
2.451247,-0.017167,0.187477,0.043785,2.457891,-0.018268,0.195123,0.044071,0.006644,-0.001101,0.007646,0.000286
6.063885,0.022162,0.238933,0.099681,6.007589,0.021128,0.241970,0.099470,-0.056296,-0.001034,0.003037,-0.000211
4.916470,-0.054144,0.352356,0.076715,4.935198,-0.052369,0.355179,0.077676,0.018729,0.001776,0.002824,0.000960
3.677348,-0.011554,0.270085,0.053284,3.621361,-0.008884,0.272824,0.053282,-0.055987,0.002669,0.002739,-0.000001
4.193007,-0.028617,0.424946,0.080603,4.298010,-0.028389,0.422938,0.081295,0.105004,0.000228,-0.002008,0.000693
4.314226,-0.034947,0.379330,0.069905,4.251085,-0.034531,0.376202,0.069300,-0.063141,0.000416,-0.003127,-0.000605
1.865004,-0.011528,0.139549,0.030458,1.882246,-0.013538,0.136830,0.030197,0.017241,-0.002010,-0.002719,-0.000261
4.333014,0.004737,0.238713,0.081055,4.293094,-0.002198,0.231492,0.080122,-0.039920,-0.006935,-0.007221,-0.000933
2.718569,-0.004780,0.181517,0.051745,2.695883,-0.005248,0.172553,0.050892,-0.022686,-0.000469,-0.008964,-0.000853
3.889091,-0.019703,0.200063,0.059407,3.913660,-0.018585,0.203345,0.059359,0.024570,0.001118,0.003282,-0.000048
2.318239,-0.013035,0.149792,0.046731,2.266803,-0.015280,0.147452,0.046622,-0.051436,-0.002245,-0.002340,-0.000110
3.986497,-0.002432,0.431726,0.072722,3.962736,-0.004851,0.439338,0.072150,-0.023761,-0.002419,0.007613,-0.000573
5.214653,0.006110,0.418524,0.086421,5.124764,0.004499,0.417178,0.085273,-0.089889,-0.001611,-0.001346,-0.001148
2.419263,-0.022476,0.181289,0.043198,2.434976,-0.021315,0.178612,0.042779,0.015713,0.001161,-0.002676,-0.000420
1.972353,-0.008186,0.159005,0.032727,1.928202,-0.008479,0.157860,0.032315,-0.044151,-0.000293,-0.001146,-0.000412
4.803117,-0.027766,0.259907,0.070800,4.769562,-0.023537,0.257315,0.070927,-0.033555,0.004229,-0.002592,0.000127
2.347037,-0.029824,0.262183,0.040968,2.362117,-0.030830,0.258241,0.041591,0.015080,-0.001006,-0.003943,0.000623
2.034701,-0.013175,0.153369,0.035527,2.079420,-0.012816,0.150876,0.035472,0.044720,0.000359,-0.002493,-0.000055
5.136673,-0.012277,0.390235,0.076549,5.122679,-0.009942,0.389941,0.076636,-0.013994,0.002335,-0.000294,0.000088
4.841054,0.009491,0.268538,0.082149,4.829650,0.009806,0.268204,0.081611,-0.011404,0.000316,-0.000334,-0.000538
4.503556,-0.002922,0.200170,0.082164,4.489895,-0.005377,0.204152,0.082135,-0.013661,-0.002455,0.003983,-0.000029
2.437013,-0.023008,0.256382,0.048629,2.492493,-0.020613,0.258347,0.049015,0.055480,0.002395,0.001965,0.000386
3.873083,0.012787,0.158464,0.060219,3.857283,0.012919,0.160321,0.060473,-0.015800,0.000133,0.001857,0.000253
4.107881,-0.038522,0.351827,0.081353,4.112334,-0.040477,0.358717,0.081098,0.004453,-0.001955,0.006889,-0.000256
2.630987,-0.022033,0.249512,0.047188,2.555318,-0.018153,0.247561,0.046219,-0.075669,0.003880,-0.001951,-0.000968
4.782845,0.026329,0.265214,0.096531,4.807638,0.033028,0.270465,0.096625,0.024794,0.006699,0.005251,0.000095
3.697418,-0.017686,0.311495,0.059506,3.678055,-0.016863,0.309234,0.059073,-0.019363,0.000822,-0.002261,-0.000433
4.484130,-0.048440,0.382538,0.081285,4.452644,-0.049725,0.387137,0.080875,-0.031486,-0.001284,0.004599,-0.000410
4.129387,-0.034869,0.392396,0.063454,4.136069,-0.037131,0.383056,0.063222,0.006682,-0.002262,-0.009340,-0.000232
3.238849,-0.005446,0.245323,0.056528,3.244955,-0.004951,0.244080,0.056704,0.006106,0.000494,-0.001243,0.000175
3.865158,0.000342,0.259073,0.079299,3.767135,0.000687,0.256326,0.077569,-0.098023,0.000345,-0.002747,-0.001730
4.974850,-0.015542,0.268147,0.099609,4.906943,-0.013025,0.261970,0.097694,-0.067906,0.002516,-0.006176,-0.001915
6.283033,0.016244,0.261319,0.107559,6.135190,0.015013,0.258012,0.104221,-0.147844,-0.001230,-0.003307,-0.003338
3.614072,-0.000023,0.210603,0.069663,3.651003,-0.000774,0.211996,0.068829,0.036931,-0.000751,0.001393,-0.000833
5.549166,-0.060252,0.559045,0.099157,5.575759,-0.057438,0.553658,0.098687,0.026594,0.002814,-0.005387,-0.000470
5.763321,0.006042,0.308102,0.116080,5.712791,0.005628,0.298912,0.113752,-0.050530,-0.000414,-0.009190,-0.002329
3.648809,0.009939,0.176163,0.070607,3.660334,0.006761,0.177988,0.070773,0.011525,-0.003178,0.001825,0.000166
3.501036,-0.013581,0.264483,0.061288,3.471663,-0.011346,0.268236,0.060478,-0.029373,0.002235,0.003753,-0.000810
5.186512,-0.035019,0.551459,0.109495,5.226218,-0.035805,0.557751,0.106238,0.039706,-0.000786,0.006292,-0.003256
4.047060,-0.040999,0.263058,0.067456,4.043116,-0.040981,0.265436,0.067108,-0.003945,0.000018,0.002378,-0.000349
2.234536,-0.014787,0.182798,0.037573,2.208456,-0.015260,0.185055,0.037439,-0.026080,-0.000473,0.002257,-0.000134
2.613886,-0.029760,0.240994,0.045675,2.626227,-0.030468,0.242568,0.045103,0.012340,-0.000708,0.001574,-0.000572
6.631211,0.019131,0.289709,0.117070,6.434664,0.018166,0.290748,0.115760,-0.196547,-0.000964,0.001039,-0.001310
4.954187,-0.008575,0.332317,0.076405,4.978690,-0.011652,0.328333,0.076694,0.024503,-0.003077,-0.003984,0.000288
2.152362,-0.014791,0.122431,0.038963,2.127251,-0.014697,0.119418,0.037331,-0.025110,0.000094,-0.003013,-0.001632
2.434284,-0.014069,0.227538,0.042271,2.348139,-0.015151,0.220427,0.041880,-0.086145,-0.001082,-0.007111,-0.000391
5.645585,-0.003189,0.415989,0.097843,5.632586,-0.004018,0.414573,0.097739,-0.013000,-0.000829,-0.001417,-0.000104
2.797950,-0.022848,0.218215,0.045116,2.776554,-0.021225,0.215567,0.044648,-0.021396,0.001624,-0.002648,-0.000468
6.789158,-0.027909,0.446962,0.118666,6.716791,-0.021771,0.441907,0.118225,-0.072367,0.006138,-0.005055,-0.000441
5.909710,0.020683,0.296902,0.108360,5.802374,0.016050,0.292956,0.107469,-0.107337,-0.004633,-0.003945,-0.000891
4.962321,-0.043883,0.402208,0.080101,4.931744,-0.039846,0.396721,0.079256,-0.030577,0.004037,-0.005487,-0.000845
2.032415,-0.010157,0.121949,0.039941,2.039383,-0.008927,0.121260,0.039963,0.006968,0.001231,-0.000690,0.000022
6.520409,-0.037686,0.461352,0.102621,6.442355,-0.034802,0.458981,0.102555,-0.078053,0.002884,-0.002370,-0.000066
4.200723,0.017888,0.171772,0.069185,4.228164,0.018622,0.174123,0.069074,0.027441,0.000733,0.002350,-0.000111
3.033132,-0.012541,0.172664,0.057703,3.068717,-0.012997,0.173577,0.057003,0.035585,-0.000456,0.000913,-0.000700
2.680796,0.002873,0.255116,0.047085,2.706350,0.005312,0.256048,0.047575,0.025554,0.002439,0.000932,0.000490
4.324711,0.008513,0.191819,0.074871,4.273574,0.017580,0.195189,0.074549,-0.051137,0.009067,0.003370,-0.000321
7.737843,-0.019376,0.601572,0.122511,7.514047,-0.020373,0.582385,0.121026,-0.223796,-0.000997,-0.019187,-0.001485
4.027380,-0.005017,0.264053,0.059736,4.035199,-0.003499,0.270221,0.060592,0.007819,0.001518,0.006169,0.000856
2.380927,-0.008290,0.187771,0.039970,2.383224,-0.009697,0.184932,0.040051,0.002297,-0.001407,-0.002839,0.000081
2.019414,-0.014515,0.166769,0.033068,2.010052,-0.016586,0.168313,0.032834,-0.009362,-0.002071,0.001544,-0.000235
2.369754,-0.009422,0.193951,0.040975,2.341734,-0.008281,0.199761,0.040591,-0.028020,0.001141,0.005809,-0.000383
5.137448,-0.014659,0.445711,0.082185,5.068926,-0.011628,0.437015,0.082071,-0.068522,0.003031,-0.008696,-0.000114
3.144176,-0.014311,0.299222,0.054892,3.146085,-0.016056,0.294450,0.055007,0.001908,-0.001745,-0.004772,0.000115
2.432487,-0.019529,0.261192,0.045171,2.428734,-0.020823,0.261968,0.044749,-0.003753,-0.001295,0.000776,-0.000423
2.955885,0.002532,0.287352,0.053059,2.928469,0.003695,0.274873,0.052501,-0.027416,0.001163,-0.012479,-0.000557
3.478990,-0.018530,0.267999,0.056049,3.459179,-0.020376,0.266138,0.055980,-0.019811,-0.001846,-0.001860,-0.000069
2.133831,-0.011393,0.175069,0.033678,2.134257,-0.011973,0.173739,0.033381,0.000426,-0.000579,-0.001330,-0.000297
3.704510,0.023465,0.149904,0.061502,3.685922,0.021192,0.150014,0.061502,-0.018588,-0.002274,0.000110,-0.000000
4.163230,-0.009680,0.253196,0.056844,4.129849,-0.010089,0.255943,0.057483,-0.033381,-0.000409,0.002747,0.000639
2.242331,-0.033733,0.211572,0.038115,2.246044,-0.032773,0.213230,0.037291,0.003713,0.000960,0.001658,-0.000825
5.951006,-0.019341,0.484093,0.104999,5.827427,-0.018965,0.476477,0.102341,-0.123579,0.000376,-0.007616,-0.002658
6.571993,-0.002548,0.318681,0.125664,6.508012,0.000590,0.318653,0.122699,-0.063981,0.003137,-0.000028,-0.002964
2.061893,-0.028422,0.239173,0.040180,2.050411,-0.028647,0.234539,0.039384,-0.011482,-0.000225,-0.004635,-0.000796
2.113583,-0.014125,0.138853,0.033449,2.052517,-0.014271,0.138673,0.032607,-0.061066,-0.000146,-0.000180,-0.000842
5.877599,0.016074,0.265354,0.104022,5.861788,0.012297,0.271089,0.102885,-0.015811,-0.003777,0.005735,-0.001137
2.327006,-0.015180,0.130387,0.042527,2.274734,-0.014758,0.128734,0.042125,-0.052272,0.000423,-0.001653,-0.000402
2.407045,-0.047958,0.292947,0.042373,2.477444,-0.045518,0.288647,0.044248,0.070399,0.002439,-0.004301,0.001874
5.061722,-0.005576,0.374284,0.080999,4.966664,-0.005418,0.371764,0.079565,-0.095058,0.000159,-0.002520,-0.001434
3.073519,-0.029371,0.305904,0.050795,3.064832,-0.027164,0.300592,0.050713,-0.008687,0.002207,-0.005312,-0.000082
4.176629,0.000711,0.388940,0.071140,4.077559,0.002027,0.386624,0.070501,-0.099070,0.001316,-0.002316,-0.000639
6.565266,0.006244,0.467154,0.096497,6.465299,0.008465,0.464471,0.096379,-0.099967,0.002221,-0.002682,-0.000118
2.670251,0.003909,0.248940,0.047418,2.673434,0.004439,0.244628,0.046728,0.003183,0.000530,-0.004312,-0.000689
2.903016,-0.015197,0.160531,0.051297,2.869900,-0.014613,0.160233,0.050384,-0.033116,0.000584,-0.000298,-0.000913
4.005273,-0.004087,0.162366,0.068416,4.015956,-0.002005,0.168999,0.067937,0.010684,0.002082,0.006633,-0.000479
2.913617,-0.010047,0.146913,0.046081,2.814670,-0.011671,0.150952,0.046387,-0.098947,-0.001624,0.004040,0.000306
4.617102,-0.008993,0.247330,0.071200,4.666282,-0.009606,0.247818,0.070850,0.049180,-0.000613,0.000488,-0.000350
3.925073,-0.007373,0.184400,0.066435,3.907531,-0.002722,0.187718,0.064977,-0.017542,0.004651,0.003317,-0.001458
5.869137,0.027226,0.387699,0.095799,5.841730,0.018302,0.384690,0.095038,-0.027407,-0.008924,-0.003009,-0.000762
3.440464,-0.007622,0.194269,0.062448,3.380140,-0.004906,0.195815,0.060985,-0.060324,0.002716,0.001546,-0.001463
2.393510,-0.025782,0.195592,0.036186,2.289368,-0.024916,0.192300,0.035369,-0.104141,0.000866,-0.003293,-0.000817
5.746483,0.022745,0.310436,0.096968,5.788860,0.021358,0.313162,0.096629,0.042377,-0.001387,0.002725,-0.000339
2.703561,-0.001559,0.248858,0.043811,2.743446,-0.003179,0.255558,0.043943,0.039885,-0.001620,0.006699,0.000131
3.914845,-0.013475,0.313588,0.068527,3.897746,-0.015893,0.309884,0.069218,-0.017099,-0.002418,-0.003704,0.000691
4.097823,-0.019761,0.292870,0.069593,4.068624,-0.018912,0.295606,0.069340,-0.029198,0.000849,0.002736,-0.000253
3.237428,0.003862,0.127052,0.050086,3.197503,0.002230,0.129737,0.049986,-0.039925,-0.001632,0.002685,-0.000100
4.078727,-0.023066,0.252121,0.059660,4.094449,-0.023206,0.254276,0.060011,0.015722,-0.000141,0.002154,0.000350
1.992685,-0.008641,0.127751,0.032128,1.952965,-0.007710,0.129554,0.032544,-0.039720,0.000932,0.001803,0.000417
2.284722,-0.021821,0.263479,0.041996,2.311506,-0.022412,0.255874,0.041436,0.026784,-0.000591,-0.007605,-0.000560
3.696317,0.003604,0.201737,0.061867,3.775170,0.003278,0.208185,0.061855,0.078852,-0.000326,0.006449,-0.000012
3.997537,-0.012241,0.318802,0.071883,3.945148,-0.012745,0.311755,0.070889,-0.052390,-0.000504,-0.007047,-0.000994
3.331747,-0.011330,0.210640,0.057200,3.347276,-0.011931,0.203684,0.056568,0.015530,-0.000601,-0.006956,-0.000632
1.674460,-0.010974,0.128880,0.026891,1.628312,-0.010974,0.132749,0.026347,-0.046149,-0.000000,0.003869,-0.000544
5.143283,-0.025595,0.492529,0.100106,5.050322,-0.026057,0.492790,0.098104,-0.092962,-0.000461,0.000262,-0.002002
5.085855,0.030583,0.245179,0.087635,4.962962,0.028491,0.225286,0.085411,-0.122894,-0.002092,-0.019893,-0.002224
2.692798,0.001334,0.204901,0.049508,2.682456,0.000592,0.197053,0.049233,-0.010341,-0.000743,-0.007849,-0.000275
3.009586,-0.027988,0.221174,0.047204,2.993768,-0.024768,0.222237,0.048155,-0.015819,0.003220,0.001062,0.000951
3.194706,-0.042601,0.287286,0.051115,3.158229,-0.042233,0.288361,0.051498,-0.036477,0.000368,0.001075,0.000383
3.629185,-0.012780,0.369337,0.062341,3.650092,-0.012225,0.369415,0.061346,0.020907,0.000555,0.000078,-0.000995
2.958263,-0.011250,0.217405,0.050336,2.939050,-0.011104,0.216507,0.050272,-0.019213,0.000147,-0.000899,-0.000065
3.312974,-0.006147,0.251509,0.057852,3.261791,-0.009060,0.249648,0.057599,-0.051183,-0.002914,-0.001861,-0.000254
3.420898,0.009313,0.244953,0.071142,3.394764,0.006734,0.238350,0.070454,-0.026134,-0.002579,-0.006603,-0.000688
5.873163,0.012840,0.273954,0.104865,5.811257,0.009051,0.269101,0.103935,-0.061905,-0.003789,-0.004853,-0.000930
2.696908,-0.009144,0.164902,0.047340,2.705084,-0.010206,0.166458,0.047651,0.008177,-0.001062,0.001556,0.000310
4.947423,-0.015903,0.403939,0.091756,4.923073,-0.013260,0.394932,0.091361,-0.024349,0.002642,-0.009006,-0.000395
1.793674,-0.009944,0.114820,0.026478,1.770065,-0.009655,0.116045,0.026458,-0.023609,0.000289,0.001225,-0.000020
2.169483,0.001545,0.161599,0.035780,2.146594,0.000327,0.159429,0.034695,-0.022890,-0.001218,-0.002170,-0.001085
3.700824,-0.004535,0.170863,0.074567,3.727947,-0.000011,0.173779,0.073920,0.027123,0.004523,0.002915,-0.000647
2.274722,-0.023500,0.242186,0.043003,2.259914,-0.023871,0.237648,0.042558,-0.014808,-0.000371,-0.004539,-0.000445
3.438344,-0.012580,0.250409,0.056308,3.397848,-0.012050,0.248003,0.056622,-0.040496,0.000531,-0.002406,0.000314
3.731461,-0.003732,0.164928,0.061691,3.708346,0.000686,0.162645,0.061049,-0.023115,0.004419,-0.002283,-0.000642
2.542876,-0.010478,0.211758,0.049170,2.584948,-0.007468,0.207595,0.049201,0.042073,0.003011,-0.004163,0.000031
2.272477,-0.008971,0.176820,0.037109,2.218699,-0.010774,0.173672,0.036196,-0.053777,-0.001803,-0.003148,-0.000913
4.246031,-0.027591,0.357613,0.084300,4.235151,-0.029134,0.358154,0.083515,-0.010880,-0.001543,0.000541,-0.000785
2.026377,-0.016141,0.102515,0.031083,2.046883,-0.015274,0.099307,0.030839,0.020506,0.000867,-0.003208,-0.000244
4.157759,-0.011559,0.293318,0.070193,4.139506,-0.009643,0.299414,0.069619,-0.018253,0.001916,0.006096,-0.000574
5.193829,-0.014896,0.332992,0.092679,5.206656,-0.015149,0.336053,0.092140,0.012827,-0.000254,0.003062,-0.000539
3.384078,-0.011589,0.350552,0.063729,3.431077,-0.012620,0.344335,0.064256,0.046998,-0.001031,-0.006217,0.000527
4.194526,-0.001725,0.261210,0.081955,4.153531,-0.002562,0.259182,0.080758,-0.040995,-0.000836,-0.002028,-0.001197
6.335483,-0.019702,0.584402,0.105993,6.322816,-0.025844,0.586925,0.106114,-0.012667,-0.006142,0.002522,0.000121
4.982852,-0.003586,0.348117,0.079955,4.979918,-0.005613,0.342734,0.078813,-0.002934,-0.002027,-0.005383,-0.001142
2.199591,-0.009725,0.153718,0.031948,2.213334,-0.010033,0.158367,0.031182,0.013743,-0.000307,0.004649,-0.000765
6.440440,0.002301,0.563782,0.110793,6.414450,-0.002462,0.569772,0.110817,-0.025990,-0.004763,0.005990,0.000024
2.924233,-0.005175,0.279860,0.048044,2.928733,-0.004453,0.274956,0.046957,0.004500,0.000721,-0.004904,-0.001087
2.982834,0.001511,0.260181,0.048488,3.007235,0.002184,0.261632,0.048300,0.024401,0.000673,0.001451,-0.000188
2.928064,-0.019743,0.341622,0.052949,2.952493,-0.021726,0.342097,0.052875,0.024430,-0.001984,0.000475,-0.000073
4.172805,-0.027852,0.261493,0.072742,4.229467,-0.026646,0.263694,0.073277,0.056662,0.001206,0.002201,0.000534
2.955943,-0.029001,0.326688,0.048529,3.002011,-0.027297,0.326094,0.048557,0.046068,0.001705,-0.000593,0.000027
3.631269,-0.004807,0.332168,0.059407,3.613283,-0.004293,0.327279,0.059109,-0.017985,0.000514,-0.004890,-0.000298
4.160007,-0.028816,0.366317,0.068922,4.165389,-0.027016,0.359796,0.069725,0.005382,0.001800,-0.006521,0.000803
3.521495,-0.035009,0.222571,0.057571,3.518925,-0.034085,0.222084,0.058083,-0.002570,0.000924,-0.000488,0.000512
2.619667,-0.012204,0.255329,0.044712,2.631981,-0.009997,0.250622,0.044788,0.012314,0.002207,-0.004707,0.000076
4.847571,-0.011458,0.313518,0.084853,4.863128,-0.014635,0.307165,0.085193,0.015556,-0.003177,-0.006353,0.000340
3.359010,0.002657,0.174110,0.056831,3.359034,0.001915,0.178487,0.056959,0.000024,-0.000742,0.004377,0.000128
3.086913,-0.010383,0.363494,0.059460,3.124100,-0.010610,0.366990,0.058613,0.037187,-0.000226,0.003496,-0.000847
4.679607,-0.043996,0.321699,0.075881,4.622981,-0.039688,0.327393,0.075630,-0.056626,0.004307,0.005694,-0.000251
2.825808,0.007196,0.173680,0.056993,2.839901,0.006500,0.176857,0.057279,0.014093,-0.000695,0.003176,0.000286
2.366613,-0.027634,0.248552,0.039902,2.361276,-0.023749,0.245200,0.039658,-0.005337,0.003885,-0.003352,-0.000243
6.868416,-0.012101,0.522289,0.118285,6.786585,-0.013383,0.527812,0.117055,-0.081831,-0.001282,0.005523,-0.001230
2.918852,-0.030204,0.223493,0.041498,2.915419,-0.028721,0.225246,0.040714,-0.003433,0.001483,0.001753,-0.000784
1.984155,-0.009150,0.161133,0.038341,2.017777,-0.012098,0.159251,0.038617,0.033622,-0.002948,-0.001882,0.000276
3.733494,0.002285,0.362131,0.058800,3.695602,0.000876,0.351308,0.058574,-0.037892,-0.001410,-0.010823,-0.000226
4.400398,-0.029860,0.288619,0.078261,4.350546,-0.029414,0.286066,0.078016,-0.049852,0.000446,-0.002553,-0.000245
2.674955,-0.007706,0.227402,0.045787,2.589496,-0.007606,0.226940,0.045560,-0.085459,0.000100,-0.000461,-0.000227
2.049770,-0.015564,0.145742,0.032236,2.050903,-0.015544,0.148448,0.033177,0.001133,0.000020,0.002706,0.000941
4.868653,0.030033,0.204361,0.081933,4.747988,0.030437,0.202397,0.079957,-0.120665,0.000404,-0.001964,-0.001976
5.717037,-0.022670,0.343695,0.088404,5.639024,-0.021556,0.337127,0.087738,-0.078013,0.001114,-0.006568,-0.000666
5.696686,0.018738,0.275111,0.098719,5.549637,0.018953,0.278177,0.096693,-0.147049,0.000216,0.003067,-0.002027
3.791560,-0.024091,0.351097,0.072158,3.822131,-0.022338,0.352425,0.071820,0.030570,0.001753,0.001327,-0.000337
3.426915,-0.033691,0.337729,0.055813,3.400966,-0.034112,0.334700,0.056279,-0.025949,-0.000421,-0.003029,0.000466
2.334771,-0.012191,0.111068,0.036185,2.213157,-0.014378,0.110768,0.036394,-0.121614,-0.002186,-0.000300,0.000209
2.187632,-0.019500,0.182652,0.035052,2.123760,-0.018544,0.181433,0.034721,-0.063872,0.000956,-0.001219,-0.000331
4.350725,0.022445,0.215880,0.084589,4.375757,0.023126,0.222034,0.085011,0.025032,0.000681,0.006154,0.000421
3.118743,0.004930,0.254232,0.049347,3.120447,0.001962,0.255560,0.049592,0.001704,-0.002968,0.001328,0.000245
2.854620,-0.009348,0.284834,0.048503,2.837558,-0.009005,0.289459,0.048029,-0.017062,0.000343,0.004626,-0.000474
3.713770,-0.015536,0.300753,0.068259,3.740176,-0.014084,0.298239,0.068356,0.026406,0.001452,-0.002514,0.000096
6.175712,-0.008571,0.379204,0.109910,6.140185,-0.003822,0.380218,0.108982,-0.035527,0.004749,0.001015,-0.000927
4.846648,-0.020433,0.242252,0.090078,4.770044,-0.013147,0.237765,0.088293,-0.076604,0.007286,-0.004486,-0.001785
2.538073,-0.030516,0.222463,0.044428,2.568424,-0.031313,0.223884,0.043597,0.030351,-0.000797,0.001421,-0.000831
3.092306,-0.006926,0.279985,0.061530,3.024371,-0.008802,0.271675,0.061186,-0.067935,-0.001876,-0.008310,-0.000343
2.258595,-0.023510,0.243037,0.037991,2.280715,-0.023440,0.239954,0.038371,0.022120,0.000070,-0.003083,0.000380
2.235637,-0.005870,0.232305,0.044734,2.221350,-0.007154,0.232635,0.043983,-0.014286,-0.001284,0.000330,-0.000751
4.277688,-0.002897,0.219035,0.067878,4.247814,-0.003614,0.222192,0.068053,-0.029874,-0.000717,0.003158,0.000175
3.593140,-0.007992,0.229359,0.052861,3.558785,-0.007165,0.234538,0.053334,-0.034355,0.000827,0.005178,0.000473
5.805727,-0.024589,0.446179,0.098460,5.716875,-0.020378,0.441837,0.097284,-0.088852,0.004211,-0.004342,-0.001176
4.545716,-0.037938,0.462806,0.088214,4.516084,-0.032169,0.457660,0.087855,-0.029632,0.005769,-0.005147,-0.000359
4.356535,0.015513,0.235363,0.072993,4.350636,0.014163,0.238581,0.071612,-0.005900,-0.001350,0.003219,-0.001381
2.795025,-0.049164,0.302888,0.050375,2.877366,-0.050817,0.305434,0.050815,0.082341,-0.001653,0.002546,0.000440
6.352664,0.005311,0.589847,0.108646,6.319300,0.000374,0.591916,0.109534,-0.033364,-0.004937,0.002069,0.000888
2.126635,-0.010884,0.132183,0.041161,2.097973,-0.011198,0.130400,0.040589,-0.028662,-0.000314,-0.001783,-0.000572
3.459579,-0.012625,0.349976,0.065054,3.493513,-0.013394,0.347448,0.065168,0.033934,-0.000769,-0.002528,0.000114
4.841509,-0.009253,0.245184,0.074095,4.838143,-0.007648,0.249212,0.073936,-0.003366,0.001605,0.004028,-0.000159
5.496280,0.014841,0.353623,0.105230,5.443485,0.014556,0.355985,0.103389,-0.052795,-0.000285,0.002362,-0.001841
3.191720,-0.000195,0.315413,0.060816,3.237708,-0.001936,0.318021,0.060789,0.045989,-0.001741,0.002607,-0.000026
3.933619,-0.005254,0.145511,0.064704,3.970993,-0.005982,0.147009,0.064579,0.037374,-0.000728,0.001498,-0.000125
3.609100,-0.008614,0.206562,0.062702,3.651841,-0.010138,0.203703,0.063576,0.042741,-0.001524,-0.002859,0.000874
3.150391,-0.003599,0.171356,0.053215,3.136211,-0.000895,0.174571,0.052989,-0.014180,0.002704,0.003215,-0.000226
1.754035,-0.009259,0.158803,0.029456,1.698588,-0.008194,0.154224,0.029473,-0.055447,0.001065,-0.004579,0.000017
2.792551,0.005535,0.283001,0.055354,2.827450,0.003884,0.289879,0.055812,0.034899,-0.001651,0.006878,0.000458
5.750202,0.015287,0.288300,0.099721,5.607852,0.016216,0.276327,0.097420,-0.142349,0.000929,-0.011972,-0.002301
4.377323,-0.020083,0.171597,0.069036,4.348767,-0.017714,0.178948,0.068984,-0.028556,0.002369,0.007351,-0.000052
2.723900,-0.001802,0.185488,0.038384,2.734121,-0.002431,0.187991,0.038575,0.010221,-0.000629,0.002503,0.000192
1.860827,-0.009467,0.105885,0.032252,1.830090,-0.009760,0.102213,0.032277,-0.030736,-0.000293,-0.003673,0.000025
2.247174,-0.019631,0.208720,0.038130,2.222272,-0.019817,0.206970,0.038385,-0.024902,-0.000186,-0.001750,0.000255
2.830058,-0.007850,0.249691,0.046896,2.802249,-0.007728,0.241910,0.045904,-0.027809,0.000122,-0.007781,-0.000992
4.103581,-0.000522,0.241127,0.082234,4.074739,0.001839,0.241602,0.080873,-0.028842,0.002362,0.000474,-0.001360
2.305755,-0.016188,0.218297,0.037836,2.279868,-0.021681,0.215732,0.037661,-0.025887,-0.005493,-0.002564,-0.000176
4.888628,-0.033694,0.313515,0.094408,4.874866,-0.031098,0.310646,0.092748,-0.013762,0.002597,-0.002869,-0.001660
4.923391,0.010800,0.295597,0.090892,4.889098,0.013674,0.291950,0.089448,-0.034293,0.002874,-0.003647,-0.001444
5.409460,-0.009147,0.331098,0.082174,5.368689,-0.006957,0.331223,0.079958,-0.040771,0.002190,0.000125,-0.002216
3.971694,0.007587,0.257882,0.079314,3.971896,0.004449,0.263943,0.078915,0.000202,-0.003138,0.006061,-0.000399
5.922770,-0.031728,0.388397,0.111566,5.880671,-0.020773,0.387615,0.111499,-0.042099,0.010954,-0.000782,-0.000067
3.498255,-0.017868,0.331844,0.054363,3.489895,-0.019505,0.329500,0.054528,-0.008360,-0.001637,-0.002344,0.000166
2.651530,-0.007956,0.234800,0.040685,2.656718,-0.008296,0.233460,0.041206,0.005188,-0.000339,-0.001340,0.000521
4.782087,-0.026288,0.206946,0.082154,4.784276,-0.025984,0.205581,0.081967,0.002189,0.000305,-0.001365,-0.000187
4.331456,-0.008400,0.210379,0.078444,4.291386,-0.007307,0.212611,0.077596,-0.040070,0.001092,0.002232,-0.000848
5.013499,-0.004937,0.417467,0.082203,4.987499,-0.005987,0.416857,0.082400,-0.026000,-0.001050,-0.000609,0.000197
2.219769,-0.014904,0.222132,0.038995,2.236304,-0.015165,0.217215,0.038631,0.016535,-0.000261,-0.004917,-0.000365
5.849126,-0.020442,0.323533,0.084881,5.778353,-0.025798,0.320136,0.084788,-0.070773,-0.005356,-0.003397,-0.000093
5.562367,-0.018180,0.251836,0.091249,5.470021,-0.008585,0.247458,0.089127,-0.092346,0.009595,-0.004378,-0.002122
4.683857,-0.027897,0.209425,0.083861,4.656193,-0.021485,0.205853,0.083948,-0.027665,0.006412,-0.003572,0.000087
2.681932,-0.016834,0.217648,0.044892,2.707883,-0.017799,0.215558,0.045729,0.025951,-0.000965,-0.002090,0.000837
6.822179,0.008052,0.354369,0.135630,6.747939,0.011827,0.350613,0.133769,-0.074240,0.003775,-0.003756,-0.001861
3.179610,-0.017807,0.252280,0.055982,3.125713,-0.019154,0.249564,0.055159,-0.053898,-0.001347,-0.002716,-0.000823
5.942017,-0.009761,0.431217,0.084828,5.874349,-0.007948,0.430815,0.083915,-0.067667,0.001813,-0.000402,-0.000913
4.035320,-0.043700,0.320929,0.064566,4.086793,-0.046271,0.325379,0.065026,0.051473,-0.002571,0.004449,0.000461
7.135174,0.000907,0.609913,0.135272,7.089643,0.001383,0.601596,0.134385,-0.045531,0.000476,-0.008317,-0.000887
4.081727,0.006244,0.211664,0.083122,4.052704,0.005837,0.213054,0.081849,-0.029023,-0.000406,0.001391,-0.001272
4.018952,0.011529,0.203822,0.077942,4.029227,0.009751,0.202215,0.077350,0.010275,-0.001778,-0.001607,-0.000592
2.137309,-0.025788,0.157230,0.032044,2.131058,-0.027492,0.155744,0.032058,-0.006250,-0.001704,-0.001486,0.000014
6.290678,-0.025110,0.577278,0.105043,6.244730,-0.029152,0.581067,0.104676,-0.045949,-0.004042,0.003789,-0.000368
3.008332,-0.001935,0.220859,0.051219,3.025985,-0.002081,0.219768,0.051259,0.017653,-0.000146,-0.001090,0.000040
4.107079,-0.035643,0.371765,0.068753,4.157874,-0.033534,0.371596,0.070200,0.050795,0.002109,-0.000169,0.001447
5.626563,0.011746,0.308613,0.078034,5.499421,0.010329,0.310846,0.078226,-0.127142,-0.001417,0.002233,0.000192
2.581556,-0.014217,0.202527,0.038491,2.493281,-0.013498,0.205728,0.039429,-0.088274,0.000719,0.003201,0.000938
5.734175,-0.038141,0.376340,0.100974,5.681702,-0.034237,0.373512,0.099907,-0.052473,0.003905,-0.002828,-0.001068
3.880441,-0.021806,0.276688,0.059962,3.825945,-0.020755,0.280249,0.059950,-0.054497,0.001051,0.003561,-0.000012
2.194752,-0.016170,0.185381,0.040810,2.174120,-0.016403,0.178724,0.040777,-0.020633,-0.000233,-0.006657,-0.000034
2.835791,-0.013795,0.257670,0.045272,2.840379,-0.012697,0.252902,0.046272,0.004587,0.001098,-0.004768,0.001000
4.384549,0.007116,0.239774,0.071021,4.334417,0.004961,0.242597,0.070403,-0.050131,-0.002154,0.002823,-0.000618
3.629946,-0.011978,0.290289,0.065474,3.647143,-0.013156,0.293373,0.065800,0.017197,-0.001178,0.003084,0.000326
3.863988,0.003659,0.369949,0.065055,3.860281,0.004704,0.382978,0.064706,-0.003707,0.001045,0.013029,-0.000349
2.929305,-0.008660,0.169785,0.052460,2.881799,-0.006105,0.170959,0.052141,-0.047505,0.002555,0.001174,-0.000319
5.474571,0.031904,0.304589,0.114242,5.490436,0.039712,0.303355,0.113198,0.015865,0.007808,-0.001234,-0.001044
6.232655,-0.017918,0.429701,0.101559,6.181646,-0.016686,0.421513,0.101864,-0.051009,0.001232,-0.008188,0.000305
2.328125,-0.037074,0.238845,0.041189,2.317179,-0.036063,0.233528,0.040332,-0.010946,0.001012,-0.005317,-0.000857
3.885234,-0.005981,0.246056,0.075070,3.841689,-0.009282,0.248191,0.073340,-0.043545,-0.003302,0.002134,-0.001730
3.425600,-0.045817,0.315551,0.058416,3.409806,-0.047300,0.317570,0.057677,-0.015795,-0.001483,0.002019,-0.000739
3.574413,0.014849,0.174292,0.070049,3.609598,0.012570,0.177642,0.070059,0.035184,-0.002278,0.003350,0.000011
2.857382,-0.009528,0.163231,0.049941,2.851792,-0.009178,0.162066,0.049498,-0.005590,0.000350,-0.001165,-0.000443
3.076640,-0.004251,0.192618,0.045442,3.091074,-0.004581,0.196862,0.046037,0.014435,-0.000331,0.004244,0.000595
5.491397,-0.009988,0.392595,0.084427,5.374354,-0.009650,0.384187,0.082671,-0.117043,0.000338,-0.008409,-0.001757
1.852472,-0.008884,0.119393,0.027231,1.829126,-0.008663,0.121281,0.026947,-0.023346,0.000221,0.001887,-0.000285
3.674750,-0.025963,0.332756,0.077328,3.717441,-0.025833,0.340805,0.078033,0.042691,0.000130,0.008049,0.000705
3.374501,-0.011515,0.192929,0.057863,3.425015,-0.011089,0.201045,0.057554,0.050514,0.000426,0.008117,-0.000310
2.201137,-0.043538,0.204407,0.036038,2.277390,-0.044537,0.199614,0.035040,0.076253,-0.000999,-0.004793,-0.000999
3.228229,-0.014384,0.172757,0.047051,3.183311,-0.014129,0.175755,0.047678,-0.044918,0.000255,0.002999,0.000627
1.876676,-0.001409,0.092496,0.030486,1.878109,-0.003050,0.087137,0.030038,0.001433,-0.001641,-0.005359,-0.000448
2.279229,-0.058018,0.245514,0.037463,2.397786,-0.061129,0.252251,0.037189,0.118557,-0.003111,0.006737,-0.000274
3.279007,-0.018456,0.289660,0.055175,3.292785,-0.016970,0.290147,0.055508,0.013777,0.001486,0.000487,0.000333
2.186046,-0.014912,0.133039,0.034300,2.134164,-0.016036,0.134765,0.033388,-0.051882,-0.001124,0.001726,-0.000911
4.088808,-0.006100,0.307968,0.071418,4.011310,-0.006678,0.307450,0.070193,-0.077497,-0.000579,-0.000517,-0.001225
6.061501,-0.045567,0.428561,0.095247,6.011341,-0.046975,0.433016,0.095078,-0.050160,-0.001408,0.004455,-0.000169
2.538392,-0.000332,0.127400,0.042152,2.590458,-0.001607,0.133568,0.042795,0.052066,-0.001274,0.006168,0.000644
2.714404,-0.007169,0.192198,0.056419,2.729650,-0.006791,0.194658,0.056480,0.015246,0.000378,0.002460,0.000061
3.277123,0.009852,0.168816,0.058595,3.297961,0.009166,0.172154,0.057683,0.020839,-0.000686,0.003338,-0.000912
4.856511,-0.030701,0.402936,0.082174,4.803662,-0.032759,0.406839,0.082472,-0.052849,-0.002057,0.003904,0.000299
2.556810,-0.014538,0.145223,0.042857,2.602283,-0.015551,0.145102,0.043034,0.045473,-0.001013,-0.000121,0.000177
2.189156,-0.016841,0.169634,0.041746,2.133667,-0.018671,0.170345,0.041208,-0.055489,-0.001829,0.000711,-0.000538
5.131476,-0.025896,0.323496,0.090656,5.109880,-0.022440,0.331583,0.090204,-0.021595,0.003456,0.008087,-0.000452
4.360156,-0.020483,0.190920,0.072227,4.277903,-0.019418,0.192235,0.071239,-0.082253,0.001065,0.001315,-0.000988
4.878686,-0.020457,0.327029,0.080758,4.862828,-0.026482,0.319049,0.079578,-0.015859,-0.006025,-0.007980,-0.001179
2.167835,-0.016494,0.204056,0.033329,2.181482,-0.017291,0.203481,0.033749,0.013647,-0.000797,-0.000575,0.000420
2.256369,-0.021804,0.211730,0.037318,2.214230,-0.023222,0.205512,0.036028,-0.042139,-0.001418,-0.006218,-0.001290
4.995924,0.026719,0.205438,0.082136,4.944389,0.026190,0.197114,0.080790,-0.051535,-0.000529,-0.008324,-0.001346
5.626136,-0.037057,0.508340,0.096226,5.693364,-0.039307,0.510406,0.096469,0.067227,-0.002250,0.002066,0.000243
3.246183,-0.002971,0.180055,0.059759,3.266692,-0.003680,0.186726,0.059672,0.020509,-0.000709,0.006670,-0.000088
2.685704,-0.009465,0.153327,0.045927,2.670417,-0.010582,0.156454,0.045755,-0.015286,-0.001117,0.003127,-0.000171
2.427536,-0.036245,0.242517,0.041879,2.397837,-0.034613,0.237768,0.041184,-0.029698,0.001633,-0.004750,-0.000695
3.884909,-0.016318,0.230938,0.068087,3.868745,-0.014056,0.234671,0.067916,-0.016164,0.002262,0.003732,-0.000171
2.786897,-0.028555,0.198422,0.041888,2.754393,-0.028858,0.200321,0.041466,-0.032504,-0.000303,0.001899,-0.000422
2.394736,-0.026711,0.241180,0.040436,2.376441,-0.026911,0.236078,0.039987,-0.018296,-0.000201,-0.005102,-0.000449
3.447554,0.007079,0.238778,0.071460,3.354070,0.005140,0.237794,0.070803,-0.093485,-0.001939,-0.000983,-0.000657
3.056841,-0.029054,0.340108,0.053492,3.002455,-0.027477,0.338931,0.053857,-0.054386,0.001577,-0.001177,0.000365
4.963581,-0.004836,0.353152,0.097740,5.008440,-0.005261,0.359067,0.098361,0.044859,-0.000426,0.005915,0.000621
5.999908,-0.007778,0.326446,0.119625,5.985819,-0.005137,0.323318,0.118123,-0.014089,0.002641,-0.003128,-0.001502
2.556315,-0.032118,0.287425,0.047393,2.532935,-0.030459,0.283060,0.046836,-0.023380,0.001658,-0.004366,-0.000557
3.978224,-0.018218,0.361124,0.066124,3.966144,-0.018558,0.363603,0.065395,-0.012080,-0.000339,0.002479,-0.000730
2.631211,-0.017174,0.268995,0.044170,2.621873,-0.018565,0.266573,0.044370,-0.009337,-0.001391,-0.002422,0.000200
2.518970,-0.021751,0.151812,0.049812,2.450275,-0.016579,0.148529,0.048645,-0.068695,0.005171,-0.003283,-0.001166
3.279346,-0.001983,0.190471,0.054935,3.323000,-0.001320,0.196378,0.055352,0.043654,0.000663,0.005908,0.000416
6.445841,-0.012134,0.367976,0.103857,6.349922,-0.013810,0.368717,0.103662,-0.095919,-0.001676,0.000740,-0.000195
2.334644,0.001057,0.121408,0.039574,2.331810,0.001117,0.118715,0.039603,-0.002835,0.000060,-0.002693,0.000029
4.062310,0.003857,0.245150,0.080490,4.009298,0.004221,0.248185,0.080057,-0.053012,0.000363,0.003035,-0.000434
4.119679,-0.025200,0.430868,0.073828,4.060637,-0.019184,0.420807,0.072273,-0.059042,0.006016,-0.010060,-0.001554
4.185554,-0.040863,0.329479,0.069871,4.160592,-0.043962,0.339525,0.068900,-0.024962,-0.003099,0.010046,-0.000971
2.960503,-0.022853,0.246258,0.052932,2.949917,-0.019254,0.241011,0.052448,-0.010586,0.003599,-0.005247,-0.000484
3.004265,-0.012034,0.164999,0.049609,3.033785,-0.009678,0.171350,0.049359,0.029520,0.002357,0.006351,-0.000250
5.138681,0.011783,0.301007,0.085427,5.022558,0.010947,0.300164,0.082415,-0.116123,-0.000836,-0.000843,-0.003012
6.538047,0.019574,0.322668,0.123674,6.368747,0.035746,0.323011,0.120246,-0.169300,0.016173,0.000343,-0.003428
3.582191,0.007391,0.205347,0.069546,3.562384,0.008133,0.209517,0.068879,-0.019808,0.000742,0.004170,-0.000667
2.784813,-0.014997,0.199640,0.044670,2.768750,-0.015987,0.207172,0.045360,-0.016063,-0.000990,0.007533,0.000691
4.696841,0.038690,0.221893,0.082629,4.605107,0.040962,0.213924,0.081689,-0.091734,0.002272,-0.007968,-0.000940
3.634211,0.005942,0.369052,0.067349,3.612845,0.004912,0.364571,0.066137,-0.021366,-0.001029,-0.004481,-0.001212
5.464957,-0.039861,0.386489,0.083622,5.446705,-0.037115,0.386957,0.082990,-0.018252,0.002745,0.000467,-0.000632
2.884437,-0.013852,0.308776,0.047904,2.894488,-0.012242,0.310165,0.048024,0.010051,0.001610,0.001389,0.000120
3.303090,-0.009570,0.203877,0.064883,3.240820,-0.007747,0.197263,0.063703,-0.062270,0.001823,-0.006614,-0.001180
3.486231,-0.016300,0.291601,0.062717,3.467898,-0.013059,0.285623,0.062918,-0.018333,0.003241,-0.005978,0.000202
3.885452,-0.041519,0.363956,0.070516,3.902273,-0.042264,0.366480,0.070682,0.016822,-0.000746,0.002523,0.000166
4.276733,-0.012134,0.368846,0.068022,4.284869,-0.014500,0.380531,0.067910,0.008136,-0.002366,0.011685,-0.000112
4.001813,-0.011747,0.360588,0.074980,3.996278,-0.013200,0.357851,0.074314,-0.005536,-0.001453,-0.002737,-0.000666
1.921522,-0.001862,0.081723,0.029486,1.917727,-0.002695,0.079103,0.028379,-0.003795,-0.000833,-0.002620,-0.001107
4.284931,-0.035685,0.393698,0.075019,4.264869,-0.032562,0.401891,0.074382,-0.020061,0.003123,0.008193,-0.000637
5.424710,0.025109,0.238182,0.096704,5.266587,0.032910,0.236867,0.093405,-0.158123,0.007801,-0.001315,-0.003300
2.315648,0.001282,0.139761,0.046352,2.273008,-0.000393,0.138610,0.046063,-0.042640,-0.001675,-0.001152,-0.000289
3.812354,-0.031747,0.322672,0.053879,3.773419,-0.032757,0.323103,0.052925,-0.038935,-0.001011,0.000431,-0.000954
6.208999,-0.030068,0.436038,0.084235,6.079396,-0.030333,0.438766,0.084541,-0.129603,-0.000265,0.002727,0.000306
5.571794,-0.004298,0.245033,0.102725,5.607409,-0.002631,0.253427,0.102289,0.035615,0.001667,0.008393,-0.000436
2.502894,-0.015983,0.205109,0.047770,2.454406,-0.015390,0.204226,0.047398,-0.048488,0.000593,-0.000884,-0.000372
5.402384,-0.007742,0.333618,0.098798,5.368420,-0.009068,0.332265,0.097718,-0.033964,-0.001327,-0.001353,-0.001080
4.262885,-0.027562,0.336865,0.072129,4.239855,-0.024339,0.330842,0.072235,-0.023030,0.003223,-0.006023,0.000106
3.325845,-0.014752,0.238366,0.055760,3.346062,-0.014678,0.242855,0.055950,0.020218,0.000074,0.004488,0.000189
3.907403,-0.022335,0.211073,0.058284,3.887408,-0.019748,0.205018,0.057925,-0.019994,0.002588,-0.006055,-0.000359
4.847580,-0.013755,0.319808,0.078931,4.811559,-0.022566,0.314483,0.077547,-0.036021,-0.008811,-0.005325,-0.001385
2.017008,-0.001261,0.110282,0.037767,2.012092,-0.002445,0.111040,0.037462,-0.004916,-0.001184,0.000758,-0.000306
4.286379,0.010848,0.186004,0.072603,4.309174,0.009413,0.184415,0.072073,0.022795,-0.001435,-0.001589,-0.000529
2.262346,-0.022614,0.258048,0.042331,2.283094,-0.021904,0.250317,0.040974,0.020747,0.000710,-0.007732,-0.001356
5.595802,0.001556,0.333981,0.096186,5.510581,-0.001131,0.337332,0.095580,-0.085221,-0.002687,0.003351,-0.000605
4.815900,0.007297,0.269998,0.080682,4.796313,0.009858,0.266483,0.081146,-0.019587,0.002561,-0.003515,0.000464
4.617195,-0.044052,0.345948,0.075825,4.615596,-0.042984,0.346074,0.075747,-0.001599,0.001067,0.000126,-0.000078
3.949946,0.017472,0.218234,0.081192,3.899540,0.015015,0.213643,0.079222,-0.050406,-0.002457,-0.004591,-0.001970
3.399670,0.013177,0.312669,0.060184,3.395185,0.010728,0.310408,0.059682,-0.004484,-0.002449,-0.002261,-0.000502
1.590408,-0.006364,0.109224,0.026232,1.563735,-0.008369,0.115389,0.025508,-0.026673,-0.002005,0.006165,-0.000723
1.868874,-0.002343,0.091232,0.029977,1.854713,-0.003477,0.088542,0.029283,-0.014161,-0.001133,-0.002690,-0.000695
2.304604,-0.025827,0.140109,0.042556,2.339695,-0.026285,0.141964,0.042030,0.035091,-0.000458,0.001856,-0.000526
3.748999,0.003239,0.339912,0.060300,3.730413,0.002865,0.339998,0.060498,-0.018586,-0.000375,0.000086,0.000197
2.061451,-0.008435,0.163870,0.039500,2.096503,-0.011198,0.162752,0.040143,0.035052,-0.002762,-0.001118,0.000643
6.211125,-0.007537,0.351371,0.103273,6.127971,-0.000114,0.350258,0.100671,-0.083154,0.007423,-0.001112,-0.002602
6.277168,-0.019619,0.483861,0.107522,6.217680,-0.015312,0.486319,0.105996,-0.059488,0.004307,0.002458,-0.001527
4.433493,-0.038540,0.362010,0.071775,4.419703,-0.037540,0.357953,0.071317,-0.013789,0.001000,-0.004057,-0.000459
4.420362,-0.019010,0.293483,0.081554,4.408810,-0.017018,0.294121,0.081033,-0.011552,0.001992,0.000638,-0.000521
4.121675,0.026755,0.165837,0.067512,4.152418,0.020334,0.174303,0.067926,0.030744,-0.006420,0.008466,0.000414
3.369570,-0.017278,0.336479,0.053938,3.367399,-0.018602,0.332483,0.054331,-0.002171,-0.001324,-0.003996,0.000392
4.250571,-0.028777,0.314713,0.072180,4.223642,-0.025960,0.312163,0.071244,-0.026929,0.002816,-0.002550,-0.000937
5.217014,-0.017458,0.407584,0.088963,5.213671,-0.019532,0.400531,0.089197,-0.003343,-0.002074,-0.007053,0.000235
3.351252,-0.010595,0.313934,0.065668,3.321330,-0.011930,0.322448,0.065665,-0.029923,-0.001335,0.008514,-0.000003
5.725060,-0.035659,0.494276,0.093611,5.721488,-0.031675,0.498601,0.094875,-0.003572,0.003983,0.004325,0.001264
5.033411,-0.043846,0.439854,0.072822,5.032337,-0.040859,0.436419,0.074379,-0.001073,0.002987,-0.003435,0.001557
2.547159,-0.027834,0.217679,0.042339,2.480055,-0.028196,0.218121,0.041129,-0.067104,-0.000362,0.000442,-0.001210
2.531267,-0.007684,0.174340,0.053920,2.507629,-0.007301,0.175951,0.052508,-0.023638,0.000383,0.001611,-0.001412
5.022560,-0.025025,0.360984,0.079234,4.974062,-0.025166,0.362959,0.079344,-0.048497,-0.000141,0.001975,0.000110
4.943047,-0.039947,0.403917,0.085475,4.878185,-0.036972,0.404823,0.085284,-0.064861,0.002975,0.000906,-0.000192
1.728277,-0.004458,0.096805,0.029950,1.654857,-0.006247,0.096448,0.030362,-0.073419,-0.001789,-0.000357,0.000412
2.273367,-0.031477,0.244309,0.038459,2.306872,-0.031722,0.247787,0.039452,0.033505,-0.000245,0.003479,0.000993
2.437481,-0.007990,0.153808,0.045576,2.479216,-0.007194,0.158468,0.045249,0.041735,0.000796,0.004661,-0.000326
2.559067,-0.019067,0.248651,0.041217,2.535717,-0.016507,0.244637,0.040264,-0.023350,0.002560,-0.004015,-0.000953
4.110204,-0.008287,0.436180,0.070157,3.997458,-0.010411,0.431067,0.068046,-0.112746,-0.002123,-0.005113,-0.002111
3.447648,0.013371,0.302680,0.062599,3.466758,0.014037,0.310372,0.062927,0.019110,0.000665,0.007692,0.000328
4.123003,-0.031703,0.266187,0.061495,4.107533,-0.030936,0.264266,0.061032,-0.015470,0.000767,-0.001921,-0.000463
2.824664,-0.023491,0.282718,0.052997,2.810039,-0.020944,0.287670,0.053390,-0.014626,0.002548,0.004952,0.000393
5.869922,0.004210,0.403403,0.096983,5.768456,0.003092,0.400586,0.094065,-0.101467,-0.001118,-0.002817,-0.002918
5.943494,-0.018443,0.397038,0.112013,5.842695,-0.022172,0.396003,0.110380,-0.100799,-0.003729,-0.001035,-0.001633
3.417900,0.008679,0.319212,0.052123,3.427768,0.004844,0.321373,0.052704,0.009869,-0.003835,0.002161,0.000581
4.908309,-0.006082,0.263150,0.069872,4.803444,-0.004867,0.269875,0.070146,-0.104865,0.001215,0.006725,0.000273
2.956950,-0.001946,0.146382,0.048102,3.067118,-0.002126,0.155093,0.048921,0.110168,-0.000180,0.008712,0.000819
5.022396,-0.006667,0.413015,0.081333,4.988409,-0.007384,0.417185,0.080520,-0.033987,-0.000717,0.004171,-0.000813
2.214003,-0.016545,0.210862,0.039557,2.188416,-0.017643,0.212594,0.039374,-0.025586,-0.001097,0.001732,-0.000183
6.535332,-0.048005,0.652243,0.115903,6.474879,-0.049630,0.640155,0.113549,-0.060453,-0.001624,-0.012088,-0.002354
2.871814,-0.051317,0.296751,0.050843,2.839218,-0.050300,0.298761,0.050518,-0.032596,0.001017,0.002011,-0.000325
2.324121,-0.001952,0.270518,0.046270,2.306276,-0.003109,0.267333,0.046080,-0.017845,-0.001158,-0.003185,-0.000190
2.976773,0.006578,0.202528,0.046328,3.041945,0.004609,0.199229,0.047091,0.065172,-0.001969,-0.003299,0.000763
5.026933,0.026893,0.223966,0.095745,4.945269,0.029945,0.224891,0.094518,-0.081664,0.003052,0.000925,-0.001227
3.249655,0.001156,0.156690,0.052774,3.307976,0.000634,0.162902,0.052833,0.058321,-0.000522,0.006212,0.000058
3.870898,-0.019179,0.172829,0.063854,3.872023,-0.020610,0.177333,0.063788,0.001125,-0.001431,0.004504,-0.000066
3.210957,-0.001013,0.321246,0.052184,3.264076,-0.000753,0.322331,0.052503,0.053118,0.000260,0.001085,0.000319
6.196375,0.004360,0.350206,0.101649,6.076161,0.000112,0.347949,0.098686,-0.120214,-0.004249,-0.002256,-0.002964
2.136278,-0.018747,0.235815,0.042755,2.134828,-0.016507,0.230413,0.043123,-0.001450,0.002240,-0.005403,0.000368
3.239329,-0.017068,0.263502,0.059133,3.231171,-0.015710,0.256569,0.059168,-0.008157,0.001358,-0.006933,0.000035
3.611355,-0.030581,0.400456,0.063875,3.554483,-0.030003,0.393262,0.063274,-0.056871,0.000578,-0.007194,-0.000601
3.075914,-0.000101,0.243587,0.045016,3.085907,0.000596,0.246161,0.046051,0.009993,0.000698,0.002575,0.001036
3.923774,-0.014385,0.296622,0.070804,3.943388,-0.012823,0.299517,0.070552,0.019613,0.001562,0.002895,-0.000253
4.051219,-0.019905,0.307653,0.068149,4.077730,-0.026449,0.308536,0.068742,0.026511,-0.006544,0.000883,0.000593
2.868052,-0.010318,0.215341,0.048820,2.884772,-0.010699,0.211851,0.049292,0.016719,-0.000381,-0.003489,0.000472
3.251690,0.001441,0.319399,0.061526,3.256549,0.002514,0.326958,0.060957,0.004859,0.001073,0.007560,-0.000569
3.941467,-0.011436,0.305394,0.055867,3.904768,-0.009830,0.315506,0.056474,-0.036698,0.001606,0.010112,0.000607
2.995994,-0.031664,0.305957,0.046194,2.998737,-0.033983,0.306909,0.046662,0.002744,-0.002319,0.000951,0.000468
2.995296,0.005058,0.165137,0.050530,3.043134,0.004790,0.170897,0.051035,0.047838,-0.000268,0.005760,0.000505
2.780836,-0.009823,0.221887,0.039693,2.784061,-0.010367,0.222018,0.039699,0.003225,-0.000543,0.000131,0.000005
2.248356,-0.008874,0.123904,0.042124,2.202760,-0.010881,0.121264,0.040533,-0.045595,-0.002007,-0.002640,-0.001591
4.372220,-0.027314,0.373465,0.078356,4.319666,-0.029808,0.364947,0.078895,-0.052554,-0.002493,-0.008518,0.000538
3.289098,-0.006714,0.276334,0.063037,3.273370,-0.007179,0.272093,0.062860,-0.015728,-0.000465,-0.004240,-0.000177
4.060044,-0.008520,0.164542,0.070834,4.016999,-0.005074,0.167014,0.069204,-0.043045,0.003446,0.002471,-0.001630
3.518969,0.001556,0.132279,0.052604,3.441562,-0.000194,0.135520,0.052431,-0.077406,-0.001750,0.003242,-0.000173
2.539598,-0.058998,0.309792,0.048036,2.572886,-0.058960,0.308088,0.047558,0.033288,0.000038,-0.001704,-0.000477
4.407050,-0.025059,0.438967,0.085737,4.350662,-0.024211,0.426854,0.084703,-0.056388,0.000849,-0.012113,-0.001034
2.674750,-0.016080,0.233656,0.048235,2.683899,-0.015055,0.228303,0.048754,0.009149,0.001026,-0.005353,0.000519
4.303307,-0.038536,0.275366,0.075208,4.326818,-0.036245,0.278135,0.075490,0.023511,0.002292,0.002769,0.000281
4.315463,0.020205,0.507743,0.082007,4.247902,0.016900,0.492518,0.080546,-0.067561,-0.003305,-0.015225,-0.001461
3.422826,-0.004976,0.334072,0.064557,3.387063,-0.002580,0.329567,0.064133,-0.035762,0.002395,-0.004505,-0.000424
5.000335,-0.040540,0.314242,0.088124,4.937078,-0.041205,0.312625,0.087303,-0.063256,-0.000665,-0.001617,-0.000822
5.603460,-0.012630,0.279071,0.101338,5.522932,-0.010156,0.268162,0.100712,-0.080528,0.002474,-0.010909,-0.000627
5.679336,-0.005756,0.400545,0.105688,5.589900,0.001425,0.384544,0.104763,-0.089436,0.007181,-0.016000,-0.000925
3.410940,-0.023955,0.343530,0.061457,3.434222,-0.025976,0.340876,0.061347,0.023282,-0.002021,-0.002655,-0.000110
5.097147,-0.043604,0.468698,0.082541,5.105762,-0.042609,0.477102,0.082360,0.008615,0.000995,0.008404,-0.000181
4.895071,-0.008195,0.223262,0.088377,4.803459,-0.005192,0.216052,0.086858,-0.091612,0.003003,-0.007210,-0.001519
3.294562,-0.032546,0.333812,0.067771,3.371466,-0.033661,0.332000,0.067503,0.076904,-0.001115,-0.001813,-0.000268
4.624939,0.000827,0.284576,0.083513,4.643453,0.000936,0.278534,0.083576,0.018514,0.000109,-0.006043,0.000062
2.251621,-0.014858,0.190039,0.035265,2.219521,-0.014045,0.188477,0.034512,-0.032100,0.000813,-0.001562,-0.000753
2.817849,-0.016081,0.306477,0.056207,2.883924,-0.016263,0.310002,0.056177,0.066075,-0.000182,0.003525,-0.000031
4.617095,-0.061002,0.458050,0.084146,4.692958,-0.064899,0.462897,0.084357,0.075863,-0.003897,0.004847,0.000211
3.377441,-0.000393,0.169948,0.056926,3.408612,-0.000456,0.177430,0.056552,0.031171,-0.000062,0.007481,-0.000375
1.701070,-0.005138,0.086191,0.026015,1.658115,-0.004481,0.078388,0.025167,-0.042955,0.000657,-0.007803,-0.000848
3.575934,-0.003343,0.415236,0.065775,3.615674,-0.004959,0.410795,0.066462,0.039740,-0.001616,-0.004441,0.000687
5.572383,-0.033792,0.628589,0.113439,5.598143,-0.033803,0.620986,0.110283,0.025759,-0.000012,-0.007603,-0.003155
2.794034,-0.013220,0.226106,0.041019,2.802541,-0.014414,0.226366,0.040669,0.008507,-0.001193,0.000259,-0.000349
4.793374,-0.032664,0.368198,0.083323,4.711366,-0.030491,0.365892,0.082079,-0.082008,0.002173,-0.002307,-0.001243
4.747456,-0.021942,0.346037,0.066750,4.675523,-0.021544,0.346880,0.066617,-0.071933,0.000398,0.000843,-0.000132
5.486238,-0.037423,0.344293,0.093097,5.455863,-0.034062,0.347772,0.093189,-0.030375,0.003361,0.003478,0.000092
5.092647,-0.020087,0.360081,0.082277,5.113250,-0.022589,0.364856,0.082070,0.020603,-0.002501,0.004775,-0.000208
2.572429,-0.002496,0.183709,0.044064,2.519898,-0.002796,0.179797,0.042804,-0.052531,-0.000300,-0.003912,-0.001260
3.376929,0.003981,0.213308,0.062489,3.343654,0.003583,0.214605,0.062441,-0.033275,-0.000398,0.001297,-0.000049
2.497496,-0.001249,0.197916,0.036533,2.456608,-0.002259,0.195541,0.036484,-0.040888,-0.001009,-0.002375,-0.000049
4.893672,-0.002457,0.224233,0.080353,4.780747,-0.002080,0.234876,0.078758,-0.112925,0.000377,0.010643,-0.001595
2.495100,-0.010337,0.133764,0.044673,2.503781,-0.011669,0.129466,0.045227,0.008681,-0.001332,-0.004298,0.000554
6.098955,-0.031977,0.517231,0.105232,6.038299,-0.029627,0.497195,0.105053,-0.060656,0.002350,-0.020036,-0.000178
2.911149,-0.002880,0.211312,0.040865,2.866377,-0.004664,0.213096,0.040361,-0.044772,-0.001784,0.001784,-0.000505
2.743915,-0.025815,0.205654,0.042635,2.759153,-0.027005,0.208522,0.043249,0.015238,-0.001190,0.002868,0.000613
4.678637,0.012358,0.204122,0.082148,4.705360,0.012231,0.213955,0.081556,0.026724,-0.000127,0.009832,-0.000592
3.337747,0.005706,0.299760,0.053428,3.372945,0.003567,0.302651,0.054377,0.035197,-0.002139,0.002891,0.000949
2.312372,-0.031384,0.252218,0.037524,2.342818,-0.032059,0.244545,0.037474,0.030446,-0.000674,-0.007673,-0.000050
3.948751,-0.015650,0.238152,0.075357,3.930547,-0.010872,0.242748,0.074550,-0.018204,0.004778,0.004596,-0.000808
3.366559,-0.000101,0.169872,0.057598,3.431079,-0.002316,0.176520,0.057135,0.064520,-0.002216,0.006648,-0.000463
5.389772,-0.006289,0.504708,0.098007,5.392821,-0.007627,0.512910,0.098504,0.003048,-0.001338,0.008203,0.000497
5.565714,0.014024,0.327188,0.097339,5.530503,0.011471,0.327683,0.095655,-0.035211,-0.002554,0.000495,-0.001684
5.414097,0.016516,0.314046,0.094439,5.376492,0.018043,0.319030,0.093599,-0.037606,0.001527,0.004984,-0.000840
4.418686,-0.043684,0.311320,0.082224,4.380237,-0.043638,0.310639,0.081423,-0.038450,0.000046,-0.000681,-0.000801
2.204809,-0.018912,0.132681,0.030103,2.201501,-0.018850,0.131026,0.029627,-0.003309,0.000062,-0.001656,-0.000476
4.360351,0.000478,0.164617,0.069757,4.400904,0.001366,0.169495,0.069089,0.040553,0.000888,0.004878,-0.000668
5.493139,-0.026282,0.342102,0.094361,5.453269,-0.028429,0.341014,0.094236,-0.039870,-0.002147,-0.001088,-0.000125
5.724551,-0.005651,0.541020,0.115071,5.703319,-0.001917,0.525173,0.113305,-0.021232,0.003734,-0.015847,-0.001765
2.135522,-0.023433,0.130845,0.037139,2.150802,-0.022733,0.127722,0.037463,0.015280,0.000701,-0.003123,0.000325
3.156969,-0.016569,0.251532,0.055199,3.130348,-0.020651,0.250166,0.054896,-0.026621,-0.004082,-0.001365,-0.000303
3.865728,-0.004260,0.412894,0.065949,3.897352,-0.004216,0.412926,0.065695,0.031624,0.000044,0.000032,-0.000254
6.440134,-0.011151,0.363307,0.105844,6.443058,-0.010658,0.369006,0.106711,0.002924,0.000493,0.005700,0.000866
3.329607,-0.003757,0.295893,0.054500,3.323755,-0.003167,0.297080,0.054338,-0.005852,0.000590,0.001187,-0.000162
2.471341,0.000337,0.194812,0.037338,2.453091,0.000190,0.194228,0.037424,-0.018250,-0.000147,-0.000584,0.000086
4.451234,-0.030658,0.272174,0.078275,4.411221,-0.027076,0.273863,0.077645,-0.040013,0.003581,0.001689,-0.000630
4.565581,-0.005335,0.377382,0.082596,4.499701,-0.003175,0.387656,0.082254,-0.065880,0.002160,0.010274,-0.000342
5.535218,-0.020639,0.587988,0.109005,5.487290,-0.019442,0.579495,0.108143,-0.047927,0.001196,-0.008493,-0.000862
7.194677,-0.033601,0.677784,0.125966,7.162327,-0.032471,0.678695,0.123989,-0.032350,0.001130,0.000912,-0.001977
3.500936,0.013611,0.251096,0.047550,3.518746,0.012291,0.251431,0.048489,0.017810,-0.001320,0.000335,0.000939
3.180055,0.014331,0.303851,0.055961,3.270296,0.015675,0.307536,0.057134,0.090242,0.001344,0.003685,0.001173
2.720985,-0.016344,0.159348,0.046727,2.740990,-0.015348,0.161534,0.046186,0.020005,0.000996,0.002186,-0.000541
4.799735,0.004956,0.359311,0.086956,4.850645,0.007239,0.349205,0.087439,0.050910,0.002283,-0.010106,0.000483
5.058492,-0.016619,0.390459,0.092549,5.085572,-0.014257,0.391351,0.094217,0.027081,0.002362,0.000892,0.001668
2.417521,-0.010588,0.263444,0.045026,2.446710,-0.010896,0.257973,0.044455,0.029189,-0.000308,-0.005471,-0.000571
5.790776,0.026990,0.309396,0.105544,5.755272,0.030304,0.297249,0.105830,-0.035504,0.003314,-0.012147,0.000286
6.464942,-0.002084,0.571737,0.109778,6.495099,-0.004261,0.567003,0.109701,0.030157,-0.002177,-0.004734,-0.000076
4.340464,-0.020240,0.286528,0.079183,4.290007,-0.017639,0.293229,0.078625,-0.050457,0.002601,0.006701,-0.000558
3.011062,-0.025177,0.297139,0.046464,3.060165,-0.025318,0.292732,0.047288,0.049103,-0.000141,-0.004407,0.000824
4.544542,0.036223,0.252507,0.096082,4.647178,0.032855,0.260514,0.096335,0.102635,-0.003368,0.008006,0.000253
4.358088,-0.054804,0.384116,0.078795,4.378943,-0.058325,0.387107,0.078853,0.020855,-0.003522,0.002990,0.000058
5.789217,-0.035529,0.449488,0.096580,5.739714,-0.034030,0.447102,0.096017,-0.049502,0.001499,-0.002386,-0.000564
3.913556,-0.023681,0.229858,0.067824,3.874831,-0.021507,0.237323,0.067840,-0.038726,0.002174,0.007466,0.000016
3.138024,-0.002152,0.148706,0.047983,3.193114,-0.002844,0.155140,0.048185,0.055090,-0.000691,0.006434,0.000202
3.552431,-0.032788,0.311345,0.058671,3.603509,-0.031426,0.312850,0.059050,0.051079,0.001362,0.001505,0.000379
3.761078,-0.010926,0.140107,0.058150,3.823871,-0.010353,0.143496,0.058402,0.062793,0.000573,0.003389,0.000252
5.607357,0.002217,0.243041,0.102878,5.584075,0.006339,0.250238,0.102015,-0.023281,0.004123,0.007197,-0.000863
5.501210,0.011175,0.339330,0.099087,5.442522,0.013192,0.331132,0.097591,-0.058688,0.002017,-0.008198,-0.001496
3.578246,-0.012425,0.395485,0.066421,3.534188,-0.011600,0.399461,0.065932,-0.044058,0.000824,0.003976,-0.000489
2.650517,-0.000909,0.156617,0.052183,2.599365,-0.002144,0.157535,0.051746,-0.051152,-0.001235,0.000918,-0.000438
4.923306,-0.020373,0.317645,0.069912,4.890601,-0.021217,0.318500,0.070563,-0.032705,-0.000844,0.000856,0.000651
5.922176,0.012500,0.574035,0.108491,6.017033,0.008590,0.568912,0.108797,0.094857,-0.003910,-0.005123,0.000305
5.345463,-0.007765,0.228892,0.091048,5.358489,-0.007420,0.241537,0.091885,0.013026,0.000345,0.012644,0.000837
6.549223,-0.006823,0.465321,0.109817,6.536837,-0.010782,0.474222,0.109334,-0.012386,-0.003959,0.008901,-0.000483
7.040316,0.017501,0.335680,0.136779,6.959348,0.016796,0.333064,0.135633,-0.080967,-0.000705,-0.002617,-0.001146
3.096653,-0.009075,0.257879,0.057150,3.123037,-0.009992,0.259627,0.057828,0.026384,-0.000916,0.001748,0.000677
2.294494,-0.012877,0.177030,0.037611,2.237645,-0.011279,0.180757,0.037411,-0.056848,0.001598,0.003726,-0.000200
4.990346,-0.042599,0.364697,0.089180,4.985474,-0.035501,0.363896,0.090041,-0.004872,0.007098,-0.000801,0.000861
4.718883,0.004332,0.313036,0.070147,4.647904,0.003025,0.311870,0.069764,-0.070978,-0.001307,-0.001166,-0.000383
2.913829,-0.013594,0.299190,0.054350,2.934955,-0.014205,0.298572,0.054300,0.021126,-0.000611,-0.000617,-0.000050
3.046125,-0.002606,0.270815,0.050302,3.021049,-0.007541,0.266438,0.049794,-0.025076,-0.004935,-0.004377,-0.000507
3.685660,-0.021475,0.245595,0.068075,3.637912,-0.023150,0.245885,0.067733,-0.047748,-0.001675,0.000291,-0.000341
5.484928,-0.057359,0.513609,0.091349,5.525501,-0.053027,0.505504,0.091832,0.040574,0.004333,-0.008105,0.000484
3.876630,-0.016516,0.360931,0.073004,3.897466,-0.014249,0.357494,0.072337,0.020837,0.002267,-0.003437,-0.000667
2.504793,0.003916,0.217211,0.044812,2.505785,0.001594,0.217778,0.044060,0.000993,-0.002322,0.000567,-0.000752
7.240768,-0.023390,0.574374,0.133745,7.128426,-0.018556,0.571000,0.131668,-0.112342,0.004834,-0.003374,-0.002077
3.353189,0.001955,0.271579,0.048499,3.341865,-0.000011,0.281539,0.049118,-0.011323,-0.001965,0.009961,0.000619
3.407089,-0.002079,0.196974,0.061353,3.368837,-0.002825,0.195895,0.060108,-0.038252,-0.000746,-0.001078,-0.001245
2.384477,-0.004044,0.116756,0.037940,2.412928,-0.004493,0.120423,0.037640,0.028451,-0.000450,0.003667,-0.000300
3.413141,-0.013635,0.197866,0.058377,3.486274,-0.013780,0.205888,0.059428,0.073133,-0.000145,0.008022,0.001051
3.840958,-0.000488,0.270654,0.068544,3.791294,-0.000466,0.271544,0.067658,-0.049664,0.000022,0.000890,-0.000886
3.554872,-0.020529,0.380906,0.062398,3.538950,-0.020494,0.374391,0.062499,-0.015921,0.000035,-0.006514,0.000101
6.124336,-0.042764,0.558203,0.099898,6.153070,-0.036258,0.543277,0.101020,0.028734,0.006506,-0.014926,0.001122
5.820287,-0.015446,0.519863,0.090539,5.813956,-0.015311,0.510395,0.090135,-0.006331,0.000135,-0.009468,-0.000404
6.098150,-0.027793,0.384744,0.105726,5.987092,-0.029471,0.384201,0.104731,-0.111058,-0.001679,-0.000543,-0.000995
2.071254,-0.025372,0.203799,0.037697,2.051740,-0.024567,0.204067,0.037810,-0.019514,0.000805,0.000268,0.000113
2.055454,-0.004787,0.194672,0.036345,2.073354,-0.001822,0.190247,0.036115,0.017899,0.002965,-0.004425,-0.000230
2.030470,-0.002746,0.160431,0.034042,2.034359,-0.003514,0.161997,0.034037,0.003888,-0.000769,0.001566,-0.000005
2.914572,0.000509,0.140195,0.044576,2.979103,0.000268,0.150172,0.045727,0.064531,-0.000241,0.009978,0.001151
2.176196,-0.034901,0.159093,0.034046,2.126367,-0.035753,0.156709,0.032489,-0.049829,-0.000852,-0.002384,-0.001557
5.520739,-0.017147,0.329607,0.097141,5.490237,-0.019113,0.338433,0.097230,-0.030502,-0.001966,0.008827,0.000089
5.851231,-0.020555,0.444119,0.102208,5.778818,-0.016455,0.445321,0.100864,-0.072412,0.004100,0.001202,-0.001344
4.860626,0.011911,0.209799,0.084454,4.801318,0.011354,0.206398,0.084353,-0.059308,-0.000558,-0.003400,-0.000102
2.790818,-0.015672,0.250800,0.048665,2.793578,-0.016820,0.254472,0.048230,0.002759,-0.001148,0.003672,-0.000435
3.406846,-0.000055,0.308773,0.056211,3.440628,-0.002144,0.297387,0.055643,0.033782,-0.002089,-0.011386,-0.000568
3.951986,-0.006045,0.186782,0.067124,3.959172,-0.005334,0.187748,0.066600,0.007185,0.000711,0.000967,-0.000524
4.237980,-0.002963,0.255923,0.083500,4.173243,-0.003274,0.257178,0.082181,-0.064737,-0.000312,0.001255,-0.001318
2.522951,-0.036280,0.237351,0.040258,2.531342,-0.038162,0.233310,0.039983,0.008391,-0.001882,-0.004042,-0.000276
5.836527,0.000826,0.360860,0.095571,5.703617,-0.001424,0.354112,0.093777,-0.132910,-0.002250,-0.006748,-0.001794
4.151440,-0.012439,0.244734,0.073985,4.088328,-0.010437,0.249813,0.073302,-0.063112,0.002002,0.005079,-0.000683
4.070735,-0.003050,0.166904,0.067233,4.014964,-0.004407,0.163765,0.066416,-0.055772,-0.001357,-0.003140,-0.000817
2.788059,-0.014893,0.219099,0.049353,2.780196,-0.013733,0.216029,0.048552,-0.007863,0.001159,-0.003070,-0.000802
2.046750,-0.024030,0.198501,0.036903,2.029182,-0.022028,0.201786,0.037450,-0.017567,0.002002,0.003286,0.000547
1.982258,-0.004275,0.082144,0.030708,1.893947,-0.001825,0.075833,0.029151,-0.088311,0.002451,-0.006311,-0.001557
6.968110,-0.005504,0.517720,0.121755,6.813675,-0.006218,0.510687,0.118580,-0.154435,-0.000714,-0.007033,-0.003175
3.795935,-0.012882,0.236084,0.069377,3.791168,-0.009236,0.235240,0.069433,-0.004767,0.003646,-0.000844,0.000056
5.838164,-0.032326,0.346903,0.097908,5.738708,-0.031741,0.346304,0.097327,-0.099457,0.000585,-0.000598,-0.000582
3.512629,-0.005014,0.359193,0.064590,3.517296,-0.005300,0.362773,0.065143,0.004667,-0.000285,0.003580,0.000552
3.341657,-0.003686,0.204304,0.059576,3.357625,-0.005571,0.201953,0.059220,0.015968,-0.001885,-0.002351,-0.000356
3.750334,-0.005321,0.291701,0.061745,3.831356,-0.006677,0.295454,0.062408,0.081022,-0.001355,0.003754,0.000664
3.673092,-0.014161,0.209234,0.066218,3.705094,-0.013043,0.211175,0.065472,0.032002,0.001117,0.001942,-0.000745
2.204989,-0.018612,0.201528,0.036624,2.180743,-0.016283,0.198273,0.036566,-0.024246,0.002329,-0.003255,-0.000059
3.563742,-0.003265,0.147671,0.061502,3.601091,-0.004695,0.154048,0.061353,0.037349,-0.001429,0.006377,-0.000149
4.963330,-0.013793,0.282312,0.084039,4.931106,-0.020118,0.283757,0.083833,-0.032224,-0.006325,0.001446,-0.000206
2.653682,-0.001839,0.233430,0.040962,2.615348,-0.004129,0.229662,0.041392,-0.038334,-0.002290,-0.003768,0.000431
3.574511,-0.012022,0.282438,0.063312,3.562422,-0.014797,0.287300,0.063540,-0.012089,-0.002775,0.004862,0.000228
4.676493,-0.013121,0.464954,0.094944,4.671313,-0.012401,0.466741,0.092068,-0.005180,0.000720,0.001787,-0.002876
4.061350,-0.044848,0.263042,0.067496,4.046556,-0.038822,0.258846,0.066383,-0.014794,0.006026,-0.004196,-0.001113
6.271215,-0.000464,0.297274,0.113051,6.146889,0.001619,0.296126,0.111207,-0.124326,0.002083,-0.001148,-0.001844
5.428535,-0.036556,0.501933,0.091382,5.401614,-0.036164,0.494846,0.092257,-0.026922,0.000392,-0.007087,0.000875
7.255662,-0.010574,0.472061,0.136418,7.217181,-0.009407,0.470761,0.136154,-0.038481,0.001167,-0.001300,-0.000264
2.172296,-0.015528,0.148475,0.045196,2.091315,-0.013687,0.148680,0.044603,-0.080981,0.001841,0.000205,-0.000593
2.300824,-0.017500,0.228858,0.043245,2.300472,-0.015633,0.223613,0.042442,-0.000352,0.001866,-0.005245,-0.000804
6.003675,-0.009330,0.346238,0.099885,5.948796,-0.013407,0.346597,0.099753,-0.054880,-0.004077,0.000359,-0.000132
2.466144,-0.020021,0.188605,0.031480,2.407399,-0.022141,0.189419,0.030601,-0.058744,-0.002120,0.000814,-0.000880
4.705638,-0.013940,0.260719,0.068719,4.710861,-0.012651,0.254275,0.069679,0.005223,0.001289,-0.006445,0.000959
2.261290,-0.019984,0.193431,0.042494,2.282193,-0.020489,0.186971,0.042582,0.020903,-0.000504,-0.006460,0.000088
2.113858,-0.022006,0.139240,0.031463,2.132231,-0.020417,0.138095,0.030921,0.018372,0.001589,-0.001145,-0.000542
4.119806,-0.000960,0.268966,0.083471,4.094020,0.001338,0.276652,0.082194,-0.025786,0.002298,0.007686,-0.001277
2.085135,-0.022354,0.167086,0.034788,2.101821,-0.022124,0.165910,0.035984,0.016686,0.000229,-0.001176,0.001196
6.328418,0.058623,0.322231,0.119070,6.227825,0.043945,0.322573,0.119142,-0.100593,-0.014678,0.000343,0.000072
2.734555,-0.008080,0.186752,0.043341,2.682861,-0.009127,0.184428,0.042696,-0.051694,-0.001046,-0.002324,-0.000646
5.977000,-0.007084,0.495332,0.099582,5.875477,-0.007572,0.492794,0.097864,-0.101522,-0.000488,-0.002538,-0.001717
3.217649,0.005254,0.285675,0.054841,3.229558,0.004546,0.280917,0.054352,0.011909,-0.000708,-0.004759,-0.000489
6.232658,-0.001818,0.427826,0.114814,6.253420,0.000978,0.421801,0.115894,0.020761,0.002795,-0.006025,0.001080
5.562850,-0.044692,0.508582,0.092944,5.603255,-0.046655,0.510129,0.093688,0.040404,-0.001962,0.001547,0.000744
3.956798,-0.005112,0.260711,0.057489,3.954759,-0.003829,0.268639,0.058810,-0.002039,0.001283,0.007928,0.001321
3.040168,-0.003446,0.233441,0.046781,3.045058,-0.000655,0.233135,0.047259,0.004891,0.002791,-0.000306,0.000478
4.427439,0.005683,0.244578,0.072568,4.370997,0.004807,0.245699,0.071438,-0.056442,-0.000876,0.001121,-0.001130
2.106489,-0.022389,0.127627,0.035907,2.117773,-0.021302,0.124113,0.035714,0.011284,0.001087,-0.003514,-0.000193
3.134667,-0.006323,0.245366,0.046522,3.161683,-0.005399,0.250290,0.046887,0.027016,0.000924,0.004924,0.000366
2.813245,0.000322,0.298625,0.056981,2.878546,-0.003416,0.297718,0.057162,0.065301,-0.003738,-0.000907,0.000180
2.105294,-0.009691,0.107919,0.036111,2.054462,-0.008101,0.109621,0.035300,-0.050832,0.001590,0.001703,-0.000811
6.510235,-0.039984,0.591399,0.108738,6.597823,-0.043218,0.601445,0.109274,0.087587,-0.003235,0.010046,0.000536
2.349337,0.000760,0.117370,0.037153,2.339597,-0.000399,0.118513,0.036930,-0.009740,-0.001159,0.001144,-0.000223
4.425664,0.006618,0.222202,0.083348,4.450266,0.005813,0.219931,0.083024,0.024601,-0.000805,-0.002271,-0.000324
4.064935,0.004735,0.203035,0.077692,4.067644,0.007839,0.210437,0.076995,0.002709,0.003104,0.007402,-0.000697
6.064727,0.013516,0.292349,0.117632,6.075603,0.011565,0.300529,0.117144,0.010875,-0.001951,0.008180,-0.000488
3.126770,0.005819,0.245339,0.048296,3.135811,0.004452,0.246573,0.048778,0.009041,-0.001366,0.001234,0.000482
4.968823,-0.011875,0.276706,0.092276,4.944505,-0.003465,0.283406,0.090110,-0.024318,0.008410,0.006700,-0.002166
5.077207,-0.002753,0.445457,0.080756,4.991749,-0.004920,0.437527,0.078635,-0.085457,-0.002167,-0.007930,-0.002121
5.906417,-0.028379,0.527563,0.112545,5.871152,-0.027134,0.512534,0.111539,-0.035265,0.001246,-0.015030,-0.001006
2.052418,-0.003089,0.143405,0.033591,2.039730,-0.004072,0.146211,0.033133,-0.012688,-0.000983,0.002805,-0.000458
3.731243,-0.019211,0.254263,0.055982,3.760065,-0.019910,0.254909,0.056695,0.028822,-0.000699,0.000646,0.000713
3.791496,-0.006567,0.219947,0.070155,3.831053,-0.002871,0.227088,0.069617,0.039557,0.003696,0.007140,-0.000539
5.183912,-0.009908,0.421225,0.085095,5.167019,-0.009658,0.420308,0.085329,-0.016893,0.000250,-0.000916,0.000234
3.855675,-0.014743,0.265264,0.052890,3.827322,-0.016529,0.266633,0.053026,-0.028352,-0.001785,0.001368,0.000136
2.024344,-0.017114,0.140881,0.031453,2.001971,-0.015381,0.145837,0.031519,-0.022374,0.001733,0.004956,0.000066
2.258135,-0.020164,0.222920,0.042334,2.281953,-0.020976,0.224864,0.042675,0.023818,-0.000812,0.001944,0.000341
7.058876,0.022401,0.500394,0.137620,7.080431,0.003108,0.482611,0.136299,0.021555,-0.019293,-0.017783,-0.001322
5.449200,-0.026243,0.569211,0.108552,5.480680,-0.032319,0.583147,0.107941,0.031480,-0.006076,0.013937,-0.000611
2.195767,-0.021531,0.192979,0.039024,2.220727,-0.021311,0.197416,0.038735,0.024960,0.000220,0.004437,-0.000289
5.535782,-0.015586,0.398609,0.092764,5.487651,-0.018265,0.402938,0.092062,-0.048131,-0.002678,0.004329,-0.000702
4.658779,-0.008726,0.393779,0.094551,4.598358,-0.008488,0.392535,0.092052,-0.060421,0.000238,-0.001245,-0.002499
5.149302,0.005377,0.271504,0.081393,5.144074,0.005777,0.271548,0.081645,-0.005228,0.000400,0.000044,0.000252
2.681098,-0.031436,0.249678,0.047424,2.653634,-0.032279,0.245769,0.045792,-0.027464,-0.000843,-0.003909,-0.001632
4.047161,-0.029363,0.304798,0.070050,4.005723,-0.026762,0.307683,0.069843,-0.041438,0.002601,0.002885,-0.000207
4.569433,-0.021353,0.371472,0.073517,4.629667,-0.022723,0.371365,0.074025,0.060234,-0.001369,-0.000107,0.000508
5.949119,0.000486,0.571285,0.106695,5.845613,-0.002882,0.568040,0.106767,-0.103506,-0.003367,-0.003245,0.000072
2.104797,-0.032646,0.245804,0.038759,2.106126,-0.031352,0.242938,0.039046,0.001329,0.001294,-0.002866,0.000287
2.619989,-0.005564,0.145015,0.046291,2.606220,-0.005598,0.145332,0.045842,-0.013770,-0.000034,0.000316,-0.000449
4.359789,-0.002274,0.330040,0.070453,4.336309,-0.004089,0.324997,0.070208,-0.023480,-0.001815,-0.005044,-0.000245
2.152595,-0.022334,0.192040,0.035402,2.118955,-0.021070,0.191013,0.035873,-0.033640,0.001264,-0.001026,0.000471
4.482564,-0.005266,0.272404,0.061254,4.418371,-0.007865,0.272844,0.062206,-0.064193,-0.002599,0.000440,0.000953
4.854662,-0.002209,0.279762,0.082933,4.804565,-0.001593,0.277190,0.081050,-0.050097,0.000616,-0.002571,-0.001883
5.380869,-0.026164,0.425451,0.092758,5.392775,-0.022612,0.423375,0.092939,0.011906,0.003552,-0.002076,0.000181
2.733536,-0.001981,0.254342,0.045524,2.801768,-0.002573,0.250450,0.045558,0.068231,-0.000592,-0.003891,0.000034
3.609938,-0.013071,0.211303,0.060543,3.615261,-0.013007,0.214178,0.059464,0.005322,0.000064,0.002875,-0.001079
2.753454,-0.012860,0.234128,0.050253,2.767068,-0.012532,0.233470,0.050595,0.013614,0.000328,-0.000658,0.000342
5.704758,-0.013825,0.575595,0.109805,5.728434,-0.016070,0.576783,0.109445,0.023676,-0.002245,0.001189,-0.000359
1.929095,-0.015491,0.136644,0.031351,1.922687,-0.015149,0.137132,0.031291,-0.006407,0.000342,0.000488,-0.000059
4.896545,-0.032149,0.483301,0.084726,4.865555,-0.029958,0.485576,0.084515,-0.030990,0.002191,0.002275,-0.000211
4.472534,-0.003666,0.183049,0.071269,4.489038,-0.001141,0.183023,0.071293,0.016504,0.002525,-0.000026,0.000024
3.310737,0.001340,0.246796,0.058500,3.317071,-0.002469,0.247073,0.058582,0.006334,-0.003809,0.000277,0.000082
2.085473,-0.021109,0.179723,0.037768,2.088777,-0.019535,0.171273,0.037927,0.003304,0.001575,-0.008450,0.000159
2.028210,-0.007126,0.108849,0.036952,2.023643,-0.006643,0.108690,0.036554,-0.004567,0.000483,-0.000159,-0.000398
2.656165,-0.002070,0.142589,0.047597,2.614778,-0.002184,0.141909,0.046370,-0.041387,-0.000114,-0.000680,-0.001227
2.757759,-0.012177,0.156736,0.050306,2.744977,-0.011053,0.159846,0.049376,-0.012782,0.001125,0.003111,-0.000930
4.863660,-0.046775,0.442534,0.088680,4.843750,-0.047331,0.446914,0.088139,-0.019910,-0.000555,0.004379,-0.000541
4.634708,0.012793,0.216837,0.082832,4.647966,0.015188,0.214115,0.083485,0.013258,0.002394,-0.002722,0.000653
2.259210,-0.012082,0.160371,0.034737,2.217809,-0.012207,0.163339,0.033795,-0.041402,-0.000125,0.002968,-0.000942
5.707343,0.002635,0.387052,0.101055,5.574318,0.001083,0.375980,0.099929,-0.133025,-0.001552,-0.011072,-0.001126
3.498151,0.000884,0.358568,0.059037,3.514815,0.000052,0.350675,0.059096,0.016664,-0.000831,-0.007893,0.000060
2.246273,-0.013134,0.240619,0.045986,2.280168,-0.013820,0.243160,0.045649,0.033895,-0.000686,0.002540,-0.000336
4.170792,-0.007716,0.416876,0.078166,4.118286,-0.004012,0.423876,0.076818,-0.052506,0.003704,0.007000,-0.001347
1.920618,-0.013665,0.119976,0.029110,1.905263,-0.013728,0.122131,0.028111,-0.015355,-0.000062,0.002156,-0.000999
1.875991,-0.016214,0.216249,0.037068,1.853156,-0.014721,0.208982,0.037205,-0.022835,0.001493,-0.007267,0.000138
5.800058,0.004877,0.373602,0.086824,5.747670,0.005669,0.375559,0.085360,-0.052389,0.000791,0.001957,-0.001464
4.389806,-0.002736,0.287009,0.083068,4.420306,-0.000006,0.289483,0.082094,0.030500,0.002730,0.002474,-0.000974
4.850551,0.020207,0.263571,0.089498,4.866150,0.020595,0.256420,0.089993,0.015599,0.000388,-0.007151,0.000495
4.212113,-0.032880,0.301996,0.067022,4.156400,-0.029985,0.304254,0.066803,-0.055713,0.002896,0.002258,-0.000219
6.363709,-0.005547,0.282860,0.111696,6.295856,-0.007164,0.289998,0.111255,-0.067853,-0.001617,0.007138,-0.000440
2.661982,-0.004579,0.184116,0.054074,2.650314,-0.008089,0.178845,0.052946,-0.011668,-0.003510,-0.005271,-0.001129
3.232276,-0.001247,0.317790,0.055413,3.238662,-0.006233,0.321698,0.055213,0.006385,-0.004986,0.003908,-0.000200
3.804107,-0.019001,0.370170,0.065229,3.779885,-0.019938,0.378335,0.065157,-0.024221,-0.000937,0.008166,-0.000072
5.641607,0.001104,0.452468,0.103742,5.654452,-0.002027,0.469397,0.104600,0.012845,-0.003131,0.016929,0.000857
7.334089,-0.020254,0.612622,0.114497,7.277279,-0.018525,0.597868,0.114488,-0.056810,0.001729,-0.014754,-0.000009
3.451364,-0.017188,0.239997,0.067464,3.498682,-0.017917,0.241229,0.066861,0.047318,-0.000728,0.001232,-0.000603
5.009825,0.029099,0.223550,0.094289,4.981941,0.025231,0.223148,0.093592,-0.027884,-0.003869,-0.000402,-0.000697
4.269974,-0.014875,0.286426,0.085137,4.298956,-0.015232,0.285841,0.084289,0.028983,-0.000357,-0.000585,-0.000848
3.202113,0.004987,0.247720,0.057861,3.212681,0.004280,0.239535,0.057684,0.010567,-0.000707,-0.008185,-0.000177
2.449130,-0.015017,0.263315,0.045319,2.490925,-0.017121,0.266067,0.045710,0.041795,-0.002104,0.002752,0.000391
3.774900,0.007406,0.231102,0.072368,3.722345,0.002529,0.234424,0.072214,-0.052555,-0.004877,0.003322,-0.000154
1.870644,-0.018936,0.224682,0.038360,1.892395,-0.018230,0.221073,0.038596,0.021751,0.000706,-0.003608,0.000236
6.555298,-0.030764,0.530450,0.096670,6.452644,-0.033218,0.538230,0.095332,-0.102654,-0.002453,0.007780,-0.001338
4.747221,-0.000143,0.354891,0.086295,4.760774,0.000730,0.346256,0.086675,0.013553,0.000873,-0.008635,0.000380
4.794624,-0.031515,0.412383,0.085395,4.751125,-0.032478,0.411460,0.085607,-0.043499,-0.000963,-0.000923,0.000212
3.676329,-0.020321,0.222728,0.067450,3.748865,-0.014869,0.232948,0.067472,0.072536,0.005452,0.010219,0.000022
4.916571,0.026896,0.198891,0.078114,4.804790,0.025241,0.200286,0.076600,-0.111781,-0.001655,0.001395,-0.001514
5.940957,-0.028734,0.421539,0.115189,5.920386,-0.030350,0.420434,0.113864,-0.020571,-0.001616,-0.001105,-0.001325
4.871784,-0.019757,0.208718,0.075095,4.827539,-0.019101,0.211138,0.074449,-0.044245,0.000657,0.002420,-0.000646
4.500777,-0.066104,0.448625,0.079017,4.504828,-0.066344,0.456875,0.080558,0.004051,-0.000240,0.008251,0.001541
4.831833,-0.017580,0.326284,0.085722,4.781696,-0.017847,0.327684,0.085547,-0.050137,-0.000267,0.001400,-0.000175
4.905774,-0.017069,0.282327,0.078461,4.893571,-0.017288,0.296710,0.080208,-0.012203,-0.000219,0.014383,0.001747
6.631918,-0.001490,0.572156,0.112092,6.634012,-0.000769,0.576540,0.112478,0.002094,0.000721,0.004384,0.000386
5.152733,-0.058559,0.445164,0.078629,5.194787,-0.055146,0.442301,0.079557,0.042054,0.003413,-0.002863,0.000928
2.687105,-0.041239,0.237976,0.039450,2.623407,-0.040976,0.238813,0.039780,-0.063698,0.000263,0.000838,0.000330
2.548290,-0.003299,0.228491,0.040098,2.504560,-0.003454,0.233302,0.040100,-0.043730,-0.000155,0.004811,0.000002
1.956762,-0.019227,0.162082,0.035628,1.944989,-0.019928,0.159869,0.035837,-0.011774,-0.000701,-0.002214,0.000209
6.745869,-0.009062,0.426752,0.118190,6.698585,-0.005984,0.408373,0.117178,-0.047284,0.003078,-0.018379,-0.001013
5.490448,-0.023069,0.317958,0.090458,5.427271,-0.025657,0.319815,0.090775,-0.063178,-0.002588,0.001856,0.000318
3.108291,-0.002308,0.266313,0.052595,3.166089,-0.001582,0.271945,0.053100,0.057798,0.000726,0.005632,0.000505
4.856792,-0.004591,0.214199,0.089417,4.829577,-0.005833,0.212427,0.089427,-0.027215,-0.001241,-0.001773,0.000010
4.065836,-0.021854,0.266542,0.070257,4.065637,-0.027963,0.259574,0.069013,-0.000200,-0.006109,-0.006968,-0.001243
3.159725,0.009310,0.215981,0.066971,3.214690,0.008743,0.219088,0.067573,0.054966,-0.000567,0.003107,0.000601
3.237243,0.012124,0.235313,0.058450,3.234048,0.010224,0.238086,0.058316,-0.003195,-0.001900,0.002773,-0.000134
3.096995,0.003723,0.166295,0.053726,3.089206,0.002796,0.170383,0.054070,-0.007789,-0.000927,0.004089,0.000344
4.851555,-0.061036,0.324735,0.088374,4.815128,-0.057422,0.322448,0.087000,-0.036427,0.003615,-0.002286,-0.001375
3.480889,-0.013962,0.239695,0.064230,3.462152,-0.012964,0.229781,0.063197,-0.018737,0.000998,-0.009913,-0.001033
5.483498,0.018326,0.267349,0.105136,5.498203,0.013627,0.273313,0.103690,0.014706,-0.004698,0.005964,-0.001446
2.261429,-0.007778,0.173142,0.036113,2.206061,-0.007924,0.174644,0.035689,-0.055368,-0.000147,0.001502,-0.000424
6.166845,-0.005283,0.581514,0.111087,6.156806,-0.005817,0.577596,0.110896,-0.010039,-0.000534,-0.003918,-0.000191
5.811951,-0.038411,0.490009,0.097504,5.817697,-0.032616,0.498778,0.098178,0.005746,0.005795,0.008769,0.000674
2.069801,-0.006850,0.095359,0.033342,2.018353,-0.008097,0.094633,0.032256,-0.051448,-0.001247,-0.000725,-0.001086
2.498091,-0.034388,0.242058,0.042788,2.431254,-0.036309,0.246533,0.042848,-0.066837,-0.001921,0.004476,0.000060
5.449658,0.001744,0.287440,0.084203,5.454863,0.000727,0.289565,0.082752,0.005205,-0.001018,0.002125,-0.001451
2.602710,0.004092,0.137213,0.047553,2.557080,0.001834,0.136277,0.046787,-0.045630,-0.002258,-0.000937,-0.000766
4.291920,-0.003893,0.322350,0.068831,4.266670,-0.005802,0.320202,0.068760,-0.025250,-0.001908,-0.002148,-0.000071
3.073132,-0.010940,0.192948,0.058387,3.028622,-0.011395,0.187042,0.057414,-0.044509,-0.000456,-0.005906,-0.000973
2.713079,-0.003924,0.170377,0.052165,2.680146,-0.004055,0.169869,0.051514,-0.032933,-0.000131,-0.000509,-0.000651
5.993761,0.033202,0.262852,0.111208,5.870542,0.035977,0.264362,0.110072,-0.123219,0.002775,0.001510,-0.001136
4.358979,-0.031955,0.289669,0.076984,4.309586,-0.031424,0.284642,0.076060,-0.049393,0.000531,-0.005027,-0.000924
3.390969,-0.025006,0.255074,0.053014,3.370033,-0.025637,0.254584,0.053495,-0.020936,-0.000631,-0.000490,0.000480
5.110132,-0.062958,0.463093,0.087615,5.061423,-0.063624,0.462708,0.086567,-0.048708,-0.000666,-0.000385,-0.001048
4.151925,0.009402,0.180932,0.078793,4.089550,0.012586,0.175852,0.077296,-0.062375,0.003183,-0.005080,-0.001498
2.582300,-0.001740,0.160019,0.050525,2.603496,-0.003289,0.158776,0.050689,0.021195,-0.001549,-0.001243,0.000164
4.221079,-0.025753,0.379914,0.069498,4.236517,-0.026796,0.386369,0.070220,0.015438,-0.001043,0.006455,0.000722
5.146481,-0.002921,0.381522,0.083000,5.049751,-0.001377,0.374684,0.081543,-0.096730,0.001544,-0.006837,-0.001457
2.667056,-0.022503,0.214506,0.050981,2.595453,-0.020217,0.209818,0.050583,-0.071603,0.002286,-0.004688,-0.000399
4.770456,0.008105,0.206234,0.084341,4.742995,0.005814,0.212575,0.084069,-0.027461,-0.002291,0.006342,-0.000272
3.742417,-0.007135,0.148648,0.059667,3.720655,-0.007987,0.146362,0.059330,-0.021762,-0.000851,-0.002286,-0.000336
4.364661,-0.047113,0.475081,0.093108,4.549296,-0.048502,0.482907,0.092834,0.184635,-0.001389,0.007826,-0.000274
5.001419,0.013013,0.338544,0.096807,4.947254,0.010835,0.332827,0.094435,-0.054165,-0.002179,-0.005717,-0.002371
2.121420,-0.007699,0.106788,0.036627,2.076179,-0.007842,0.107397,0.036126,-0.045241,-0.000143,0.000609,-0.000501
5.149929,-0.048577,0.455144,0.091419,5.115924,-0.045642,0.451781,0.091179,-0.034005,0.002936,-0.003363,-0.000240
2.373923,-0.016073,0.203000,0.039730,2.305490,-0.016326,0.196484,0.038608,-0.068433,-0.000253,-0.006515,-0.001123
2.931615,-0.015852,0.325969,0.055006,2.893046,-0.015981,0.330563,0.054921,-0.038568,-0.000128,0.004593,-0.000086
3.548684,-0.012672,0.201610,0.060303,3.516248,-0.012516,0.203754,0.059741,-0.032436,0.000156,0.002143,-0.000562
4.134744,-0.043826,0.328915,0.068040,4.173249,-0.044016,0.335446,0.068113,0.038506,-0.000189,0.006531,0.000073
4.932664,-0.018291,0.285037,0.082682,4.902315,-0.015586,0.295588,0.082176,-0.030350,0.002705,0.010551,-0.000505
4.245459,-0.036676,0.400900,0.075827,4.227230,-0.038897,0.400859,0.075942,-0.018229,-0.002221,-0.000042,0.000115
4.201092,-0.019934,0.479828,0.077354,4.123094,-0.022856,0.463221,0.076372,-0.077998,-0.002922,-0.016606,-0.000982
3.666118,0.003820,0.210585,0.065243,3.639476,0.001386,0.216012,0.065760,-0.026641,-0.002433,0.005427,0.000517
4.082245,0.001215,0.252129,0.079548,4.037487,0.000831,0.251748,0.079031,-0.044758,-0.000384,-0.000381,-0.000517
5.553830,-0.007705,0.275396,0.100396,5.530299,-0.007144,0.271420,0.100679,-0.023530,0.000562,-0.003976,0.000283
7.264349,-0.000548,0.633169,0.120013,7.118612,-0.001605,0.621425,0.118831,-0.145736,-0.001057,-0.011744,-0.001182
5.629749,-0.006944,0.593474,0.110622,5.614758,-0.007194,0.579292,0.109457,-0.014990,-0.000251,-0.014182,-0.001165
3.432755,-0.011224,0.265065,0.056211,3.415300,-0.011732,0.262954,0.056601,-0.017455,-0.000508,-0.002111,0.000390
1.945055,-0.003830,0.085065,0.029837,1.904072,-0.002772,0.077751,0.028455,-0.040983,0.001057,-0.007314,-0.001381
4.902146,-0.007461,0.246012,0.075518,4.850338,-0.008606,0.250915,0.074654,-0.051808,-0.001145,0.004903,-0.000864
3.624126,0.004269,0.233569,0.058598,3.623477,0.003065,0.235246,0.059146,-0.000648,-0.001204,0.001677,0.000548
6.102571,-0.009606,0.493715,0.112030,6.111759,-0.006565,0.493296,0.111959,0.009189,0.003041,-0.000419,-0.000071
4.870322,0.012229,0.251708,0.090028,4.906685,0.014157,0.255700,0.091086,0.036363,0.001927,0.003991,0.001058
3.033408,-0.010428,0.285854,0.048262,3.016698,-0.009781,0.289411,0.048216,-0.016711,0.000646,0.003556,-0.000047
5.085073,-0.016486,0.299404,0.067151,4.995714,-0.017809,0.306272,0.067544,-0.089359,-0.001323,0.006868,0.000393
3.439306,-0.001730,0.355854,0.064390,3.393312,-0.002454,0.348824,0.064041,-0.045994,-0.000725,-0.007030,-0.000349
6.527649,0.001178,0.481395,0.111712,6.473539,-0.004209,0.482417,0.110608,-0.054110,-0.005387,0.001023,-0.001104
7.050745,-0.000568,0.480536,0.137727,7.135279,0.006479,0.475523,0.136907,0.084535,0.007047,-0.005013,-0.000820
3.563820,0.007608,0.285850,0.058942,3.542619,0.008692,0.287492,0.058239,-0.021201,0.001084,0.001643,-0.000703
3.965127,-0.000245,0.377948,0.078130,3.969343,0.001706,0.387757,0.077573,0.004216,0.001950,0.009809,-0.000557
3.786269,-0.008504,0.310607,0.071988,3.803878,-0.012591,0.301606,0.071744,0.017609,-0.004086,-0.009001,-0.000244
4.242591,-0.005269,0.307413,0.071665,4.268151,-0.006061,0.309417,0.072289,0.025560,-0.000793,0.002005,0.000624
6.755584,-0.029039,0.536648,0.106979,6.758320,-0.029128,0.540849,0.107094,0.002737,-0.000089,0.004202,0.000115
3.646527,-0.048088,0.394802,0.058040,3.734454,-0.048880,0.382254,0.057875,0.087927,-0.000792,-0.012548,-0.000164
2.495164,-0.005552,0.139047,0.040128,2.471746,-0.006764,0.140446,0.040860,-0.023418,-0.001212,0.001399,0.000732
2.503308,-0.022828,0.151430,0.048096,2.460743,-0.023510,0.150298,0.046603,-0.042565,-0.000682,-0.001132,-0.001493
4.743594,-0.022012,0.208064,0.082742,4.666841,-0.022899,0.210432,0.082084,-0.076753,-0.000887,0.002369,-0.000659
6.425740,0.004739,0.388653,0.116658,6.370355,0.004995,0.387542,0.115762,-0.055386,0.000255,-0.001111,-0.000896
2.110241,-0.012145,0.129753,0.030417,2.088340,-0.013492,0.133639,0.030665,-0.021901,-0.001347,0.003886,0.000249
3.369452,0.014558,0.191358,0.064863,3.330880,0.014494,0.195668,0.064981,-0.038572,-0.000063,0.004310,0.000118
3.672426,-0.007489,0.400694,0.062674,3.674370,-0.007553,0.387904,0.062378,0.001945,-0.000064,-0.012789,-0.000296
2.819896,-0.013770,0.269062,0.044599,2.799696,-0.012710,0.260218,0.044566,-0.020200,0.001060,-0.008844,-0.000033
3.881439,0.006297,0.173739,0.072658,3.886114,0.008099,0.175440,0.072623,0.004676,0.001802,0.001701,-0.000034
4.313764,-0.027793,0.246901,0.068277,4.244697,-0.029185,0.246716,0.067983,-0.069067,-0.001392,-0.000184,-0.000294
3.189370,-0.000933,0.319268,0.055867,3.191580,0.001695,0.319916,0.055988,0.002210,0.002627,0.000649,0.000121
4.389504,-0.012484,0.211751,0.080376,4.352444,-0.012628,0.212354,0.079874,-0.037060,-0.000144,0.000603,-0.000502
2.174336,-0.001858,0.110683,0.033580,2.145994,-0.001362,0.109445,0.032971,-0.028342,0.000496,-0.001238,-0.000609
4.268609,-0.070828,0.365357,0.066272,4.363551,-0.070145,0.368480,0.065546,0.094942,0.000683,0.003123,-0.000726
5.725068,0.006601,0.355070,0.106630,5.672100,0.005572,0.355612,0.105245,-0.052968,-0.001029,0.000542,-0.001385
3.174235,-0.014754,0.295451,0.057158,3.211903,-0.016223,0.293267,0.057498,0.037668,-0.001469,-0.002184,0.000340
3.336031,0.012034,0.297939,0.060872,3.376676,0.010039,0.303310,0.061058,0.040645,-0.001995,0.005371,0.000186
3.716857,0.009681,0.162712,0.066718,3.770388,0.008005,0.161861,0.066430,0.053531,-0.001676,-0.000851,-0.000288
4.846464,0.012803,0.294776,0.089710,4.881378,0.009458,0.290788,0.088994,0.034914,-0.003345,-0.003988,-0.000716
3.520100,-0.025300,0.353191,0.058350,3.589934,-0.027015,0.353804,0.059093,0.069834,-0.001715,0.000613,0.000743
6.428707,0.017764,0.302949,0.120522,6.391525,0.022997,0.305585,0.119185,-0.037182,0.005232,0.002636,-0.001336
4.928957,-0.003491,0.318589,0.073118,4.901066,-0.003937,0.323602,0.072865,-0.027891,-0.000447,0.005013,-0.000253
4.059975,0.022038,0.173340,0.068581,4.070717,0.019245,0.173288,0.068632,0.010743,-0.002793,-0.000052,0.000051
3.525028,-0.037611,0.280295,0.055858,3.571372,-0.038997,0.284414,0.056362,0.046345,-0.001386,0.004118,0.000504
3.386721,-0.013450,0.264004,0.058705,3.314169,-0.012292,0.261418,0.058519,-0.072551,0.001158,-0.002587,-0.000186
4.005172,0.001864,0.184591,0.077980,4.101531,0.003652,0.188764,0.078258,0.096359,0.001787,0.004174,0.000278
4.251284,0.022281,0.198523,0.073135,4.250115,0.022134,0.198699,0.073023,-0.001169,-0.000147,0.000176,-0.000112
4.128995,-0.030853,0.344684,0.074274,4.086654,-0.027146,0.340014,0.073510,-0.042341,0.003707,-0.004671,-0.000764
5.662786,-0.002715,0.441918,0.114938,5.644683,0.000682,0.431447,0.113275,-0.018103,0.003397,-0.010471,-0.001663
3.377271,0.010195,0.231524,0.057038,3.347352,0.008648,0.227195,0.056387,-0.029919,-0.001547,-0.004329,-0.000651
4.911874,-0.009782,0.420972,0.094077,4.862634,-0.010394,0.414261,0.092961,-0.049240,-0.000612,-0.006710,-0.001116
3.709741,-0.043123,0.400331,0.078392,3.772998,-0.042091,0.392833,0.078176,0.063258,0.001032,-0.007498,-0.000217
3.389556,0.000723,0.177804,0.055531,3.367840,0.000519,0.174692,0.055686,-0.021715,-0.000203,-0.003112,0.000156
2.070316,-0.008956,0.158009,0.039497,2.079668,-0.008524,0.157496,0.039057,0.009352,0.000432,-0.000513,-0.000441
2.143848,-0.008508,0.124994,0.039062,2.079197,-0.009871,0.125975,0.038268,-0.064651,-0.001362,0.000981,-0.000794
1.941517,-0.004170,0.140634,0.027938,1.905344,-0.003858,0.139161,0.027404,-0.036173,0.000312,-0.001472,-0.000534
2.677043,-0.047331,0.257929,0.041158,2.635311,-0.047002,0.257462,0.042043,-0.041732,0.000329,-0.000467,0.000885
3.634261,-0.014143,0.293964,0.063508,3.579924,-0.018369,0.290968,0.063621,-0.054337,-0.004226,-0.002997,0.000112
4.729455,0.029363,0.221796,0.092117,4.770619,0.024869,0.232407,0.091564,0.041164,-0.004495,0.010611,-0.000552
3.974160,-0.002018,0.151166,0.063399,3.936535,-0.003445,0.151801,0.062848,-0.037625,-0.001427,0.000636,-0.000551
3.834366,-0.003794,0.286585,0.067774,3.855576,-0.002392,0.282677,0.068036,0.021210,0.001402,-0.003908,0.000262
6.273364,0.015243,0.254843,0.106267,6.116588,0.016874,0.261145,0.103396,-0.156776,0.001632,0.006302,-0.002871
3.157704,-0.027420,0.278235,0.052577,3.175409,-0.026396,0.280766,0.052327,0.017705,0.001024,0.002531,-0.000250
5.431828,-0.001653,0.327054,0.086639,5.283854,-0.001230,0.311869,0.083610,-0.147973,0.000424,-0.015185,-0.003029
3.685112,-0.013629,0.219349,0.065987,3.697203,-0.009314,0.229534,0.065971,0.012091,0.004315,0.010185,-0.000016
3.367763,-0.008710,0.196589,0.055880,3.355253,-0.009383,0.199637,0.055528,-0.012510,-0.000674,0.003048,-0.000352
3.607123,0.003958,0.151761,0.062502,3.554113,0.002599,0.150210,0.061893,-0.053010,-0.001358,-0.001551,-0.000609
4.579370,-0.012807,0.283851,0.069944,4.584709,-0.011979,0.283339,0.069411,0.005339,0.000828,-0.000512,-0.000532
3.657266,-0.004080,0.413550,0.063294,3.681485,-0.004079,0.410194,0.064582,0.024220,0.000002,-0.003356,0.001288
2.987082,-0.006973,0.223166,0.048504,3.052316,-0.003988,0.223218,0.048956,0.065234,0.002986,0.000053,0.000452
3.655987,-0.007649,0.324564,0.072550,3.649323,-0.005680,0.321699,0.071822,-0.006665,0.001969,-0.002864,-0.000728
2.435869,-0.014493,0.213752,0.042536,2.420424,-0.015044,0.217167,0.042404,-0.015445,-0.000550,0.003415,-0.000132
5.334845,-0.042670,0.383202,0.072853,5.263341,-0.043957,0.379816,0.073446,-0.071504,-0.001287,-0.003386,0.000593
3.445969,-0.008855,0.380001,0.060631,3.424968,-0.008247,0.376582,0.060566,-0.021001,0.000607,-0.003419,-0.000065
4.665333,0.003506,0.308072,0.067664,4.559069,0.002362,0.309541,0.068279,-0.106264,-0.001143,0.001470,0.000615
5.162257,-0.011546,0.222559,0.087101,5.181549,-0.012489,0.232792,0.087125,0.019292,-0.000943,0.010233,0.000024
6.334521,-0.016491,0.541395,0.105249,6.295355,-0.018877,0.549064,0.105818,-0.039166,-0.002386,0.007668,0.000569
4.572756,0.007108,0.242519,0.092664,4.594382,0.002224,0.247502,0.092069,0.021626,-0.004885,0.004983,-0.000595
4.934274,-0.011249,0.250917,0.085752,4.890225,-0.012118,0.248199,0.084506,-0.044048,-0.000870,-0.002718,-0.001246
3.472589,-0.000042,0.303280,0.057895,3.469265,-0.002706,0.303289,0.057188,-0.003325,-0.002665,0.000009,-0.000707
4.756381,-0.000509,0.264174,0.072573,4.782783,-0.001692,0.266291,0.072998,0.026402,-0.001183,0.002117,0.000425
5.109873,-0.020129,0.429200,0.079603,5.167932,-0.022058,0.430199,0.080588,0.058058,-0.001929,0.000998,0.000985
3.736760,-0.000277,0.285897,0.068620,3.708535,-0.002431,0.282835,0.067740,-0.028225,-0.002155,-0.003062,-0.000880
5.732308,0.023327,0.243851,0.096517,5.687870,0.017273,0.245713,0.095432,-0.044439,-0.006053,0.001862,-0.001085
5.506194,-0.005112,0.442495,0.103895,5.448748,0.005209,0.432240,0.102505,-0.057446,0.010320,-0.010255,-0.001390
2.179529,-0.007282,0.139723,0.036637,2.163265,-0.006908,0.142903,0.036550,-0.016264,0.000374,0.003181,-0.000086
4.171006,-0.020213,0.426127,0.071834,4.152090,-0.021453,0.419117,0.070627,-0.018916,-0.001241,-0.007010,-0.001206
2.732870,-0.023231,0.204798,0.041685,2.730517,-0.024972,0.203133,0.042162,-0.002353,-0.001741,-0.001665,0.000476
5.306598,0.022418,0.247789,0.087273,5.193835,0.023352,0.237307,0.086256,-0.112763,0.000934,-0.010482,-0.001017
2.067226,-0.031814,0.238939,0.041906,2.077786,-0.031349,0.236067,0.042703,0.010560,0.000464,-0.002872,0.000797
4.857258,-0.015659,0.244300,0.067560,4.805966,-0.015954,0.242689,0.067740,-0.051292,-0.000295,-0.001611,0.000180
3.018541,-0.013802,0.225433,0.052375,2.989132,-0.013406,0.222324,0.051806,-0.029409,0.000396,-0.003109,-0.000569
2.683622,-0.037543,0.318639,0.052478,2.629425,-0.040371,0.316020,0.052651,-0.054197,-0.002829,-0.002619,0.000173
2.454638,-0.008669,0.233326,0.045592,2.400040,-0.013491,0.231429,0.045288,-0.054598,-0.004822,-0.001897,-0.000304
3.999687,-0.018130,0.200429,0.061449,4.024079,-0.016785,0.206842,0.061552,0.024392,0.001345,0.006412,0.000103
2.174417,-0.028680,0.155902,0.031970,2.184060,-0.029218,0.151716,0.030804,0.009642,-0.000537,-0.004186,-0.001165
2.089751,0.002173,0.105218,0.035417,2.092112,0.001161,0.103932,0.034614,0.002361,-0.001012,-0.001286,-0.000803
4.776949,-0.030926,0.300254,0.086603,4.709567,-0.025576,0.295137,0.085135,-0.067382,0.005350,-0.005118,-0.001468
2.009362,-0.004394,0.107146,0.036948,1.972653,-0.003352,0.104293,0.035641,-0.036709,0.001042,-0.002853,-0.001307
3.272113,-0.010551,0.245758,0.056722,3.182387,-0.011019,0.241288,0.055525,-0.089726,-0.000468,-0.004470,-0.001197
7.115500,-0.042782,0.624242,0.111676,7.073015,-0.046987,0.617773,0.111746,-0.042485,-0.004205,-0.006470,0.000070
2.743004,0.001522,0.247091,0.048924,2.760455,-0.000154,0.248248,0.048117,0.017451,-0.001676,0.001157,-0.000806
3.802840,-0.014489,0.298478,0.064797,3.791844,-0.011780,0.296784,0.065148,-0.010995,0.002709,-0.001694,0.000351
2.592889,-0.021193,0.278067,0.045180,2.613770,-0.021187,0.273274,0.044755,0.020882,0.000006,-0.004793,-0.000424
2.839881,-0.017846,0.204863,0.047078,2.805041,-0.015423,0.207555,0.046524,-0.034839,0.002423,0.002692,-0.000554
4.938208,0.020072,0.267409,0.077322,4.819049,0.022274,0.264371,0.075732,-0.119159,0.002202,-0.003038,-0.001590
5.231285,-0.022330,0.363965,0.079433,5.213895,-0.026229,0.364568,0.079622,-0.017389,-0.003899,0.000603,0.000189
2.361833,-0.016639,0.132479,0.044489,2.355557,-0.016550,0.132866,0.043443,-0.006276,0.000089,0.000387,-0.001046
5.718382,0.005404,0.384252,0.106392,5.657917,0.006082,0.378769,0.105699,-0.060465,0.000679,-0.005483,-0.000693
2.227585,-0.013776,0.132747,0.040664,2.221151,-0.015419,0.132028,0.040374,-0.006435,-0.001643,-0.000720,-0.000291
3.626645,-0.008447,0.412508,0.066068,3.646520,-0.005276,0.416978,0.067026,0.019875,0.003171,0.004470,0.000958
5.660641,-0.011638,0.473857,0.087281,5.630398,-0.010347,0.467662,0.085518,-0.030242,0.001292,-0.006195,-0.001763
5.035172,-0.030878,0.467631,0.084293,5.040084,-0.028085,0.460155,0.084945,0.004912,0.002793,-0.007475,0.000652
4.471514,-0.031142,0.238085,0.067535,4.476741,-0.036408,0.247592,0.067914,0.005227,-0.005266,0.009507,0.000379
3.621282,-0.007438,0.393957,0.060145,3.618009,-0.005873,0.388997,0.060033,-0.003273,0.001565,-0.004960,-0.000112
3.071919,-0.000939,0.221729,0.052298,3.070796,-0.000650,0.222370,0.052304,-0.001123,0.000288,0.000640,0.000006
4.298912,-0.048341,0.446664,0.075462,4.309090,-0.045953,0.444541,0.075236,0.010179,0.002389,-0.002123,-0.000225
4.761513,-0.009875,0.403286,0.088109,4.807478,-0.010349,0.403567,0.089160,0.045965,-0.000474,0.000281,0.001051
2.889973,-0.024119,0.281833,0.044838,2.833179,-0.023262,0.282884,0.045794,-0.056794,0.000857,0.001051,0.000956
3.054829,-0.014246,0.296318,0.049414,3.097784,-0.015216,0.299557,0.049798,0.042955,-0.000970,0.003239,0.000385
3.505092,0.015312,0.173689,0.068722,3.569663,0.015026,0.179475,0.069083,0.064571,-0.000286,0.005786,0.000361
3.906472,-0.012082,0.153712,0.061193,3.895476,-0.012276,0.157997,0.060801,-0.010995,-0.000194,0.004285,-0.000392
2.029114,-0.007962,0.109449,0.035334,2.026104,-0.009253,0.110327,0.035430,-0.003010,-0.001291,0.000878,0.000097
6.083090,-0.051830,0.510491,0.090523,6.078941,-0.056909,0.498289,0.088995,-0.004149,-0.005079,-0.012203,-0.001528
5.117869,-0.018690,0.485783,0.089140,5.082748,-0.020770,0.484400,0.088468,-0.035121,-0.002080,-0.001383,-0.000672
4.035703,-0.009221,0.284393,0.066082,4.019548,-0.013666,0.283500,0.065723,-0.016155,-0.004445,-0.000893,-0.000359
5.853850,0.023004,0.337838,0.109347,5.821505,0.028060,0.342617,0.107129,-0.032345,0.005056,0.004779,-0.002217
4.333337,0.003126,0.327620,0.065631,4.308386,0.004264,0.325343,0.065369,-0.024951,0.001138,-0.002278,-0.000262
4.182796,-0.031348,0.345109,0.077692,4.169494,-0.029989,0.342432,0.077351,-0.013302,0.001359,-0.002677,-0.000342
5.124266,-0.012131,0.497409,0.093478,5.079705,-0.013647,0.488126,0.092293,-0.044561,-0.001516,-0.009283,-0.001184
3.405732,0.004886,0.378467,0.063803,3.426356,0.006446,0.367831,0.063027,0.020624,0.001560,-0.010636,-0.000776
2.296732,-0.016405,0.189242,0.037246,2.270225,-0.017231,0.191280,0.036976,-0.026508,-0.000826,0.002038,-0.000270
4.715267,0.015417,0.218752,0.087832,4.730753,0.018234,0.216718,0.087715,0.015486,0.002817,-0.002034,-0.000117
5.345747,-0.016694,0.244379,0.094932,5.404309,-0.016159,0.251017,0.096019,0.058562,0.000535,0.006638,0.001087
3.298002,-0.013246,0.223126,0.066442,3.223691,-0.012476,0.215474,0.065400,-0.074311,0.000770,-0.007652,-0.001042
3.876497,-0.016688,0.224849,0.065291,3.878790,-0.015603,0.228991,0.065285,0.002294,0.001085,0.004143,-0.000005
3.021414,-0.025180,0.226211,0.047812,3.012562,-0.026584,0.226278,0.048872,-0.008851,-0.001404,0.000067,0.001060
3.319794,-0.012885,0.415938,0.067055,3.349771,-0.011467,0.415224,0.066537,0.029977,0.001418,-0.000714,-0.000519
2.149906,-0.011914,0.136011,0.033048,2.121932,-0.012948,0.143214,0.033685,-0.027974,-0.001034,0.007203,0.000638
2.447766,-0.022849,0.191691,0.042100,2.449721,-0.021679,0.192387,0.042447,0.001955,0.001171,0.000696,0.000347
4.191231,-0.021834,0.406878,0.070463,4.135791,-0.017349,0.402267,0.070186,-0.055440,0.004485,-0.004611,-0.000276
3.429135,-0.028423,0.418012,0.066709,3.325724,-0.026495,0.408706,0.065579,-0.103412,0.001929,-0.009306,-0.001130
5.179082,-0.034301,0.428080,0.096152,5.148108,-0.031759,0.429489,0.095263,-0.030974,0.002542,0.001409,-0.000889
3.367197,-0.038136,0.332521,0.052379,3.290052,-0.034368,0.328369,0.052151,-0.077144,0.003768,-0.004151,-0.000228
6.364037,-0.014708,0.433926,0.098259,6.231670,-0.014732,0.429741,0.096384,-0.132367,-0.000025,-0.004185,-0.001875
2.836707,-0.051873,0.293695,0.049325,2.857488,-0.052071,0.297370,0.049265,0.020781,-0.000198,0.003675,-0.000060
2.684383,-0.020184,0.293418,0.047756,2.646143,-0.018615,0.288206,0.046670,-0.038239,0.001569,-0.005213,-0.001086
3.256220,-0.014754,0.212828,0.046780,3.245982,-0.013100,0.217375,0.047407,-0.010238,0.001654,0.004547,0.000627
4.103760,-0.013633,0.395717,0.065340,4.063224,-0.010411,0.397633,0.065183,-0.040536,0.003222,0.001915,-0.000157
4.370063,-0.018348,0.294750,0.080447,4.341830,-0.019300,0.294664,0.079844,-0.028234,-0.000952,-0.000086,-0.000603
3.735586,-0.023926,0.412481,0.070376,3.740838,-0.021802,0.408031,0.069765,0.005252,0.002124,-0.004450,-0.000612
4.069677,-0.015253,0.292009,0.069778,4.030950,-0.015474,0.292797,0.069627,-0.038727,-0.000221,0.000788,-0.000150
2.699817,-0.007696,0.150943,0.045712,2.678284,-0.008696,0.150916,0.045523,-0.021533,-0.001000,-0.000027,-0.000189
3.043304,-0.028445,0.225033,0.049468,3.001076,-0.029629,0.229065,0.049638,-0.042228,-0.001184,0.004032,0.000169
7.338149,-0.042990,0.560182,0.120942,7.151848,-0.040743,0.543571,0.118676,-0.186301,0.002247,-0.016612,-0.002267
2.147908,-0.029424,0.175010,0.035192,2.136192,-0.027645,0.170666,0.034991,-0.011716,0.001779,-0.004344,-0.000201
3.432283,-0.024960,0.306257,0.054745,3.413313,-0.024240,0.301086,0.055063,-0.018970,0.000720,-0.005171,0.000318
5.139422,-0.004973,0.418055,0.094223,5.124402,-0.002210,0.417457,0.093878,-0.015020,0.002762,-0.000598,-0.000345
3.601898,-0.008340,0.336402,0.057764,3.587171,-0.006381,0.339466,0.058376,-0.014727,0.001959,0.003064,0.000612
2.320757,-0.033963,0.258481,0.044398,2.280256,-0.034553,0.257382,0.044252,-0.040501,-0.000591,-0.001099,-0.000146
3.347484,0.001565,0.243609,0.057171,3.334154,-0.002990,0.242627,0.056827,-0.013330,-0.004555,-0.000982,-0.000344
2.530242,-0.023288,0.255298,0.046659,2.534719,-0.022157,0.253264,0.046970,0.004477,0.001130,-0.002034,0.000311
5.799397,-0.018132,0.527552,0.097064,5.764256,-0.019838,0.525417,0.096575,-0.035141,-0.001706,-0.002135,-0.000490
2.201082,-0.011524,0.125253,0.041232,2.184730,-0.013723,0.125513,0.039888,-0.016352,-0.002199,0.000261,-0.001344
3.264027,-0.019603,0.296218,0.063827,3.184476,-0.018563,0.284447,0.063471,-0.079551,0.001040,-0.011771,-0.000356
5.237159,-0.001210,0.407225,0.096058,5.212196,0.005484,0.396509,0.095759,-0.024963,0.006694,-0.010717,-0.000298
4.059568,-0.023580,0.171420,0.063075,4.003218,-0.026149,0.177565,0.063136,-0.056350,-0.002569,0.006145,0.000060
6.247362,0.011604,0.434103,0.115599,6.084155,0.005926,0.416920,0.114273,-0.163207,-0.005678,-0.017183,-0.001325
4.879090,-0.016873,0.490753,0.093436,4.929372,-0.016618,0.488891,0.092915,0.050282,0.000255,-0.001861,-0.000521
7.350699,-0.050622,0.608264,0.118091,7.308123,-0.052474,0.618123,0.118944,-0.042576,-0.001852,0.009859,0.000853
2.518977,-0.033838,0.202047,0.044533,2.508288,-0.030872,0.199305,0.044013,-0.010688,0.002965,-0.002742,-0.000520
2.729483,-0.008060,0.170552,0.041546,2.667348,-0.007351,0.173314,0.040873,-0.062135,0.000709,0.002762,-0.000674
5.675710,-0.032507,0.504358,0.090900,5.659786,-0.030437,0.496371,0.091452,-0.015924,0.002069,-0.007987,0.000552
2.073872,-0.014033,0.145158,0.033041,2.051408,-0.015561,0.146543,0.033536,-0.022464,-0.001528,0.001385,0.000494
6.935415,-0.019473,0.520070,0.117654,6.926643,-0.022096,0.526141,0.117540,-0.008772,-0.002623,0.006071,-0.000114
4.064914,-0.000486,0.217063,0.068967,3.997401,-0.000450,0.219974,0.068352,-0.067514,0.000036,0.002911,-0.000615
2.742616,0.000837,0.153334,0.053704,2.697957,0.001526,0.153810,0.052833,-0.044659,0.000689,0.000476,-0.000871
6.166566,-0.025181,0.403291,0.117225,6.103384,-0.022837,0.401018,0.115840,-0.063183,0.002344,-0.002273,-0.001385
2.703084,-0.013955,0.245239,0.050964,2.659611,-0.014372,0.251377,0.050889,-0.043472,-0.000417,0.006137,-0.000075
5.143703,-0.032746,0.477854,0.081644,5.055983,-0.033630,0.465607,0.079578,-0.087720,-0.000884,-0.012247,-0.002066
2.406395,-0.005427,0.274495,0.047331,2.378322,-0.005180,0.272127,0.047211,-0.028072,0.000247,-0.002368,-0.000120
3.790158,0.002725,0.415061,0.069127,3.797643,0.006190,0.412606,0.069080,0.007485,0.003465,-0.002455,-0.000047
5.643501,-0.001758,0.406518,0.104458,5.669142,-0.000048,0.394264,0.105249,0.025641,0.001710,-0.012254,0.000791
6.058857,-0.046550,0.516337,0.091642,5.951186,-0.046754,0.509430,0.090037,-0.107672,-0.000204,-0.006907,-0.001605
5.026287,-0.056831,0.493042,0.080148,5.018327,-0.050811,0.486554,0.080484,-0.007960,0.006020,-0.006488,0.000336
3.422067,-0.005113,0.237286,0.054551,3.402539,-0.004880,0.234343,0.054281,-0.019528,0.000233,-0.002943,-0.000270
4.003671,0.002790,0.445378,0.073323,3.979318,0.001153,0.433818,0.072736,-0.024353,-0.001637,-0.011561,-0.000587
5.102554,-0.012035,0.233310,0.083017,4.993133,-0.009493,0.235373,0.081647,-0.109421,0.002543,0.002062,-0.001370
2.949835,-0.010784,0.311042,0.058217,2.995983,-0.011073,0.316910,0.058828,0.046148,-0.000289,0.005868,0.000611
2.123760,-0.013321,0.133614,0.040375,2.094948,-0.013112,0.129384,0.039216,-0.028812,0.000209,-0.004231,-0.001159
4.697754,-0.008213,0.219446,0.088956,4.686032,-0.009748,0.219993,0.088393,-0.011722,-0.001534,0.000547,-0.000563
3.620701,-0.038747,0.372267,0.059930,3.564211,-0.040452,0.363356,0.059060,-0.056490,-0.001706,-0.008911,-0.000871
4.514966,-0.024047,0.349019,0.072211,4.554286,-0.027613,0.359055,0.072103,0.039321,-0.003567,0.010037,-0.000109
4.969650,-0.001635,0.234749,0.096860,4.878212,0.001936,0.228493,0.095081,-0.091437,0.003572,-0.006256,-0.001779
2.585078,-0.034585,0.245557,0.039237,2.617787,-0.035386,0.249477,0.040644,0.032708,-0.000801,0.003920,0.001406
3.224423,-0.024994,0.288775,0.053520,3.212518,-0.025163,0.289790,0.052991,-0.011906,-0.000168,0.001015,-0.000530
2.853438,-0.030441,0.296335,0.052352,2.844115,-0.029843,0.296675,0.052663,-0.009323,0.000598,0.000340,0.000310
2.417717,0.001534,0.107939,0.038420,2.456637,0.000178,0.107988,0.037598,0.038920,-0.001357,0.000048,-0.000823
2.976068,0.009700,0.184163,0.057650,3.037013,0.010779,0.189965,0.058577,0.060946,0.001079,0.005802,0.000927
2.365598,-0.040011,0.262260,0.045938,2.348688,-0.041051,0.259371,0.045112,-0.016910,-0.001040,-0.002889,-0.000825
5.410241,-0.008811,0.506267,0.092518,5.378416,-0.008184,0.513759,0.093501,-0.031825,0.000627,0.007492,0.000983
5.908382,-0.030669,0.515978,0.098531,5.754754,-0.029411,0.502885,0.097398,-0.153628,0.001258,-0.013093,-0.001133
4.125801,-0.028267,0.309590,0.066288,4.120677,-0.027734,0.309317,0.066528,-0.005123,0.000533,-0.000272,0.000240
4.690399,-0.028083,0.293652,0.082771,4.686013,-0.028806,0.291098,0.083526,-0.004386,-0.000723,-0.002555,0.000755
5.373974,-0.027824,0.309638,0.087707,5.357399,-0.029095,0.319752,0.088612,-0.016575,-0.001271,0.010114,0.000904
5.026361,-0.051033,0.358974,0.082823,4.942458,-0.056804,0.365868,0.082705,-0.083904,-0.005771,0.006893,-0.000117
3.180841,0.008819,0.232327,0.057460,3.207411,0.005570,0.231358,0.056941,0.026570,-0.003249,-0.000969,-0.000519
4.359324,-0.012758,0.377130,0.069924,4.353436,-0.010182,0.385371,0.069827,-0.005888,0.002575,0.008241,-0.000097
5.670471,-0.037450,0.508365,0.095329,5.675245,-0.035467,0.497691,0.095538,0.004774,0.001983,-0.010674,0.000210
4.434928,-0.012153,0.225485,0.068058,4.428853,-0.011158,0.231688,0.067683,-0.006075,0.000995,0.006203,-0.000375
2.205831,-0.014380,0.143608,0.035752,2.140458,-0.013794,0.143583,0.034995,-0.065373,0.000586,-0.000025,-0.000757
2.884426,-0.016060,0.217505,0.044906,2.833454,-0.016975,0.216814,0.044042,-0.050972,-0.000916,-0.000691,-0.000864
4.184484,-0.022588,0.314750,0.071910,4.163437,-0.022445,0.316691,0.071017,-0.021047,0.000143,0.001941,-0.000894
2.302315,-0.020082,0.186421,0.043619,2.288877,-0.017519,0.182832,0.042965,-0.013438,0.002564,-0.003589,-0.000655
4.504382,0.001027,0.374640,0.075346,4.484961,0.001041,0.376723,0.076131,-0.019421,0.000014,0.002083,0.000785
5.758695,-0.035026,0.472968,0.100272,5.641099,-0.034049,0.471740,0.099494,-0.117596,0.000977,-0.001227,-0.000778
3.176873,0.001709,0.126573,0.048832,3.144167,0.001970,0.127464,0.048912,-0.032706,0.000261,0.000891,0.000080
3.798581,-0.021104,0.291515,0.064359,3.809950,-0.021441,0.292255,0.064228,0.011369,-0.000337,0.000741,-0.000130
4.990843,0.027461,0.226955,0.093874,4.972085,0.027059,0.224187,0.092897,-0.018758,-0.000402,-0.002768,-0.000977
3.919890,-0.037685,0.407548,0.063593,3.916064,-0.041119,0.408200,0.064201,-0.003826,-0.003434,0.000652,0.000608
5.216084,-0.001405,0.379254,0.085363,5.079597,0.002232,0.376312,0.082947,-0.136487,0.003637,-0.002942,-0.002416
2.795973,0.004852,0.264086,0.049073,2.820059,0.001758,0.264304,0.049340,0.024086,-0.003094,0.000217,0.000267
2.458506,-0.008829,0.175656,0.040346,2.471045,-0.010469,0.181044,0.040341,0.012539,-0.001640,0.005388,-0.000004
3.712887,-0.063562,0.369887,0.061693,3.607979,-0.060665,0.369768,0.061158,-0.104908,0.002898,-0.000119,-0.000535
5.811066,-0.038118,0.344183,0.096840,5.757972,-0.033589,0.347624,0.096423,-0.053094,0.004530,0.003440,-0.000417
3.300239,-0.005940,0.313314,0.056322,3.355605,-0.006062,0.308177,0.057287,0.055366,-0.000122,-0.005137,0.000965
2.996824,0.007809,0.148021,0.049148,3.031837,0.007932,0.151967,0.049488,0.035013,0.000122,0.003946,0.000340
3.914471,-0.029738,0.264796,0.071080,3.933585,-0.031166,0.273693,0.071467,0.019114,-0.001428,0.008897,0.000388
4.062660,-0.016474,0.248261,0.057793,4.050194,-0.018369,0.254133,0.057787,-0.012466,-0.001895,0.005872,-0.000006
4.865993,-0.049693,0.281775,0.079622,4.820222,-0.049629,0.282678,0.078550,-0.045771,0.000064,0.000903,-0.001072
6.510275,-0.035442,0.485659,0.105976,6.382414,-0.033599,0.488340,0.105207,-0.127861,0.001842,0.002681,-0.000769
5.811363,0.024269,0.291558,0.105963,5.700877,0.024471,0.290329,0.104613,-0.110486,0.000201,-0.001230,-0.001350
4.049215,-0.017586,0.265302,0.063055,4.071231,-0.019398,0.268860,0.062971,0.022017,-0.001812,0.003558,-0.000084
4.991282,-0.005671,0.356989,0.083384,4.880228,-0.003297,0.358927,0.082821,-0.111054,0.002374,0.001938,-0.000564
2.953784,-0.028025,0.345258,0.053971,2.978029,-0.029162,0.345170,0.054273,0.024245,-0.001137,-0.000088,0.000302
2.013857,-0.017901,0.150613,0.032341,2.050300,-0.016435,0.151155,0.031494,0.036443,0.001467,0.000541,-0.000847
6.501650,-0.034458,0.456475,0.100651,6.432121,-0.034706,0.454286,0.097746,-0.069529,-0.000248,-0.002189,-0.002906
6.473115,-0.014336,0.474704,0.109233,6.349699,-0.013654,0.468546,0.109013,-0.123416,0.000682,-0.006157,-0.000219
3.246811,-0.019433,0.205212,0.060533,3.199272,-0.019106,0.203223,0.059751,-0.047539,0.000327,-0.001989,-0.000783
4.970843,0.004804,0.200709,0.081783,4.943722,0.003550,0.203739,0.081228,-0.027121,-0.001254,0.003030,-0.000554
2.909238,-0.013737,0.331542,0.051873,2.907076,-0.016149,0.330493,0.051573,-0.002162,-0.002412,-0.001049,-0.000300
5.948334,-0.000285,0.357461,0.087075,5.872900,-0.001984,0.358338,0.086280,-0.075434,-0.001698,0.000877,-0.000796
2.103568,-0.011541,0.112819,0.036351,2.138187,-0.013393,0.117881,0.037101,0.034618,-0.001851,0.005062,0.000750
6.739730,-0.025785,0.514087,0.094914,6.587303,-0.027300,0.510997,0.094600,-0.152428,-0.001515,-0.003090,-0.000313
6.779646,-0.011313,0.484394,0.117003,6.735284,-0.010198,0.483425,0.115365,-0.044362,0.001115,-0.000969,-0.001639
7.178575,-0.013425,0.698466,0.130846,7.157692,-0.015522,0.685806,0.130020,-0.020883,-0.002097,-0.012660,-0.000825
2.702084,-0.001604,0.231837,0.046034,2.680123,-0.002080,0.226020,0.045301,-0.021961,-0.000476,-0.005817,-0.000733
2.226432,-0.008548,0.155828,0.031871,2.211539,-0.009762,0.161175,0.031590,-0.014893,-0.001214,0.005348,-0.000281
2.696560,-0.015474,0.322143,0.055302,2.748918,-0.015862,0.321344,0.055625,0.052358,-0.000388,-0.000798,0.000324
5.244272,-0.062592,0.432849,0.084528,5.225995,-0.064346,0.423300,0.083554,-0.018277,-0.001754,-0.009549,-0.000974
4.442076,0.014222,0.186038,0.077575,4.432025,0.014589,0.198158,0.077864,-0.010050,0.000367,0.012120,0.000288
3.242139,0.000176,0.150403,0.053884,3.304688,-0.001021,0.159907,0.054001,0.062548,-0.001198,0.009504,0.000117
3.878039,0.000575,0.170312,0.069849,3.907606,0.000737,0.174091,0.070264,0.029567,0.000162,0.003779,0.000415
3.817359,-0.015872,0.312045,0.051414,3.846094,-0.016614,0.312207,0.051567,0.028734,-0.000741,0.000162,0.000152
3.911056,-0.016838,0.217723,0.068203,3.944731,-0.016916,0.220484,0.067826,0.033675,-0.000077,0.002761,-0.000377
2.784058,-0.010883,0.172819,0.043798,2.705770,-0.011321,0.174920,0.042515,-0.078288,-0.000438,0.002101,-0.001283
4.107020,-0.044310,0.235438,0.060432,4.095807,-0.045269,0.237699,0.060387,-0.011213,-0.000959,0.002262,-0.000045
2.526568,-0.019985,0.219415,0.045692,2.529722,-0.022386,0.222911,0.045506,0.003154,-0.002401,0.003496,-0.000187
3.504364,-0.001110,0.400033,0.064565,3.501542,-0.005493,0.397426,0.064523,-0.002822,-0.004383,-0.002607,-0.000042
5.998616,-0.036102,0.411699,0.084791,5.879561,-0.038711,0.405195,0.084278,-0.119055,-0.002609,-0.006504,-0.000513
2.716536,-0.009777,0.146524,0.047244,2.696291,-0.011168,0.149406,0.046539,-0.020245,-0.001390,0.002882,-0.000705
3.366648,-0.024794,0.274510,0.057844,3.323182,-0.026249,0.256903,0.056803,-0.043466,-0.001455,-0.017607,-0.001041
3.084908,-0.007858,0.193367,0.048920,3.110581,-0.006552,0.202387,0.048513,0.025674,0.001306,0.009020,-0.000406
3.593966,-0.032214,0.264428,0.076846,3.656703,-0.032140,0.277183,0.076949,0.062737,0.000075,0.012755,0.000102
4.617668,-0.014090,0.228441,0.083836,4.613519,-0.013988,0.222914,0.083189,-0.004148,0.000101,-0.005527,-0.000647
3.437614,-0.009001,0.188403,0.055992,3.454903,-0.006413,0.191184,0.055709,0.017289,0.002587,0.002781,-0.000283
5.992650,-0.032760,0.546533,0.095969,5.900819,-0.035743,0.551135,0.093834,-0.091831,-0.002982,0.004603,-0.002135
5.427013,-0.028556,0.293227,0.081735,5.352208,-0.028357,0.296707,0.081566,-0.074805,0.000199,0.003480,-0.000170
3.870132,-0.006541,0.299850,0.065613,3.881745,-0.005200,0.298891,0.066283,0.011613,0.001341,-0.000959,0.000669
5.988777,-0.030781,0.548131,0.103115,6.020927,-0.027190,0.554578,0.103032,0.032150,0.003590,0.006447,-0.000083
3.582829,0.006172,0.180878,0.068382,3.609771,0.009439,0.177032,0.068843,0.026942,0.003267,-0.003846,0.000461
1.720955,-0.010250,0.149395,0.034557,1.707239,-0.008614,0.143005,0.034998,-0.013715,0.001636,-0.006390,0.000441
1.795557,-0.014480,0.209284,0.036474,1.819512,-0.015650,0.206302,0.036790,0.023955,-0.001170,-0.002981,0.000316
5.372418,-0.032592,0.314696,0.085935,5.314505,-0.031521,0.314551,0.084679,-0.057914,0.001071,-0.000145,-0.001256
3.780364,-0.012576,0.268800,0.064413,3.736083,-0.006740,0.266687,0.063733,-0.044281,0.005836,-0.002113,-0.000680
3.437998,-0.029072,0.349435,0.061018,3.434203,-0.028043,0.349286,0.061313,-0.003795,0.001029,-0.000149,0.000295
5.880692,-0.031758,0.466512,0.096232,5.774581,-0.032745,0.459972,0.093120,-0.106111,-0.000987,-0.006540,-0.003112
4.522977,-0.005393,0.224678,0.087388,4.527751,-0.006272,0.225263,0.085599,0.004775,-0.000880,0.000585,-0.001788
3.468513,0.000960,0.410612,0.066093,3.456101,0.001452,0.402312,0.065357,-0.012412,0.000492,-0.008300,-0.000737
4.221436,0.011333,0.416193,0.072354,4.130270,0.006546,0.412117,0.071352,-0.091165,-0.004787,-0.004076,-0.001001
5.421618,0.002261,0.205458,0.081897,5.319691,0.002482,0.201623,0.081398,-0.101928,0.000221,-0.003835,-0.000499
2.882604,-0.021526,0.190547,0.055996,2.966978,-0.021181,0.198495,0.055768,0.084375,0.000345,0.007948,-0.000228
4.396685,0.008524,0.534201,0.083441,4.314680,0.009359,0.514235,0.082673,-0.082005,0.000835,-0.019966,-0.000768
4.530162,-0.002251,0.170025,0.069287,4.563254,-0.004953,0.175413,0.069658,0.033092,-0.002703,0.005388,0.000371
4.506052,-0.009985,0.328120,0.094798,4.511852,-0.008007,0.335325,0.093779,0.005800,0.001978,0.007205,-0.001019
6.228615,-0.026143,0.600213,0.112891,6.057998,-0.020197,0.582313,0.110741,-0.170617,0.005946,-0.017900,-0.002151
2.030994,-0.012392,0.147710,0.031437,2.041951,-0.012090,0.150468,0.030523,0.010957,0.000302,0.002759,-0.000915
6.528630,0.004471,0.430000,0.122570,6.496423,-0.000419,0.411687,0.119770,-0.032207,-0.004890,-0.018313,-0.002800
5.861081,0.021983,0.300711,0.106810,5.782809,0.022578,0.295926,0.106333,-0.078272,0.000595,-0.004784,-0.000477
3.342378,0.009990,0.278946,0.054943,3.383639,0.009232,0.278519,0.055327,0.041261,-0.000758,-0.000428,0.000384
3.560678,-0.004477,0.224209,0.065453,3.502547,-0.006080,0.224146,0.065613,-0.058131,-0.001603,-0.000063,0.000161
4.901190,-0.041191,0.397812,0.088113,4.881671,-0.041482,0.401606,0.086099,-0.019519,-0.000291,0.003794,-0.002014
3.850876,-0.038442,0.371069,0.079576,3.854858,-0.039180,0.375675,0.079461,0.003983,-0.000737,0.004606,-0.000115
2.781841,-0.020021,0.225940,0.045929,2.763363,-0.019353,0.223480,0.045053,-0.018478,0.000669,-0.002460,-0.000876
4.195375,-0.001884,0.265734,0.069048,4.120915,-0.001530,0.270710,0.068464,-0.074460,0.000354,0.004976,-0.000584
1.870100,-0.013330,0.111978,0.037833,1.865026,-0.012279,0.122125,0.036572,-0.005075,0.001050,0.010147,-0.001261
2.564710,-0.010173,0.199351,0.037894,2.551287,-0.009352,0.200826,0.037645,-0.013423,0.000821,0.001475,-0.000249
3.757835,-0.005436,0.288044,0.068154,3.748186,-0.006626,0.284366,0.067449,-0.009648,-0.001190,-0.003678,-0.000705
5.193597,-0.028725,0.341146,0.090501,5.201523,-0.025805,0.337919,0.090661,0.007926,0.002920,-0.003228,0.000159
2.812110,-0.025420,0.230310,0.048002,2.818720,-0.024118,0.232868,0.048151,0.006610,0.001302,0.002558,0.000148
4.240870,0.020194,0.194375,0.074004,4.280756,0.019641,0.198906,0.073923,0.039886,-0.000552,0.004531,-0.000081
5.003460,0.023052,0.270862,0.078938,4.896262,0.020313,0.267717,0.076720,-0.107199,-0.002739,-0.003145,-0.002218
2.160347,-0.000568,0.103393,0.035708,2.156088,-0.002522,0.108000,0.036418,-0.004260,-0.001954,0.004607,0.000710
1.620040,-0.005805,0.109706,0.026747,1.608785,-0.006389,0.115168,0.025829,-0.011255,-0.000584,0.005462,-0.000918
2.317726,-0.021572,0.180383,0.041614,2.291424,-0.021733,0.179614,0.040890,-0.026302,-0.000160,-0.000769,-0.000724
5.690403,-0.025563,0.437722,0.089866,5.665135,-0.026812,0.435526,0.089370,-0.025268,-0.001249,-0.002196,-0.000496
5.085322,-0.023716,0.306431,0.069008,4.982675,-0.020130,0.307782,0.068196,-0.102647,0.003586,0.001351,-0.000811
1.889440,-0.023984,0.149118,0.030618,1.915324,-0.024070,0.148470,0.030692,0.025884,-0.000086,-0.000648,0.000074
3.938652,0.011251,0.163719,0.072629,3.876914,0.010566,0.165258,0.071948,-0.061738,-0.000685,0.001539,-0.000680
2.530987,-0.006939,0.125869,0.039822,2.561847,-0.006467,0.125908,0.040143,0.030860,0.000472,0.000040,0.000320
5.673518,-0.008353,0.256142,0.098971,5.638623,-0.011487,0.255949,0.099231,-0.034895,-0.003134,-0.000193,0.000260
4.603032,-0.021716,0.279402,0.082894,4.590562,-0.019336,0.277474,0.081463,-0.012470,0.002379,-0.001928,-0.001430
3.000186,-0.013288,0.186829,0.056035,2.959052,-0.011543,0.182825,0.055631,-0.041134,0.001744,-0.004003,-0.000404
4.291268,-0.023676,0.253288,0.064840,4.245575,-0.021661,0.255019,0.064534,-0.045693,0.002015,0.001732,-0.000306
3.339702,0.000551,0.257286,0.063863,3.296519,0.001441,0.256796,0.062957,-0.043184,0.000890,-0.000490,-0.000906
5.063343,-0.004765,0.254220,0.098454,5.005661,-0.003598,0.242215,0.097376,-0.057682,0.001167,-0.012005,-0.001078
4.989170,-0.008703,0.456996,0.091755,4.967363,-0.010909,0.459816,0.091246,-0.021807,-0.002206,0.002820,-0.000509
5.507493,-0.008261,0.266127,0.099588,5.512058,-0.010504,0.262366,0.098701,0.004565,-0.002243,-0.003761,-0.000887
5.440280,0.002882,0.245642,0.095979,5.345782,0.008581,0.250002,0.096389,-0.094498,0.005699,0.004359,0.000410
4.940105,0.014269,0.241254,0.095006,4.961771,0.014265,0.248938,0.095154,0.021666,-0.000003,0.007685,0.000148
3.366601,0.005904,0.314868,0.063383,3.388449,0.003659,0.315958,0.062892,0.021848,-0.002244,0.001091,-0.000491
4.150664,0.006106,0.230447,0.065190,4.175940,0.008143,0.232139,0.065221,0.025275,0.002037,0.001692,0.000031
3.018775,-0.017237,0.250558,0.056605,2.990979,-0.017082,0.252015,0.056358,-0.027796,0.000155,0.001458,-0.000247
3.927342,-0.024925,0.401586,0.080700,4.044033,-0.025792,0.402108,0.080203,0.116691,-0.000867,0.000523,-0.000497
3.995140,-0.014284,0.225849,0.065154,4.012046,-0.014418,0.225724,0.065276,0.016906,-0.000134,-0.000124,0.000121
5.520216,-0.037897,0.395950,0.087197,5.446096,-0.037469,0.391192,0.086951,-0.074120,0.000427,-0.004757,-0.000246
6.156352,-0.023999,0.399541,0.117784,6.117641,-0.016162,0.402637,0.116548,-0.038711,0.007837,0.003096,-0.001236
2.332621,-0.006241,0.215214,0.039206,2.272591,-0.008219,0.214483,0.038929,-0.060031,-0.001978,-0.000731,-0.000277
2.258469,-0.006301,0.168393,0.035764,2.190979,-0.009516,0.168950,0.034628,-0.067489,-0.003215,0.000557,-0.001136
6.063602,-0.017072,0.420531,0.097617,6.067657,-0.019780,0.425806,0.097701,0.004055,-0.002708,0.005275,0.000084
5.769910,-0.008283,0.472168,0.102967,5.729278,-0.010726,0.476461,0.102692,-0.040633,-0.002443,0.004293,-0.000276
2.350169,-0.051065,0.256952,0.039701,2.423652,-0.052498,0.263208,0.040548,0.073482,-0.001433,0.006256,0.000848
2.964312,-0.011172,0.169671,0.054561,2.962366,-0.009327,0.171122,0.054308,-0.001946,0.001846,0.001451,-0.000253
5.468456,0.012355,0.226516,0.087923,5.385798,0.012826,0.219628,0.087230,-0.082657,0.000471,-0.006888,-0.000694
6.233176,-0.019983,0.508416,0.107707,6.159506,-0.020513,0.498929,0.107644,-0.073669,-0.000531,-0.009488,-0.000063
2.443497,-0.021904,0.239854,0.039427,2.398785,-0.019437,0.228875,0.039109,-0.044711,0.002466,-0.010978,-0.000318
5.872961,-0.017703,0.376339,0.098563,5.755117,-0.017026,0.382375,0.095572,-0.117844,0.000677,0.006037,-0.002991
2.411732,-0.002866,0.129291,0.041373,2.354236,-0.002076,0.132059,0.041283,-0.057496,0.000789,0.002767,-0.000089
4.023523,-0.027082,0.303778,0.068717,3.973535,-0.025040,0.305889,0.068548,-0.049988,0.002041,0.002111,-0.000169
5.978863,-0.016188,0.394475,0.112980,5.907219,-0.014481,0.394385,0.112204,-0.071643,0.001707,-0.000090,-0.000777
3.083407,0.009500,0.122842,0.052091,3.097482,0.007571,0.119199,0.052213,0.014075,-0.001930,-0.003643,0.000122
2.506371,-0.024780,0.239996,0.046945,2.452006,-0.022494,0.243007,0.046659,-0.054365,0.002286,0.003011,-0.000287
1.965044,-0.004811,0.107146,0.036106,1.967679,-0.003539,0.105344,0.035463,0.002634,0.001273,-0.001802,-0.000642
2.700321,-0.012086,0.345211,0.056455,2.692953,-0.015319,0.343587,0.057040,-0.007368,-0.003233,-0.001624,0.000585
5.535590,-0.031134,0.493361,0.094287,5.537644,-0.031924,0.490095,0.095366,0.002054,-0.000791,-0.003266,0.001079
1.882124,-0.011071,0.098575,0.031671,1.869822,-0.010266,0.097490,0.031340,-0.012302,0.000805,-0.001085,-0.000331
3.272924,-0.017765,0.296476,0.058080,3.265296,-0.018793,0.300883,0.058270,-0.007629,-0.001029,0.004407,0.000190
4.137674,-0.016270,0.265524,0.062428,4.112875,-0.014438,0.267541,0.063001,-0.024799,0.001832,0.002018,0.000573
3.178376,-0.007064,0.178279,0.057566,3.232105,-0.007879,0.168500,0.058266,0.053729,-0.000815,-0.009779,0.000700
3.969061,-0.014039,0.210491,0.060034,3.965640,-0.012753,0.217782,0.060548,-0.003421,0.001286,0.007290,0.000514
3.080476,0.001434,0.254881,0.057531,3.116054,-0.000810,0.252424,0.058294,0.035578,-0.002244,-0.002458,0.000763
2.557456,-0.048385,0.257269,0.043739,2.617045,-0.046764,0.252431,0.043244,0.059588,0.001621,-0.004838,-0.000495
1.906091,-0.011400,0.096329,0.032259,1.867847,-0.008991,0.094308,0.031995,-0.038244,0.002408,-0.002021,-0.000265
2.283458,-0.025200,0.213132,0.040446,2.273763,-0.025009,0.209362,0.039501,-0.009695,0.000192,-0.003770,-0.000945
4.474038,0.007697,0.271315,0.080905,4.455044,0.008362,0.266496,0.079451,-0.018994,0.000665,-0.004820,-0.001453
5.458493,-0.038653,0.496575,0.109400,5.401759,-0.035356,0.495691,0.107806,-0.056734,0.003296,-0.000884,-0.001594
3.358577,-0.005482,0.241878,0.056360,3.347820,-0.002631,0.238685,0.055537,-0.010757,0.002851,-0.003193,-0.000823
3.802685,-0.008409,0.387914,0.064378,3.798746,-0.009049,0.385245,0.063843,-0.003939,-0.000640,-0.002669,-0.000535
5.147663,-0.004845,0.286653,0.083603,5.072833,-0.002578,0.282469,0.081009,-0.074830,0.002268,-0.004184,-0.002594
2.592164,-0.016802,0.154333,0.052184,2.527584,-0.016257,0.153254,0.051320,-0.064579,0.000545,-0.001079,-0.000865
4.043487,-0.010471,0.449880,0.078045,4.022769,-0.005626,0.443708,0.077725,-0.020717,0.004845,-0.006172,-0.000320
3.646078,-0.020670,0.366054,0.063232,3.676120,-0.017757,0.356979,0.063862,0.030042,0.002914,-0.009075,0.000630
2.489197,-0.014254,0.139450,0.045835,2.446297,-0.013329,0.139848,0.044789,-0.042900,0.000925,0.000398,-0.001046
2.403234,-0.019918,0.189461,0.037639,2.385107,-0.019911,0.188610,0.036777,-0.018128,0.000007,-0.000851,-0.000862
3.273476,-0.020139,0.328025,0.056984,3.273989,-0.017608,0.325863,0.057553,0.000514,0.002531,-0.002163,0.000569
3.609583,0.009558,0.175475,0.070790,3.613016,0.010134,0.176452,0.071131,0.003433,0.000576,0.000977,0.000341
3.342013,-0.020373,0.312669,0.054519,3.306867,-0.023005,0.310328,0.055390,-0.035146,-0.002632,-0.002341,0.000871
3.303318,-0.015385,0.317271,0.068021,3.279154,-0.014996,0.317682,0.067746,-0.024164,0.000388,0.000411,-0.000275
4.819986,-0.025619,0.399529,0.089695,4.844278,-0.020499,0.397253,0.089429,0.024292,0.005120,-0.002276,-0.000266
6.188797,0.008386,0.462626,0.113354,6.106233,0.008860,0.462600,0.112140,-0.082564,0.000474,-0.000026,-0.001214
5.330254,0.001604,0.497342,0.096648,5.269610,-0.000503,0.490168,0.095471,-0.060644,-0.002107,-0.007174,-0.001177
2.157346,-0.002525,0.203195,0.037745,2.136242,-0.007464,0.196094,0.037075,-0.021104,-0.004939,-0.007101,-0.000670
3.012490,-0.025582,0.302125,0.047741,3.086187,-0.026067,0.297105,0.048511,0.073698,-0.000486,-0.005019,0.000770
2.956051,-0.021972,0.385747,0.059363,2.932859,-0.019388,0.377831,0.059442,-0.023192,0.002584,-0.007916,0.000080
2.839142,0.004897,0.200325,0.038554,2.799043,0.002312,0.203139,0.038586,-0.040099,-0.002584,0.002814,0.000032
2.817046,-0.010929,0.168327,0.051902,2.811076,-0.009954,0.169232,0.051059,-0.005970,0.000975,0.000905,-0.000843
4.511270,-0.035477,0.286814,0.080268,4.493603,-0.039018,0.285271,0.079082,-0.017666,-0.003541,-0.001543,-0.001187
4.212685,-0.040087,0.375861,0.070925,4.261315,-0.036995,0.382567,0.071063,0.048630,0.003092,0.006706,0.000139
3.111340,0.006924,0.120733,0.052652,3.127392,0.007565,0.122411,0.053396,0.016052,0.000641,0.001678,0.000744
2.468281,-0.024875,0.287704,0.053380,2.520639,-0.024873,0.294457,0.053266,0.052358,0.000001,0.006753,-0.000114
3.659591,-0.006646,0.338525,0.061445,3.705603,-0.007671,0.328391,0.061093,0.046013,-0.001025,-0.010134,-0.000352
2.284335,-0.022734,0.225791,0.040531,2.261512,-0.021358,0.220493,0.039684,-0.022823,0.001376,-0.005299,-0.000847
2.398618,-0.015938,0.157269,0.048982,2.330315,-0.015407,0.157226,0.048145,-0.068303,0.000532,-0.000043,-0.000837
4.215508,-0.013821,0.349673,0.081730,4.224148,-0.007794,0.353556,0.081371,0.008640,0.006027,0.003882,-0.000359
4.091827,-0.014977,0.404936,0.072447,4.108201,-0.013636,0.402050,0.071679,0.016374,0.001341,-0.002886,-0.000768
4.353876,-0.045236,0.306049,0.080428,4.354764,-0.047527,0.312170,0.080673,0.000887,-0.002291,0.006121,0.000244
3.926204,-0.007264,0.257938,0.056040,3.868049,-0.004678,0.263242,0.057037,-0.058154,0.002586,0.005304,0.000997
5.349195,0.002654,0.504251,0.100919,5.352709,-0.002204,0.503192,0.099973,0.003515,-0.004858,-0.001060,-0.000945
7.077104,-0.005996,0.519354,0.119618,6.930447,-0.007243,0.514490,0.116655,-0.146657,-0.001246,-0.004864,-0.002963
1.971995,-0.009789,0.107673,0.031962,1.929696,-0.011046,0.106976,0.032212,-0.042298,-0.001258,-0.000697,0.000250
2.381608,-0.010094,0.177328,0.040386,2.356708,-0.006889,0.174268,0.040085,-0.024900,0.003206,-0.003060,-0.000301
3.533876,0.021118,0.307693,0.056948,3.576944,0.019880,0.308994,0.058060,0.043067,-0.001238,0.001300,0.001112
2.367218,-0.003981,0.114594,0.035913,2.382538,-0.004346,0.118764,0.035926,0.015320,-0.000365,0.004170,0.000013
4.570382,-0.038850,0.303822,0.065806,4.564723,-0.035863,0.301625,0.066234,-0.005660,0.002987,-0.002197,0.000429
3.139030,0.004570,0.295195,0.051844,3.145221,0.001750,0.301897,0.051800,0.006190,-0.002820,0.006701,-0.000043
2.872902,-0.011605,0.245639,0.054220,2.891303,-0.011950,0.240571,0.054288,0.018401,-0.000345,-0.005068,0.000068
3.692682,-0.038200,0.415052,0.066905,3.656987,-0.035984,0.404050,0.066600,-0.035695,0.002216,-0.011002,-0.000306
3.222582,-0.006417,0.308149,0.055582,3.196674,-0.005740,0.316238,0.055536,-0.025908,0.000677,0.008089,-0.000046
3.673874,-0.031049,0.304925,0.066673,3.660964,-0.030429,0.305905,0.067133,-0.012910,0.000620,0.000980,0.000460
4.273935,0.011805,0.169244,0.070447,4.261374,0.017206,0.173255,0.070032,-0.012562,0.005400,0.004011,-0.000415
5.631274,0.027433,0.246277,0.104396,5.584035,0.025435,0.246291,0.102836,-0.047239,-0.001998,0.000013,-0.001560
4.865347,-0.028364,0.292479,0.084860,4.780465,-0.027738,0.294170,0.083316,-0.084883,0.000626,0.001692,-0.001544
4.376774,-0.000304,0.163709,0.070388,4.446098,-0.001832,0.168914,0.070276,0.069324,-0.001528,0.005205,-0.000112
3.954744,0.020700,0.203607,0.073825,3.957876,0.010007,0.206390,0.073637,0.003132,-0.010693,0.002783,-0.000188
3.852567,-0.040691,0.350528,0.077481,3.815728,-0.035362,0.347285,0.076506,-0.036839,0.005329,-0.003243,-0.000975
5.538638,-0.029657,0.366982,0.080983,5.507940,-0.029092,0.367426,0.080747,-0.030698,0.000564,0.000444,-0.000236
4.930935,-0.026946,0.404925,0.086686,4.934544,-0.029257,0.410776,0.086332,0.003609,-0.002311,0.005850,-0.000353
3.762642,-0.008280,0.216948,0.065281,3.746641,-0.007068,0.219229,0.064745,-0.016001,0.001212,0.002282,-0.000536
3.872952,-0.002123,0.231147,0.070098,3.845317,-0.005140,0.228337,0.069220,-0.027636,-0.003017,-0.002810,-0.000878
3.454278,-0.016172,0.285668,0.061485,3.398010,-0.016029,0.282430,0.061265,-0.056267,0.000143,-0.003238,-0.000220
5.727158,-0.009836,0.414401,0.097241,5.640626,-0.009294,0.412850,0.095935,-0.086532,0.000542,-0.001552,-0.001306
3.686330,-0.009072,0.147920,0.060153,3.759151,-0.009781,0.146943,0.060482,0.072821,-0.000708,-0.000977,0.000329
2.419931,-0.006391,0.177536,0.040957,2.413567,-0.006386,0.175427,0.040856,-0.006365,0.000005,-0.002109,-0.000101
2.635751,-0.033555,0.256218,0.042251,2.605912,-0.031331,0.251789,0.042044,-0.029839,0.002225,-0.004429,-0.000207
1.833441,-0.003037,0.088809,0.029119,1.815272,-0.004298,0.088184,0.028649,-0.018169,-0.001261,-0.000625,-0.000470
3.216771,-0.038196,0.353942,0.057638,3.204535,-0.036249,0.349045,0.056868,-0.012236,0.001947,-0.004898,-0.000770
6.167470,0.003826,0.487712,0.113173,6.200639,0.000323,0.496042,0.113266,0.033169,-0.003503,0.008330,0.000093
2.628343,0.002605,0.198855,0.047415,2.649582,0.000204,0.195091,0.047426,0.021239,-0.002401,-0.003764,0.000011
2.948164,-0.018510,0.179976,0.053328,2.989086,-0.018237,0.187977,0.053553,0.040921,0.000273,0.008001,0.000225
2.214827,-0.010608,0.173272,0.041740,2.226802,-0.009671,0.169813,0.041591,0.011975,0.000937,-0.003459,-0.000149
6.276923,-0.002180,0.536326,0.102407,6.256829,-0.001712,0.528323,0.102027,-0.020094,0.000467,-0.008003,-0.000381
4.040860,0.002671,0.235056,0.073021,3.966176,-0.000337,0.228653,0.072163,-0.074684,-0.003008,-0.006402,-0.000858
3.037436,-0.015134,0.175950,0.057102,3.081082,-0.014117,0.181744,0.056799,0.043646,0.001017,0.005794,-0.000303
4.457829,-0.041380,0.259827,0.070192,4.398277,-0.040638,0.260286,0.070179,-0.059552,0.000742,0.000459,-0.000014
1.899901,-0.002822,0.095773,0.031779,1.857930,-0.003471,0.093618,0.031393,-0.041971,-0.000649,-0.002155,-0.000386
2.900891,-0.022191,0.277202,0.050619,2.869541,-0.020142,0.274129,0.049429,-0.031350,0.002049,-0.003073,-0.001190
3.302235,-0.011961,0.340856,0.058179,3.270355,-0.010712,0.334579,0.058518,-0.031880,0.001249,-0.006277,0.000339
6.362465,-0.013859,0.341957,0.094571,6.286059,-0.013969,0.341749,0.094565,-0.076406,-0.000109,-0.000208,-0.000006
5.167121,-0.004098,0.371227,0.102297,5.158257,-0.002613,0.369235,0.101330,-0.008864,0.001485,-0.001991,-0.000967
2.530123,-0.016025,0.149782,0.050467,2.444728,-0.014759,0.145120,0.048928,-0.085396,0.001266,-0.004662,-0.001539
3.778606,-0.003985,0.329192,0.062826,3.741910,-0.005324,0.330764,0.063323,-0.036695,-0.001339,0.001572,0.000497
2.183921,-0.009280,0.189839,0.040783,2.173276,-0.008868,0.191297,0.040389,-0.010645,0.000412,0.001457,-0.000394
3.229501,-0.015139,0.324629,0.054307,3.336236,-0.014132,0.329178,0.055115,0.106736,0.001007,0.004550,0.000809
5.919736,-0.041823,0.429427,0.095086,5.893391,-0.039306,0.429324,0.094753,-0.026345,0.002518,-0.000103,-0.000333
5.131138,-0.042120,0.412437,0.077875,5.096425,-0.043558,0.416084,0.078357,-0.034713,-0.001438,0.003648,0.000481
4.123314,-0.035024,0.423962,0.080039,4.253876,-0.037387,0.419485,0.080002,0.130561,-0.002363,-0.004477,-0.000038
6.977967,-0.054927,0.677750,0.121047,6.885645,-0.049327,0.660135,0.117851,-0.092322,0.005600,-0.017615,-0.003195
3.814589,0.016340,0.162112,0.070193,3.787120,0.012213,0.162180,0.069251,-0.027469,-0.004128,0.000068,-0.000943
5.263724,-0.017594,0.437211,0.093987,5.141341,-0.018575,0.420024,0.092214,-0.122383,-0.000981,-0.017187,-0.001773
3.944418,-0.016245,0.398718,0.073276,3.927279,-0.017313,0.395576,0.073274,-0.017139,-0.001068,-0.003142,-0.000003
3.481642,-0.015401,0.331881,0.054975,3.444857,-0.012577,0.325099,0.054724,-0.036785,0.002824,-0.006782,-0.000251
4.052680,0.013997,0.398220,0.069502,4.078515,0.014186,0.403023,0.070245,0.025835,0.000189,0.004803,0.000742
4.688159,0.006351,0.356848,0.082976,4.682652,0.007325,0.344743,0.082584,-0.005507,0.000974,-0.012105,-0.000392
3.195208,-0.006350,0.340468,0.054771,3.253892,-0.009095,0.336853,0.054899,0.058684,-0.002745,-0.003615,0.000128
1.770620,-0.006180,0.131584,0.029900,1.728142,-0.007996,0.133611,0.030917,-0.042479,-0.001816,0.002027,0.001017
5.258368,-0.027528,0.440778,0.097663,5.256154,-0.024234,0.433006,0.096423,-0.002214,0.003295,-0.007772,-0.001240
3.189949,-0.006977,0.242418,0.046263,3.192198,-0.007445,0.245444,0.046265,0.002249,-0.000468,0.003026,0.000001
5.080479,-0.029849,0.363120,0.092726,5.061738,-0.034304,0.364891,0.091834,-0.018741,-0.004455,0.001771,-0.000892
4.024512,-0.004648,0.177123,0.067779,4.004213,-0.006443,0.177379,0.067775,-0.020299,-0.001795,0.000256,-0.000003
2.529224,-0.024692,0.240121,0.041622,2.451591,-0.026513,0.239132,0.041112,-0.077633,-0.001821,-0.000989,-0.000510
3.019188,0.006246,0.132079,0.047577,3.069432,0.005341,0.139237,0.047127,0.050244,-0.000905,0.007157,-0.000450
4.405492,-0.019904,0.485671,0.076876,4.379502,-0.020987,0.472350,0.075677,-0.025990,-0.001083,-0.013321,-0.001199
2.849770,-0.037656,0.262071,0.045048,2.849794,-0.037643,0.267042,0.045114,0.000023,0.000013,0.004971,0.000066
7.231191,-0.046088,0.620780,0.114362,7.163935,-0.047706,0.619319,0.113824,-0.067256,-0.001618,-0.001461,-0.000538
3.768386,-0.020411,0.230962,0.056232,3.706078,-0.018140,0.239137,0.055447,-0.062309,0.002271,0.008176,-0.000785
4.361062,-0.012964,0.319516,0.068295,4.313586,-0.015273,0.316888,0.068556,-0.047476,-0.002309,-0.002628,0.000260
2.860797,-0.026622,0.254951,0.051715,2.874409,-0.027706,0.251271,0.051859,0.013612,-0.001084,-0.003680,0.000145
2.291166,-0.025369,0.138907,0.041858,2.300379,-0.026517,0.141880,0.041528,0.009213,-0.001148,0.002972,-0.000330
5.440703,0.011967,0.451436,0.090752,5.412560,0.012084,0.447569,0.090448,-0.028143,0.000117,-0.003867,-0.000304
3.921625,-0.014143,0.421808,0.067866,3.901024,-0.011939,0.419647,0.067928,-0.020601,0.002204,-0.002160,0.000062
2.365393,-0.035009,0.267965,0.044495,2.353215,-0.035096,0.264241,0.044205,-0.012178,-0.000087,-0.003724,-0.000289
5.147396,-0.003646,0.217884,0.083014,5.004245,-0.001249,0.228657,0.082399,-0.143151,0.002396,0.010772,-0.000614
4.673573,-0.012862,0.331479,0.071244,4.562431,-0.012581,0.330558,0.070630,-0.111143,0.000281,-0.000921,-0.000613
4.941244,-0.018585,0.288082,0.081001,4.937291,-0.019526,0.298587,0.081094,-0.003953,-0.000941,0.010505,0.000092
3.597402,0.010491,0.174324,0.066993,3.590837,0.005539,0.178551,0.067465,-0.006565,-0.004952,0.004227,0.000473
4.015415,0.007514,0.169051,0.071116,3.979230,0.002492,0.170037,0.070031,-0.036185,-0.005022,0.000986,-0.001085
3.321198,0.006645,0.321529,0.062897,3.386941,0.005370,0.324150,0.062417,0.065743,-0.001275,0.002621,-0.000479
4.039640,-0.001055,0.228786,0.073984,3.964046,0.000004,0.227414,0.073265,-0.075595,0.001059,-0.001372,-0.000719
3.567217,0.006815,0.231567,0.055918,3.558772,0.008835,0.225221,0.056807,-0.008445,0.002020,-0.006346,0.000888
4.106440,-0.032365,0.403162,0.071453,4.137731,-0.031786,0.403910,0.072305,0.031291,0.000579,0.000748,0.000852
3.827951,-0.011977,0.247009,0.073969,3.817415,-0.014455,0.246724,0.073040,-0.010535,-0.002478,-0.000285,-0.000929
4.654367,0.006712,0.328333,0.079484,4.567266,0.005088,0.332595,0.078957,-0.087101,-0.001624,0.004263,-0.000527
2.612309,-0.013493,0.293998,0.047970,2.595193,-0.011490,0.296935,0.047547,-0.017117,0.002003,0.002937,-0.000423
5.232594,-0.042710,0.387258,0.080590,5.203671,-0.042031,0.382047,0.080344,-0.028924,0.000678,-0.005211,-0.000246
5.089845,-0.019673,0.434816,0.082834,5.078666,-0.026869,0.437435,0.084011,-0.011179,-0.007196,0.002619,0.001177
3.797637,0.002144,0.309261,0.066890,3.770548,0.000227,0.311978,0.066225,-0.027089,-0.001917,0.002717,-0.000664
5.560740,0.022871,0.253787,0.096292,5.462684,0.024763,0.248614,0.095097,-0.098055,0.001891,-0.005174,-0.001195
3.848796,0.000735,0.366806,0.061963,3.881251,0.001927,0.365896,0.061884,0.032455,0.001192,-0.000910,-0.000079
4.250007,-0.023972,0.318124,0.078172,4.191619,-0.024876,0.322948,0.078742,-0.058388,-0.000904,0.004824,0.000569
4.993568,-0.037560,0.398883,0.082005,4.958719,-0.036928,0.401224,0.080870,-0.034849,0.000633,0.002342,-0.001134
3.433458,0.006698,0.160053,0.069240,3.398330,0.009998,0.162904,0.069177,-0.035129,0.003300,0.002852,-0.000063
2.977448,0.003634,0.170773,0.052332,3.015244,0.003349,0.173412,0.052289,0.037796,-0.000285,0.002639,-0.000043
6.595178,0.007318,0.389796,0.117590,6.621319,0.006581,0.389415,0.116419,0.026141,-0.000737,-0.000380,-0.001171
5.709412,-0.014171,0.491488,0.094465,5.632380,-0.014795,0.489992,0.094170,-0.077032,-0.000624,-0.001496,-0.000295
3.851458,-0.024355,0.273130,0.059694,3.912123,-0.024424,0.280262,0.059402,0.060666,-0.000069,0.007132,-0.000292
7.114347,0.017797,0.327493,0.138648,7.059086,0.016820,0.331306,0.136259,-0.055261,-0.000977,0.003813,-0.002390
2.783684,-0.013074,0.352481,0.055780,2.811856,-0.013581,0.352923,0.055985,0.028172,-0.000507,0.000442,0.000205
3.937329,-0.020523,0.295611,0.066998,3.930776,-0.022498,0.292907,0.067314,-0.006553,-0.001975,-0.002704,0.000316
6.456735,-0.028412,0.408502,0.109732,6.414123,-0.026245,0.404400,0.109684,-0.042613,0.002167,-0.004102,-0.000048
2.657828,0.000102,0.218008,0.043811,2.732965,0.001399,0.210986,0.044288,0.075137,0.001297,-0.007022,0.000477
5.351619,-0.000606,0.249545,0.100176,5.373260,0.000869,0.252430,0.099325,0.021641,0.001475,0.002885,-0.000850
5.514623,-0.017342,0.463333,0.081877,5.398274,-0.011208,0.456995,0.079722,-0.116349,0.006134,-0.006338,-0.002155
5.869685,0.014707,0.352576,0.109519,5.796200,0.008944,0.355395,0.108136,-0.073484,-0.005763,0.002819,-0.001382
3.485376,-0.017845,0.336094,0.069623,3.438698,-0.017815,0.336781,0.069298,-0.046678,0.000030,0.000687,-0.000325
2.686771,-0.005339,0.228492,0.054507,2.704072,-0.006599,0.229101,0.054621,0.017301,-0.001260,0.000609,0.000114
4.697798,-0.010186,0.284211,0.080995,4.711852,-0.012156,0.287680,0.081980,0.014054,-0.001969,0.003469,0.000985
2.698143,-0.028665,0.255128,0.048883,2.661063,-0.029255,0.253679,0.047103,-0.037081,-0.000590,-0.001449,-0.001780
4.007807,-0.022363,0.254352,0.076544,4.055542,-0.021147,0.256514,0.076295,0.047736,0.001216,0.002162,-0.000249
4.482891,-0.027685,0.275079,0.081005,4.431717,-0.024911,0.267994,0.079638,-0.051173,0.002774,-0.007085,-0.001367
4.873429,0.004318,0.235422,0.085861,4.893042,-0.000072,0.238831,0.085039,0.019612,-0.004390,0.003409,-0.000822
4.873870,-0.020099,0.310512,0.078883,4.828989,-0.016252,0.308245,0.078938,-0.044881,0.003847,-0.002267,0.000055
3.394491,-0.001098,0.306355,0.056473,3.389552,-0.003347,0.301090,0.055373,-0.004939,-0.002249,-0.005265,-0.001099
2.870308,-0.024517,0.290206,0.047377,2.839554,-0.025442,0.289523,0.047864,-0.030753,-0.000926,-0.000683,0.000487
4.009416,-0.029326,0.342303,0.066477,4.044869,-0.029623,0.345228,0.068389,0.035454,-0.000297,0.002925,0.001913
2.811438,0.002402,0.244459,0.050926,2.778887,0.004572,0.245194,0.050418,-0.032551,0.002170,0.000734,-0.000507
2.873558,-0.022834,0.281285,0.045798,2.803761,-0.023582,0.281224,0.045906,-0.069797,-0.000749,-0.000061,0.000109
2.586356,-0.020225,0.304338,0.050444,2.610010,-0.018565,0.302505,0.049572,0.023654,0.001660,-0.001833,-0.000871
2.794696,-0.010468,0.188214,0.040595,2.731067,-0.008730,0.189862,0.040066,-0.063629,0.001737,0.001648,-0.000529
3.217566,-0.006484,0.236425,0.051495,3.246783,-0.006008,0.234249,0.052623,0.029217,0.000476,-0.002176,0.001128
3.240904,-0.008467,0.234087,0.052821,3.240496,-0.005434,0.232358,0.052594,-0.000408,0.003033,-0.001730,-0.000226
4.884420,-0.006416,0.336499,0.090681,4.847554,-0.010435,0.333302,0.090358,-0.036867,-0.004018,-0.003197,-0.000323
3.406425,-0.023790,0.233778,0.066771,3.454798,-0.020197,0.238718,0.065837,0.048373,0.003592,0.004939,-0.000933
4.506183,0.011251,0.206674,0.074197,4.459311,0.011036,0.204697,0.073613,-0.046873,-0.000215,-0.001978,-0.000584
3.690623,-0.031018,0.354984,0.067230,3.762679,-0.029346,0.355146,0.068409,0.072056,0.001672,0.000162,0.001179
4.606004,-0.034612,0.350743,0.079885,4.571942,-0.034960,0.352387,0.078771,-0.034062,-0.000348,0.001644,-0.001113
4.108503,-0.004856,0.362612,0.080783,4.078480,-0.004093,0.363144,0.081065,-0.030023,0.000763,0.000533,0.000282
2.585535,-0.022022,0.156966,0.051146,2.520846,-0.019890,0.157953,0.050409,-0.064689,0.002132,0.000987,-0.000738
5.598191,0.035446,0.242550,0.103186,5.474608,0.034184,0.240252,0.100237,-0.123583,-0.001262,-0.002299,-0.002949
2.699397,-0.016353,0.239450,0.049120,2.718387,-0.015358,0.232451,0.049382,0.018989,0.000995,-0.006999,0.000262
3.046801,0.007345,0.184717,0.058644,3.060420,0.005852,0.191174,0.059350,0.013619,-0.001493,0.006457,0.000706
5.553523,-0.043342,0.467779,0.085170,5.550843,-0.042191,0.463394,0.086578,-0.002680,0.001151,-0.004384,0.001407
3.044958,-0.021283,0.350344,0.065799,3.117613,-0.021579,0.355913,0.065537,0.072655,-0.000296,0.005569,-0.000261
2.723544,-0.002001,0.168620,0.053037,2.702519,-0.004206,0.170076,0.052526,-0.021025,-0.002205,0.001456,-0.000512
2.283014,-0.034176,0.216425,0.035412,2.239444,-0.034585,0.220599,0.036484,-0.043570,-0.000409,0.004174,0.001072
4.913546,-0.000082,0.232868,0.081401,4.835618,-0.002771,0.236332,0.080283,-0.077928,-0.002689,0.003465,-0.001117
5.215336,-0.026494,0.433726,0.093057,5.043368,-0.026442,0.419299,0.090925,-0.171968,0.000052,-0.014427,-0.002132
4.046135,-0.022317,0.424565,0.072069,3.992094,-0.023829,0.415556,0.070993,-0.054041,-0.001512,-0.009009,-0.001076
3.356918,-0.010178,0.432124,0.066961,3.409610,-0.009492,0.425640,0.067021,0.052691,0.000685,-0.006484,0.000060
3.577073,-0.012379,0.341166,0.062020,3.543192,-0.011675,0.335618,0.060631,-0.033880,0.000704,-0.005547,-0.001389
4.797994,-0.017668,0.501240,0.094380,4.804147,-0.016868,0.502515,0.094050,0.006153,0.000800,0.001276,-0.000330
3.756910,-0.012249,0.434342,0.068846,3.681061,-0.011460,0.429786,0.067878,-0.075849,0.000790,-0.004555,-0.000968
4.680439,-0.009212,0.224888,0.086924,4.648248,-0.013235,0.228160,0.086111,-0.032190,-0.004023,0.003272,-0.000813
4.105463,-0.009673,0.333569,0.078042,4.058873,-0.009924,0.335764,0.076794,-0.046590,-0.000250,0.002194,-0.001247
3.188360,-0.023318,0.285539,0.054043,3.236543,-0.022583,0.281952,0.054384,0.048184,0.000735,-0.003587,0.000341
5.436924,-0.043535,0.477385,0.082014,5.387492,-0.045289,0.460488,0.082669,-0.049432,-0.001753,-0.016897,0.000655
2.601808,-0.009954,0.185470,0.040417,2.561627,-0.010546,0.186650,0.040561,-0.040181,-0.000592,0.001179,0.000144
3.448875,0.011157,0.167385,0.070567,3.415552,0.009397,0.167678,0.069684,-0.033323,-0.001761,0.000293,-0.000883
2.226585,-0.012274,0.130335,0.041371,2.204811,-0.014387,0.130368,0.040468,-0.021775,-0.002113,0.000033,-0.000903
5.003343,-0.024141,0.439408,0.086486,4.917897,-0.024949,0.435466,0.085630,-0.085445,-0.000808,-0.003942,-0.000856
3.917250,-0.021297,0.277081,0.060916,3.921762,-0.023109,0.283498,0.061943,0.004512,-0.001812,0.006417,0.001027
4.933751,-0.020637,0.424990,0.096722,4.948289,-0.026515,0.439166,0.097018,0.014538,-0.005878,0.014175,0.000296
3.626524,-0.016973,0.252843,0.061828,3.630997,-0.013003,0.262005,0.061513,0.004473,0.003970,0.009161,-0.000315
5.950395,0.013704,0.293592,0.112343,5.859314,0.017336,0.290665,0.111501,-0.091081,0.003631,-0.002927,-0.000842
4.970285,-0.007060,0.414204,0.090316,4.887750,-0.006073,0.413547,0.090448,-0.082536,0.000987,-0.000657,0.000132
2.029219,-0.013118,0.140973,0.031118,2.000015,-0.014235,0.147124,0.031648,-0.029205,-0.001118,0.006151,0.000531
2.689383,-0.004835,0.253473,0.050685,2.711845,-0.005212,0.252154,0.050482,0.022462,-0.000377,-0.001319,-0.000203
7.074929,-0.004942,0.471237,0.132586,6.907353,-0.007993,0.461254,0.129817,-0.167576,-0.003051,-0.009983,-0.002769
6.485979,-0.048457,0.552169,0.099360,6.302141,-0.048193,0.534157,0.097338,-0.183838,0.000264,-0.018012,-0.002023
6.074277,-0.025740,0.382367,0.106244,6.015682,-0.026517,0.379087,0.105863,-0.058595,-0.000778,-0.003280,-0.000381
3.805181,0.007487,0.159258,0.069073,3.812811,0.006214,0.165898,0.068911,0.007630,-0.001273,0.006641,-0.000162
5.962608,-0.019509,0.551295,0.102164,5.915941,-0.023926,0.535594,0.101702,-0.046667,-0.004417,-0.015701,-0.000462
3.555868,-0.004804,0.363694,0.065911,3.567738,-0.006893,0.363381,0.066062,0.011871,-0.002089,-0.000313,0.000151
3.107115,-0.009907,0.280075,0.054271,3.113578,-0.011763,0.283389,0.054753,0.006463,-0.001856,0.003315,0.000482
3.871418,-0.017662,0.343675,0.061636,3.843320,-0.019226,0.347260,0.062348,-0.028099,-0.001564,0.003585,0.000713
5.939371,-0.000263,0.418761,0.116401,5.975908,-0.003906,0.408933,0.115959,0.036537,-0.003643,-0.009828,-0.000442
1.967371,-0.001609,0.144539,0.029755,1.933677,-0.003046,0.143601,0.029189,-0.033694,-0.001437,-0.000938,-0.000566
3.325424,-0.013842,0.273451,0.063745,3.360900,-0.008589,0.275016,0.063624,0.035476,0.005254,0.001565,-0.000121
6.533283,-0.024492,0.603095,0.110069,6.457441,-0.024733,0.585449,0.109854,-0.075841,-0.000242,-0.017646,-0.000215
3.990841,-0.005778,0.314513,0.067174,3.968526,-0.007279,0.319589,0.066981,-0.022315,-0.001501,0.005075,-0.000193
2.171002,-0.030556,0.158416,0.033112,2.159993,-0.028380,0.157778,0.032974,-0.011009,0.002176,-0.000638,-0.000138
2.692038,-0.016565,0.207190,0.042783,2.701534,-0.015559,0.205322,0.043428,0.009496,0.001006,-0.001867,0.000645
7.190227,-0.045645,0.510874,0.112992,7.119638,-0.045203,0.509230,0.112431,-0.070588,0.000443,-0.001643,-0.000561
4.834598,-0.016074,0.240400,0.068660,4.778369,-0.014069,0.240305,0.068198,-0.056229,0.002004,-0.000094,-0.000462
2.102541,-0.015263,0.119380,0.035000,2.069166,-0.016347,0.118623,0.035217,-0.033376,-0.001083,-0.000757,0.000217
3.012715,-0.013181,0.312054,0.047893,3.011233,-0.015513,0.308054,0.047282,-0.001482,-0.002333,-0.004000,-0.000611
3.799105,-0.011810,0.373506,0.061939,3.793253,-0.013930,0.372315,0.061980,-0.005853,-0.002120,-0.001191,0.000041
3.076933,-0.019533,0.258094,0.058546,3.083625,-0.018418,0.258772,0.058882,0.006692,0.001115,0.000678,0.000336
2.513858,-0.019246,0.152156,0.049354,2.473208,-0.016532,0.150766,0.048483,-0.040650,0.002714,-0.001390,-0.000871
5.180696,-0.017483,0.378185,0.085193,5.173929,-0.019253,0.380238,0.085196,-0.006767,-0.001770,0.002053,0.000003
4.260461,-0.004952,0.346254,0.070828,4.295319,-0.004589,0.356848,0.071269,0.034858,0.000363,0.010594,0.000440
2.103672,-0.009757,0.175041,0.033835,2.084681,-0.008513,0.174017,0.033377,-0.018991,0.001243,-0.001024,-0.000458
3.260875,-0.037319,0.359179,0.058378,3.335768,-0.037942,0.359872,0.058600,0.074893,-0.000623,0.000692,0.000222
4.889585,-0.009143,0.208612,0.085681,4.828175,-0.010229,0.205579,0.084518,-0.061410,-0.001086,-0.003033,-0.001163
2.221890,-0.018496,0.155183,0.036938,2.224990,-0.019464,0.164112,0.037960,0.003100,-0.000968,0.008929,0.001023
3.237779,-0.007094,0.165407,0.051052,3.244017,-0.006351,0.169819,0.051075,0.006237,0.000743,0.004412,0.000023
3.449069,-0.007286,0.232262,0.055261,3.474806,-0.005340,0.234186,0.055276,0.025736,0.001946,0.001924,0.000016
3.745978,-0.003365,0.215951,0.067984,3.774864,-0.005098,0.220683,0.067153,0.028886,-0.001734,0.004732,-0.000831
2.150753,-0.020707,0.136568,0.032429,2.147477,-0.020582,0.138146,0.031764,-0.003275,0.000125,0.001577,-0.000665
2.012167,-0.014707,0.134215,0.042837,1.971806,-0.015896,0.137940,0.041450,-0.040361,-0.001188,0.003725,-0.001387
4.858286,-0.022216,0.235346,0.092298,4.830101,-0.025111,0.233338,0.091101,-0.028185,-0.002895,-0.002008,-0.001198
2.429823,-0.008619,0.204918,0.048558,2.470005,-0.009735,0.203150,0.049290,0.040181,-0.001115,-0.001768,0.000732
2.268270,-0.011764,0.127265,0.041468,2.223729,-0.012293,0.124399,0.040229,-0.044541,-0.000529,-0.002866,-0.001239
2.192868,-0.022536,0.122840,0.035865,2.232885,-0.022051,0.124080,0.036587,0.040017,0.000485,0.001240,0.000722
4.290119,-0.028595,0.309693,0.069680,4.339275,-0.026494,0.311516,0.069660,0.049156,0.002101,0.001824,-0.000020
6.286642,-0.009604,0.433022,0.113296,6.251313,-0.023538,0.429974,0.111774,-0.035329,-0.013934,-0.003047,-0.001521
3.051641,-0.004121,0.185753,0.058577,2.950268,-0.007495,0.185272,0.057806,-0.101372,-0.003374,-0.000481,-0.000771
5.312671,0.025602,0.225782,0.092453,5.171700,0.024339,0.227138,0.090099,-0.140971,-0.001263,0.001356,-0.002354
2.408783,-0.040143,0.248338,0.039387,2.404109,-0.041889,0.246486,0.038703,-0.004674,-0.001746,-0.001852,-0.000684
3.044740,0.000320,0.289335,0.050348,3.069536,0.000275,0.292183,0.050610,0.024796,-0.000045,0.002848,0.000262
3.069761,-0.024091,0.313756,0.052603,3.100079,-0.022555,0.310549,0.052573,0.030318,0.001536,-0.003207,-0.000030
1.731229,-0.012993,0.147454,0.035786,1.743572,-0.013563,0.151782,0.036361,0.012343,-0.000570,0.004329,0.000574
3.698999,-0.042804,0.336490,0.057991,3.740611,-0.043278,0.333184,0.058128,0.041612,-0.000474,-0.003305,0.000137
1.791272,-0.014493,0.181305,0.036644,1.815815,-0.014665,0.184392,0.037289,0.024544,-0.000172,0.003087,0.000644
2.759478,-0.019375,0.282615,0.048601,2.792058,-0.017747,0.285790,0.049113,0.032579,0.001628,0.003175,0.000512
4.263505,-0.048120,0.447386,0.074619,4.215460,-0.047439,0.436545,0.073281,-0.048044,0.000681,-0.010841,-0.001338
2.427484,-0.023939,0.251829,0.045336,2.370531,-0.026552,0.245673,0.044627,-0.056953,-0.002613,-0.006155,-0.000709
2.294812,-0.004829,0.211567,0.039651,2.290708,-0.006932,0.206848,0.039652,-0.004104,-0.002103,-0.004720,0.000000
4.841698,-0.010880,0.308782,0.083626,4.890930,-0.013874,0.310025,0.084512,0.049232,-0.002994,0.001244,0.000886
3.621917,-0.003906,0.196362,0.058824,3.591744,-0.006138,0.200051,0.058318,-0.030173,-0.002232,0.003689,-0.000506
3.088522,-0.015267,0.307900,0.057212,3.079509,-0.010976,0.304693,0.057469,-0.009013,0.004291,-0.003207,0.000257
6.914337,-0.021040,0.470292,0.122156,6.860872,-0.022403,0.463554,0.122280,-0.053464,-0.001363,-0.006738,0.000123
3.083515,-0.011770,0.274662,0.049025,3.133149,-0.010272,0.276349,0.050125,0.049634,0.001498,0.001687,0.001100
2.630361,-0.006327,0.245752,0.048968,2.562290,-0.002727,0.246684,0.048654,-0.068071,0.003600,0.000932,-0.000314
3.921223,-0.010993,0.310822,0.059456,3.847037,-0.013397,0.314879,0.058828,-0.074186,-0.002405,0.004057,-0.000628
2.568775,-0.013875,0.291180,0.054155,2.556080,-0.014552,0.296050,0.053797,-0.012696,-0.000676,0.004871,-0.000358
2.260802,-0.002696,0.173501,0.038359,2.220509,-0.004400,0.172851,0.038871,-0.040293,-0.001705,-0.000650,0.000512
2.942336,0.003101,0.157808,0.050065,3.035041,0.000277,0.168222,0.050947,0.092705,-0.002825,0.010414,0.000883
2.274720,-0.004899,0.181513,0.036589,2.288260,-0.008332,0.186184,0.037689,0.013540,-0.003433,0.004671,0.001099
6.012516,-0.008706,0.430412,0.085648,5.932930,-0.007346,0.426118,0.085125,-0.079585,0.001360,-0.004294,-0.000523
3.052940,-0.012760,0.285401,0.052659,2.996371,-0.010677,0.283240,0.052125,-0.056569,0.002083,-0.002161,-0.000534
5.192096,0.001863,0.400848,0.082089,5.139089,-0.001100,0.401551,0.081973,-0.053007,-0.002963,0.000702,-0.000116
3.527727,-0.028810,0.388569,0.062311,3.500928,-0.031554,0.387013,0.061926,-0.026799,-0.002744,-0.001556,-0.000385
3.623574,-0.026988,0.276822,0.056907,3.540050,-0.026461,0.268264,0.057113,-0.083524,0.000527,-0.008558,0.000206
3.393489,-0.005036,0.314710,0.057703,3.378793,-0.008086,0.313667,0.057971,-0.014696,-0.003050,-0.001043,0.000268
3.546160,-0.009965,0.343829,0.060252,3.564006,-0.007396,0.339185,0.060468,0.017846,0.002568,-0.004644,0.000216
4.826065,-0.025328,0.412394,0.086213,4.805645,-0.025882,0.412435,0.086238,-0.020420,-0.000554,0.000041,0.000024
2.928900,-0.016997,0.237067,0.050998,2.884610,-0.018277,0.233518,0.050736,-0.044289,-0.001281,-0.003550,-0.000262
6.735747,0.006599,0.468635,0.100851,6.600113,0.003936,0.465396,0.100505,-0.135634,-0.002662,-0.003239,-0.000346
3.956721,-0.018310,0.331206,0.073113,3.990402,-0.020438,0.335761,0.074309,0.033680,-0.002128,0.004555,0.001197
3.564503,-0.025996,0.314394,0.064544,3.551662,-0.027343,0.313495,0.064849,-0.012841,-0.001347,-0.000899,0.000305
3.150598,0.002432,0.346201,0.057768,3.182807,-0.002469,0.344311,0.058169,0.032208,-0.004901,-0.001890,0.000401
3.463045,-0.007988,0.275150,0.050988,3.441730,-0.009959,0.273962,0.050471,-0.021315,-0.001971,-0.001188,-0.000517
4.505704,0.019812,0.204114,0.080628,4.523348,0.020278,0.203348,0.079983,0.017644,0.000466,-0.000766,-0.000645
4.908889,-0.003250,0.280296,0.081404,4.907100,-0.003199,0.282068,0.080215,-0.001789,0.000052,0.001771,-0.001189
3.249598,-0.016252,0.269526,0.061579,3.244474,-0.014149,0.264537,0.061209,-0.005124,0.002103,-0.004990,-0.000370
4.984194,-0.005168,0.427807,0.095441,4.953570,-0.001218,0.413874,0.094171,-0.030623,0.003950,-0.013933,-0.001269
4.594106,0.005246,0.186838,0.075585,4.599755,0.003145,0.188203,0.075171,0.005649,-0.002101,0.001365,-0.000414
2.687940,-0.064743,0.257867,0.042629,2.645642,-0.059583,0.266260,0.043495,-0.042297,0.005161,0.008393,0.000866
1.972289,-0.008010,0.104179,0.032587,1.955142,-0.010108,0.106048,0.032698,-0.017147,-0.002098,0.001869,0.000110
2.332387,0.001141,0.142333,0.047591,2.306786,-0.000830,0.144921,0.047785,-0.025601,-0.001971,0.002588,0.000194
4.861235,-0.016860,0.328108,0.083962,4.901011,-0.019769,0.318595,0.082950,0.039776,-0.002910,-0.009513,-0.001012
5.692197,-0.018509,0.253508,0.098278,5.639836,-0.009357,0.257415,0.098349,-0.052361,0.009153,0.003906,0.000071
5.078841,-0.034556,0.389250,0.077506,4.980478,-0.033931,0.384676,0.076598,-0.098363,0.000626,-0.004574,-0.000908
2.942647,-0.021824,0.320964,0.047516,2.971556,-0.020353,0.316966,0.047063,0.028910,0.001472,-0.003997,-0.000453
5.520271,-0.001601,0.389020,0.087597,5.533969,-0.004085,0.390515,0.085822,0.013698,-0.002483,0.001495,-0.001775
5.918695,-0.007131,0.291004,0.102048,5.744761,-0.008584,0.285996,0.098281,-0.173934,-0.001453,-0.005008,-0.003767
3.618041,0.009941,0.172147,0.072089,3.670997,0.009651,0.172540,0.071569,0.052956,-0.000290,0.000393,-0.000519
5.017543,-0.012901,0.383291,0.086472,5.037583,-0.013922,0.383768,0.085852,0.020040,-0.001021,0.000477,-0.000620
3.297988,-0.019752,0.388389,0.061138,3.389359,-0.019218,0.386416,0.060982,0.091371,0.000534,-0.001973,-0.000155
2.714510,-0.010456,0.256286,0.050838,2.635326,-0.007616,0.254671,0.050839,-0.079184,0.002841,-0.001615,0.000002
3.770396,-0.011530,0.359641,0.066134,3.751086,-0.017470,0.362548,0.066279,-0.019310,-0.005939,0.002907,0.000146
4.100842,-0.016685,0.196696,0.075247,4.091948,-0.009963,0.199846,0.074749,-0.008893,0.006722,0.003150,-0.000498
3.763472,-0.013347,0.310176,0.070737,3.712625,-0.015370,0.310501,0.069568,-0.050847,-0.002023,0.000325,-0.001169
2.641168,-0.008161,0.230709,0.040019,2.613905,-0.006653,0.228668,0.040023,-0.027263,0.001508,-0.002040,0.000004
2.177993,-0.018466,0.168852,0.036950,2.138479,-0.020150,0.167319,0.037443,-0.039513,-0.001684,-0.001533,0.000493
2.303881,-0.007367,0.178292,0.031339,2.257793,-0.007131,0.180003,0.030812,-0.046088,0.000236,0.001710,-0.000526
3.415969,-0.019277,0.359164,0.057591,3.442770,-0.019389,0.363905,0.057408,0.026800,-0.000113,0.004741,-0.000184
2.950086,-0.017724,0.269876,0.050412,2.910269,-0.018179,0.266089,0.049146,-0.039817,-0.000455,-0.003787,-0.001266
2.898344,-0.006206,0.277372,0.047635,2.919243,-0.006820,0.280812,0.047544,0.020899,-0.000614,0.003440,-0.000091
2.304834,-0.002273,0.198087,0.046409,2.310794,-0.002475,0.191908,0.046456,0.005959,-0.000201,-0.006179,0.000047
2.548200,-0.011465,0.258915,0.042708,2.551159,-0.009361,0.262162,0.042098,0.002959,0.002104,0.003247,-0.000610
6.072929,-0.015979,0.439921,0.109124,5.969920,-0.019706,0.422000,0.107481,-0.103009,-0.003727,-0.017922,-0.001643
5.107769,-0.009624,0.308224,0.075325,5.004438,-0.008966,0.310595,0.074250,-0.103332,0.000658,0.002371,-0.001074
3.395632,0.004316,0.221699,0.065278,3.367599,0.003875,0.218367,0.065170,-0.028033,-0.000441,-0.003332,-0.000108
5.405344,-0.028012,0.337591,0.090452,5.382712,-0.027772,0.343972,0.091212,-0.022631,0.000240,0.006382,0.000760
5.292832,0.024779,0.210763,0.088605,5.151658,0.024946,0.208832,0.086313,-0.141174,0.000167,-0.001931,-0.002292
5.271389,0.010380,0.401909,0.081905,5.185501,0.009937,0.402318,0.080667,-0.085887,-0.000443,0.000409,-0.001238
4.493377,-0.017668,0.269939,0.082818,4.449377,-0.016516,0.268208,0.081927,-0.044000,0.001152,-0.001732,-0.000892
4.775796,-0.019149,0.338878,0.082397,4.700559,-0.024450,0.342311,0.083284,-0.075237,-0.005301,0.003433,0.000887
4.325408,-0.011565,0.322785,0.068880,4.295634,-0.014126,0.324975,0.069088,-0.029774,-0.002561,0.002190,0.000208
2.489983,-0.018195,0.213186,0.045819,2.502987,-0.016768,0.213471,0.045830,0.013004,0.001427,0.000285,0.000011
4.294333,-0.030939,0.271090,0.076980,4.320767,-0.029715,0.276574,0.076654,0.026434,0.001223,0.005484,-0.000326
4.970710,-0.045150,0.369639,0.075515,4.985317,-0.040714,0.367737,0.075749,0.014606,0.004436,-0.001902,0.000234
2.494168,-0.035831,0.201046,0.039339,2.528121,-0.037278,0.200917,0.039023,0.033953,-0.001447,-0.000129,-0.000316
4.513004,-0.025551,0.278295,0.079986,4.512982,-0.023343,0.275894,0.078793,-0.000022,0.002208,-0.002401,-0.001194
3.388020,-0.002655,0.228350,0.053804,3.404446,-0.006287,0.231720,0.054136,0.016426,-0.003632,0.003370,0.000332
4.664102,0.009471,0.339850,0.082832,4.566568,0.009531,0.332086,0.081772,-0.097533,0.000060,-0.007765,-0.001059
2.566447,-0.001350,0.217770,0.041798,2.639329,-0.002314,0.212868,0.042575,0.072882,-0.000964,-0.004903,0.000777
5.061507,-0.026821,0.389307,0.078963,4.987892,-0.028982,0.384295,0.077592,-0.073615,-0.002160,-0.005012,-0.001371
3.387108,0.001641,0.227331,0.050960,3.320701,0.000153,0.223633,0.051040,-0.066407,-0.001487,-0.003698,0.000080
3.779796,-0.008769,0.174061,0.054970,3.769046,-0.008630,0.177393,0.054986,-0.010750,0.000139,0.003332,0.000016
5.932376,0.004076,0.285085,0.115565,5.917041,0.008567,0.289906,0.115252,-0.015336,0.004491,0.004821,-0.000313
6.954255,0.000358,0.657532,0.127140,6.895999,0.001073,0.658875,0.124829,-0.058256,0.000715,0.001343,-0.002311
4.067411,-0.017141,0.344368,0.074978,4.090718,-0.014909,0.347231,0.074635,0.023307,0.002232,0.002864,-0.000344
3.558561,-0.000928,0.354846,0.059367,3.545202,-0.003243,0.362463,0.059377,-0.013359,-0.002315,0.007617,0.000011
3.148762,-0.000132,0.247356,0.046990,3.137973,0.000950,0.250726,0.047811,-0.010789,0.001082,0.003370,0.000821
2.845734,-0.017791,0.304296,0.052641,2.852560,-0.018462,0.302443,0.053405,0.006826,-0.000671,-0.001853,0.000764
4.184400,-0.025092,0.190546,0.069770,4.189067,-0.022077,0.192851,0.069794,0.004667,0.003015,0.002305,0.000025
4.347619,0.006049,0.240200,0.069707,4.322390,0.005927,0.241790,0.069903,-0.025229,-0.000122,0.001590,0.000196
1.904166,-0.011432,0.117782,0.038251,1.873364,-0.011629,0.122314,0.037004,-0.030802,-0.000197,0.004532,-0.001247
4.798045,-0.008625,0.348993,0.081252,4.840069,-0.013583,0.356433,0.082592,0.042024,-0.004958,0.007440,0.001340
4.172926,-0.022796,0.274691,0.064708,4.114780,-0.019220,0.274685,0.063911,-0.058146,0.003576,-0.000006,-0.000796
4.991980,-0.006249,0.228600,0.089218,4.993650,-0.004260,0.226241,0.088541,0.001670,0.001990,-0.002360,-0.000676
3.721277,-0.039902,0.381635,0.058522,3.705433,-0.040503,0.382324,0.058775,-0.015844,-0.000601,0.000689,0.000253
2.800014,-0.019146,0.229417,0.042794,2.792451,-0.020433,0.226922,0.041825,-0.007564,-0.001287,-0.002495,-0.000968
4.892039,0.001955,0.235283,0.089229,4.899146,0.001488,0.231460,0.088470,0.007107,-0.000467,-0.003823,-0.000759
5.859328,0.001444,0.401459,0.092825,5.779340,0.001219,0.398393,0.090660,-0.079988,-0.000225,-0.003065,-0.002164
4.545568,-0.034269,0.241569,0.069204,4.495055,-0.034217,0.246846,0.069857,-0.050513,0.000052,0.005277,0.000653
6.019792,-0.010218,0.570067,0.104223,5.915804,-0.012128,0.563714,0.102892,-0.103988,-0.001909,-0.006354,-0.001331
5.514177,-0.022872,0.443742,0.089153,5.534480,-0.023310,0.446217,0.089316,0.020303,-0.000438,0.002475,0.000163
6.733225,0.000173,0.313558,0.123811,6.695543,0.002556,0.320126,0.122191,-0.037682,0.002383,0.006568,-0.001621
5.907475,0.020849,0.378142,0.097071,5.887686,0.020394,0.388520,0.097134,-0.019788,-0.000455,0.010378,0.000063
3.346373,0.005424,0.252156,0.062019,3.352522,0.006384,0.249762,0.061655,0.006149,0.000960,-0.002394,-0.000364
3.828259,-0.000018,0.247040,0.065710,3.766328,0.002098,0.241777,0.065322,-0.061931,0.002116,-0.005263,-0.000388
5.200984,0.012310,0.304796,0.088389,5.092273,0.011050,0.297845,0.086494,-0.108711,-0.001260,-0.006952,-0.001895
1.865950,-0.022153,0.147192,0.029208,1.872418,-0.024250,0.146406,0.028859,0.006468,-0.002097,-0.000786,-0.000349
2.096984,-0.013872,0.119832,0.037884,2.094403,-0.013059,0.117875,0.037345,-0.002581,0.000813,-0.001957,-0.000539
3.405758,-0.014096,0.284066,0.065570,3.400147,-0.013083,0.281062,0.065716,-0.005610,0.001013,-0.003003,0.000146
2.016734,-0.013634,0.181682,0.031922,1.974335,-0.014696,0.180682,0.032180,-0.042399,-0.001062,-0.001000,0.000257
3.971422,-0.001836,0.436783,0.077741,3.878592,-0.003236,0.426749,0.076170,-0.092830,-0.001400,-0.010034,-0.001571
6.119582,-0.027036,0.420020,0.114577,6.032475,-0.028617,0.404598,0.114503,-0.087106,-0.001581,-0.015421,-0.000074
4.311785,-0.051676,0.360689,0.080328,4.254596,-0.040613,0.348886,0.078838,-0.057189,0.011063,-0.011803,-0.001491
3.239362,-0.008993,0.358828,0.065088,3.266480,-0.013018,0.366902,0.064787,0.027118,-0.004025,0.008074,-0.000301
2.675832,-0.010623,0.278859,0.051844,2.633528,-0.011402,0.267999,0.051563,-0.042304,-0.000778,-0.010861,-0.000281
3.189684,-0.013561,0.325920,0.058437,3.240573,-0.013416,0.325801,0.058402,0.050889,0.000145,-0.000119,-0.000036
2.184128,-0.014187,0.163372,0.032931,2.226479,-0.015573,0.164298,0.032102,0.042351,-0.001386,0.000926,-0.000829
6.021542,-0.011033,0.351612,0.080113,5.816162,-0.009232,0.355998,0.079566,-0.205380,0.001801,0.004386,-0.000547
5.191492,-0.004422,0.498395,0.094466,5.190995,-0.007729,0.492826,0.094105,-0.000497,-0.003307,-0.005569,-0.000361
5.433630,-0.014849,0.336533,0.098143,5.362228,-0.013827,0.335053,0.096626,-0.071402,0.001022,-0.001481,-0.001518
3.415827,-0.024556,0.275088,0.055177,3.400030,-0.023273,0.268750,0.055038,-0.015797,0.001282,-0.006338,-0.000140
5.518589,-0.007165,0.391971,0.086075,5.459535,-0.007135,0.388215,0.084294,-0.059053,0.000030,-0.003755,-0.001781
3.264241,-0.010988,0.174840,0.048301,3.223658,-0.012503,0.179308,0.048840,-0.040583,-0.001515,0.004468,0.000539
4.104383,-0.009447,0.198927,0.069040,4.138762,-0.010853,0.199439,0.069172,0.034379,-0.001406,0.000512,0.000132
2.477736,-0.014000,0.232691,0.041398,2.469850,-0.015927,0.235655,0.041129,-0.007886,-0.001927,0.002964,-0.000270
4.169745,0.015739,0.168532,0.066708,4.177800,0.012920,0.172930,0.067814,0.008055,-0.002818,0.004398,0.001106
4.379097,0.001589,0.437779,0.081826,4.305852,0.000701,0.433465,0.080382,-0.073245,-0.000888,-0.004314,-0.001444
3.617719,-0.010873,0.204376,0.062077,3.639941,-0.007527,0.205061,0.062458,0.022222,0.003345,0.000685,0.000381
3.485517,-0.017151,0.237530,0.064797,3.460413,-0.017425,0.231647,0.064396,-0.025104,-0.000275,-0.005883,-0.000401
3.532673,-0.030277,0.297003,0.070891,3.546732,-0.028347,0.295789,0.070595,0.014059,0.001930,-0.001215,-0.000296
3.968918,0.028046,0.180451,0.069641,3.954720,0.025398,0.184726,0.069687,-0.014197,-0.002647,0.004276,0.000047
1.949460,-0.007990,0.136452,0.033469,1.962003,-0.008473,0.138082,0.033204,0.012543,-0.000483,0.001630,-0.000265
5.147490,-0.011716,0.395874,0.078034,5.087819,-0.007855,0.387569,0.077057,-0.059670,0.003861,-0.008305,-0.000977
2.116426,-0.007436,0.141401,0.035413,2.102659,-0.006629,0.139645,0.035143,-0.013766,0.000807,-0.001757,-0.000270
2.726335,0.000420,0.284985,0.054897,2.777520,-0.001110,0.285803,0.054721,0.051185,-0.001530,0.000818,-0.000176
3.810784,-0.001578,0.211829,0.071264,3.791334,0.000410,0.218806,0.070853,-0.019450,0.001989,0.006977,-0.000411
3.400511,-0.028348,0.293549,0.066643,3.486828,-0.029284,0.295479,0.066475,0.086317,-0.000936,0.001929,-0.000169
4.461014,0.008762,0.266778,0.077352,4.458210,0.004635,0.266056,0.077003,-0.002804,-0.004127,-0.000722,-0.000349
4.551959,-0.023525,0.337943,0.079321,4.570535,-0.021562,0.339784,0.078162,0.018577,0.001963,0.001840,-0.001159
4.313327,-0.054272,0.350318,0.063637,4.316159,-0.054798,0.355544,0.062984,0.002832,-0.000526,0.005225,-0.000653
2.690834,-0.000093,0.209078,0.051190,2.688514,-0.001245,0.207053,0.050752,-0.002321,-0.001152,-0.002025,-0.000438
2.094876,-0.005350,0.170653,0.035553,2.061204,-0.005796,0.165360,0.034585,-0.033672,-0.000446,-0.005292,-0.000967
2.546727,-0.018054,0.166090,0.051552,2.521396,-0.016461,0.165539,0.051127,-0.025331,0.001593,-0.000551,-0.000425
4.629213,-0.008144,0.326933,0.080866,4.649644,-0.013698,0.337373,0.080926,0.020431,-0.005554,0.010439,0.000060
2.822906,0.009066,0.147018,0.047077,2.889360,0.006279,0.149155,0.048131,0.066453,-0.002787,0.002137,0.001055
2.209953,-0.018795,0.172950,0.039065,2.219401,-0.020079,0.176317,0.039094,0.009449,-0.001284,0.003367,0.000029
5.380070,0.002477,0.240935,0.090071,5.306094,-0.002903,0.241636,0.089811,-0.073977,-0.005380,0.000701,-0.000260
6.165917,-0.013058,0.465149,0.105671,6.090278,-0.007816,0.462769,0.103764,-0.075639,0.005242,-0.002380,-0.001907
2.114610,-0.011685,0.122097,0.041723,2.052545,-0.010662,0.125604,0.040327,-0.062065,0.001023,0.003507,-0.001396
2.199761,-0.007656,0.192146,0.044089,2.204593,-0.004753,0.184633,0.044582,0.004833,0.002903,-0.007513,0.000493
3.869428,0.012299,0.172558,0.072445,3.891908,0.008739,0.174739,0.072056,0.022480,-0.003560,0.002181,-0.000389
4.079981,-0.018455,0.366700,0.079793,4.008173,-0.016636,0.355368,0.079500,-0.071807,0.001819,-0.011332,-0.000293
3.256515,0.006806,0.194245,0.063873,3.277293,0.008347,0.196360,0.063354,0.020779,0.001541,0.002115,-0.000518
2.320972,-0.000744,0.159460,0.037087,2.311183,-0.002052,0.159953,0.037427,-0.009789,-0.001308,0.000493,0.000340
2.297048,-0.002978,0.232082,0.045244,2.273077,-0.005527,0.233517,0.044555,-0.023971,-0.002549,0.001435,-0.000690
3.824158,-0.022667,0.351236,0.057935,3.783746,-0.022980,0.340455,0.058973,-0.040412,-0.000313,-0.010781,0.001038
2.789628,-0.007340,0.191211,0.046360,2.745945,-0.006462,0.192229,0.045714,-0.043683,0.000878,0.001018,-0.000646
5.954406,0.001932,0.371348,0.104535,5.892042,-0.001338,0.366458,0.103482,-0.062364,-0.003270,-0.004890,-0.001053
3.756013,-0.004572,0.161009,0.063717,3.763971,-0.005609,0.165798,0.063178,0.007958,-0.001038,0.004789,-0.000539
5.447460,-0.026197,0.289354,0.082944,5.390491,-0.025517,0.292382,0.083433,-0.056969,0.000680,0.003028,0.000488
4.816243,-0.017515,0.404703,0.074261,4.841878,-0.018293,0.405108,0.074616,0.025635,-0.000779,0.000404,0.000354
3.491713,0.008052,0.168413,0.071488,3.462826,0.009627,0.169194,0.070986,-0.028888,0.001575,0.000782,-0.000502
4.824387,-0.037953,0.350683,0.069633,4.757073,-0.037172,0.353421,0.069411,-0.067314,0.000780,0.002738,-0.000222
3.177699,-0.014773,0.247893,0.054338,3.204739,-0.017481,0.247485,0.054250,0.027040,-0.002707,-0.000408,-0.000088
5.951287,0.000485,0.366380,0.105239,5.947491,0.000664,0.364816,0.104008,-0.003797,0.000179,-0.001564,-0.001231
5.352766,-0.019841,0.436280,0.092917,5.268027,-0.018677,0.429550,0.092796,-0.084739,0.001163,-0.006729,-0.000121
6.635251,0.004307,0.325744,0.119311,6.575109,0.003073,0.318094,0.118395,-0.060142,-0.001234,-0.007650,-0.000917
5.294102,0.017176,0.395775,0.096670,5.301459,0.012910,0.397872,0.097503,0.007358,-0.004266,0.002097,0.000833
3.548083,-0.006828,0.223133,0.064741,3.520034,-0.004984,0.222398,0.064793,-0.028048,0.001844,-0.000735,0.000052
6.777190,0.001443,0.415996,0.122260,6.780020,0.001577,0.418240,0.121346,0.002830,0.000134,0.002245,-0.000914
2.250706,-0.034637,0.197273,0.036160,2.247449,-0.038348,0.200278,0.035255,-0.003257,-0.003711,0.003005,-0.000906
4.282315,-0.002867,0.222651,0.061084,4.280165,-0.005881,0.222473,0.062217,-0.002150,-0.003014,-0.000178,0.001132
6.978925,0.008228,0.298809,0.120866,6.920911,0.013130,0.293795,0.120080,-0.058014,0.004903,-0.005015,-0.000786
3.127317,-0.032811,0.363473,0.052423,3.247226,-0.032024,0.351452,0.052578,0.119909,0.000787,-0.012021,0.000155
3.131213,-0.015014,0.261676,0.045433,3.092746,-0.013389,0.255907,0.045937,-0.038467,0.001625,-0.005769,0.000504
2.359990,-0.006283,0.223019,0.038053,2.355102,-0.006174,0.220767,0.037681,-0.004888,0.000109,-0.002252,-0.000371
5.733173,-0.014572,0.363102,0.102713,5.674111,-0.018254,0.363117,0.101651,-0.059062,-0.003681,0.000015,-0.001062
5.567728,-0.001754,0.402260,0.111478,5.500797,0.000264,0.402655,0.109448,-0.066931,0.002019,0.000396,-0.002030
4.965953,-0.026143,0.321906,0.073506,4.984175,-0.024442,0.319874,0.073728,0.018222,0.001701,-0.002032,0.000222
5.117204,-0.019644,0.347531,0.095085,5.103981,-0.016701,0.346260,0.094785,-0.013223,0.002943,-0.001271,-0.000300
6.048665,-0.042865,0.470324,0.100780,6.075902,-0.042909,0.464533,0.101339,0.027236,-0.000043,-0.005791,0.000560
6.141291,-0.035136,0.474893,0.102895,6.121410,-0.037909,0.475087,0.103306,-0.019881,-0.002773,0.000194,0.000410
1.817454,-0.016129,0.158648,0.035594,1.845722,-0.014421,0.156468,0.035366,0.028269,0.001708,-0.002180,-0.000228
4.168010,0.004656,0.233173,0.068737,4.200101,0.004795,0.235540,0.068245,0.032091,0.000139,0.002367,-0.000493
6.222330,0.000673,0.465795,0.095745,6.056036,0.000310,0.455656,0.093877,-0.166293,-0.000363,-0.010139,-0.001868
4.946239,-0.011561,0.309748,0.076985,4.875263,-0.011256,0.300557,0.075668,-0.070976,0.000305,-0.009191,-0.001317
3.505233,-0.012509,0.252215,0.058300,3.481130,-0.012657,0.257355,0.057783,-0.024104,-0.000148,0.005140,-0.000517
3.466024,-0.028267,0.323507,0.051645,3.470918,-0.026180,0.314473,0.052637,0.004893,0.002087,-0.009033,0.000993
1.828984,-0.004091,0.094055,0.030766,1.797453,-0.002578,0.087876,0.030549,-0.031531,0.001513,-0.006178,-0.000217
5.574007,-0.012584,0.402891,0.095503,5.628014,-0.017999,0.412373,0.096659,0.054007,-0.005416,0.009482,0.001156
5.784892,0.018168,0.237973,0.100941,5.691493,0.019626,0.232411,0.098369,-0.093399,0.001458,-0.005562,-0.002572
5.274282,-0.023541,0.366864,0.081002,5.255412,-0.025713,0.371723,0.080921,-0.018871,-0.002172,0.004859,-0.000081
3.871328,-0.029402,0.372287,0.078931,3.924865,-0.030323,0.375476,0.079844,0.053537,-0.000921,0.003189,0.000913
4.461521,-0.041259,0.442612,0.079083,4.449559,-0.043864,0.442339,0.080028,-0.011961,-0.002604,-0.000272,0.000945
1.902189,-0.011314,0.157833,0.036559,1.896551,-0.012779,0.155780,0.036308,-0.005638,-0.001466,-0.002053,-0.000251
4.661973,0.004866,0.352129,0.079279,4.571980,0.006164,0.345747,0.078301,-0.089993,0.001297,-0.006382,-0.000978
3.838159,-0.007284,0.406539,0.065781,3.853529,-0.007206,0.406179,0.065939,0.015370,0.000078,-0.000359,0.000159
6.132401,-0.015065,0.422451,0.099401,6.110971,-0.017324,0.425671,0.099248,-0.021430,-0.002259,0.003219,-0.000153
6.161302,-0.000026,0.283595,0.120777,6.145536,0.000104,0.297516,0.119590,-0.015765,0.000130,0.013922,-0.001186
3.596626,-0.009181,0.191642,0.057581,3.582186,-0.005219,0.198626,0.057851,-0.014440,0.003962,0.006984,0.000270
3.243097,0.009066,0.245862,0.058810,3.229605,0.006654,0.241766,0.058197,-0.013492,-0.002412,-0.004096,-0.000614
2.962670,-0.005538,0.254241,0.059561,3.034342,-0.008263,0.250986,0.059928,0.071672,-0.002725,-0.003255,0.000367
2.362186,-0.026024,0.175022,0.039178,2.356690,-0.025014,0.173889,0.039056,-0.005496,0.001011,-0.001132,-0.000122
5.427716,-0.005827,0.333360,0.080250,5.320518,-0.005436,0.329627,0.078452,-0.107199,0.000391,-0.003733,-0.001798
2.006981,-0.007619,0.119356,0.039413,2.004677,-0.008788,0.119970,0.039039,-0.002304,-0.001169,0.000614,-0.000374
4.165195,0.005224,0.334238,0.074404,4.131439,0.003000,0.334061,0.073894,-0.033756,-0.002223,-0.000177,-0.000510
5.745760,-0.019000,0.493025,0.100270,5.680125,-0.018092,0.497447,0.099877,-0.065635,0.000908,0.004422,-0.000393
3.199428,-0.020195,0.346618,0.056008,3.185635,-0.022844,0.347077,0.055861,-0.013793,-0.002649,0.000459,-0.000146
4.584897,0.003434,0.331225,0.077651,4.534876,0.002070,0.327504,0.077691,-0.050020,-0.001364,-0.003721,0.000040
4.446021,0.003768,0.220143,0.085278,4.433229,0.004687,0.216916,0.084541,-0.012792,0.000919,-0.003227,-0.000737
4.508999,-0.038228,0.355379,0.077868,4.469571,-0.035416,0.353024,0.077465,-0.039428,0.002811,-0.002356,-0.000404
4.746269,-0.009854,0.346787,0.077693,4.697737,-0.009279,0.345654,0.078226,-0.048532,0.000575,-0.001132,0.000533
3.310692,-0.018092,0.199088,0.060402,3.282420,-0.017858,0.198406,0.059206,-0.028272,0.000234,-0.000682,-0.001197
2.097409,-0.006969,0.114869,0.040755,2.063273,-0.005469,0.118029,0.040117,-0.034135,0.001500,0.003160,-0.000637
3.658671,-0.017808,0.363438,0.062663,3.687088,-0.017630,0.364374,0.063163,0.028417,0.000177,0.000936,0.000500
3.079660,-0.013131,0.283185,0.065649,3.094868,-0.011340,0.292147,0.065734,0.015208,0.001791,0.008962,0.000086
3.844843,0.020705,0.401166,0.069764,3.838512,0.021358,0.390956,0.069712,-0.006331,0.000653,-0.010210,-0.000051
2.192919,-0.014981,0.127448,0.040780,2.208891,-0.015968,0.129317,0.040309,0.015972,-0.000987,0.001869,-0.000470
6.355693,0.002938,0.436073,0.103041,6.256440,-0.000255,0.431412,0.101213,-0.099254,-0.003194,-0.004662,-0.001828
1.895259,-0.016837,0.195661,0.031962,1.821003,-0.017342,0.190036,0.031711,-0.074257,-0.000505,-0.005625,-0.000251
3.377362,-0.018772,0.343617,0.057315,3.371962,-0.018865,0.338449,0.057178,-0.005400,-0.000092,-0.005168,-0.000137
4.548125,0.006353,0.201808,0.075485,4.504858,0.008006,0.206218,0.074843,-0.043268,0.001654,0.004410,-0.000643
2.976892,-0.006970,0.179861,0.057324,2.875887,-0.006468,0.178395,0.056259,-0.101005,0.000502,-0.001466,-0.001065
2.439303,-0.016617,0.219876,0.037064,2.422701,-0.017830,0.217561,0.036315,-0.016602,-0.001213,-0.002315,-0.000749
5.747489,0.019128,0.422506,0.103911,5.707532,0.019700,0.414665,0.103477,-0.039957,0.000572,-0.007841,-0.000435
6.134165,-0.019215,0.612027,0.116140,6.131516,-0.017721,0.622129,0.116073,-0.002649,0.001494,0.010103,-0.000067
4.063886,-0.005458,0.268432,0.066419,4.030932,-0.002744,0.267358,0.066315,-0.032954,0.002714,-0.001074,-0.000104
6.516299,0.021487,0.325425,0.123404,6.535119,0.027645,0.321833,0.121992,0.018820,0.006158,-0.003593,-0.001412
2.597306,-0.052368,0.280307,0.045507,2.605950,-0.052965,0.283191,0.046167,0.008644,-0.000597,0.002884,0.000659
5.118008,-0.040883,0.442058,0.089893,5.043550,-0.043378,0.448835,0.088707,-0.074458,-0.002494,0.006777,-0.001187
4.431853,-0.026149,0.200491,0.079704,4.483029,-0.023831,0.201462,0.079535,0.051176,0.002318,0.000971,-0.000169
3.682705,-0.014091,0.323054,0.055703,3.653111,-0.013133,0.318044,0.055940,-0.029594,0.000958,-0.005010,0.000237
6.206278,0.012939,0.389654,0.115031,6.131074,0.012218,0.379719,0.114181,-0.075204,-0.000720,-0.009935,-0.000850
5.147029,0.019810,0.337430,0.079551,5.039446,0.016452,0.331254,0.078248,-0.107583,-0.003358,-0.006175,-0.001304
2.267112,-0.019959,0.181802,0.039752,2.240269,-0.021218,0.179731,0.039587,-0.026843,-0.001259,-0.002070,-0.000165
5.473979,0.007892,0.465042,0.098452,5.419526,0.010142,0.475591,0.098414,-0.054454,0.002251,0.010549,-0.000037
5.255109,-0.034294,0.370503,0.095481,5.242317,-0.038492,0.374318,0.094873,-0.012792,-0.004198,0.003815,-0.000607
2.529659,-0.021045,0.306386,0.049801,2.537387,-0.019813,0.296630,0.049683,0.007727,0.001233,-0.009756,-0.000118
4.323679,-0.029394,0.301860,0.066479,4.408117,-0.029026,0.300829,0.066106,0.084438,0.000368,-0.001031,-0.000373
3.266658,0.007220,0.290785,0.059884,3.314969,0.007925,0.296661,0.060199,0.048311,0.000705,0.005876,0.000314
3.376709,-0.013669,0.210799,0.066117,3.307188,-0.011391,0.208633,0.064968,-0.069521,0.002278,-0.002166,-0.001149
4.103695,-0.045068,0.295503,0.060827,4.123516,-0.045071,0.302086,0.062188,0.019821,-0.000003,0.006583,0.001361
4.205967,-0.024548,0.298748,0.083669,4.231971,-0.023524,0.296216,0.083388,0.026004,0.001024,-0.002532,-0.000281
2.266047,-0.031917,0.204897,0.042058,2.294353,-0.030984,0.199413,0.041685,0.028306,0.000933,-0.005484,-0.000373
3.499566,-0.033823,0.294610,0.070424,3.501332,-0.033124,0.295805,0.070126,0.001766,0.000698,0.001196,-0.000299
4.514153,-0.017701,0.427732,0.085754,4.574445,-0.014826,0.429932,0.085490,0.060291,0.002875,0.002200,-0.000264
6.184152,-0.056628,0.533761,0.098313,6.132270,-0.052054,0.528361,0.097706,-0.051882,0.004574,-0.005400,-0.000607
3.469979,-0.010691,0.356856,0.062718,3.508557,-0.011657,0.358721,0.063540,0.038578,-0.000966,0.001864,0.000822
4.358371,-0.034283,0.372163,0.069584,4.387035,-0.036435,0.373282,0.069587,0.028665,-0.002152,0.001119,0.000003
2.460848,-0.007901,0.213726,0.040983,2.476493,-0.007398,0.213847,0.040947,0.015645,0.000503,0.000121,-0.000036
4.490208,-0.014073,0.435581,0.090792,4.472831,-0.012277,0.443645,0.087537,-0.017377,0.001796,0.008064,-0.003255
3.605027,-0.022752,0.278763,0.057880,3.550210,-0.024695,0.271689,0.057970,-0.054817,-0.001943,-0.007074,0.000090
4.335715,0.006684,0.283871,0.067254,4.317123,0.005253,0.285203,0.067079,-0.018591,-0.001431,0.001332,-0.000175
3.407725,0.012073,0.359706,0.062984,3.414453,0.013536,0.359342,0.062946,0.006728,0.001463,-0.000364,-0.000038
4.221247,0.005070,0.165417,0.062925,4.136620,0.007899,0.163365,0.062901,-0.084627,0.002828,-0.002052,-0.000024
3.970646,-0.026380,0.471860,0.071897,3.928483,-0.025410,0.471526,0.070563,-0.042163,0.000970,-0.000335,-0.001334
2.259661,-0.029336,0.170297,0.035234,2.285466,-0.029395,0.169869,0.035747,0.025805,-0.000059,-0.000428,0.000513
2.593411,-0.007498,0.148989,0.046497,2.602858,-0.006857,0.148486,0.046280,0.009447,0.000642,-0.000503,-0.000217
3.295666,-0.014395,0.184368,0.051174,3.388813,-0.016445,0.186484,0.051770,0.093147,-0.002050,0.002116,0.000596
2.700034,-0.015345,0.168258,0.046186,2.726332,-0.015815,0.169398,0.046840,0.026297,-0.000470,0.001140,0.000655
5.967134,-0.040664,0.552422,0.099367,5.936831,-0.039579,0.542040,0.098928,-0.030303,0.001084,-0.010381,-0.000439
5.342055,0.005359,0.390083,0.112116,5.296191,0.006702,0.387845,0.108640,-0.045865,0.001343,-0.002239,-0.003475
2.769657,-0.021882,0.223666,0.046189,2.776288,-0.023346,0.224546,0.046469,0.006630,-0.001463,0.000880,0.000280
2.434910,-0.002476,0.191937,0.035131,2.409856,-0.002831,0.190491,0.035337,-0.025054,-0.000354,-0.001446,0.000207
4.926742,-0.038510,0.281201,0.072738,4.917306,-0.038759,0.281357,0.072681,-0.009436,-0.000249,0.000157,-0.000056
1.625370,-0.002985,0.080504,0.027384,1.543084,-0.002209,0.078844,0.025625,-0.082286,0.000776,-0.001660,-0.001759
2.231761,-0.015225,0.121763,0.038865,2.209018,-0.014485,0.126597,0.038630,-0.022743,0.000740,0.004835,-0.000235
3.518687,-0.034749,0.324737,0.055117,3.555129,-0.034612,0.327105,0.055966,0.036441,0.000137,0.002368,0.000849
3.394703,0.001859,0.215369,0.063764,3.326066,-0.001159,0.216135,0.063442,-0.068637,-0.003018,0.000766,-0.000322
2.960152,-0.016407,0.315330,0.059814,2.998788,-0.016881,0.311129,0.059294,0.038636,-0.000474,-0.004201,-0.000520
4.033643,0.022721,0.181498,0.070946,4.047203,0.022539,0.185465,0.071191,0.013559,-0.000182,0.003967,0.000245
6.067457,-0.028025,0.496408,0.112352,6.014339,-0.025318,0.493239,0.111135,-0.053118,0.002707,-0.003169,-0.001217
3.074923,-0.006024,0.308259,0.061189,3.132030,-0.008476,0.313181,0.061309,0.057107,-0.002451,0.004922,0.000120
6.058007,0.028641,0.315315,0.109854,5.990135,0.032206,0.311150,0.109532,-0.067872,0.003565,-0.004165,-0.000323
3.163251,-0.003300,0.316180,0.058273,3.235127,-0.004035,0.315744,0.058646,0.071876,-0.000736,-0.000436,0.000372
2.220564,-0.006279,0.208654,0.040872,2.245596,-0.008227,0.208817,0.040820,0.025033,-0.001948,0.000163,-0.000051
3.032259,-0.013229,0.299564,0.056207,3.003541,-0.011579,0.296701,0.056365,-0.028718,0.001650,-0.002863,0.000158
5.072205,-0.003090,0.495736,0.096655,4.982581,-0.005365,0.485859,0.093860,-0.089624,-0.002275,-0.009877,-0.002794
3.574651,-0.014358,0.325234,0.057395,3.546095,-0.012392,0.318801,0.057446,-0.028557,0.001966,-0.006433,0.000051
2.413933,-0.008204,0.284861,0.048447,2.423725,-0.008141,0.288609,0.049251,0.009793,0.000063,0.003748,0.000804
6.290554,0.021943,0.380081,0.118097,6.256835,0.020778,0.376430,0.117026,-0.033719,-0.001166,-0.003650,-0.001071
4.050867,0.003458,0.240846,0.075062,4.021650,0.000753,0.239465,0.074200,-0.029217,-0.002705,-0.001380,-0.000862
2.349905,-0.019422,0.134045,0.044281,2.370807,-0.018298,0.139969,0.043448,0.020902,0.001124,0.005924,-0.000833
4.679976,0.034153,0.256361,0.098452,4.698427,0.028937,0.260314,0.097670,0.018451,-0.005216,0.003953,-0.000781
5.067240,-0.015626,0.417754,0.084760,5.049478,-0.015931,0.422726,0.085518,-0.017762,-0.000305,0.004973,0.000758
4.511334,-0.018397,0.216135,0.082879,4.522432,-0.020122,0.213445,0.081724,0.011098,-0.001725,-0.002690,-0.001155
2.558669,0.000956,0.147498,0.048273,2.550961,0.001821,0.147824,0.048015,-0.007708,0.000865,0.000327,-0.000257
4.598213,-0.006481,0.273798,0.074788,4.592158,-0.007676,0.268099,0.073831,-0.006055,-0.001195,-0.005699,-0.000957
3.628055,-0.030333,0.326364,0.066802,3.609553,-0.027901,0.326979,0.066212,-0.018502,0.002432,0.000615,-0.000590
2.363854,-0.015266,0.168569,0.040415,2.300511,-0.017516,0.166946,0.039124,-0.063343,-0.002249,-0.001623,-0.001291
3.064404,-0.018365,0.267086,0.048401,3.042925,-0.017891,0.261022,0.048049,-0.021478,0.000474,-0.006064,-0.000352
5.382356,0.011596,0.390476,0.090534,5.206244,0.007881,0.380714,0.089322,-0.176112,-0.003715,-0.009762,-0.001211
2.363221,-0.006921,0.241967,0.047303,2.361772,-0.006803,0.242537,0.046934,-0.001449,0.000118,0.000570,-0.000369
4.868554,-0.030202,0.435362,0.092987,4.830013,-0.027534,0.428330,0.092610,-0.038541,0.002668,-0.007032,-0.000377
2.346909,-0.004373,0.197182,0.036964,2.350228,-0.003575,0.196535,0.037563,0.003319,0.000798,-0.000647,0.000600
2.641582,-0.024201,0.225832,0.043847,2.605619,-0.021032,0.228097,0.042945,-0.035963,0.003169,0.002265,-0.000903
3.701414,0.003137,0.357947,0.060743,3.727113,0.002536,0.350357,0.060035,0.025699,-0.000601,-0.007590,-0.000709
5.507694,-0.030440,0.536638,0.112227,5.498542,-0.031642,0.523575,0.110638,-0.009152,-0.001202,-0.013063,-0.001589
4.887453,-0.020583,0.490281,0.092838,4.851860,-0.017590,0.487337,0.092100,-0.035594,0.002993,-0.002945,-0.000738
3.895458,-0.014162,0.230092,0.066708,3.914669,-0.015980,0.230900,0.066275,0.019211,-0.001818,0.000808,-0.000433
2.675235,-0.009721,0.157139,0.044911,2.656519,-0.010070,0.158438,0.045063,-0.018715,-0.000349,0.001299,0.000152
1.968385,-0.023030,0.184254,0.032032,1.991013,-0.022951,0.178818,0.031282,0.022627,0.000080,-0.005436,-0.000750
2.716817,-0.008338,0.264735,0.055487,2.724220,-0.009070,0.262327,0.056370,0.007402,-0.000732,-0.002409,0.000883
4.065430,-0.026590,0.254815,0.070989,4.084990,-0.025073,0.252402,0.070492,0.019560,0.001517,-0.002413,-0.000497
6.205808,0.021449,0.320978,0.098085,6.177582,0.019553,0.321518,0.098133,-0.028225,-0.001896,0.000541,0.000048
4.403003,-0.056386,0.385571,0.078992,4.409371,-0.053063,0.387989,0.079632,0.006368,0.003323,0.002418,0.000641
2.362850,-0.012676,0.131218,0.044201,2.338699,-0.011477,0.131125,0.043525,-0.024151,0.001200,-0.000093,-0.000676
1.846181,-0.011699,0.116009,0.036208,1.832987,-0.009603,0.120718,0.035807,-0.013195,0.002096,0.004709,-0.000401
2.641847,-0.004518,0.215654,0.050795,2.638695,-0.003669,0.210700,0.050377,-0.003152,0.000849,-0.004954,-0.000419
3.811601,-0.003698,0.153710,0.063352,3.819778,-0.003770,0.158286,0.062908,0.008177,-0.000072,0.004576,-0.000444
3.625060,0.004462,0.178130,0.068392,3.625053,0.001139,0.177900,0.068467,-0.000006,-0.003323,-0.000230,0.000075
4.440520,-0.007708,0.408974,0.068331,4.355604,-0.005911,0.422582,0.068149,-0.084917,0.001798,0.013608,-0.000182
2.699122,-0.004254,0.138999,0.046985,2.688115,-0.004073,0.140598,0.046563,-0.011007,0.000181,0.001599,-0.000422
6.882790,-0.023242,0.524386,0.116148,6.791852,-0.023215,0.522571,0.114011,-0.090937,0.000027,-0.001815,-0.002136
3.437687,-0.007533,0.301644,0.055656,3.424055,-0.007918,0.297204,0.056887,-0.013632,-0.000385,-0.004440,0.001231
4.339002,0.004995,0.226038,0.087076,4.237804,0.012383,0.218058,0.085167,-0.101198,0.007388,-0.007981,-0.001909
2.133752,-0.029989,0.172726,0.034332,2.134558,-0.028233,0.167678,0.034567,0.000806,0.001755,-0.005048,0.000236
4.164616,-0.020408,0.369428,0.061129,4.144307,-0.016700,0.370218,0.061458,-0.020308,0.003708,0.000790,0.000329
2.723212,0.004600,0.135083,0.046871,2.758131,0.002602,0.138890,0.047627,0.034919,-0.001999,0.003807,0.000756
5.831194,0.001228,0.385013,0.109150,5.763874,0.007952,0.381812,0.107524,-0.067320,0.006725,-0.003201,-0.001627
2.301579,-0.019717,0.199233,0.037155,2.232983,-0.020912,0.199629,0.036963,-0.068596,-0.001195,0.000396,-0.000191
4.884036,-0.015721,0.213028,0.073893,4.808671,-0.015716,0.212917,0.073217,-0.075365,0.000006,-0.000111,-0.000676
2.093698,0.001824,0.172908,0.037260,2.110892,0.001820,0.170106,0.036503,0.017194,-0.000004,-0.002801,-0.000757
7.064807,-0.012837,0.399155,0.113124,7.013005,-0.016042,0.404036,0.112421,-0.051803,-0.003205,0.004881,-0.000703
1.917967,-0.009912,0.087886,0.030767,1.866545,-0.007410,0.084884,0.029653,-0.051421,0.002502,-0.003002,-0.001114
3.412725,0.005289,0.162599,0.068720,3.358276,0.009959,0.164362,0.067845,-0.054450,0.004671,0.001762,-0.000875
3.392511,-0.024593,0.338339,0.068412,3.420739,-0.023700,0.334371,0.068295,0.028228,0.000893,-0.003968,-0.000117
3.770234,-0.000147,0.352105,0.066698,3.743733,-0.000711,0.354233,0.066392,-0.026501,-0.000564,0.002128,-0.000306
4.463459,0.006892,0.415579,0.071323,4.427835,0.009540,0.413681,0.071675,-0.035624,0.002648,-0.001898,0.000351
3.970195,-0.032693,0.257987,0.064296,4.009357,-0.037381,0.256807,0.064665,0.039163,-0.004688,-0.001180,0.000369
2.816438,0.002237,0.325555,0.056311,2.833215,0.002062,0.325605,0.055794,0.016777,-0.000175,0.000050,-0.000517
3.467548,-0.016869,0.248679,0.058711,3.484482,-0.016941,0.255286,0.058748,0.016933,-0.000072,0.006607,0.000037
4.298972,-0.042986,0.428377,0.085089,4.313155,-0.042309,0.424612,0.084813,0.014184,0.000677,-0.003765,-0.000276
2.791254,-0.014088,0.168713,0.038229,2.796730,-0.012871,0.175894,0.038249,0.005476,0.001217,0.007181,0.000021
5.807143,0.046093,0.312465,0.109661,5.822558,0.036344,0.296985,0.109194,0.015415,-0.009749,-0.015480,-0.000467
4.033853,-0.036358,0.328882,0.070780,4.017695,-0.038655,0.337418,0.070757,-0.016158,-0.002297,0.008537,-0.000023
2.798677,0.004994,0.228186,0.046074,2.832191,0.003323,0.224301,0.045947,0.033515,-0.001671,-0.003886,-0.000127
2.495753,-0.002794,0.233946,0.041425,2.516744,-0.003821,0.237438,0.041620,0.020991,-0.001027,0.003492,0.000195
3.488474,0.007511,0.333339,0.058726,3.492468,0.006204,0.333500,0.058571,0.003994,-0.001307,0.000161,-0.000155
4.685477,-0.020499,0.205573,0.083191,4.654774,-0.022508,0.208261,0.082713,-0.030703,-0.002010,0.002688,-0.000477
2.306863,-0.014803,0.139511,0.044393,2.230002,-0.013866,0.134910,0.043318,-0.076862,0.000937,-0.004601,-0.001075
2.036351,-0.015386,0.192189,0.034174,2.029014,-0.014360,0.191041,0.034040,-0.007337,0.001027,-0.001147,-0.000134
4.785746,-0.009524,0.407697,0.072960,4.732493,-0.011658,0.397250,0.071978,-0.053253,-0.002134,-0.010447,-0.000982
4.306152,-0.022108,0.317217,0.064561,4.307889,-0.020809,0.319509,0.064657,0.001737,0.001299,0.002293,0.000096
3.606606,0.002132,0.280750,0.068187,3.585728,0.003854,0.280675,0.067870,-0.020878,0.001722,-0.000075,-0.000317
5.882418,0.028974,0.300751,0.111129,5.823948,0.028586,0.290599,0.110283,-0.058470,-0.000388,-0.010152,-0.000846
2.668712,-0.021692,0.308832,0.048561,2.678907,-0.020356,0.311900,0.048716,0.010195,0.001336,0.003068,0.000155
6.281066,-0.012186,0.501473,0.098457,6.223681,-0.012536,0.502716,0.098466,-0.057384,-0.000350,0.001243,0.000010
2.454748,-0.028035,0.266766,0.042223,2.492704,-0.030801,0.263183,0.042627,0.037956,-0.002765,-0.003583,0.000404
4.372484,-0.010888,0.401863,0.074689,4.377151,-0.012617,0.408862,0.075699,0.004667,-0.001729,0.007000,0.001010
3.292535,-0.006217,0.285631,0.050093,3.256786,-0.007449,0.286959,0.050176,-0.035749,-0.001232,0.001328,0.000083
2.950867,-0.002152,0.294078,0.051213,2.927980,-0.004247,0.294213,0.051285,-0.022887,-0.002094,0.000135,0.000072
2.180493,-0.014482,0.205286,0.038467,2.230278,-0.014080,0.208058,0.038887,0.049784,0.000402,0.002771,0.000419
2.197121,-0.018606,0.167207,0.038552,2.182471,-0.018184,0.163628,0.038309,-0.014651,0.000422,-0.003579,-0.000243
5.268662,-0.005063,0.255480,0.096012,5.183291,-0.005999,0.253117,0.094605,-0.085371,-0.000935,-0.002363,-0.001407
6.430968,0.049444,0.368155,0.126237,6.299173,0.050129,0.331810,0.124228,-0.131794,0.000686,-0.036345,-0.002008
5.069364,-0.028012,0.384047,0.074825,5.110531,-0.027640,0.381336,0.075000,0.041167,0.000373,-0.002711,0.000174
2.284619,-0.028626,0.171779,0.035868,2.268888,-0.029615,0.170555,0.036340,-0.015731,-0.000989,-0.001225,0.000472
2.755857,-0.011524,0.288630,0.051118,2.781051,-0.014621,0.286698,0.051851,0.025194,-0.003097,-0.001932,0.000733
5.678116,-0.040459,0.471398,0.088089,5.651982,-0.038996,0.473031,0.088464,-0.026134,0.001463,0.001632,0.000375
2.945415,0.004211,0.159817,0.049429,3.008246,0.001387,0.166920,0.050052,0.062830,-0.002824,0.007103,0.000623
5.333920,-0.012678,0.411723,0.092583,5.348702,-0.018904,0.410934,0.093270,0.014782,-0.006227,-0.000789,0.000687
4.465597,-0.036005,0.295924,0.083620,4.496794,-0.034668,0.298459,0.083191,0.031197,0.001337,0.002535,-0.000429
3.239252,-0.010501,0.269488,0.062688,3.210710,-0.010824,0.263679,0.061842,-0.028542,-0.000323,-0.005810,-0.000846
2.083677,-0.010753,0.107151,0.034564,2.024395,-0.011358,0.102145,0.033601,-0.059282,-0.000605,-0.005005,-0.000963
3.527804,-0.004817,0.333212,0.059466,3.516692,-0.007952,0.328970,0.059218,-0.011112,-0.003135,-0.004242,-0.000249
3.500739,0.006756,0.136267,0.057312,3.526124,0.007809,0.139004,0.057557,0.025385,0.001053,0.002737,0.000245
5.102198,-0.007836,0.217217,0.084491,5.079456,-0.006728,0.221548,0.084379,-0.022742,0.001108,0.004331,-0.000111
4.840075,-0.041445,0.400733,0.082294,4.830949,-0.042059,0.408929,0.081711,-0.009126,-0.000614,0.008197,-0.000583
6.205730,-0.012038,0.503415,0.097263,6.104947,-0.012372,0.495920,0.095220,-0.100784,-0.000334,-0.007496,-0.002043
7.105708,0.007947,0.391136,0.141093,7.104961,0.008660,0.383529,0.139231,-0.000747,0.000713,-0.007607,-0.001861
2.030534,-0.001449,0.143234,0.036310,2.034755,-0.003676,0.141968,0.036033,0.004221,-0.002227,-0.001265,-0.000277
5.815233,0.024039,0.420174,0.106164,5.824713,0.021375,0.422949,0.105430,0.009480,-0.002665,0.002775,-0.000734
3.094630,-0.021892,0.305540,0.053782,3.099851,-0.022734,0.305989,0.054476,0.005221,-0.000843,0.000450,0.000695
3.680246,-0.005537,0.371295,0.056640,3.644531,-0.002203,0.367797,0.056348,-0.035715,0.003335,-0.003498,-0.000292
1.936745,-0.005964,0.139780,0.035088,1.948181,-0.006359,0.136616,0.034007,0.011436,-0.000395,-0.003165,-0.001082
2.612123,-0.002614,0.126160,0.042326,2.611105,-0.004641,0.128896,0.041567,-0.001018,-0.002027,0.002736,-0.000759
5.998894,-0.036596,0.432395,0.097093,5.925081,-0.037546,0.434264,0.095994,-0.073812,-0.000950,0.001869,-0.001100
2.350192,-0.028835,0.205933,0.044059,2.297763,-0.029075,0.197336,0.042896,-0.052429,-0.000240,-0.008597,-0.001163
2.535349,-0.017284,0.189179,0.044309,2.484867,-0.017116,0.188052,0.043967,-0.050482,0.000167,-0.001128,-0.000342
4.842426,-0.007772,0.359700,0.081975,4.790053,-0.004995,0.353668,0.081340,-0.052373,0.002777,-0.006032,-0.000635
5.984326,-0.012605,0.531843,0.099365,5.914553,-0.012949,0.524569,0.099360,-0.069773,-0.000344,-0.007274,-0.000006
3.374848,-0.002749,0.212269,0.061648,3.387537,-0.001355,0.211557,0.061395,0.012690,0.001394,-0.000711,-0.000252
5.550226,0.014067,0.332275,0.100453,5.524724,0.016829,0.330726,0.098880,-0.025502,0.002762,-0.001550,-0.001573
2.028531,-0.005543,0.136571,0.027878,2.045211,-0.006926,0.141558,0.027195,0.016680,-0.001383,0.004987,-0.000682
6.699955,0.020194,0.317948,0.123257,6.695318,0.018134,0.319303,0.122898,-0.004637,-0.002059,0.001355,-0.000359
5.845228,-0.019442,0.384255,0.096901,5.719000,-0.019516,0.371634,0.093834,-0.126228,-0.000075,-0.012621,-0.003067
2.731956,-0.002839,0.228617,0.054924,2.745801,-0.001263,0.227750,0.055010,0.013844,0.001577,-0.000868,0.000086
2.656053,-0.023092,0.239306,0.042711,2.692105,-0.022854,0.236238,0.042388,0.036052,0.000239,-0.003068,-0.000324
6.243330,0.004390,0.247748,0.097197,6.107030,0.002963,0.248700,0.096535,-0.136300,-0.001427,0.000952,-0.000662
3.423641,-0.011970,0.161190,0.056905,3.446455,-0.011102,0.162983,0.056196,0.022814,0.000868,0.001793,-0.000709
4.132370,-0.021576,0.316848,0.069795,4.157703,-0.027095,0.312405,0.070208,0.025333,-0.005519,-0.004443,0.000413
2.279502,-0.021219,0.210669,0.039005,2.221313,-0.023600,0.209199,0.038362,-0.058188,-0.002382,-0.001470,-0.000643
3.793880,-0.033157,0.360741,0.062729,3.806625,-0.036312,0.360192,0.062752,0.012745,-0.003155,-0.000550,0.000024
3.366515,-0.010389,0.248224,0.059466,3.316018,-0.009404,0.251388,0.058564,-0.050497,0.000984,0.003164,-0.000902
2.615762,0.004014,0.234459,0.048159,2.657758,0.003438,0.234985,0.048210,0.041996,-0.000576,0.000527,0.000052
3.418648,-0.019936,0.294556,0.057743,3.363607,-0.018113,0.292144,0.057432,-0.055041,0.001823,-0.002413,-0.000311
4.096060,-0.000278,0.327735,0.064601,4.100691,-0.001164,0.327970,0.064738,0.004632,-0.000886,0.000236,0.000138
2.259274,-0.007272,0.198771,0.045959,2.278635,-0.006704,0.192418,0.045786,0.019361,0.000568,-0.006353,-0.000173
4.906709,-0.007677,0.310652,0.078381,4.869403,-0.012556,0.304905,0.077038,-0.037306,-0.004879,-0.005748,-0.001343
6.082872,-0.016683,0.495898,0.110728,6.036938,-0.014855,0.494162,0.110789,-0.045935,0.001828,-0.001736,0.000060
4.166230,-0.007197,0.187157,0.073827,4.153474,-0.007846,0.191166,0.073335,-0.012755,-0.000649,0.004009,-0.000492
6.573155,-0.024091,0.495225,0.109672,6.520637,-0.023703,0.486939,0.109650,-0.052519,0.000388,-0.008286,-0.000022
4.795313,0.014188,0.411453,0.086572,4.821152,0.012168,0.407663,0.086479,0.025839,-0.002020,-0.003789,-0.000093
3.595943,-0.032520,0.323601,0.052738,3.541928,-0.033635,0.318550,0.052886,-0.054015,-0.001115,-0.005051,0.000148
5.724937,-0.029891,0.441939,0.081179,5.674191,-0.033226,0.435468,0.082247,-0.050745,-0.003335,-0.006471,0.001067
3.481310,-0.011576,0.432949,0.068887,3.534454,-0.009494,0.434894,0.069506,0.053144,0.002082,0.001944,0.000618
2.152395,-0.017565,0.147809,0.044723,2.097528,-0.015496,0.146847,0.043621,-0.054868,0.002068,-0.000962,-0.001101
1.948807,-0.014854,0.137184,0.032227,1.940506,-0.015125,0.136048,0.032135,-0.008301,-0.000271,-0.001136,-0.000092
2.968814,-0.031213,0.323797,0.050645,2.971474,-0.029503,0.326098,0.051032,0.002660,0.001710,0.002301,0.000387
2.208339,-0.012293,0.145116,0.036346,2.166186,-0.012335,0.149871,0.036466,-0.042154,-0.000042,0.004755,0.000120
3.803164,-0.007054,0.215507,0.071762,3.857677,-0.008331,0.218816,0.071271,0.054513,-0.001277,0.003309,-0.000491
4.906339,-0.028842,0.414494,0.081844,4.854655,-0.031394,0.439807,0.080745,-0.051684,-0.002553,0.025313,-0.001099
4.024074,-0.003857,0.180505,0.069399,4.041631,-0.003809,0.179344,0.069695,0.017557,0.000048,-0.001160,0.000295
4.522145,0.001241,0.207991,0.066553,4.529486,0.001155,0.216948,0.066571,0.007341,-0.000086,0.008957,0.000018
3.334060,-0.005749,0.293601,0.053018,3.369022,-0.008478,0.294233,0.053275,0.034962,-0.002729,0.000632,0.000257
5.233925,-0.026272,0.564293,0.109082,5.270860,-0.024207,0.553470,0.107400,0.036935,0.002065,-0.010823,-0.001683
2.476028,-0.007697,0.154311,0.034827,2.485204,-0.007916,0.159726,0.035059,0.009176,-0.000219,0.005415,0.000231
2.913718,-0.027621,0.325369,0.051728,2.913661,-0.027911,0.320104,0.051885,-0.000057,-0.000290,-0.005265,0.000157
2.769608,-0.018269,0.230976,0.049390,2.770598,-0.017246,0.228146,0.049476,0.000990,0.001024,-0.002830,0.000086
5.537172,0.020634,0.395263,0.098318,5.400990,0.020465,0.390570,0.096158,-0.136182,-0.000168,-0.004693,-0.002160
3.497503,-0.013538,0.309339,0.057343,3.531347,-0.014694,0.303615,0.058369,0.033844,-0.001156,-0.005724,0.001027
3.651238,-0.000527,0.240004,0.057640,3.647140,-0.003989,0.245253,0.058141,-0.004098,-0.003462,0.005250,0.000501
4.874924,-0.015303,0.416422,0.093719,4.803812,-0.015976,0.413100,0.091496,-0.071112,-0.000672,-0.003322,-0.002222
3.639675,-0.003919,0.223042,0.066614,3.552651,-0.004153,0.217795,0.065982,-0.087024,-0.000234,-0.005247,-0.000632
5.447647,-0.018638,0.331687,0.094586,5.439398,-0.020111,0.332836,0.094008,-0.008249,-0.001473,0.001149,-0.000577
3.016415,-0.016595,0.248737,0.045783,2.956380,-0.013253,0.248484,0.045373,-0.060035,0.003342,-0.000253,-0.000410
1.820695,-0.006229,0.106858,0.037188,1.776417,-0.005166,0.110875,0.036605,-0.044278,0.001063,0.004017,-0.000583
3.586271,-0.037961,0.324384,0.050999,3.536014,-0.031492,0.313586,0.051731,-0.050257,0.006469,-0.010798,0.000731
2.873488,-0.031493,0.323322,0.050981,2.866409,-0.027810,0.314817,0.050565,-0.007079,0.003683,-0.008506,-0.000416
4.379124,-0.037067,0.355535,0.074753,4.346760,-0.033996,0.352794,0.074554,-0.032364,0.003071,-0.002741,-0.000199
4.190855,-0.011128,0.349360,0.069815,4.205662,-0.012699,0.354132,0.070136,0.014808,-0.001571,0.004772,0.000321
4.073425,-0.018544,0.244857,0.056389,4.033453,-0.017052,0.250967,0.056719,-0.039972,0.001493,0.006110,0.000330
4.904533,0.034260,0.208912,0.079861,4.792252,0.033177,0.200368,0.078662,-0.112281,-0.001083,-0.008545,-0.001200
3.797015,-0.023163,0.274428,0.063834,3.820406,-0.020818,0.279702,0.064190,0.023390,0.002345,0.005274,0.000356
5.635149,-0.002447,0.241041,0.089227,5.480097,-0.003350,0.255114,0.087759,-0.155051,-0.000903,0.014073,-0.001469
5.903569,-0.035712,0.349652,0.095930,5.877683,-0.035048,0.344679,0.095371,-0.025887,0.000664,-0.004974,-0.000558
4.639165,-0.017976,0.480411,0.077678,4.566744,-0.013592,0.473015,0.077641,-0.072421,0.004383,-0.007396,-0.000037
3.260581,-0.044530,0.361242,0.057165,3.247857,-0.042660,0.361219,0.056751,-0.012724,0.001869,-0.000023,-0.000415
4.398913,0.009440,0.214394,0.078477,4.435482,-0.006256,0.213792,0.078736,0.036569,-0.015696,-0.000602,0.000259
5.133191,0.023072,0.217635,0.085285,5.030435,0.017906,0.209743,0.082445,-0.102756,-0.005166,-0.007892,-0.002839
6.076379,-0.042172,0.432249,0.099331,6.014270,-0.044571,0.440808,0.099523,-0.062109,-0.002399,0.008560,0.000191
6.966671,0.010395,0.306333,0.120161,6.933518,0.014273,0.298106,0.119207,-0.033153,0.003879,-0.008227,-0.000954
2.113333,-0.028709,0.240586,0.039130,2.118546,-0.027714,0.235549,0.038779,0.005213,0.000995,-0.005037,-0.000351
2.410686,-0.001518,0.150265,0.045817,2.425622,-0.002506,0.149792,0.045525,0.014936,-0.000987,-0.000473,-0.000292
2.439647,-0.036131,0.263960,0.041644,2.407574,-0.038049,0.254305,0.042004,-0.032073,-0.001918,-0.009654,0.000360
3.305108,-0.012959,0.395974,0.067749,3.364692,-0.011003,0.391088,0.067373,0.059585,0.001956,-0.004886,-0.000376
2.906550,-0.009866,0.179573,0.052967,2.857372,-0.008677,0.177033,0.052222,-0.049179,0.001189,-0.002539,-0.000745
2.014284,-0.012148,0.166668,0.038875,2.039980,-0.011670,0.158435,0.038836,0.025697,0.000478,-0.008234,-0.000039
3.675511,-0.007455,0.274489,0.056906,3.698719,-0.008528,0.278531,0.057891,0.023208,-0.001073,0.004042,0.000985
3.763444,0.013469,0.192009,0.079938,3.801501,0.016075,0.204310,0.080292,0.038057,0.002606,0.012301,0.000354
2.743097,-0.004909,0.254565,0.051197,2.724912,-0.004740,0.254954,0.050403,-0.018184,0.000169,0.000389,-0.000795
3.704476,-0.014462,0.322079,0.053504,3.653057,-0.013851,0.320928,0.052847,-0.051419,0.000611,-0.001151,-0.000657
3.349550,-0.052021,0.334010,0.053786,3.308115,-0.051923,0.335935,0.054118,-0.041436,0.000098,0.001924,0.000331
5.587026,0.019953,0.450396,0.093257,5.506791,0.018562,0.453346,0.092993,-0.080235,-0.001390,0.002949,-0.000264
4.540495,0.008616,0.328772,0.080296,4.527175,0.005445,0.325741,0.080049,-0.013320,-0.003170,-0.003031,-0.000247
5.904621,0.006833,0.250028,0.098070,5.731100,0.009967,0.255630,0.095484,-0.173521,0.003133,0.005602,-0.002586
2.915717,-0.006653,0.171636,0.055420,2.950932,-0.006822,0.174059,0.055903,0.035215,-0.000169,0.002423,0.000483
3.141928,-0.009264,0.274116,0.051722,3.181579,-0.008973,0.278193,0.052011,0.039651,0.000290,0.004078,0.000288
5.147550,-0.033545,0.317097,0.083812,5.159505,-0.033681,0.316003,0.083663,0.011955,-0.000136,-0.001094,-0.000149
4.824961,-0.024972,0.329240,0.087372,4.804306,-0.019857,0.337165,0.087675,-0.020655,0.005116,0.007925,0.000303
4.105584,-0.019509,0.281850,0.065883,4.086753,-0.016111,0.277883,0.065084,-0.018831,0.003398,-0.003967,-0.000799
4.097659,-0.021396,0.237730,0.068099,4.071296,-0.025080,0.243116,0.068443,-0.026363,-0.003684,0.005386,0.000343
3.614240,-0.010276,0.210103,0.061888,3.611064,-0.011430,0.211271,0.061771,-0.003177,-0.001154,0.001169,-0.000116
4.766332,0.003123,0.178076,0.077332,4.773031,0.000240,0.178320,0.076936,0.006699,-0.002883,0.000244,-0.000396
3.307899,-0.009074,0.374430,0.060766,3.350446,-0.010283,0.374934,0.060445,0.042546,-0.001209,0.000504,-0.000321
3.656113,-0.030597,0.247078,0.067250,3.576725,-0.025991,0.246336,0.066758,-0.079388,0.004606,-0.000742,-0.000491
4.005994,-0.030514,0.325153,0.075283,4.073999,-0.028421,0.327497,0.076006,0.068005,0.002093,0.002345,0.000724
3.992353,-0.001606,0.236960,0.076016,3.995893,-0.001238,0.243290,0.075197,0.003540,0.000368,0.006330,-0.000819
7.009176,-0.033735,0.648616,0.119656,6.985088,-0.024151,0.632066,0.119383,-0.024088,0.009584,-0.016550,-0.000273
3.109444,-0.000150,0.173377,0.051167,3.131489,0.000944,0.173525,0.051546,0.022044,0.001094,0.000148,0.000379
5.208315,0.020700,0.340549,0.097342,5.208353,0.015836,0.335032,0.095660,0.000038,-0.004864,-0.005517,-0.001682
5.581600,-0.006365,0.480386,0.107451,5.588947,-0.006015,0.486770,0.107491,0.007348,0.000350,0.006384,0.000040
3.802122,-0.013298,0.343948,0.075688,3.719907,-0.012648,0.337331,0.075189,-0.082215,0.000650,-0.006617,-0.000499
4.205305,-0.012476,0.328418,0.069865,4.213641,-0.012540,0.324780,0.070341,0.008337,-0.000063,-0.003638,0.000476
5.781953,0.019781,0.380521,0.094202,5.731359,0.017091,0.383326,0.093970,-0.050594,-0.002690,0.002805,-0.000232
6.575166,-0.010189,0.457098,0.128807,6.602145,-0.000152,0.458840,0.128500,0.026979,0.010038,0.001743,-0.000308
4.093051,-0.009866,0.366350,0.080379,4.027574,-0.007068,0.357228,0.080091,-0.065478,0.002798,-0.009122,-0.000288
3.349732,0.002430,0.220542,0.068151,3.368167,0.004533,0.224611,0.067430,0.018435,0.002102,0.004069,-0.000721
2.386660,-0.002895,0.138942,0.041519,2.384526,-0.003779,0.138587,0.041469,-0.002134,-0.000883,-0.000355,-0.000049
3.303282,-0.010855,0.176514,0.051748,3.297408,-0.016149,0.184700,0.052606,-0.005874,-0.005294,0.008186,0.000858
6.890813,-0.011786,0.297700,0.115231,6.863694,-0.010602,0.302521,0.115983,-0.027119,0.001184,0.004821,0.000751
3.023688,-0.042159,0.343587,0.051448,3.083905,-0.041844,0.345140,0.052198,0.060217,0.000315,0.001554,0.000750
2.483885,-0.008979,0.157944,0.037891,2.476512,-0.008360,0.162117,0.037227,-0.007373,0.000618,0.004173,-0.000664
3.137369,-0.029698,0.283909,0.049348,3.107831,-0.028975,0.282816,0.049435,-0.029539,0.000723,-0.001093,0.000088
4.808018,-0.022316,0.263435,0.071915,4.782943,-0.022473,0.259991,0.071708,-0.025075,-0.000156,-0.003444,-0.000208
3.201244,-0.023646,0.200214,0.061731,3.200128,-0.019827,0.202051,0.060788,-0.001116,0.003819,0.001837,-0.000943
2.201607,-0.006929,0.171841,0.034995,2.160292,-0.006662,0.169655,0.034712,-0.041316,0.000267,-0.002187,-0.000283
2.895768,-0.013569,0.263473,0.046759,2.896565,-0.016058,0.260303,0.047372,0.000797,-0.002490,-0.003170,0.000613
4.904330,-0.037281,0.315153,0.093422,4.835776,-0.036792,0.315155,0.091785,-0.068554,0.000489,0.000001,-0.001637
2.784803,-0.000586,0.185693,0.047010,2.765224,-0.000991,0.184831,0.046171,-0.019579,-0.000405,-0.000862,-0.000838
3.314631,-0.007068,0.210393,0.056954,3.357440,-0.009818,0.208947,0.057446,0.042808,-0.002750,-0.001446,0.000492
4.815070,0.008532,0.281228,0.090969,4.837487,0.006776,0.295664,0.090057,0.022417,-0.001756,0.014436,-0.000912
3.289210,-0.019065,0.181738,0.051621,3.358603,-0.017988,0.184785,0.052172,0.069393,0.001077,0.003048,0.000552
2.389326,-0.003453,0.206111,0.033870,2.308033,-0.002909,0.207196,0.033299,-0.081293,0.000544,0.001085,-0.000570
2.524998,-0.005922,0.139093,0.042848,2.514182,-0.005341,0.138193,0.042851,-0.010816,0.000580,-0.000900,0.000003
2.343418,-0.007210,0.190258,0.034752,2.318588,-0.009660,0.190870,0.034624,-0.024829,-0.002450,0.000612,-0.000128
4.848678,-0.052368,0.277942,0.078867,4.856970,-0.049298,0.283322,0.078340,0.008292,0.003070,0.005380,-0.000526
2.696332,-0.005272,0.177490,0.042109,2.693894,-0.006080,0.183364,0.042822,-0.002437,-0.000808,0.005874,0.000713
2.990115,0.012032,0.156149,0.049442,3.000011,0.008920,0.158621,0.050289,0.009896,-0.003112,0.002471,0.000848
5.844174,-0.004460,0.391749,0.103305,5.687598,-0.004432,0.383981,0.101996,-0.156577,0.000029,-0.007768,-0.001309
5.661819,-0.007184,0.279378,0.082261,5.521818,-0.003766,0.279709,0.080584,-0.140001,0.003418,0.000331,-0.001677
6.255208,-0.014951,0.434828,0.095990,6.192220,-0.017464,0.429036,0.094436,-0.062988,-0.002513,-0.005791,-0.001554
5.193050,-0.001964,0.334275,0.095638,5.211053,-0.002307,0.336987,0.094286,0.018003,-0.000343,0.002712,-0.001352
4.357207,-0.014248,0.435918,0.070432,4.322427,-0.011275,0.430060,0.069960,-0.034780,0.002974,-0.005858,-0.000471
4.876429,-0.010292,0.414312,0.088874,4.824182,-0.012677,0.410231,0.088866,-0.052247,-0.002385,-0.004081,-0.000008
5.699850,0.010818,0.255480,0.101367,5.609755,0.015278,0.250294,0.099484,-0.090096,0.004460,-0.005186,-0.001883
4.309599,-0.024295,0.314632,0.071551,4.312111,-0.022770,0.312149,0.071404,0.002512,0.001525,-0.002483,-0.000147
3.354730,-0.009870,0.185569,0.054453,3.383065,-0.008130,0.190269,0.054721,0.028335,0.001741,0.004699,0.000268
4.039580,-0.015754,0.254888,0.071183,4.012392,-0.024035,0.251459,0.070783,-0.027189,-0.008281,-0.003429,-0.000400
3.652187,0.005892,0.321281,0.053879,3.675030,0.008408,0.321305,0.054360,0.022844,0.002516,0.000024,0.000480
1.746449,-0.017237,0.164042,0.029028,1.760575,-0.016536,0.159452,0.028628,0.014126,0.000701,-0.004590,-0.000400
2.261848,-0.011308,0.184303,0.037763,2.222611,-0.012246,0.183497,0.036891,-0.039238,-0.000938,-0.000806,-0.000872
3.531938,0.006037,0.362198,0.065343,3.557364,0.008191,0.358841,0.064604,0.025426,0.002154,-0.003357,-0.000739
2.074876,-0.006132,0.107853,0.036272,2.044114,-0.007481,0.111407,0.035822,-0.030761,-0.001349,0.003554,-0.000450
5.393645,-0.015056,0.357351,0.101760,5.482529,-0.017356,0.360879,0.101684,0.088883,-0.002301,0.003528,-0.000076
4.125629,0.002143,0.243953,0.081635,4.068235,0.001232,0.244231,0.080307,-0.057394,-0.000911,0.000278,-0.001328
2.570559,-0.035230,0.188177,0.042112,2.533174,-0.032943,0.184079,0.041602,-0.037384,0.002287,-0.004097,-0.000510
2.291712,-0.027801,0.151756,0.043792,2.297637,-0.027667,0.149813,0.042542,0.005925,0.000134,-0.001943,-0.001250
6.048178,0.046863,0.265875,0.114306,5.933392,0.042311,0.264121,0.111941,-0.114786,-0.004552,-0.001754,-0.002365
2.242438,-0.026738,0.187986,0.034751,2.243851,-0.026825,0.191834,0.034076,0.001413,-0.000087,0.003848,-0.000676
7.082693,-0.007787,0.607036,0.134819,7.026471,-0.006185,0.603256,0.132844,-0.056222,0.001602,-0.003780,-0.001975
4.195968,-0.005300,0.287616,0.081366,4.233565,-0.003001,0.290566,0.081109,0.037597,0.002299,0.002950,-0.000257
3.853287,-0.002280,0.231237,0.073873,3.861631,-0.003935,0.233976,0.073775,0.008343,-0.001655,0.002740,-0.000099
4.940576,0.018717,0.284449,0.101573,4.913241,0.025883,0.284428,0.100597,-0.027335,0.007166,-0.000021,-0.000976
3.025488,-0.018701,0.206454,0.045451,2.982818,-0.020707,0.208367,0.045876,-0.042670,-0.002006,0.001913,0.000425
6.459025,-0.003196,0.390261,0.111391,6.448849,-0.005015,0.390503,0.111425,-0.010176,-0.001819,0.000242,0.000034
7.034039,-0.011163,0.558730,0.129847,6.888790,-0.011022,0.558255,0.126684,-0.145248,0.000141,-0.000475,-0.003162
2.385983,-0.025857,0.255093,0.048075,2.423095,-0.024479,0.257607,0.048325,0.037112,0.001377,0.002515,0.000251
3.676751,-0.025463,0.273753,0.078363,3.691749,-0.028103,0.279437,0.077891,0.014998,-0.002640,0.005684,-0.000473
2.549074,-0.029107,0.274559,0.047165,2.537424,-0.028207,0.271470,0.047129,-0.011650,0.000900,-0.003088,-0.000035
4.235840,0.005235,0.426866,0.078819,4.195087,0.007033,0.421984,0.077840,-0.040753,0.001798,-0.004882,-0.000979
3.584408,-0.013074,0.301607,0.062888,3.552518,-0.013453,0.288824,0.062603,-0.031890,-0.000379,-0.012783,-0.000285
1.961099,-0.011985,0.157663,0.036471,1.989349,-0.012246,0.154534,0.036801,0.028250,-0.000260,-0.003129,0.000330
1.954211,-0.011049,0.175914,0.030804,1.910889,-0.010449,0.174607,0.030783,-0.043323,0.000600,-0.001307,-0.000021
2.951985,-0.012110,0.186850,0.058500,2.962167,-0.012540,0.192624,0.058233,0.010181,-0.000430,0.005774,-0.000267
3.983092,-0.000987,0.223813,0.074386,3.968779,0.000605,0.225975,0.074244,-0.014313,0.001592,0.002161,-0.000142
2.841436,-0.005592,0.339421,0.058326,2.868933,-0.006707,0.339412,0.057577,0.027497,-0.001115,-0.000009,-0.000750
1.892497,-0.009200,0.102379,0.032573,1.834712,-0.007899,0.100544,0.032550,-0.057785,0.001301,-0.001834,-0.000023
2.261684,-0.023056,0.164523,0.033084,2.231975,-0.020508,0.168017,0.033120,-0.029710,0.002548,0.003494,0.000036
4.186302,-0.003464,0.416431,0.071758,4.162370,-0.004557,0.421207,0.072031,-0.023932,-0.001093,0.004776,0.000273
4.741348,0.048873,0.246597,0.096396,4.822903,0.046661,0.242513,0.096646,0.081555,-0.002212,-0.004085,0.000249
5.810041,-0.020250,0.249417,0.098319,5.790661,-0.017818,0.259852,0.097381,-0.019381,0.002432,0.010435,-0.000937
3.009758,-0.001588,0.352026,0.060024,2.998489,-0.002067,0.352377,0.060031,-0.011268,-0.000480,0.000351,0.000007
4.021889,-0.012751,0.396381,0.067116,3.914823,-0.012274,0.388241,0.066189,-0.107066,0.000477,-0.008139,-0.000927
5.401968,0.048405,0.303007,0.113540,5.448143,0.049963,0.301203,0.111851,0.046175,0.001559,-0.001804,-0.001689
6.890032,-0.001944,0.525051,0.119545,6.834438,-0.002510,0.528899,0.118910,-0.055593,-0.000566,0.003848,-0.000636
3.191983,-0.013270,0.416954,0.067431,3.210524,-0.013787,0.411793,0.066952,0.018541,-0.000516,-0.005161,-0.000479
6.064556,0.006713,0.418990,0.106974,6.020429,0.003240,0.408662,0.106519,-0.044127,-0.003473,-0.010327,-0.000454
3.563207,-0.057952,0.387641,0.061732,3.551786,-0.053556,0.390151,0.061349,-0.011420,0.004396,0.002510,-0.000383
3.392530,-0.012381,0.292760,0.061699,3.351036,-0.013553,0.285645,0.061119,-0.041494,-0.001172,-0.007116,-0.000580
3.603874,0.011378,0.142252,0.059936,3.563713,0.009261,0.146276,0.060169,-0.040161,-0.002116,0.004023,0.000234
7.190216,-0.004574,0.336002,0.125777,7.040450,-0.002176,0.333605,0.124298,-0.149766,0.002398,-0.002398,-0.001479
2.709064,-0.031036,0.246123,0.048631,2.700659,-0.032956,0.247377,0.048094,-0.008405,-0.001920,0.001253,-0.000537
4.164482,-0.024381,0.240243,0.069920,4.156277,-0.025275,0.245342,0.070097,-0.008204,-0.000893,0.005099,0.000178
5.330438,0.014041,0.240212,0.103172,5.278823,0.013224,0.242120,0.102001,-0.051614,-0.000817,0.001908,-0.001171
4.347136,0.021191,0.477244,0.079225,4.338567,0.024414,0.468184,0.079543,-0.008569,0.003223,-0.009060,0.000319
2.598042,-0.017100,0.153418,0.042845,2.627196,-0.017080,0.146717,0.042652,0.029155,0.000020,-0.006701,-0.000193
3.223509,-0.004205,0.264517,0.062242,3.242574,-0.002382,0.259523,0.061508,0.019065,0.001824,-0.004994,-0.000734
2.817075,-0.015582,0.290421,0.049618,2.839263,-0.017083,0.290080,0.050095,0.022188,-0.001502,-0.000341,0.000477
5.982805,-0.003452,0.490294,0.099006,5.862356,-0.003532,0.488602,0.098282,-0.120449,-0.000079,-0.001693,-0.000723
4.190746,-0.047047,0.237308,0.062171,4.100822,-0.047294,0.238741,0.061429,-0.089924,-0.000247,0.001433,-0.000742
4.901117,-0.023239,0.364540,0.083356,4.846583,-0.020725,0.367252,0.083294,-0.054533,0.002514,0.002711,-0.000062
2.370423,-0.015863,0.142671,0.043195,2.380388,-0.016979,0.137253,0.042473,0.009965,-0.001116,-0.005418,-0.000723
4.818064,0.010910,0.235833,0.086474,4.864950,0.011579,0.234207,0.086419,0.046886,0.000669,-0.001625,-0.000056
1.860957,-0.017996,0.157887,0.037625,1.843676,-0.017270,0.156658,0.036832,-0.017281,0.000726,-0.001229,-0.000793
7.045937,-0.012071,0.640376,0.120162,7.011907,-0.015611,0.644105,0.120102,-0.034029,-0.003540,0.003730,-0.000061
2.702989,0.005503,0.137922,0.041784,2.751491,0.003359,0.141464,0.042708,0.048502,-0.002143,0.003543,0.000923
3.754447,-0.013443,0.422341,0.065361,3.722717,-0.012467,0.419099,0.065563,-0.031730,0.000975,-0.003242,0.000201
3.163281,0.000904,0.288169,0.050527,3.142565,0.000716,0.289740,0.050849,-0.020716,-0.000188,0.001571,0.000323
5.812924,0.032173,0.297901,0.109144,5.757832,0.032997,0.292650,0.108873,-0.055092,0.000824,-0.005251,-0.000271
5.210988,-0.045339,0.423475,0.080905,5.130553,-0.045489,0.418360,0.080387,-0.080435,-0.000149,-0.005114,-0.000518
3.196344,-0.013603,0.337189,0.049683,3.208526,-0.016823,0.338888,0.049200,0.012182,-0.003220,0.001699,-0.000483
5.031083,0.010649,0.295851,0.084702,4.917547,0.012638,0.295358,0.083950,-0.113536,0.001988,-0.000494,-0.000751
3.005523,0.010475,0.299554,0.054946,3.040522,0.011082,0.304453,0.055177,0.034998,0.000608,0.004899,0.000231
4.210685,-0.017653,0.417773,0.068679,4.205536,-0.019847,0.420942,0.069002,-0.005149,-0.002194,0.003169,0.000323
3.941366,-0.014364,0.233825,0.067948,3.948055,-0.015552,0.233526,0.067648,0.006689,-0.001188,-0.000299,-0.000300
2.226473,-0.002758,0.151159,0.030554,2.198412,-0.003582,0.152522,0.030457,-0.028061,-0.000823,0.001364,-0.000097
3.637564,-0.008411,0.384702,0.067352,3.602799,-0.009285,0.379197,0.067301,-0.034765,-0.000873,-0.005505,-0.000050
4.621670,0.001764,0.306706,0.066109,4.474956,0.000135,0.306043,0.066229,-0.146715,-0.001629,-0.000663,0.000120
3.977637,-0.000010,0.328310,0.069337,3.923145,0.000365,0.332308,0.068033,-0.054492,0.000375,0.003998,-0.001304
2.898508,-0.005612,0.237653,0.047083,2.860794,-0.006266,0.234890,0.046982,-0.037714,-0.000654,-0.002764,-0.000101
2.939420,-0.000526,0.260288,0.049513,3.021504,-0.004838,0.265701,0.050168,0.082084,-0.004312,0.005412,0.000655
3.069219,-0.025548,0.355896,0.056289,2.985843,-0.026005,0.351119,0.055716,-0.083376,-0.000457,-0.004777,-0.000572
2.419862,-0.005600,0.202809,0.042189,2.398661,-0.004157,0.207030,0.041838,-0.021201,0.001442,0.004220,-0.000351
1.961344,-0.010639,0.105412,0.031945,1.947866,-0.010511,0.105126,0.032427,-0.013478,0.000128,-0.000286,0.000482
4.753659,0.008223,0.386495,0.079728,4.723466,0.007305,0.391361,0.080314,-0.030193,-0.000918,0.004867,0.000586
4.739628,0.034667,0.218712,0.082963,4.672067,0.038342,0.214596,0.082492,-0.067561,0.003675,-0.004116,-0.000472
3.495489,-0.021134,0.235193,0.065328,3.492053,-0.020792,0.232291,0.065145,-0.003436,0.000342,-0.002903,-0.000182
2.701936,0.001373,0.183654,0.037232,2.702361,0.002561,0.181566,0.037317,0.000425,0.001187,-0.002088,0.000085
2.733521,-0.006863,0.175803,0.052669,2.714996,-0.006492,0.174933,0.052238,-0.018525,0.000371,-0.000871,-0.000431
2.529670,-0.007592,0.119746,0.038982,2.585743,-0.006455,0.122728,0.039487,0.056073,0.001137,0.002982,0.000505
2.516420,-0.017850,0.223117,0.039708,2.509808,-0.016263,0.224650,0.040282,-0.006612,0.001587,0.001533,0.000574
5.059628,-0.038593,0.354326,0.072351,5.002632,-0.041802,0.352568,0.072212,-0.056995,-0.003209,-0.001758,-0.000139
3.626450,0.013008,0.292288,0.048935,3.626757,0.011347,0.297585,0.050165,0.000306,-0.001661,0.005298,0.001230
2.225009,-0.021018,0.179579,0.039066,2.234391,-0.020734,0.176150,0.038911,0.009382,0.000284,-0.003429,-0.000155
3.729364,-0.015919,0.302600,0.071691,3.756114,-0.015346,0.299116,0.071247,0.026750,0.000573,-0.003484,-0.000444
3.296786,0.011826,0.192422,0.065099,3.250797,0.007970,0.197365,0.063769,-0.045989,-0.003856,0.004942,-0.001330
5.294834,-0.021173,0.427130,0.090635,5.292870,-0.023227,0.420790,0.090505,-0.001964,-0.002053,-0.006339,-0.000131
5.291481,-0.000302,0.396217,0.111567,5.250684,0.002599,0.386445,0.107383,-0.040797,0.002901,-0.009772,-0.004184
5.848497,0.002898,0.245001,0.102918,5.829881,-0.000041,0.250133,0.102269,-0.018617,-0.002938,0.005132,-0.000649
3.200978,-0.027697,0.219732,0.065245,3.175541,-0.021482,0.221497,0.064508,-0.025437,0.006215,0.001765,-0.000737
4.976725,-0.005565,0.230888,0.098886,4.937710,-0.005327,0.226086,0.096916,-0.039015,0.000239,-0.004802,-0.001970
3.166912,0.006479,0.274122,0.053545,3.173488,0.003667,0.278045,0.053438,0.006576,-0.002812,0.003924,-0.000107
4.860943,-0.025719,0.242558,0.091301,4.820503,-0.022091,0.234311,0.090476,-0.040440,0.003628,-0.008248,-0.000825
2.222931,-0.006448,0.152241,0.033429,2.181132,-0.007828,0.155562,0.032405,-0.041799,-0.001380,0.003321,-0.001024
4.886944,0.013746,0.351115,0.090032,4.925082,0.010434,0.361533,0.089988,0.038138,-0.003312,0.010418,-0.000044
4.240064,0.003939,0.233823,0.064713,4.218106,0.003162,0.231390,0.064510,-0.021958,-0.000777,-0.002433,-0.000203
6.580016,-0.024270,0.497476,0.112293,6.564651,-0.025316,0.502691,0.111956,-0.015365,-0.001046,0.005215,-0.000336
4.314753,-0.052203,0.376415,0.076321,4.251854,-0.052629,0.375674,0.076084,-0.062898,-0.000426,-0.000741,-0.000238
3.595726,-0.008568,0.268611,0.055253,3.585650,-0.009481,0.272092,0.055322,-0.010077,-0.000913,0.003481,0.000069
2.237742,-0.015619,0.214261,0.039280,2.239183,-0.016371,0.211954,0.039491,0.001441,-0.000752,-0.002307,0.000211
3.190434,-0.014321,0.368822,0.063644,3.183412,-0.014734,0.366900,0.062992,-0.007022,-0.000413,-0.001922,-0.000652
4.095166,-0.044244,0.271808,0.069175,4.086524,-0.042453,0.267759,0.068640,-0.008642,0.001791,-0.004049,-0.000536
2.459240,-0.022155,0.191644,0.042935,2.436032,-0.020964,0.192690,0.042765,-0.023209,0.001190,0.001046,-0.000170
3.595584,0.006824,0.202200,0.070860,3.562905,0.008338,0.209506,0.070053,-0.032679,0.001514,0.007306,-0.000806
3.777340,-0.025466,0.367880,0.076849,3.864799,-0.024448,0.380905,0.076166,0.087459,0.001018,0.013026,-0.000683
2.451064,-0.002024,0.150329,0.047304,2.456459,-0.002805,0.150437,0.047518,0.005395,-0.000781,0.000108,0.000215
2.175016,-0.017279,0.173510,0.037756,2.182446,-0.015969,0.170906,0.037775,0.007431,0.001310,-0.002604,0.000019
2.241072,-0.020792,0.177748,0.039579,2.273481,-0.019942,0.174717,0.039549,0.032409,0.000849,-0.003030,-0.000030
6.784379,0.009137,0.404307,0.123368,6.776973,0.004591,0.411803,0.121692,-0.007406,-0.004545,0.007496,-0.001676
2.219114,-0.012742,0.206265,0.039194,2.202248,-0.013191,0.201351,0.038546,-0.016866,-0.000449,-0.004914,-0.000648
2.124100,-0.016868,0.108037,0.033015,2.055067,-0.018355,0.101309,0.032133,-0.069033,-0.001488,-0.006729,-0.000882
4.333102,0.008679,0.199641,0.083737,4.273124,0.008134,0.197857,0.082332,-0.059978,-0.000545,-0.001784,-0.001405
4.555455,0.002025,0.269079,0.078908,4.521682,0.003685,0.268785,0.078418,-0.033773,0.001660,-0.000294,-0.000490
4.161343,-0.031045,0.275848,0.075159,4.113159,-0.029280,0.270153,0.073923,-0.048183,0.001765,-0.005695,-0.001236
2.939799,0.009050,0.145005,0.047491,3.027021,0.008751,0.150530,0.048545,0.087223,-0.000299,0.005525,0.001054
3.592626,-0.038523,0.388095,0.062222,3.612097,-0.038639,0.383519,0.061959,0.019471,-0.000116,-0.004576,-0.000262
2.359314,-0.034943,0.242641,0.042274,2.381995,-0.037314,0.246152,0.042544,0.022681,-0.002371,0.003511,0.000271
5.853331,-0.002300,0.553035,0.106201,5.863716,-0.002152,0.553964,0.106992,0.010385,0.000148,0.000929,0.000791
2.126054,-0.020133,0.162191,0.033885,2.129551,-0.020624,0.162970,0.034671,0.003497,-0.000491,0.000779,0.000786
6.700105,-0.004732,0.308925,0.117562,6.689565,-0.004985,0.300282,0.117429,-0.010540,-0.000252,-0.008643,-0.000132
3.995032,0.000109,0.220578,0.067545,3.954875,-0.001100,0.218094,0.066898,-0.040156,-0.001209,-0.002484,-0.000647
6.705406,0.008236,0.285340,0.121480,6.598855,0.010453,0.292864,0.119044,-0.106550,0.002217,0.007525,-0.002436
2.393275,-0.005449,0.134378,0.041222,2.434938,-0.004002,0.133563,0.041057,0.041662,0.001446,-0.000815,-0.000164
5.096586,-0.019820,0.402896,0.086076,5.078393,-0.018987,0.388868,0.086027,-0.018194,0.000832,-0.014029,-0.000049
6.600663,0.003692,0.391746,0.116261,6.552732,0.004707,0.389915,0.114904,-0.047931,0.001014,-0.001831,-0.001357
5.851254,0.009924,0.474238,0.106334,5.751491,0.005103,0.475048,0.105801,-0.099763,-0.004821,0.000810,-0.000532
3.631932,-0.000686,0.366542,0.067220,3.634492,-0.004002,0.365998,0.066677,0.002559,-0.003315,-0.000544,-0.000543
2.648092,0.002747,0.275736,0.048812,2.645745,0.002035,0.282683,0.048852,-0.002347,-0.000712,0.006947,0.000040
3.305715,0.004611,0.313225,0.062515,3.367626,0.002056,0.313643,0.062861,0.061911,-0.002554,0.000418,0.000345
5.027981,0.011319,0.331430,0.073301,4.876652,0.007849,0.320630,0.072639,-0.151329,-0.003471,-0.010800,-0.000662
3.659908,-0.018699,0.257581,0.058682,3.630196,-0.019307,0.263264,0.058792,-0.029712,-0.000608,0.005684,0.000110
4.018799,-0.008124,0.383141,0.060925,4.055150,-0.005853,0.385000,0.061615,0.036351,0.002271,0.001859,0.000689
2.083338,-0.035506,0.208268,0.035571,2.116269,-0.035220,0.210771,0.035580,0.032932,0.000285,0.002503,0.000009
6.284994,0.019845,0.309713,0.112025,6.152933,0.019588,0.300252,0.109915,-0.132061,-0.000258,-0.009461,-0.002111
2.179580,-0.010313,0.228518,0.044393,2.184496,-0.010580,0.231160,0.043879,0.004916,-0.000267,0.002642,-0.000515
5.629447,-0.019230,0.535877,0.113651,5.583342,-0.018700,0.523732,0.111905,-0.046105,0.000530,-0.012144,-0.001746
5.923538,0.008919,0.424487,0.115423,6.017324,0.010369,0.424845,0.117415,0.093786,0.001450,0.000358,0.001992
2.490382,-0.008048,0.207686,0.046471,2.530392,-0.006335,0.204308,0.047074,0.040010,0.001713,-0.003378,0.000603
2.457599,-0.019231,0.193879,0.043067,2.453501,-0.018899,0.193330,0.043272,-0.004098,0.000332,-0.000549,0.000205
2.315542,-0.006484,0.189109,0.033414,2.279028,-0.007906,0.186773,0.033122,-0.036514,-0.001422,-0.002336,-0.000292
5.792129,-0.023455,0.437762,0.091896,5.750844,-0.023842,0.435517,0.090846,-0.041284,-0.000388,-0.002245,-0.001050
6.805851,-0.006719,0.578215,0.117845,6.693665,-0.006809,0.578955,0.117091,-0.112186,-0.000091,0.000740,-0.000754
2.882001,0.000703,0.246365,0.044675,2.910313,-0.000634,0.251360,0.044651,0.028312,-0.001337,0.004995,-0.000024
3.401748,-0.007380,0.353169,0.059280,3.439101,-0.004853,0.356450,0.059402,0.037354,0.002526,0.003281,0.000122
3.756670,-0.029510,0.298784,0.057867,3.703763,-0.030860,0.304461,0.059076,-0.052907,-0.001349,0.005677,0.001209
4.145223,-0.005661,0.408700,0.082753,4.151321,-0.003862,0.406444,0.081861,0.006098,0.001799,-0.002255,-0.000892
2.529406,-0.018016,0.259952,0.046470,2.547888,-0.014732,0.258309,0.046374,0.018481,0.003284,-0.001643,-0.000096
4.003661,-0.015775,0.186241,0.066437,3.964675,-0.012039,0.187629,0.065382,-0.038986,0.003736,0.001388,-0.001055
3.295052,-0.009697,0.202075,0.056740,3.310560,-0.011774,0.202656,0.057123,0.015509,-0.002077,0.000581,0.000382
3.551846,-0.018317,0.332880,0.060695,3.555320,-0.019446,0.328411,0.060716,0.003474,-0.001129,-0.004469,0.000021
4.041938,0.001922,0.189160,0.079279,4.108445,0.001388,0.188645,0.078528,0.066506,-0.000535,-0.000515,-0.000751
3.710894,-0.007441,0.284808,0.065224,3.722422,-0.009195,0.287208,0.065191,0.011529,-0.001754,0.002400,-0.000033
4.120136,-0.020355,0.355367,0.079700,4.155865,-0.023118,0.356988,0.079309,0.035729,-0.002763,0.001621,-0.000391
2.269906,-0.009676,0.200795,0.035954,2.266885,-0.009997,0.198978,0.036015,-0.003020,-0.000321,-0.001816,0.000060
2.560637,-0.009687,0.216199,0.045088,2.520932,-0.012323,0.222398,0.044992,-0.039705,-0.002635,0.006199,-0.000096
3.329296,-0.014722,0.268051,0.055673,3.370686,-0.017811,0.269128,0.056692,0.041390,-0.003089,0.001077,0.001020
7.319163,-0.010356,0.449502,0.124455,7.147019,-0.011154,0.445335,0.123522,-0.172143,-0.000798,-0.004167,-0.000933
3.374790,-0.018819,0.360007,0.060421,3.395726,-0.018560,0.353771,0.060332,0.020936,0.000259,-0.006236,-0.000089
5.172594,-0.005521,0.453728,0.082684,5.099967,-0.003049,0.447803,0.081181,-0.072627,0.002471,-0.005925,-0.001502
5.497777,-0.022198,0.356980,0.079137,5.477653,-0.027293,0.362469,0.079697,-0.020124,-0.005095,0.005488,0.000559
3.567916,-0.006964,0.380766,0.058507,3.552747,-0.005218,0.379508,0.058300,-0.015169,0.001746,-0.001258,-0.000207
3.056506,-0.038702,0.283028,0.049222,2.990608,-0.038367,0.284686,0.049032,-0.065897,0.000335,0.001657,-0.000190
3.355133,0.010685,0.219723,0.061894,3.362564,0.007546,0.214509,0.062066,0.007431,-0.003139,-0.005214,0.000172
3.887725,-0.014500,0.381998,0.059353,3.868015,-0.012592,0.383603,0.060092,-0.019710,0.001908,0.001605,0.000739
2.816886,-0.003465,0.212660,0.041549,2.779582,-0.003871,0.210592,0.041363,-0.037304,-0.000406,-0.002069,-0.000185
2.051417,-0.014067,0.110571,0.037262,2.049839,-0.012872,0.112601,0.036323,-0.001578,0.001195,0.002030,-0.000939
5.532556,0.004098,0.272420,0.105119,5.530916,0.003175,0.277205,0.103869,-0.001640,-0.000923,0.004785,-0.001249
3.607002,-0.000804,0.237919,0.057212,3.612356,-0.004298,0.244049,0.057576,0.005353,-0.003493,0.006131,0.000364
5.208453,-0.030271,0.301068,0.080565,5.089837,-0.022470,0.299617,0.080798,-0.118616,0.007801,-0.001450,0.000233
5.669899,0.000411,0.502725,0.104635,5.671628,0.000520,0.495010,0.102826,0.001729,0.000108,-0.007714,-0.001809
3.052989,-0.006414,0.171738,0.057241,3.035471,-0.006375,0.172818,0.056667,-0.017518,0.000038,0.001079,-0.000574
2.320367,-0.000371,0.116695,0.036202,2.308125,-0.000432,0.117508,0.036325,-0.012242,-0.000061,0.000813,0.000123
5.280110,0.001438,0.319444,0.099233,5.234285,0.000858,0.323877,0.097963,-0.045825,-0.000579,0.004433,-0.001270
4.123921,0.006186,0.231010,0.067304,4.139554,0.005232,0.233810,0.067097,0.015633,-0.000954,0.002799,-0.000207
3.593803,0.011767,0.326891,0.056070,3.596659,0.012657,0.319555,0.056738,0.002856,0.000890,-0.007336,0.000668
3.126822,-0.004656,0.240081,0.048629,3.092620,-0.007040,0.239799,0.049122,-0.034202,-0.002384,-0.000282,0.000493
2.458591,-0.024637,0.233731,0.052948,2.478887,-0.018571,0.233557,0.052244,0.020296,0.006066,-0.000173,-0.000704
6.399976,0.008127,0.288901,0.115608,6.346355,0.007576,0.293091,0.114737,-0.053621,-0.000551,0.004190,-0.000870
4.230661,-0.005851,0.261580,0.072141,4.250780,-0.004564,0.263004,0.071329,0.020119,0.001288,0.001423,-0.000812
5.856005,0.011706,0.285752,0.105522,5.820008,0.009235,0.273469,0.105231,-0.035997,-0.002471,-0.012282,-0.000291
6.928446,-0.018910,0.405854,0.116342,6.824965,-0.018940,0.406435,0.114631,-0.103481,-0.000030,0.000581,-0.001711
3.708031,-0.018556,0.369733,0.064351,3.688644,-0.017301,0.361826,0.064648,-0.019387,0.001255,-0.007907,0.000297
5.055351,-0.049021,0.537005,0.088180,5.070208,-0.052899,0.536640,0.087758,0.014857,-0.003879,-0.000366,-0.000422
2.764975,-0.014336,0.290713,0.051316,2.802871,-0.013335,0.290852,0.051559,0.037896,0.001001,0.000139,0.000243
5.013537,0.015063,0.196828,0.074636,4.821387,0.015267,0.191170,0.072857,-0.192150,0.000204,-0.005658,-0.001779
2.245682,-0.017236,0.124570,0.038089,2.278791,-0.018907,0.123090,0.038837,0.033109,-0.001670,-0.001479,0.000748
4.509223,-0.014941,0.220531,0.087851,4.531636,-0.013565,0.224780,0.086679,0.022413,0.001376,0.004250,-0.001172
5.016953,-0.046684,0.287053,0.073551,4.936834,-0.042207,0.285391,0.073942,-0.080119,0.004477,-0.001662,0.000391
4.661455,-0.014801,0.214355,0.077213,4.662387,-0.013784,0.217769,0.076971,0.000932,0.001016,0.003414,-0.000242
2.658987,-0.022398,0.148434,0.040922,2.713945,-0.019090,0.149201,0.041025,0.054957,0.003309,0.000768,0.000103
2.941944,-0.013579,0.228347,0.051914,2.986111,-0.012669,0.228293,0.052084,0.044167,0.000910,-0.000054,0.000170
4.254953,-0.038468,0.394494,0.071434,4.208286,-0.040084,0.389505,0.071688,-0.046667,-0.001615,-0.004989,0.000254
2.976373,0.002876,0.202011,0.044742,3.007981,0.001700,0.197961,0.046031,0.031608,-0.001176,-0.004051,0.001289
2.937190,-0.010899,0.291358,0.046055,2.982340,-0.011329,0.299849,0.045924,0.045150,-0.000430,0.008491,-0.000131
3.030700,-0.028739,0.280500,0.047381,2.965173,-0.028924,0.280041,0.047866,-0.065527,-0.000185,-0.000459,0.000485
4.485546,-0.048408,0.274278,0.075440,4.512478,-0.044500,0.278843,0.076258,0.026932,0.003908,0.004565,0.000819
4.040649,-0.017961,0.197527,0.068754,3.982859,-0.017729,0.194634,0.067092,-0.057790,0.000232,-0.002893,-0.001662
2.897877,-0.014194,0.162086,0.050943,2.895416,-0.014292,0.164258,0.050658,-0.002460,-0.000098,0.002172,-0.000285
4.077776,0.003680,0.248277,0.080366,4.023295,0.002908,0.249427,0.079655,-0.054482,-0.000772,0.001150,-0.000711
5.963873,-0.016592,0.421535,0.094799,5.916053,-0.016394,0.415349,0.093345,-0.047820,0.000198,-0.006186,-0.001454
3.066780,-0.021700,0.318149,0.056534,3.092496,-0.018825,0.316047,0.057034,0.025716,0.002875,-0.002101,0.000500
6.650063,-0.018848,0.423498,0.097787,6.512515,-0.021837,0.425720,0.097220,-0.137548,-0.002989,0.002223,-0.000566
3.485121,0.009913,0.312988,0.064814,3.465907,0.008306,0.316787,0.064260,-0.019213,-0.001607,0.003798,-0.000554
2.084905,-0.014286,0.122817,0.041121,2.060346,-0.012737,0.129026,0.038962,-0.024559,0.001548,0.006209,-0.002160
5.041563,0.009288,0.206977,0.084145,5.019418,0.011003,0.200913,0.084031,-0.022145,0.001715,-0.006064,-0.000114
4.545280,0.010318,0.254174,0.067249,4.450225,0.010447,0.243969,0.067108,-0.095055,0.000129,-0.010204,-0.000141
2.255969,-0.022457,0.213365,0.034827,2.212376,-0.024920,0.211002,0.035024,-0.043593,-0.002464,-0.002363,0.000197
4.328326,-0.013936,0.356655,0.085404,4.362720,-0.015101,0.357108,0.084894,0.034393,-0.001165,0.000454,-0.000510
4.808308,-0.011372,0.393493,0.082555,4.798714,-0.012462,0.394643,0.082117,-0.009594,-0.001090,0.001150,-0.000438
4.382337,-0.037817,0.304746,0.066922,4.345174,-0.033011,0.305265,0.066994,-0.037162,0.004806,0.000519,0.000072
2.467375,-0.013185,0.248924,0.044987,2.496305,-0.013258,0.247835,0.045458,0.028930,-0.000073,-0.001090,0.000471
3.982349,-0.028793,0.325170,0.059954,3.937257,-0.029985,0.328839,0.060683,-0.045092,-0.001192,0.003669,0.000728
4.292254,-0.047624,0.394236,0.071685,4.336362,-0.050980,0.397750,0.071188,0.044108,-0.003356,0.003514,-0.000498
3.632626,0.004834,0.278571,0.068524,3.617527,0.009358,0.285764,0.068845,-0.015099,0.004524,0.007193,0.000321
1.971681,-0.014583,0.119435,0.028732,1.979474,-0.014763,0.125841,0.028190,0.007793,-0.000180,0.006406,-0.000542
2.820708,-0.006289,0.242258,0.057557,2.833605,-0.002740,0.239255,0.056757,0.012897,0.003549,-0.003004,-0.000800
6.400514,-0.003811,0.416799,0.119792,6.503092,-0.002250,0.416276,0.119646,0.102578,0.001561,-0.000523,-0.000146
2.518351,-0.039226,0.213965,0.040831,2.536040,-0.043742,0.219997,0.041328,0.017689,-0.004516,0.006032,0.000497
3.118519,-0.003112,0.148090,0.048377,3.184527,-0.003654,0.153217,0.048916,0.066008,-0.000542,0.005127,0.000539
5.946437,-0.031190,0.452555,0.093937,5.845710,-0.032098,0.437480,0.091299,-0.100727,-0.000908,-0.015075,-0.002638
4.418759,-0.056959,0.447717,0.078190,4.430772,-0.058982,0.454736,0.077999,0.012013,-0.002023,0.007019,-0.000192
5.138451,-0.000461,0.398632,0.094174,5.154220,-0.001180,0.393532,0.095082,0.015769,-0.000719,-0.005100,0.000908
2.979522,-0.009747,0.277037,0.051222,2.948469,-0.010579,0.276200,0.050809,-0.031054,-0.000832,-0.000838,-0.000413
6.936848,-0.006935,0.655305,0.127632,6.977812,-0.005428,0.661802,0.127180,0.040964,0.001507,0.006497,-0.000452
4.178710,-0.036376,0.376348,0.065506,4.178141,-0.039347,0.381578,0.065524,-0.000570,-0.002972,0.005230,0.000017
2.119338,-0.024569,0.182345,0.032584,2.126247,-0.027218,0.182798,0.032337,0.006908,-0.002649,0.000454,-0.000248
5.948155,-0.017319,0.444234,0.087060,5.913024,-0.018209,0.440100,0.085806,-0.035131,-0.000890,-0.004135,-0.001254
6.142484,-0.028068,0.504597,0.112601,6.023264,-0.025314,0.505402,0.112040,-0.119220,0.002754,0.000805,-0.000561
4.295343,0.001806,0.256382,0.070749,4.294480,-0.001242,0.259417,0.070287,-0.000863,-0.003048,0.003036,-0.000463
3.357259,-0.003663,0.288585,0.063251,3.342779,-0.003711,0.280969,0.063056,-0.014480,-0.000049,-0.007616,-0.000196
5.100922,-0.002606,0.263968,0.072601,4.972234,0.003941,0.254084,0.071977,-0.128687,0.006548,-0.009884,-0.000624
2.183967,-0.009899,0.172944,0.037298,2.094204,-0.008639,0.168550,0.037117,-0.089762,0.001260,-0.004394,-0.000181
3.896523,-0.028504,0.246875,0.063037,3.960129,-0.028511,0.249056,0.064426,0.063607,-0.000006,0.002181,0.001389
3.998008,-0.027973,0.215521,0.060146,3.963384,-0.029993,0.213691,0.059028,-0.034623,-0.002020,-0.001830,-0.001118
4.103533,0.017005,0.171121,0.069608,4.142449,0.018440,0.174196,0.069884,0.038916,0.001434,0.003075,0.000277
3.663336,-0.013846,0.181113,0.053878,3.616308,-0.015065,0.189165,0.053690,-0.047028,-0.001219,0.008052,-0.000188
2.767350,-0.017676,0.159408,0.047194,2.818011,-0.017083,0.163081,0.047976,0.050661,0.000593,0.003673,0.000782
4.614097,-0.002442,0.204258,0.084675,4.574715,-0.003511,0.205086,0.083527,-0.039382,-0.001069,0.000828,-0.001148
3.478157,-0.003306,0.355310,0.064493,3.517594,-0.003771,0.356925,0.064885,0.039438,-0.000466,0.001615,0.000392
5.251856,0.029050,0.211090,0.086930,5.079560,0.027043,0.209783,0.085089,-0.172296,-0.002007,-0.001307,-0.001841
3.267925,-0.019671,0.195821,0.060618,3.288634,-0.019064,0.194994,0.059315,0.020709,0.000607,-0.000826,-0.001303
2.873098,-0.007413,0.266048,0.048366,2.841241,-0.012749,0.265464,0.047897,-0.031856,-0.005336,-0.000584,-0.000470
3.342692,-0.024632,0.279677,0.063792,3.319379,-0.019323,0.276844,0.063974,-0.023313,0.005308,-0.002833,0.000182
3.540775,0.003436,0.384556,0.064504,3.541093,0.004877,0.381511,0.064992,0.000318,0.001440,-0.003045,0.000488
2.836875,-0.027507,0.274478,0.047806,2.812221,-0.022375,0.270094,0.047944,-0.024653,0.005132,-0.004384,0.000138
2.693580,-0.012053,0.158771,0.049907,2.709491,-0.009754,0.159821,0.049767,0.015912,0.002299,0.001049,-0.000140
5.565308,0.032462,0.254425,0.102470,5.556746,0.029490,0.250424,0.101996,-0.008562,-0.002973,-0.004001,-0.000474
1.957459,-0.014712,0.118484,0.027636,1.946266,-0.013495,0.124536,0.027121,-0.011194,0.001217,0.006052,-0.000514
4.500861,-0.045277,0.280976,0.076975,4.534363,-0.044273,0.281561,0.077238,0.033502,0.001004,0.000586,0.000263
4.531550,0.000909,0.294323,0.072370,4.474856,0.004456,0.299878,0.071853,-0.056694,0.003547,0.005555,-0.000517
3.511820,-0.011967,0.327596,0.056686,3.501171,-0.012425,0.326434,0.056723,-0.010649,-0.000458,-0.001162,0.000036
5.596304,0.010955,0.248141,0.101885,5.559066,0.008186,0.253962,0.101219,-0.037238,-0.002769,0.005822,-0.000665
4.384834,0.020582,0.221740,0.083971,4.414471,0.019114,0.221176,0.083850,0.029637,-0.001468,-0.000565,-0.000121
5.120126,-0.027396,0.465404,0.107997,5.131915,-0.030804,0.475762,0.105870,0.011788,-0.003408,0.010358,-0.002127
4.901306,-0.001162,0.353412,0.083219,4.864075,-0.005469,0.353358,0.083715,-0.037231,-0.004307,-0.000054,0.000496
3.668571,-0.016603,0.242756,0.070822,3.691308,-0.016636,0.250734,0.069978,0.022737,-0.000033,0.007978,-0.000844
2.493934,-0.010034,0.156380,0.036741,2.492086,-0.009621,0.159980,0.036486,-0.001848,0.000413,0.003601,-0.000255
5.396083,-0.027517,0.453372,0.100218,5.359726,-0.018726,0.439823,0.098428,-0.036356,0.008790,-0.013549,-0.001790
4.048258,-0.003960,0.185560,0.079971,4.116492,-0.002436,0.188697,0.079462,0.068234,0.001524,0.003137,-0.000509
4.796782,-0.029864,0.382900,0.090506,4.777631,-0.027377,0.385883,0.088742,-0.019151,0.002488,0.002983,-0.001765
5.398493,-0.017023,0.435108,0.080076,5.404389,-0.019166,0.433739,0.081101,0.005896,-0.002143,-0.001368,0.001025
3.981873,-0.009586,0.323260,0.071695,3.966552,-0.010706,0.317758,0.071650,-0.015321,-0.001119,-0.005501,-0.000044
4.106072,-0.052206,0.334383,0.066726,4.113937,-0.050471,0.336457,0.067142,0.007865,0.001736,0.002075,0.000416
2.704306,-0.006448,0.163402,0.050597,2.635897,-0.005884,0.160743,0.049726,-0.068409,0.000564,-0.002659,-0.000871
6.636398,-0.011127,0.564678,0.108641,6.566924,-0.013497,0.569699,0.107714,-0.069474,-0.002370,0.005022,-0.000928
2.067269,-0.002828,0.151804,0.037295,2.101873,-0.006445,0.149440,0.037506,0.034604,-0.003617,-0.002364,0.000210
4.314929,0.025086,0.219710,0.083595,4.347010,0.026504,0.224038,0.083937,0.032081,0.001417,0.004328,0.000342
4.111572,0.013815,0.165963,0.065415,4.096173,0.016898,0.173420,0.065537,-0.015399,0.003083,0.007457,0.000122
3.812157,-0.030221,0.302835,0.059981,3.747258,-0.029015,0.308103,0.060329,-0.064899,0.001206,0.005268,0.000348
4.833910,0.001406,0.364616,0.071168,4.694645,0.000071,0.372259,0.070265,-0.139265,-0.001335,0.007643,-0.000903
2.943539,0.005027,0.280815,0.054577,2.977722,0.004692,0.280555,0.054936,0.034183,-0.000336,-0.000260,0.000359
5.752311,-0.014237,0.410082,0.099273,5.710030,-0.015424,0.415731,0.099610,-0.042281,-0.001187,0.005649,0.000336
4.886449,-0.021735,0.290312,0.086345,4.806642,-0.022818,0.291508,0.084813,-0.079807,-0.001083,0.001196,-0.001532
5.742406,0.015299,0.423700,0.105236,5.748793,0.012191,0.422697,0.104323,0.006386,-0.003108,-0.001003,-0.000913
3.300572,0.006309,0.355451,0.062361,3.348392,0.005819,0.357906,0.062106,0.047820,-0.000490,0.002455,-0.000254
3.528936,-0.006100,0.228819,0.054170,3.571390,-0.004285,0.230982,0.054484,0.042454,0.001815,0.002164,0.000313
4.083688,0.000376,0.279184,0.064784,4.075875,0.001912,0.280239,0.064856,-0.007813,0.001535,0.001055,0.000071
3.999203,-0.024247,0.297065,0.068001,3.972888,-0.022041,0.295988,0.068215,-0.026315,0.002206,-0.001077,0.000213
3.989623,-0.018491,0.319127,0.071181,3.917627,-0.011908,0.314591,0.070420,-0.071995,0.006584,-0.004536,-0.000761
4.887359,0.008178,0.478098,0.096874,4.834968,0.008133,0.469182,0.094475,-0.052391,-0.000045,-0.008917,-0.002399
1.830774,-0.008725,0.175551,0.035849,1.836589,-0.009375,0.177295,0.036441,0.005815,-0.000650,0.001744,0.000592
2.918833,-0.007313,0.336367,0.053287,2.917951,-0.010051,0.332953,0.053143,-0.000882,-0.002738,-0.003414,-0.000144
2.900530,-0.014991,0.260437,0.046348,2.860120,-0.016443,0.257225,0.046587,-0.040411,-0.001452,-0.003211,0.000239
3.130131,-0.021028,0.180638,0.054682,3.185566,-0.021522,0.183997,0.054272,0.055436,-0.000495,0.003359,-0.000410
6.980636,-0.028017,0.463650,0.124920,6.950799,-0.024967,0.465800,0.124426,-0.029838,0.003049,0.002150,-0.000494
5.861167,0.009413,0.292690,0.089395,5.733720,0.004438,0.288882,0.087906,-0.127447,-0.004975,-0.003809,-0.001489
3.273937,-0.013907,0.221478,0.066576,3.227409,-0.010406,0.215553,0.066018,-0.046527,0.003501,-0.005926,-0.000558
2.135450,-0.009353,0.122374,0.039149,2.061342,-0.008790,0.120060,0.038439,-0.074109,0.000563,-0.002314,-0.000710
3.912255,-0.002714,0.361763,0.059550,3.932361,-0.000285,0.365273,0.060468,0.020107,0.002429,0.003510,0.000918
3.897913,-0.002919,0.372552,0.063691,3.918319,-0.002304,0.377579,0.063679,0.020406,0.000615,0.005028,-0.000011
2.824689,0.010469,0.271493,0.050838,2.836343,0.007741,0.269882,0.051023,0.011654,-0.002728,-0.001611,0.000184
3.389179,-0.012513,0.275736,0.057476,3.391804,-0.015121,0.271158,0.057452,0.002625,-0.002608,-0.004578,-0.000024
3.120549,-0.001018,0.342300,0.057446,3.121610,-0.004421,0.339465,0.057112,0.001061,-0.003404,-0.002835,-0.000334
4.281123,-0.026257,0.334256,0.066319,4.275083,-0.030194,0.334580,0.065590,-0.006041,-0.003937,0.000324,-0.000729
3.592582,0.007920,0.346810,0.058327,3.636007,0.006056,0.338007,0.058396,0.043425,-0.001863,-0.008804,0.000069
3.357031,0.002213,0.256351,0.063983,3.324697,0.003667,0.257123,0.063000,-0.032334,0.001455,0.000773,-0.000983
3.257634,-0.019874,0.316220,0.065282,3.277068,-0.018394,0.317378,0.064358,0.019434,0.001480,0.001158,-0.000924
4.401823,-0.025115,0.404569,0.092617,4.446112,-0.025585,0.406359,0.091998,0.044289,-0.000470,0.001790,-0.000618
2.996589,-0.019609,0.171029,0.053038,2.957512,-0.016423,0.170425,0.051554,-0.039077,0.003186,-0.000605,-0.001484
3.780128,0.004052,0.336827,0.059720,3.739731,0.002408,0.333160,0.059933,-0.040398,-0.001644,-0.003666,0.000212
4.742244,-0.028592,0.467609,0.087322,4.784636,-0.030276,0.474727,0.088301,0.042391,-0.001684,0.007117,0.000979
3.072667,-0.023930,0.237508,0.049677,3.105921,-0.023993,0.242033,0.050539,0.033254,-0.000063,0.004525,0.000862
4.279806,-0.027705,0.366785,0.084773,4.270977,-0.025733,0.363270,0.083874,-0.008828,0.001972,-0.003514,-0.000899
4.309793,0.014970,0.183457,0.071221,4.242947,0.014018,0.184647,0.070730,-0.066846,-0.000952,0.001190,-0.000491
4.877285,0.010404,0.390260,0.076196,4.764266,0.008476,0.380095,0.074882,-0.113018,-0.001928,-0.010165,-0.001314
2.763002,-0.014183,0.213832,0.045116,2.750582,-0.014956,0.211356,0.045565,-0.012420,-0.000773,-0.002475,0.000449
5.623407,-0.027783,0.424233,0.096448,5.565141,-0.026213,0.415141,0.095567,-0.058266,0.001570,-0.009092,-0.000881
2.737070,-0.005794,0.173732,0.053391,2.713186,-0.005582,0.174477,0.053122,-0.023884,0.000213,0.000745,-0.000269
2.620692,-0.051582,0.248257,0.041201,2.645585,-0.052683,0.248156,0.041274,0.024893,-0.001101,-0.000101,0.000073
2.804599,-0.000679,0.187120,0.042165,2.838545,-0.002168,0.188828,0.043253,0.033946,-0.001490,0.001708,0.001088
2.412063,-0.011504,0.140567,0.046002,2.385235,-0.012735,0.141555,0.046110,-0.026828,-0.001231,0.000988,0.000108
4.954057,-0.031872,0.225157,0.090855,4.932352,-0.023839,0.227711,0.089787,-0.021705,0.008032,0.002555,-0.001067
2.229826,-0.011307,0.191178,0.038266,2.295030,-0.011450,0.196542,0.039086,0.065204,-0.000143,0.005364,0.000821
4.616364,-0.005730,0.299895,0.088769,4.652063,-0.000971,0.302746,0.088267,0.035699,0.004759,0.002850,-0.000503
4.799139,0.004407,0.250505,0.082893,4.815947,0.000025,0.248369,0.081733,0.016808,-0.004382,-0.002136,-0.001161
2.113310,-0.015037,0.180578,0.039797,2.138842,-0.015641,0.175815,0.039377,0.025532,-0.000604,-0.004763,-0.000420
4.466143,0.004426,0.331744,0.068470,4.405349,0.003461,0.328534,0.068010,-0.060794,-0.000964,-0.003209,-0.000460
3.973739,-0.026431,0.436118,0.070191,3.937944,-0.022607,0.426128,0.069356,-0.035795,0.003825,-0.009990,-0.000835
3.118226,0.004469,0.208003,0.050970,3.088861,0.002809,0.210558,0.050571,-0.029364,-0.001660,0.002555,-0.000399
3.034883,-0.013393,0.194154,0.055878,3.028806,-0.013643,0.185795,0.054902,-0.006076,-0.000250,-0.008358,-0.000975
4.089453,-0.029137,0.247667,0.066945,4.092101,-0.027211,0.244846,0.067204,0.002648,0.001926,-0.002821,0.000258
4.669837,-0.032810,0.345024,0.079690,4.658520,-0.030769,0.340095,0.080182,-0.011316,0.002041,-0.004929,0.000492
4.738314,0.003056,0.434764,0.088304,4.795194,0.001761,0.437595,0.088636,0.056880,-0.001295,0.002832,0.000332
4.289779,-0.067764,0.361655,0.066785,4.337665,-0.062404,0.364051,0.067309,0.047886,0.005360,0.002396,0.000524
4.950239,-0.029500,0.276881,0.082930,4.924305,-0.024963,0.283856,0.082629,-0.025933,0.004537,0.006975,-0.000301
6.161710,-0.012539,0.498593,0.096602,6.178474,-0.014984,0.508764,0.096009,0.016765,-0.002446,0.010171,-0.000593
2.280903,-0.032191,0.219586,0.036497,2.198718,-0.034618,0.221343,0.036683,-0.082186,-0.002427,0.001757,0.000186
2.919385,-0.017381,0.209008,0.046135,2.882366,-0.016728,0.207750,0.045622,-0.037019,0.000653,-0.001258,-0.000513
3.041644,-0.010465,0.278047,0.049457,3.022789,-0.011209,0.270538,0.049938,-0.018855,-0.000744,-0.007509,0.000480
5.162467,0.005050,0.363122,0.086608,5.105264,0.002782,0.364726,0.086061,-0.057203,-0.002268,0.001605,-0.000546
3.751396,-0.017689,0.406744,0.064885,3.742807,-0.016679,0.398648,0.063418,-0.008589,0.001010,-0.008096,-0.001468
3.373002,-0.005796,0.195898,0.059994,3.342095,-0.002095,0.194203,0.059043,-0.030907,0.003701,-0.001695,-0.000951
2.843085,-0.062551,0.305549,0.049189,2.864953,-0.064516,0.307803,0.049336,0.021868,-0.001965,0.002254,0.000147
7.194046,-0.002214,0.327400,0.126836,7.082698,-0.003405,0.340079,0.125866,-0.111348,-0.001191,0.012679,-0.000970
3.471969,0.006470,0.132651,0.056487,3.481972,0.007301,0.136628,0.056398,0.010002,0.000831,0.003977,-0.000089
2.176722,-0.006675,0.158784,0.041198,2.142598,-0.008775,0.162419,0.040632,-0.034123,-0.002101,0.003635,-0.000566
5.402685,-0.002840,0.333662,0.078831,5.281091,-0.007175,0.330777,0.077417,-0.121593,-0.004335,-0.002885,-0.001414
6.923126,0.017395,0.304437,0.125739,6.930988,0.016718,0.306096,0.125296,0.007862,-0.000677,0.001659,-0.000443
4.938767,-0.019069,0.427288,0.081693,4.867109,-0.018870,0.423712,0.082275,-0.071658,0.000199,-0.003576,0.000583
4.036545,-0.013875,0.249012,0.076224,3.987956,-0.013412,0.251138,0.075349,-0.048589,0.000463,0.002127,-0.000875
3.882955,-0.002346,0.360971,0.067517,3.850301,-0.000754,0.362030,0.066670,-0.032654,0.001592,0.001059,-0.000846
5.738178,-0.011366,0.304543,0.085105,5.620862,-0.010179,0.302171,0.083908,-0.117317,0.001187,-0.002372,-0.001197
5.134686,-0.011219,0.371716,0.072869,5.086444,-0.014438,0.362473,0.073554,-0.048242,-0.003219,-0.009243,0.000685
3.459128,-0.008754,0.226666,0.053049,3.517763,-0.005120,0.226137,0.053182,0.058634,0.003634,-0.000529,0.000132
4.777034,-0.047520,0.303244,0.070267,4.678682,-0.046317,0.307987,0.070743,-0.098352,0.001203,0.004743,0.000476
1.863656,-0.010353,0.097090,0.031050,1.835057,-0.009820,0.097666,0.030827,-0.028599,0.000533,0.000576,-0.000223
2.707924,-0.008018,0.138433,0.046201,2.719074,-0.006588,0.139361,0.045632,0.011150,0.001430,0.000928,-0.000569
4.690155,-0.026805,0.291359,0.082560,4.643059,-0.030452,0.291960,0.081487,-0.047096,-0.003647,0.000601,-0.001073
4.734425,-0.018351,0.398575,0.087662,4.684163,-0.015867,0.399404,0.087227,-0.050262,0.002484,0.000829,-0.000435
4.464637,-0.014419,0.221914,0.069554,4.483713,-0.013595,0.232017,0.068828,0.019076,0.000824,0.010103,-0.000726
2.240941,-0.014425,0.136217,0.042912,2.210488,-0.014508,0.135779,0.042513,-0.030453,-0.000083,-0.000439,-0.000398
4.034467,-0.003283,0.339887,0.062349,3.953917,-0.003021,0.334109,0.061057,-0.080550,0.000262,-0.005779,-0.001291
3.549452,-0.013711,0.270226,0.048423,3.571761,-0.013969,0.267217,0.048103,0.022309,-0.000258,-0.003009,-0.000321
5.282065,-0.043513,0.480216,0.089301,5.311609,-0.041570,0.487825,0.090345,0.029544,0.001943,0.007609,0.001044
2.475643,-0.014410,0.255182,0.047625,2.503743,-0.013728,0.255294,0.047316,0.028100,0.000682,0.000112,-0.000309
3.470828,-0.004564,0.189866,0.057059,3.489745,-0.006109,0.193387,0.056717,0.018917,-0.001545,0.003522,-0.000342
4.173448,-0.026582,0.385847,0.068708,4.121133,-0.027275,0.383876,0.069015,-0.052315,-0.000692,-0.001971,0.000308
4.878335,-0.012793,0.306598,0.068235,4.852113,-0.011067,0.306638,0.068865,-0.026222,0.001725,0.000040,0.000629
5.710579,0.021499,0.311460,0.095561,5.728632,0.022140,0.311354,0.096217,0.018053,0.000641,-0.000107,0.000656
4.692564,-0.048456,0.422759,0.079007,4.664929,-0.047385,0.416769,0.078595,-0.027635,0.001071,-0.005990,-0.000412
4.549010,-0.004632,0.378840,0.079012,4.443421,-0.003493,0.382409,0.077826,-0.105589,0.001139,0.003568,-0.001186
4.066201,-0.005937,0.403530,0.071641,4.036155,-0.009549,0.390880,0.071621,-0.030046,-0.003612,-0.012651,-0.000021
5.691911,-0.017902,0.340699,0.089918,5.601930,-0.021654,0.337290,0.088079,-0.089981,-0.003752,-0.003409,-0.001839
2.313828,-0.018300,0.187068,0.040730,2.274382,-0.017758,0.177781,0.040516,-0.039447,0.000541,-0.009287,-0.000213
4.039500,-0.003753,0.265350,0.082064,4.057552,-0.003599,0.276002,0.081336,0.018052,0.000154,0.010652,-0.000728
2.193133,-0.016457,0.191307,0.037883,2.208509,-0.016897,0.193748,0.037869,0.015375,-0.000440,0.002441,-0.000013
2.543016,-0.006049,0.223685,0.045044,2.570508,-0.005627,0.225681,0.045726,0.027491,0.000422,0.001995,0.000682
5.176960,-0.012199,0.395702,0.081561,5.167062,-0.015519,0.403583,0.081535,-0.009899,-0.003320,0.007881,-0.000026
4.572579,-0.029346,0.272329,0.081918,4.552640,-0.031325,0.282906,0.080700,-0.019938,-0.001979,0.010578,-0.001217
5.035900,-0.030937,0.477548,0.079519,5.045106,-0.036223,0.474160,0.079283,0.009206,-0.005286,-0.003388,-0.000236
2.071857,-0.011478,0.177811,0.032581,2.032182,-0.010946,0.179543,0.032216,-0.039675,0.000532,0.001732,-0.000365
4.442618,-0.019803,0.200485,0.077936,4.445718,-0.017308,0.203928,0.076661,0.003100,0.002495,0.003443,-0.001275
4.659247,-0.045233,0.409650,0.080867,4.747991,-0.048186,0.416221,0.081270,0.088744,-0.002953,0.006570,0.000403
5.499763,0.000150,0.270603,0.098784,5.492082,-0.005824,0.263771,0.097558,-0.007680,-0.005974,-0.006832,-0.001225
4.325191,-0.001463,0.305968,0.073171,4.368722,-0.004149,0.313074,0.073889,0.043531,-0.002686,0.007105,0.000717
5.277007,0.018699,0.257246,0.098407,5.248204,0.015440,0.250853,0.096343,-0.028802,-0.003259,-0.006393,-0.002065
4.273375,-0.005931,0.219707,0.067111,4.239431,-0.005360,0.220296,0.067520,-0.033944,0.000571,0.000589,0.000409
2.111835,-0.017628,0.230282,0.043951,2.126430,-0.015538,0.237657,0.043936,0.014595,0.002090,0.007375,-0.000015
5.998107,-0.006521,0.343728,0.102132,5.960095,-0.008429,0.338633,0.101685,-0.038012,-0.001908,-0.005094,-0.000447
4.224413,0.000306,0.218429,0.077225,4.196164,0.001184,0.214921,0.075813,-0.028250,0.000878,-0.003508,-0.001412
2.215009,-0.029916,0.194286,0.039644,2.210597,-0.030635,0.193409,0.039750,-0.004412,-0.000719,-0.000877,0.000106
3.966936,-0.011578,0.375974,0.069045,3.951604,-0.010253,0.364893,0.068309,-0.015332,0.001325,-0.011082,-0.000735
4.566609,0.007439,0.311715,0.091907,4.455687,0.009620,0.304056,0.089502,-0.110922,0.002181,-0.007659,-0.002405
4.225984,-0.010068,0.517301,0.081597,4.094161,-0.009921,0.498467,0.080110,-0.131823,0.000146,-0.018833,-0.001487
2.269573,-0.012394,0.195661,0.035947,2.230798,-0.013540,0.193321,0.035508,-0.038775,-0.001146,-0.002340,-0.000439
6.661776,-0.003560,0.500854,0.114318,6.603368,-0.001159,0.480007,0.112839,-0.058408,0.002401,-0.020847,-0.001479
3.772040,-0.019662,0.340625,0.060140,3.780101,-0.018073,0.339988,0.060829,0.008061,0.001589,-0.000637,0.000689
3.669487,-0.013067,0.361935,0.054674,3.706719,-0.011611,0.360067,0.055319,0.037232,0.001457,-0.001868,0.000646
2.705050,-0.007194,0.140948,0.045478,2.707538,-0.006439,0.141246,0.045114,0.002488,0.000755,0.000297,-0.000364
4.494143,-0.022129,0.206254,0.081665,4.510043,-0.014828,0.215159,0.080628,0.015899,0.007301,0.008905,-0.001037
4.374245,-0.012628,0.328618,0.092693,4.391513,-0.014621,0.329247,0.090855,0.017268,-0.001992,0.000628,-0.001838
5.913867,0.002238,0.325368,0.093869,5.841475,0.002117,0.316301,0.092683,-0.072392,-0.000121,-0.009067,-0.001187
3.020003,-0.026980,0.339403,0.050277,3.029876,-0.026690,0.335908,0.050072,0.009873,0.000290,-0.003495,-0.000205
1.883441,-0.013891,0.144356,0.031927,1.865399,-0.014311,0.141876,0.031838,-0.018041,-0.000420,-0.002480,-0.000089
3.582053,-0.010731,0.197687,0.063539,3.652849,-0.010821,0.202766,0.063915,0.070796,-0.000090,0.005079,0.000375
2.081614,0.002230,0.106470,0.034904,2.032411,0.001744,0.102907,0.033834,-0.049202,-0.000486,-0.003563,-0.001070
4.931337,-0.047939,0.376346,0.083254,4.944227,-0.048090,0.381558,0.083692,0.012889,-0.000151,0.005212,0.000439
2.033215,-0.014244,0.160979,0.032288,1.989531,-0.013678,0.163193,0.031909,-0.043684,0.000565,0.002214,-0.000379
4.942112,-0.008643,0.277348,0.079341,4.938369,-0.008448,0.274763,0.078736,-0.003744,0.000195,-0.002585,-0.000605
5.267798,-0.012495,0.213615,0.082007,5.167153,-0.009243,0.215487,0.081118,-0.100645,0.003251,0.001872,-0.000890
3.079871,-0.009202,0.240463,0.040021,3.033405,-0.009054,0.245230,0.039509,-0.046466,0.000148,0.004766,-0.000512
2.295880,-0.017252,0.139896,0.045408,2.318031,-0.017039,0.147599,0.045559,0.022151,0.000213,0.007703,0.000151
4.950746,-0.035334,0.328567,0.084922,4.927776,-0.032162,0.330828,0.083265,-0.022969,0.003172,0.002261,-0.001657
6.763535,0.021667,0.374654,0.135118,6.687768,0.019174,0.359902,0.132349,-0.075766,-0.002493,-0.014752,-0.002769
2.192810,-0.020890,0.156009,0.035434,2.169178,-0.020008,0.159535,0.035418,-0.023632,0.000881,0.003525,-0.000016
3.463208,-0.000970,0.229777,0.049849,3.435625,-0.001226,0.228077,0.050017,-0.027583,-0.000256,-0.001700,0.000168
3.756037,-0.005957,0.300525,0.063056,3.759848,-0.004544,0.307380,0.063394,0.003811,0.001412,0.006855,0.000339
3.060794,0.010114,0.121649,0.050983,3.079569,0.009018,0.118040,0.050975,0.018775,-0.001095,-0.003609,-0.000008
5.545560,-0.011229,0.342451,0.098330,5.540989,-0.008651,0.336505,0.097394,-0.004571,0.002578,-0.005946,-0.000936
4.304603,-0.017294,0.415289,0.072474,4.211607,-0.014830,0.409355,0.071749,-0.092996,0.002464,-0.005933,-0.000725
3.350358,-0.003594,0.204531,0.062716,3.334276,-0.003422,0.200973,0.062221,-0.016082,0.000171,-0.003558,-0.000495
4.160621,-0.013637,0.286944,0.056312,4.109971,-0.009268,0.289223,0.056653,-0.050650,0.004369,0.002278,0.000341
2.100534,-0.020190,0.127032,0.036295,2.087319,-0.019860,0.123673,0.035995,-0.013215,0.000329,-0.003359,-0.000301
5.475376,-0.033892,0.388079,0.084739,5.480205,-0.038579,0.391632,0.083920,0.004829,-0.004687,0.003553,-0.000820
4.185238,-0.000621,0.258054,0.070463,4.199306,-0.003557,0.261591,0.070018,0.014069,-0.002936,0.003537,-0.000445
3.014225,-0.007659,0.287273,0.050870,3.098971,-0.008144,0.287115,0.051055,0.084746,-0.000485,-0.000158,0.000185
4.742470,-0.029552,0.302799,0.085102,4.684845,-0.031506,0.297736,0.083570,-0.057625,-0.001954,-0.005063,-0.001532
2.469176,-0.015976,0.199860,0.038360,2.479674,-0.019037,0.203521,0.038699,0.010498,-0.003060,0.003661,0.000340
4.908659,-0.000360,0.218484,0.084350,4.850942,0.001989,0.221962,0.083620,-0.057717,0.002349,0.003478,-0.000730
2.282082,-0.017692,0.147788,0.046018,2.252676,-0.017849,0.147642,0.045362,-0.029406,-0.000157,-0.000146,-0.000656
2.303392,-0.008394,0.152825,0.030628,2.357106,-0.011281,0.155058,0.030113,0.053714,-0.002888,0.002232,-0.000514
2.075665,-0.012565,0.153968,0.035957,2.096065,-0.013541,0.151494,0.036170,0.020401,-0.000976,-0.002474,0.000213
4.979632,-0.001865,0.374129,0.070684,4.905536,-0.000707,0.374999,0.070672,-0.074096,0.001158,0.000870,-0.000012
6.095591,-0.017153,0.622050,0.117427,6.010011,-0.010513,0.596522,0.115606,-0.085580,0.006640,-0.025528,-0.001821
4.215850,-0.021761,0.415766,0.075082,4.152145,-0.016658,0.395547,0.074143,-0.063705,0.005103,-0.020219,-0.000939
5.219801,-0.031002,0.529448,0.098721,5.092353,-0.030810,0.516550,0.097727,-0.127449,0.000193,-0.012898,-0.000994
4.594128,-0.029179,0.327342,0.076966,4.499590,-0.027050,0.331736,0.075286,-0.094538,0.002129,0.004394,-0.001680
2.772434,-0.018203,0.274439,0.047344,2.784637,-0.017320,0.268976,0.047638,0.012203,0.000883,-0.005463,0.000293
5.334427,0.001871,0.326003,0.079782,5.272769,0.002527,0.323684,0.079849,-0.061658,0.000657,-0.002319,0.000067
3.119729,-0.005398,0.310865,0.050286,3.118358,-0.006291,0.302438,0.050639,-0.001371,-0.000892,-0.008427,0.000353
5.055437,0.005590,0.334521,0.093918,4.983497,0.005618,0.329104,0.092499,-0.071940,0.000028,-0.005417,-0.001419
2.162174,-0.025930,0.170138,0.036075,2.142769,-0.026083,0.168964,0.035837,-0.019405,-0.000153,-0.001174,-0.000238
2.527024,-0.017508,0.163584,0.050800,2.503920,-0.018648,0.163039,0.050424,-0.023104,-0.001140,-0.000546,-0.000376
4.252026,-0.000457,0.204232,0.077517,4.253444,-0.001160,0.204256,0.076940,0.001418,-0.000703,0.000024,-0.000577
4.638402,-0.013150,0.376591,0.076489,4.601961,-0.012524,0.386504,0.075936,-0.036441,0.000626,0.009913,-0.000553
1.997652,-0.004766,0.104433,0.035994,1.964770,-0.003971,0.102688,0.035094,-0.032881,0.000795,-0.001745,-0.000900
3.337608,-0.004526,0.238286,0.056626,3.296527,-0.003922,0.239949,0.055588,-0.041082,0.000604,0.001663,-0.001038
4.757232,-0.039434,0.383040,0.074573,4.724580,-0.037794,0.386182,0.074916,-0.032652,0.001640,0.003142,0.000343
5.246257,-0.025998,0.436446,0.082805,5.300857,-0.025886,0.432290,0.082806,0.054600,0.000112,-0.004157,0.000001
5.040273,-0.027589,0.427734,0.077956,5.085002,-0.027093,0.424433,0.078944,0.044729,0.000495,-0.003302,0.000988
2.404993,-0.013265,0.143246,0.044743,2.378076,-0.015888,0.143640,0.044244,-0.026917,-0.002624,0.000393,-0.000499
4.831154,-0.026301,0.354903,0.082056,4.816488,-0.023317,0.362389,0.081751,-0.014666,0.002984,0.007486,-0.000305
4.048181,0.017500,0.178719,0.078163,4.017333,0.015081,0.181661,0.077376,-0.030848,-0.002419,0.002943,-0.000787
6.095254,-0.018228,0.502841,0.113376,6.112247,-0.017086,0.497861,0.113156,0.016993,0.001142,-0.004979,-0.000220
3.045959,-0.017003,0.176207,0.055663,3.064257,-0.017384,0.176013,0.055332,0.018298,-0.000381,-0.000194,-0.000331
5.109042,-0.011816,0.468872,0.093664,5.058596,-0.007452,0.470468,0.092970,-0.050446,0.004364,0.001596,-0.000694
5.460129,-0.010058,0.472686,0.092835,5.496985,-0.009560,0.481945,0.093770,0.036857,0.000498,0.009258,0.000935
3.490457,0.002526,0.156626,0.060541,3.515396,0.009443,0.158875,0.060262,0.024939,0.006917,0.002249,-0.000279
1.968578,-0.006447,0.142524,0.035544,1.962163,-0.005604,0.137793,0.034411,-0.006415,0.000843,-0.004731,-0.001132
3.405110,-0.022037,0.258206,0.054189,3.386440,-0.024406,0.258423,0.054592,-0.018670,-0.002369,0.000217,0.000403
1.931132,-0.006789,0.121986,0.030113,1.944631,-0.005139,0.126137,0.030201,0.013499,0.001649,0.004151,0.000089
3.468581,-0.027696,0.286105,0.058360,3.420799,-0.026609,0.280794,0.057889,-0.047782,0.001087,-0.005311,-0.000471
5.774325,0.015951,0.443416,0.092921,5.747571,0.014635,0.449511,0.092679,-0.026755,-0.001316,0.006095,-0.000242
6.273962,-0.056354,0.538180,0.111309,6.229410,-0.054613,0.541714,0.110106,-0.044552,0.001741,0.003534,-0.001203
4.685746,-0.030579,0.349860,0.080642,4.596465,-0.026788,0.342416,0.079622,-0.089281,0.003791,-0.007444,-0.001020
5.237808,0.026529,0.249828,0.099060,5.140383,0.028809,0.251035,0.096837,-0.097425,0.002280,0.001207,-0.002223
3.981004,0.004126,0.169027,0.069431,3.973898,0.005923,0.170201,0.068942,-0.007106,0.001797,0.001175,-0.000490
3.483639,0.003264,0.135129,0.055312,3.455683,0.005644,0.139781,0.055062,-0.027956,0.002380,0.004652,-0.000250
3.144111,0.007017,0.173569,0.056129,3.154060,0.007560,0.174076,0.055935,0.009949,0.000543,0.000507,-0.000193
5.273348,-0.020004,0.368596,0.067008,5.136081,-0.019292,0.370116,0.067887,-0.137268,0.000712,0.001520,0.000879
4.309579,-0.029614,0.276497,0.076071,4.302092,-0.029124,0.279251,0.076262,-0.007487,0.000490,0.002754,0.000191
5.263603,-0.009879,0.258708,0.095132,5.187108,-0.003959,0.256700,0.094528,-0.076495,0.005919,-0.002008,-0.000605
2.845941,-0.001758,0.194053,0.045837,2.908580,0.000584,0.198374,0.046902,0.062639,0.002342,0.004321,0.001064
5.954848,-0.019372,0.520953,0.116065,5.867460,-0.019347,0.512811,0.114376,-0.087388,0.000025,-0.008142,-0.001689
2.708585,-0.009676,0.245378,0.044192,2.678869,-0.008981,0.244547,0.044223,-0.029716,0.000695,-0.000832,0.000031
6.630083,-0.033371,0.557220,0.099130,6.538222,-0.034795,0.543466,0.097287,-0.091861,-0.001424,-0.013754,-0.001843
3.640208,0.011354,0.222525,0.069465,3.620357,0.006430,0.227101,0.069651,-0.019850,-0.004924,0.004576,0.000186
5.824643,-0.018684,0.379238,0.094193,5.690345,-0.016558,0.368717,0.092284,-0.134298,0.002126,-0.010521,-0.001909
4.086784,-0.001311,0.293830,0.076060,4.068530,-0.002426,0.297558,0.075219,-0.018254,-0.001115,0.003728,-0.000841
6.251592,0.011265,0.289055,0.112619,6.121417,0.012734,0.288837,0.110610,-0.130175,0.001470,-0.000218,-0.002009
4.014978,-0.019671,0.171371,0.061361,4.045287,-0.023173,0.176708,0.061471,0.030308,-0.003502,0.005337,0.000110
3.555219,0.004358,0.148140,0.059851,3.529229,0.003672,0.151757,0.058703,-0.025990,-0.000685,0.003617,-0.001148
3.276762,-0.014095,0.297576,0.064429,3.244484,-0.010836,0.286047,0.064464,-0.032277,0.003260,-0.011529,0.000035
3.269770,0.002514,0.289806,0.048838,3.240190,0.001254,0.291619,0.049763,-0.029580,-0.001260,0.001813,0.000925
3.030713,-0.006715,0.227933,0.051979,3.034126,-0.004225,0.229605,0.051289,0.003413,0.002490,0.001672,-0.000690
2.358606,-0.000603,0.114279,0.035275,2.377819,-0.003244,0.115882,0.035269,0.019213,-0.002641,0.001603,-0.000006
4.705758,0.044068,0.240558,0.094729,4.722139,0.048824,0.240754,0.094940,0.016381,0.004756,0.000196,0.000210
3.337244,0.009113,0.219484,0.063551,3.376231,0.006933,0.216966,0.064181,0.038987,-0.002179,-0.002518,0.000630
4.341735,0.022128,0.468885,0.079549,4.295360,0.021706,0.463852,0.079024,-0.046375,-0.000422,-0.005032,-0.000525
3.325342,0.005624,0.148847,0.058405,3.307943,0.007448,0.146082,0.057925,-0.017400,0.001824,-0.002766,-0.000480
4.046065,-0.006272,0.404032,0.069893,3.973614,-0.007322,0.398319,0.069355,-0.072452,-0.001051,-0.005713,-0.000537
3.939462,-0.017993,0.365263,0.064704,3.911027,-0.017794,0.362999,0.063616,-0.028435,0.000200,-0.002264,-0.001088
3.493052,-0.003084,0.314014,0.057588,3.479567,-0.002022,0.301911,0.056753,-0.013485,0.001062,-0.012103,-0.000835
5.774796,0.025277,0.354073,0.105835,5.782001,0.025947,0.342312,0.105798,0.007205,0.000670,-0.011761,-0.000037
2.238251,-0.013451,0.218663,0.042011,2.259020,-0.012583,0.218314,0.040858,0.020768,0.000869,-0.000350,-0.001154
3.184771,0.005270,0.228630,0.054985,3.180041,0.002369,0.228652,0.054596,-0.004730,-0.002901,0.000022,-0.000389
3.414130,0.004584,0.260015,0.064668,3.365836,0.008054,0.261507,0.063426,-0.048294,0.003470,0.001492,-0.001242
6.355132,-0.013942,0.507068,0.093722,6.266158,-0.015593,0.508272,0.093908,-0.088974,-0.001651,0.001204,0.000187
2.347770,-0.040644,0.251173,0.040268,2.330446,-0.040407,0.254517,0.040531,-0.017323,0.000236,0.003344,0.000263
3.115493,-0.019020,0.280362,0.047930,3.069437,-0.021223,0.277314,0.048545,-0.046056,-0.002203,-0.003049,0.000615
2.560706,-0.015786,0.218379,0.045173,2.532317,-0.018412,0.222951,0.044208,-0.028389,-0.002626,0.004572,-0.000965
4.936062,-0.001316,0.243745,0.090515,4.901391,-0.002896,0.232136,0.089179,-0.034672,-0.001580,-0.011609,-0.001336
4.261008,-0.012545,0.265556,0.080105,4.230432,-0.015528,0.261024,0.079992,-0.030576,-0.002983,-0.004532,-0.000113
2.352107,-0.034947,0.269870,0.043108,2.331035,-0.032756,0.267019,0.043277,-0.021072,0.002191,-0.002852,0.000168
4.110848,-0.039509,0.404746,0.065518,4.118819,-0.041756,0.413009,0.066176,0.007971,-0.002247,0.008263,0.000658
5.351284,-0.014581,0.435493,0.083144,5.248345,-0.013523,0.427638,0.081194,-0.102938,0.001058,-0.007855,-0.001950
4.314846,-0.040208,0.259427,0.067674,4.225679,-0.042545,0.258584,0.067479,-0.089166,-0.002336,-0.000843,-0.000195
5.979101,-0.018136,0.386173,0.114109,5.949455,-0.016026,0.384932,0.112761,-0.029646,0.002110,-0.001240,-0.001348
3.683462,-0.020285,0.366427,0.063038,3.634220,-0.018505,0.360529,0.062865,-0.049242,0.001781,-0.005899,-0.000173
2.365814,-0.010337,0.223268,0.043795,2.345922,-0.009988,0.225153,0.043904,-0.019892,0.000349,0.001884,0.000108
5.788269,-0.008906,0.359587,0.100518,5.748070,-0.002404,0.359829,0.100076,-0.040199,0.006503,0.000241,-0.000442
2.573995,0.009245,0.131272,0.043231,2.642352,0.007678,0.131349,0.043624,0.068357,-0.001566,0.000077,0.000393
4.378718,-0.030477,0.264808,0.076423,4.357208,-0.027562,0.271908,0.076240,-0.021511,0.002915,0.007100,-0.000184
2.736561,-0.012945,0.215980,0.046823,2.764494,-0.011905,0.211628,0.046890,0.027934,0.001040,-0.004352,0.000066
2.224863,-0.022630,0.212960,0.033724,2.198319,-0.024159,0.209991,0.034421,-0.026545,-0.001529,-0.002968,0.000698
5.112784,-0.022609,0.449634,0.080872,5.099088,-0.019958,0.445507,0.081478,-0.013697,0.002651,-0.004127,0.000606
3.592119,-0.022930,0.269577,0.050317,3.580940,-0.022504,0.272334,0.050451,-0.011179,0.000426,0.002757,0.000135
3.208978,-0.030251,0.306182,0.050811,3.222156,-0.027674,0.300470,0.051125,0.013178,0.002578,-0.005712,0.000314
6.401670,-0.015542,0.530299,0.100759,6.278456,-0.015099,0.515079,0.098076,-0.123214,0.000443,-0.015220,-0.002683
4.070856,-0.018501,0.237099,0.066642,4.050431,-0.025143,0.239320,0.067512,-0.020425,-0.006642,0.002221,0.000869
4.135588,-0.012776,0.328977,0.066931,4.093278,-0.013151,0.332126,0.066031,-0.042310,-0.000375,0.003149,-0.000899
4.691538,0.012308,0.404541,0.078793,4.611771,0.007936,0.399270,0.078318,-0.079768,-0.004372,-0.005271,-0.000474
2.906045,0.007618,0.241718,0.041450,2.850168,0.006619,0.243476,0.041531,-0.055877,-0.000999,0.001758,0.000080
3.984719,-0.019526,0.377623,0.080497,4.031588,-0.020522,0.377478,0.081086,0.046869,-0.000996,-0.000146,0.000589
6.380913,-0.016206,0.378855,0.099949,6.257707,-0.013592,0.365501,0.097964,-0.123206,0.002614,-0.013353,-0.001985
2.700342,-0.002380,0.141542,0.046589,2.694377,-0.003973,0.143639,0.046292,-0.005965,-0.001594,0.002097,-0.000297
3.265955,-0.023038,0.354192,0.057119,3.300759,-0.022926,0.355584,0.057035,0.034804,0.000112,0.001392,-0.000084
2.851032,-0.002165,0.226826,0.053963,2.868727,-0.002183,0.226892,0.054100,0.017696,-0.000017,0.000066,0.000137
4.383627,0.018633,0.194339,0.076266,4.366596,0.015736,0.196799,0.076330,-0.017031,-0.002897,0.002460,0.000064
5.559227,-0.014144,0.398703,0.093902,5.542929,-0.016042,0.408599,0.093390,-0.016298,-0.001898,0.009897,-0.000513
2.027324,-0.044526,0.225576,0.032848,2.077410,-0.042080,0.224495,0.033190,0.050086,0.002446,-0.001081,0.000342
3.398883,-0.019513,0.262117,0.059689,3.418263,-0.020672,0.263200,0.059095,0.019380,-0.001159,0.001083,-0.000594
4.118766,-0.004234,0.335337,0.072395,4.063678,-0.005036,0.343139,0.070358,-0.055088,-0.000802,0.007802,-0.002036
5.192885,-0.015833,0.382540,0.086345,5.165211,-0.015852,0.378489,0.085790,-0.027674,-0.000019,-0.004051,-0.000555
2.861168,-0.001661,0.282615,0.044553,2.859256,-0.002600,0.285562,0.044790,-0.001912,-0.000939,0.002946,0.000237
4.940758,-0.036215,0.400942,0.092357,4.905718,-0.033638,0.403889,0.091436,-0.035040,0.002577,0.002946,-0.000920
6.460294,-0.011887,0.561801,0.125041,6.456775,-0.012838,0.558942,0.124072,-0.003520,-0.000952,-0.002859,-0.000969
3.957013,-0.013723,0.318533,0.059718,3.967517,-0.016007,0.323550,0.060247,0.010504,-0.002284,0.005018,0.000529
5.051609,-0.031580,0.510057,0.098455,4.994894,-0.027239,0.509824,0.097070,-0.056715,0.004341,-0.000234,-0.001385
4.953440,-0.001708,0.199902,0.083066,4.959441,0.001206,0.199377,0.081618,0.006001,0.002913,-0.000524,-0.001448
3.944400,-0.004142,0.218957,0.060066,3.959789,-0.002522,0.219581,0.060565,0.015389,0.001621,0.000623,0.000500
3.309751,-0.006502,0.238535,0.055366,3.284003,-0.004961,0.237633,0.054752,-0.025748,0.001541,-0.000901,-0.000614
3.611087,-0.009999,0.318158,0.058810,3.599364,-0.012275,0.319656,0.058646,-0.011723,-0.002276,0.001498,-0.000163
3.792724,-0.016918,0.318316,0.071903,3.745872,-0.012958,0.311619,0.070563,-0.046852,0.003960,-0.006697,-0.001339
2.886764,-0.004808,0.167651,0.055932,2.926684,-0.005746,0.174446,0.056218,0.039920,-0.000938,0.006794,0.000287
3.066182,-0.019500,0.235831,0.051675,3.065599,-0.021519,0.232977,0.051395,-0.000582,-0.002019,-0.002855,-0.000279
3.419070,-0.020019,0.158154,0.057467,3.479937,-0.019318,0.165658,0.058707,0.060868,0.000701,0.007504,0.001240
2.699107,-0.012571,0.204638,0.046756,2.656160,-0.012583,0.202231,0.046334,-0.042947,-0.000012,-0.002407,-0.000422
4.666671,-0.006723,0.276491,0.082551,4.673996,-0.003911,0.282198,0.081666,0.007325,0.002812,0.005707,-0.000885
2.178341,-0.000413,0.101298,0.036264,2.155459,-0.002307,0.107920,0.036718,-0.022882,-0.001895,0.006622,0.000455
6.327820,0.015958,0.397274,0.095387,6.261604,0.015117,0.385399,0.094759,-0.066216,-0.000842,-0.011876,-0.000628
4.387073,-0.029409,0.371838,0.073929,4.372880,-0.030021,0.367086,0.073442,-0.014193,-0.000612,-0.004752,-0.000487
4.718975,0.005052,0.407764,0.082158,4.699899,0.005086,0.406547,0.081433,-0.019076,0.000035,-0.001217,-0.000725
5.579119,0.017947,0.245851,0.099224,5.523124,0.019474,0.248779,0.098880,-0.055995,0.001527,0.002928,-0.000344
2.175275,-0.017803,0.166430,0.037098,2.157721,-0.018736,0.162181,0.036415,-0.017554,-0.000933,-0.004248,-0.000683
3.694711,-0.039083,0.347428,0.073296,3.707830,-0.038611,0.349042,0.073314,0.013119,0.000472,0.001614,0.000018
2.792890,-0.022443,0.295676,0.050076,2.793797,-0.019271,0.291061,0.050404,0.000908,0.003173,-0.004615,0.000328
2.552585,0.002023,0.186939,0.045781,2.548884,0.000472,0.182627,0.045125,-0.003701,-0.001552,-0.004312,-0.000655
3.398274,-0.017552,0.209854,0.060307,3.367624,-0.014799,0.211851,0.059026,-0.030650,0.002754,0.001997,-0.001281
4.735512,0.017064,0.211242,0.088683,4.714499,0.014724,0.214196,0.088060,-0.021013,-0.002340,0.002953,-0.000623
3.895775,0.012499,0.429489,0.065998,3.838431,0.011441,0.414124,0.066461,-0.057344,-0.001057,-0.015365,0.000463
1.956205,-0.003986,0.104061,0.034573,1.947428,-0.005040,0.105033,0.034392,-0.008777,-0.001054,0.000972,-0.000181
3.125698,-0.017724,0.331120,0.054409,3.149329,-0.015997,0.337046,0.054090,0.023631,0.001727,0.005925,-0.000320
4.151626,-0.043729,0.303245,0.062415,4.134364,-0.046094,0.307135,0.062986,-0.017262,-0.002365,0.003890,0.000571
3.559759,0.004310,0.343023,0.058101,3.564971,0.004474,0.340795,0.058160,0.005212,0.000164,-0.002227,0.000059
5.885258,-0.020455,0.472819,0.110119,5.863205,-0.017916,0.473280,0.108016,-0.022053,0.002538,0.000460,-0.002103
3.520104,0.006820,0.377209,0.064755,3.506194,0.009962,0.378210,0.064607,-0.013910,0.003142,0.001001,-0.000147
3.032620,-0.021870,0.309625,0.052554,3.001904,-0.020545,0.303776,0.052795,-0.030716,0.001325,-0.005849,0.000240
7.163186,0.029618,0.684867,0.129838,7.151571,0.018090,0.669085,0.130082,-0.011614,-0.011528,-0.015782,0.000244
2.403787,-0.037661,0.259797,0.042244,2.350188,-0.039182,0.262025,0.042547,-0.053599,-0.001521,0.002228,0.000303
4.306553,0.021628,0.193975,0.072503,4.283103,0.019840,0.197607,0.072028,-0.023449,-0.001788,0.003632,-0.000475
5.182548,-0.034945,0.385493,0.087518,5.054189,-0.037619,0.389251,0.086786,-0.128359,-0.002674,0.003758,-0.000732
6.484672,-0.009828,0.403909,0.113170,6.466768,-0.016374,0.402105,0.112720,-0.017904,-0.006545,-0.001804,-0.000449
4.641983,-0.014238,0.202172,0.085786,4.601103,-0.010379,0.203951,0.083487,-0.040880,0.003859,0.001779,-0.002299
5.640552,-0.039687,0.479796,0.085108,5.670711,-0.040008,0.468321,0.085204,0.030159,-0.000320,-0.011475,0.000096
4.196049,-0.023268,0.268884,0.067156,4.168236,-0.023803,0.271320,0.066532,-0.027813,-0.000535,0.002436,-0.000624
4.012228,0.008113,0.162350,0.070883,3.983298,0.007412,0.161811,0.069742,-0.028930,-0.000701,-0.000539,-0.001141
5.123660,0.028310,0.232313,0.085803,5.028784,0.026575,0.226006,0.084576,-0.094876,-0.001735,-0.006307,-0.001227
3.796103,-0.007652,0.141337,0.057740,3.823606,-0.010193,0.144198,0.057815,0.027502,-0.002541,0.002861,0.000075
3.825835,0.004754,0.173238,0.070475,3.860085,0.003644,0.172614,0.070283,0.034250,-0.001110,-0.000623,-0.000192
4.879715,0.012477,0.232154,0.078807,4.865211,0.010186,0.223144,0.077178,-0.014504,-0.002291,-0.009010,-0.001629
3.339551,-0.007619,0.220651,0.048018,3.285930,-0.005557,0.216845,0.048419,-0.053621,0.002061,-0.003806,0.000401
3.531838,-0.008848,0.352073,0.066297,3.501838,-0.008339,0.344648,0.066089,-0.030000,0.000509,-0.007425,-0.000208
3.790472,-0.005809,0.288852,0.067389,3.815096,-0.005898,0.281214,0.067725,0.024624,-0.000090,-0.007638,0.000336
4.473100,-0.004372,0.405656,0.075777,4.454923,-0.003840,0.401684,0.074970,-0.018177,0.000533,-0.003972,-0.000807
2.210296,-0.013279,0.122316,0.038264,2.200667,-0.014003,0.125222,0.038139,-0.009629,-0.000724,0.002906,-0.000124
5.072127,-0.022496,0.364761,0.082069,5.083821,-0.021393,0.367787,0.081612,0.011694,0.001103,0.003026,-0.000456
2.763586,-0.017284,0.254652,0.046955,2.737483,-0.015911,0.252250,0.046761,-0.026103,0.001373,-0.002403,-0.000194
5.300441,-0.001294,0.328184,0.076412,5.171832,-0.001460,0.320191,0.074312,-0.128609,-0.000166,-0.007993,-0.002100
5.122226,-0.012946,0.463342,0.084358,4.949823,-0.010376,0.447330,0.082255,-0.172403,0.002570,-0.016012,-0.002104
4.038377,-0.027464,0.211946,0.061124,3.960449,-0.029064,0.212925,0.060038,-0.077927,-0.001600,0.000979,-0.001085
2.082292,-0.014744,0.150976,0.034811,2.058163,-0.013790,0.150220,0.034622,-0.024129,0.000954,-0.000756,-0.000189
2.752276,-0.006612,0.234130,0.051739,2.779524,-0.007932,0.234058,0.052283,0.027248,-0.001320,-0.000072,0.000545
3.907597,-0.017211,0.313243,0.069386,3.913609,-0.017835,0.313674,0.070492,0.006012,-0.000623,0.000430,0.001107
4.474200,-0.024572,0.355782,0.070496,4.478572,-0.024667,0.350180,0.070310,0.004372,-0.000094,-0.005602,-0.000186
1.759654,-0.011943,0.153839,0.035929,1.766291,-0.011177,0.150145,0.036433,0.006637,0.000766,-0.003694,0.000504
5.396123,0.001582,0.332151,0.081688,5.338638,0.002109,0.331498,0.081403,-0.057485,0.000527,-0.000653,-0.000285
1.967941,-0.004185,0.164561,0.029655,1.956875,-0.005665,0.162907,0.029284,-0.011066,-0.001479,-0.001653,-0.000371
2.588866,-0.010661,0.187482,0.040305,2.550312,-0.010388,0.189498,0.040931,-0.038554,0.000273,0.002015,0.000626
2.690460,-0.007409,0.242704,0.043078,2.659141,-0.006028,0.252555,0.042709,-0.031319,0.001381,0.009851,-0.000370
4.312794,-0.040541,0.262946,0.068688,4.272731,-0.042797,0.261224,0.068826,-0.040063,-0.002257,-0.001723,0.000138
3.348645,-0.005548,0.336481,0.062879,3.330159,-0.002234,0.343752,0.062730,-0.018486,0.003314,0.007271,-0.000149
4.247862,-0.026615,0.396677,0.077417,4.296477,-0.027436,0.391878,0.078609,0.048615,-0.000821,-0.004799,0.001192
6.416469,-0.016702,0.534428,0.118309,6.304274,-0.011819,0.513843,0.115552,-0.112195,0.004882,-0.020585,-0.002757
6.773683,0.015709,0.309363,0.125318,6.704627,0.015874,0.315574,0.123796,-0.069056,0.000165,0.006211,-0.001521
3.907857,0.002103,0.426385,0.071509,3.882517,-0.001999,0.426244,0.071085,-0.025340,-0.004101,-0.000141,-0.000425
3.624351,-0.025613,0.241856,0.066541,3.560529,-0.027120,0.245651,0.066105,-0.063821,-0.001507,0.003794,-0.000437
2.166789,-0.020369,0.171975,0.037425,2.176832,-0.017207,0.172542,0.037140,0.010043,0.003162,0.000566,-0.000285
4.079110,-0.013037,0.276088,0.076637,4.001512,-0.015540,0.276254,0.076031,-0.077598,-0.002503,0.000166,-0.000607
2.390273,-0.035784,0.241979,0.038390,2.326065,-0.035835,0.236898,0.038718,-0.064208,-0.000052,-0.005081,0.000328
2.124112,-0.013859,0.180820,0.039455,2.152894,-0.016118,0.180043,0.039748,0.028782,-0.002259,-0.000777,0.000293
3.517368,-0.019420,0.240071,0.070701,3.562906,-0.023418,0.238061,0.070573,0.045538,-0.003997,-0.002010,-0.000129
3.657998,-0.000468,0.211674,0.066469,3.649428,-0.003884,0.211203,0.066704,-0.008571,-0.003416,-0.000471,0.000235
2.532022,-0.000685,0.189273,0.037409,2.430108,-0.003269,0.193445,0.037204,-0.101914,-0.002584,0.004172,-0.000206
4.068025,-0.007064,0.188735,0.073561,4.048121,-0.006831,0.186448,0.072253,-0.019904,0.000233,-0.002287,-0.001308
2.990320,-0.015235,0.250770,0.056511,2.959847,-0.013225,0.246765,0.056105,-0.030473,0.002009,-0.004005,-0.000406
4.111075,-0.009128,0.201005,0.075927,4.068490,-0.006893,0.203999,0.074937,-0.042585,0.002235,0.002994,-0.000991
4.238556,-0.000336,0.473974,0.074058,4.173551,0.000516,0.461080,0.073418,-0.065005,0.000852,-0.012893,-0.000640
2.749747,-0.003257,0.258619,0.042189,2.736175,-0.004952,0.262231,0.042291,-0.013572,-0.001695,0.003612,0.000102
2.035382,-0.007891,0.111622,0.028721,2.006763,-0.006948,0.111062,0.028312,-0.028619,0.000943,-0.000560,-0.000410
5.887664,-0.016069,0.377028,0.084795,5.753946,-0.017326,0.370941,0.083288,-0.133718,-0.001257,-0.006086,-0.001507
7.136869,0.001544,0.400327,0.120247,7.041118,0.002228,0.398658,0.118280,-0.095751,0.000684,-0.001669,-0.001967
2.104586,-0.011450,0.114009,0.035970,2.123243,-0.013003,0.115457,0.036715,0.018657,-0.001553,0.001448,0.000745
4.224254,-0.030612,0.299744,0.067601,4.172397,-0.029128,0.306342,0.067493,-0.051857,0.001484,0.006597,-0.000108
4.055515,-0.021867,0.410120,0.069511,4.027639,-0.020290,0.396215,0.069670,-0.027876,0.001577,-0.013906,0.000159
4.070360,-0.021512,0.197583,0.057019,4.020527,-0.021956,0.197754,0.056696,-0.049833,-0.000445,0.000171,-0.000322
3.058642,-0.004508,0.337357,0.056450,3.120973,-0.000055,0.333866,0.056845,0.062331,0.004453,-0.003490,0.000396
2.492477,-0.033553,0.182648,0.040643,2.503758,-0.031452,0.184152,0.040967,0.011281,0.002101,0.001503,0.000324
2.945896,0.000766,0.246587,0.047052,3.008711,0.000760,0.245547,0.047595,0.062814,-0.000007,-0.001041,0.000543
4.213846,0.013253,0.435330,0.071594,4.194004,0.012744,0.436499,0.071280,-0.019843,-0.000509,0.001168,-0.000314
1.851095,-0.007875,0.088415,0.027164,1.858939,-0.007515,0.083036,0.026816,0.007844,0.000360,-0.005379,-0.000348
3.252870,-0.002858,0.395099,0.063452,3.223686,-0.005980,0.382624,0.062675,-0.029184,-0.003121,-0.012475,-0.000776
3.196061,-0.003532,0.152619,0.047642,3.205172,-0.003089,0.155924,0.047812,0.009111,0.000443,0.003305,0.000170
2.298847,-0.018931,0.142321,0.044062,2.267554,-0.017005,0.139835,0.043913,-0.031294,0.001926,-0.002486,-0.000150
3.553808,-0.011647,0.209962,0.060758,3.555084,-0.012549,0.209962,0.060526,0.001276,-0.000902,-0.000001,-0.000231
3.668061,-0.010106,0.293056,0.060268,3.744991,-0.010388,0.292920,0.060522,0.076930,-0.000281,-0.000137,0.000254
3.670649,0.010018,0.283747,0.055274,3.661746,0.008631,0.276968,0.055425,-0.008904,-0.001387,-0.006779,0.000151
2.740332,-0.019692,0.169768,0.048584,2.751344,-0.018609,0.172019,0.048137,0.011012,0.001083,0.002251,-0.000447
2.470978,-0.004733,0.122112,0.040141,2.569074,-0.005244,0.124271,0.040768,0.098097,-0.000512,0.002158,0.000627
4.913451,-0.030312,0.330619,0.082418,4.879733,-0.027433,0.320997,0.080857,-0.033718,0.002879,-0.009621,-0.001561
5.815352,0.022631,0.226020,0.100802,5.709508,0.024084,0.233440,0.099109,-0.105844,0.001453,0.007420,-0.001693
2.757848,-0.013947,0.363044,0.057033,2.827441,-0.014163,0.366450,0.057412,0.069593,-0.000216,0.003406,0.000379
3.214426,0.000791,0.312895,0.054234,3.240206,-0.001920,0.310494,0.054553,0.025780,-0.002711,-0.002401,0.000318
2.267428,-0.002329,0.194552,0.039233,2.317698,-0.005492,0.201289,0.038963,0.050271,-0.003162,0.006737,-0.000270
4.077308,-0.025775,0.321391,0.075747,4.120646,-0.027178,0.328647,0.076663,0.043338,-0.001403,0.007256,0.000916
4.444232,-0.015226,0.309860,0.072906,4.443352,-0.019358,0.313004,0.074033,-0.000881,-0.004132,0.003144,0.001128
4.236088,-0.028249,0.344675,0.065343,4.261368,-0.025102,0.345287,0.066786,0.025280,0.003147,0.000612,0.001443
2.485010,-0.058307,0.296162,0.044216,2.578129,-0.057382,0.298633,0.045922,0.093119,0.000926,0.002471,0.001706
2.289275,-0.029201,0.231805,0.039471,2.279263,-0.028833,0.229151,0.039079,-0.010012,0.000368,-0.002654,-0.000392
5.447522,-0.030036,0.344713,0.096222,5.430027,-0.029813,0.347038,0.095423,-0.017495,0.000223,0.002324,-0.000799
4.177449,-0.025788,0.400888,0.072362,4.174846,-0.027824,0.399941,0.072766,-0.002604,-0.002036,-0.000946,0.000404
3.630476,-0.005034,0.230505,0.056214,3.626575,-0.003588,0.236131,0.056340,-0.003901,0.001446,0.005626,0.000126
6.457239,-0.028576,0.558667,0.106092,6.347660,-0.030934,0.559505,0.106515,-0.109579,-0.002359,0.000838,0.000423
2.549429,-0.000786,0.175313,0.041863,2.606654,-0.000510,0.177313,0.041757,0.057225,0.000276,0.001999,-0.000106
5.670402,0.004218,0.223721,0.084810,5.469306,0.005456,0.223197,0.083695,-0.201096,0.001237,-0.000524,-0.001115
3.026607,0.004238,0.247963,0.048445,3.074975,0.002457,0.248171,0.049230,0.048368,-0.001780,0.000208,0.000784
2.858624,-0.014334,0.212961,0.047352,2.823415,-0.012897,0.208003,0.046692,-0.035208,0.001437,-0.004958,-0.000660
4.643382,0.010169,0.307763,0.092886,4.573837,0.013341,0.305358,0.090908,-0.069545,0.003172,-0.002405,-0.001978
2.224819,-0.008254,0.123419,0.043207,2.206129,-0.007558,0.128939,0.042622,-0.018690,0.000696,0.005521,-0.000586
5.037427,-0.022654,0.360254,0.080410,5.012548,-0.021047,0.357316,0.079979,-0.024879,0.001607,-0.002938,-0.000431
4.565032,0.002812,0.338041,0.080799,4.618382,0.002015,0.340718,0.082067,0.053349,-0.000797,0.002676,0.001269
2.100768,-0.031294,0.187819,0.033951,2.121492,-0.030212,0.184738,0.032903,0.020724,0.001083,-0.003082,-0.001047
6.655828,-0.024032,0.587739,0.106941,6.578053,-0.025587,0.571687,0.106160,-0.077775,-0.001555,-0.016052,-0.000781
4.987635,0.012085,0.378612,0.074857,4.910257,0.013030,0.371287,0.074008,-0.077377,0.000945,-0.007325,-0.000849
2.767925,-0.032901,0.202766,0.043478,2.687056,-0.032659,0.201985,0.041912,-0.080869,0.000242,-0.000781,-0.001566
3.332184,-0.004548,0.191064,0.056882,3.341563,-0.005589,0.195021,0.057134,0.009378,-0.001041,0.003957,0.000251
4.967048,-0.034607,0.378189,0.077328,4.947484,-0.038038,0.378127,0.077127,-0.019564,-0.003431,-0.000062,-0.000201
4.255765,-0.005089,0.330470,0.078210,4.271884,-0.006305,0.325097,0.078830,0.016119,-0.001216,-0.005372,0.000620
2.195508,-0.020739,0.234151,0.043669,2.179712,-0.020070,0.233216,0.044100,-0.015796,0.000669,-0.000935,0.000431
3.740408,-0.011860,0.326649,0.057366,3.678444,-0.013421,0.322276,0.056902,-0.061965,-0.001561,-0.004373,-0.000463
5.413474,-0.012663,0.368949,0.101689,5.388586,-0.013181,0.364393,0.099507,-0.024889,-0.000518,-0.004556,-0.002182
1.972676,-0.010828,0.106307,0.031268,1.927424,-0.011480,0.105150,0.031725,-0.045253,-0.000652,-0.001158,0.000456
2.657310,-0.007662,0.161584,0.045889,2.678950,-0.008954,0.163505,0.046718,0.021640,-0.001292,0.001921,0.000830
4.182740,-0.055261,0.297087,0.063907,4.213026,-0.058256,0.305333,0.063523,0.030286,-0.002994,0.008246,-0.000384
2.285697,-0.015638,0.129820,0.041852,2.266886,-0.015868,0.130735,0.041402,-0.018811,-0.000229,0.000916,-0.000450
6.109889,-0.044464,0.530947,0.108139,5.975448,-0.042712,0.522152,0.106799,-0.134441,0.001753,-0.008795,-0.001340
2.231079,-0.015099,0.163330,0.037786,2.238668,-0.016114,0.161304,0.038186,0.007589,-0.001014,-0.002026,0.000400
2.560005,-0.022247,0.201779,0.046287,2.538217,-0.021753,0.196382,0.045986,-0.021788,0.000493,-0.005397,-0.000301
1.866430,-0.012649,0.162189,0.026774,1.816222,-0.012743,0.161377,0.025885,-0.050208,-0.000095,-0.000811,-0.000889
5.618354,-0.007073,0.494233,0.111149,5.571417,-0.010828,0.491033,0.109871,-0.046937,-0.003755,-0.003199,-0.001278
6.639246,-0.004752,0.386205,0.117874,6.598431,-0.005050,0.392062,0.116521,-0.040816,-0.000299,0.005857,-0.001353
2.327285,-0.014376,0.135989,0.038424,2.346843,-0.013883,0.139708,0.037784,0.019558,0.000494,0.003718,-0.000640
4.115240,-0.011529,0.462953,0.075301,4.023440,-0.009103,0.452646,0.074191,-0.091800,0.002426,-0.010307,-0.001110
6.012111,-0.015576,0.521626,0.117204,5.990824,-0.009441,0.514507,0.116324,-0.021287,0.006135,-0.007119,-0.000880
3.054727,0.005815,0.253338,0.048312,3.103357,0.002766,0.255842,0.049123,0.048630,-0.003049,0.002505,0.000811
3.493535,-0.013248,0.314185,0.055147,3.486736,-0.012489,0.314051,0.055885,-0.006799,0.000759,-0.000134,0.000738
2.474771,-0.000809,0.219753,0.038693,2.430526,-0.001667,0.226590,0.038926,-0.044245,-0.000858,0.006837,0.000233
4.823557,-0.011411,0.351523,0.079818,4.790812,-0.010783,0.348649,0.079574,-0.032746,0.000628,-0.002874,-0.000244
4.179743,-0.009372,0.357420,0.080856,4.240196,-0.010076,0.357411,0.080670,0.060453,-0.000704,-0.000009,-0.000185
5.022409,0.002026,0.383336,0.072745,5.052340,-0.000635,0.386340,0.073414,0.029931,-0.002661,0.003004,0.000669
4.496642,-0.010647,0.275479,0.070369,4.412108,-0.010447,0.270727,0.070038,-0.084533,0.000200,-0.004752,-0.000331
5.192854,-0.019030,0.298002,0.083500,5.134200,-0.018759,0.301822,0.082769,-0.058654,0.000271,0.003820,-0.000730
2.726855,0.009915,0.253988,0.049454,2.778160,0.009941,0.263870,0.049789,0.051306,0.000027,0.009882,0.000335
7.440460,-0.001387,0.623665,0.124058,7.266102,0.000936,0.614389,0.123289,-0.174358,0.002322,-0.009275,-0.000769
4.214302,-0.029657,0.378466,0.071141,4.250302,-0.031620,0.378366,0.071652,0.036000,-0.001963,-0.000100,0.000511
3.996023,-0.008978,0.387981,0.068538,3.929771,-0.008932,0.392658,0.067794,-0.066252,0.000045,0.004677,-0.000744
3.929162,-0.016231,0.275906,0.061734,3.944636,-0.019049,0.280195,0.062500,0.015474,-0.002819,0.004290,0.000767
2.537794,-0.003365,0.167354,0.041118,2.486227,-0.002250,0.170146,0.040890,-0.051567,0.001115,0.002792,-0.000228
4.724703,-0.010571,0.397278,0.071161,4.753675,-0.013279,0.398881,0.071322,0.028972,-0.002708,0.001603,0.000161
5.643273,-0.031898,0.366747,0.083427,5.599006,-0.036079,0.370617,0.084236,-0.044267,-0.004182,0.003870,0.000809
3.135036,0.009031,0.265048,0.044718,3.128833,0.009517,0.262637,0.045970,-0.006203,0.000486,-0.002411,0.001252
5.024639,0.008392,0.326816,0.083076,4.988316,0.009191,0.332484,0.083034,-0.036324,0.000799,0.005668,-0.000042
5.769984,-0.003716,0.301513,0.086372,5.640068,-0.009265,0.301368,0.085051,-0.129916,-0.005549,-0.000145,-0.001320
2.027868,-0.026554,0.184905,0.041515,2.045721,-0.024863,0.186582,0.041281,0.017853,0.001691,0.001677,-0.000234
3.724797,-0.025609,0.352276,0.057905,3.619323,-0.028472,0.342754,0.058484,-0.105474,-0.002863,-0.009522,0.000579
3.573460,-0.021118,0.200517,0.057730,3.540752,-0.018013,0.208944,0.057581,-0.032709,0.003105,0.008427,-0.000149
4.796066,-0.013918,0.238510,0.069509,4.786399,-0.013939,0.237294,0.069662,-0.009667,-0.000021,-0.001216,0.000153
5.232747,0.027833,0.253117,0.099364,5.235152,0.026757,0.252846,0.098655,0.002405,-0.001077,-0.000272,-0.000709
4.924150,0.012353,0.300539,0.082346,4.873022,0.009756,0.297055,0.081507,-0.051129,-0.002597,-0.003485,-0.000840
5.267542,0.016610,0.392652,0.080284,5.092442,0.015868,0.379264,0.078241,-0.175100,-0.000743,-0.013388,-0.002043
3.181048,-0.035274,0.263607,0.049062,3.142142,-0.036797,0.268639,0.049084,-0.038906,-0.001523,0.005033,0.000021
5.118825,-0.031218,0.280806,0.095174,5.130142,-0.027567,0.283300,0.094575,0.011317,0.003652,0.002493,-0.000599
3.227402,-0.012217,0.343270,0.056156,3.275303,-0.016339,0.345154,0.055823,0.047901,-0.004122,0.001884,-0.000333
6.221432,0.028583,0.290905,0.110255,6.083381,0.022006,0.290806,0.109113,-0.138051,-0.006577,-0.000099,-0.001142
5.939751,-0.019433,0.552884,0.098328,5.803844,-0.016615,0.544212,0.096634,-0.135906,0.002817,-0.008672,-0.001694
3.432395,0.012830,0.232927,0.058025,3.407927,0.008258,0.232527,0.057836,-0.024468,-0.004572,-0.000400,-0.000189
5.305363,-0.023355,0.433525,0.084485,5.312469,-0.023900,0.435024,0.085079,0.007106,-0.000545,0.001500,0.000594
4.269024,0.015866,0.230654,0.070120,4.217403,0.015061,0.236035,0.069246,-0.051621,-0.000804,0.005381,-0.000875
1.920209,-0.009827,0.116688,0.038606,1.891802,-0.010724,0.121485,0.037720,-0.028407,-0.000897,0.004797,-0.000886
3.812867,0.014889,0.160518,0.058535,3.793366,0.013322,0.158461,0.059220,-0.019500,-0.001567,-0.002057,0.000685
6.234454,0.005437,0.433088,0.100120,6.218928,-0.001912,0.430942,0.099417,-0.015525,-0.007349,-0.002146,-0.000703
4.014194,-0.012913,0.346608,0.062225,3.999044,-0.015009,0.350517,0.062033,-0.015150,-0.002096,0.003909,-0.000192
3.315866,-0.013444,0.206718,0.057908,3.360483,-0.012429,0.205532,0.057581,0.044617,0.001015,-0.001186,-0.000327
5.988105,-0.011782,0.340360,0.100926,5.944218,-0.009661,0.343992,0.100764,-0.043887,0.002121,0.003632,-0.000162
2.274386,-0.017762,0.112942,0.036005,2.240045,-0.015187,0.115181,0.035730,-0.034341,0.002576,0.002239,-0.000275
4.102159,-0.009306,0.286867,0.079541,4.123445,-0.009150,0.287075,0.078866,0.021286,0.000156,0.000208,-0.000675
5.701067,-0.020760,0.473991,0.101368,5.605128,-0.023383,0.477040,0.100683,-0.095939,-0.002623,0.003049,-0.000685
5.318225,-0.018990,0.357595,0.094384,5.254746,-0.016439,0.352684,0.093979,-0.063479,0.002551,-0.004911,-0.000405
2.890457,0.005141,0.330861,0.057080,2.920690,0.004075,0.336681,0.057426,0.030233,-0.001066,0.005820,0.000346
2.120968,-0.016706,0.126287,0.037624,2.082367,-0.015730,0.123353,0.037263,-0.038601,0.000976,-0.002934,-0.000361
5.220162,0.001129,0.329288,0.097157,5.164443,-0.001675,0.324421,0.096810,-0.055719,-0.002804,-0.004867,-0.000346
4.277446,0.018622,0.191388,0.075163,4.302536,0.016360,0.199980,0.075093,0.025090,-0.002262,0.008592,-0.000070
2.942129,-0.011676,0.292381,0.054524,2.929767,-0.010114,0.294460,0.054283,-0.012362,0.001562,0.002079,-0.000241
5.202092,0.015103,0.281798,0.083906,5.090043,0.017192,0.277313,0.081866,-0.112049,0.002089,-0.004484,-0.002040
2.980156,-0.011784,0.269013,0.048577,2.951517,-0.011952,0.264429,0.048567,-0.028640,-0.000168,-0.004584,-0.000009
3.581599,0.000435,0.192357,0.056809,3.578544,-0.002989,0.193855,0.056237,-0.003056,-0.003424,0.001498,-0.000572
5.845026,-0.043611,0.548445,0.091061,5.823879,-0.041737,0.543262,0.089821,-0.021148,0.001874,-0.005183,-0.001240
4.904778,0.006844,0.235994,0.080063,4.868083,0.005134,0.225380,0.077888,-0.036695,-0.001710,-0.010614,-0.002175
5.032015,-0.049963,0.355981,0.075947,5.105044,-0.052822,0.362224,0.076243,0.073029,-0.002860,0.006243,0.000296
2.290643,-0.007242,0.152340,0.034225,2.262950,-0.005630,0.151359,0.033997,-0.027693,0.001612,-0.000981,-0.000228
3.226866,0.004820,0.227465,0.056181,3.207302,0.005707,0.233310,0.056019,-0.019564,0.000888,0.005845,-0.000163
3.255653,-0.000918,0.156075,0.053545,3.302800,-0.000593,0.162633,0.053283,0.047147,0.000325,0.006558,-0.000262
2.227638,-0.015586,0.186081,0.041811,2.238649,-0.018887,0.180779,0.041851,0.011010,-0.003301,-0.005302,0.000040
2.663368,-0.029757,0.317804,0.050205,2.753803,-0.030836,0.319211,0.050118,0.090435,-0.001079,0.001408,-0.000088
5.873745,-0.003792,0.337559,0.096981,5.843192,-0.001681,0.342887,0.095756,-0.030553,0.002111,0.005328,-0.001226
5.069625,-0.026086,0.381602,0.071424,5.005718,-0.024167,0.379981,0.071170,-0.063908,0.001919,-0.001620,-0.000253
4.118334,0.006291,0.416345,0.077687,4.092340,0.004219,0.412024,0.075947,-0.025994,-0.002072,-0.004321,-0.001740
4.516533,0.022298,0.186631,0.070190,4.503620,0.022401,0.187135,0.070638,-0.012913,0.000104,0.000504,0.000448
4.882820,-0.032839,0.484275,0.086118,4.908997,-0.034176,0.488350,0.087708,0.026176,-0.001338,0.004075,0.001590
3.760364,-0.027135,0.380283,0.064783,3.744931,-0.023583,0.374221,0.064388,-0.015433,0.003553,-0.006062,-0.000395
3.449557,-0.001393,0.236198,0.055376,3.429431,-0.003482,0.239214,0.054930,-0.020126,-0.002089,0.003016,-0.000446
1.836599,-0.011151,0.187533,0.030828,1.771182,-0.014309,0.183092,0.030755,-0.065417,-0.003158,-0.004441,-0.000073
2.443498,-0.012330,0.195620,0.039670,2.383909,-0.011582,0.191936,0.038535,-0.059589,0.000748,-0.003684,-0.001135
7.174306,-0.043847,0.646363,0.119312,7.113174,-0.044016,0.641014,0.119378,-0.061132,-0.000169,-0.005350,0.000066
1.935169,-0.017859,0.224934,0.038682,1.929007,-0.019081,0.225571,0.039579,-0.006162,-0.001221,0.000637,0.000896
3.205096,-0.007464,0.159177,0.051473,3.231289,-0.006189,0.167932,0.051532,0.026194,0.001275,0.008754,0.000059
3.419131,-0.011821,0.278443,0.048775,3.444979,-0.012049,0.276974,0.049227,0.025848,-0.000228,-0.001469,0.000453
2.330364,-0.017877,0.208284,0.046610,2.339363,-0.016285,0.208937,0.047214,0.008999,0.001592,0.000653,0.000605
5.251740,0.022003,0.210335,0.086278,4.999258,0.028727,0.209053,0.083754,-0.252482,0.006724,-0.001282,-0.002525
5.994083,0.010402,0.283196,0.117869,5.987731,0.006408,0.282114,0.116689,-0.006352,-0.003994,-0.001082,-0.001179
2.577853,-0.003043,0.245108,0.043058,2.579950,-0.004819,0.245457,0.042816,0.002096,-0.001776,0.000350,-0.000243
2.671934,-0.006571,0.228028,0.050055,2.670999,-0.008322,0.226877,0.049704,-0.000935,-0.001751,-0.001151,-0.000351
2.331746,-0.021056,0.159596,0.031903,2.334023,-0.020363,0.162910,0.030717,0.002277,0.000694,0.003314,-0.001187
4.950189,0.023338,0.299948,0.101984,4.856671,0.026414,0.287770,0.099230,-0.093518,0.003076,-0.012178,-0.002754
5.299677,0.009837,0.225934,0.089146,5.132629,0.007863,0.229604,0.087262,-0.167048,-0.001974,0.003670,-0.001884
1.979697,-0.007618,0.150172,0.035824,1.995101,-0.007921,0.148812,0.035309,0.015404,-0.000304,-0.001360,-0.000515
3.423587,-0.005544,0.276375,0.065243,3.457941,-0.007755,0.277206,0.065991,0.034354,-0.002212,0.000831,0.000747
4.307727,0.008696,0.237882,0.068351,4.294882,0.007180,0.235549,0.067606,-0.012845,-0.001516,-0.002334,-0.000745
3.153472,-0.006516,0.360804,0.057614,3.192626,-0.007469,0.360139,0.057656,0.039154,-0.000953,-0.000665,0.000042
7.037524,-0.001404,0.564524,0.130355,6.985187,0.001474,0.559866,0.129235,-0.052337,0.002878,-0.004658,-0.001120
2.718501,-0.007511,0.214006,0.046466,2.699607,-0.007607,0.207028,0.046564,-0.018893,-0.000096,-0.006978,0.000098
3.814798,-0.020771,0.169331,0.064034,3.868719,-0.020347,0.179089,0.064402,0.053921,0.000424,0.009758,0.000369
3.196674,-0.007187,0.178223,0.057454,3.232311,-0.008793,0.175703,0.057708,0.035638,-0.001606,-0.002520,0.000254
2.146671,-0.012874,0.145066,0.034800,2.110334,-0.011895,0.147586,0.034934,-0.036337,0.000979,0.002520,0.000134
4.448013,0.020028,0.280186,0.076353,4.401573,0.018155,0.275604,0.077002,-0.046440,-0.001873,-0.004582,0.000649
3.994281,-0.038139,0.489251,0.073765,4.036193,-0.037440,0.485366,0.072975,0.041912,0.000699,-0.003885,-0.000790
2.687414,-0.016638,0.315881,0.051505,2.737285,-0.015067,0.313218,0.052157,0.049870,0.001571,-0.002663,0.000652
5.790492,-0.004327,0.293123,0.099336,5.713283,0.000795,0.288607,0.097235,-0.077209,0.005122,-0.004516,-0.002101
2.566752,-0.029976,0.149626,0.046056,2.533795,-0.027068,0.146282,0.045499,-0.032957,0.002908,-0.003344,-0.000556
5.966465,-0.013597,0.354952,0.083170,5.815246,-0.015604,0.360252,0.081869,-0.151219,-0.002007,0.005300,-0.001300
3.197544,0.005052,0.311539,0.054973,3.263930,0.006048,0.315555,0.055060,0.066386,0.000996,0.004016,0.000087
4.554636,-0.044142,0.340894,0.074117,4.539971,-0.044437,0.341095,0.074135,-0.014665,-0.000294,0.000201,0.000018
4.683647,0.002963,0.278512,0.082875,4.695281,-0.003614,0.282384,0.082703,0.011634,-0.006578,0.003872,-0.000172
3.674469,-0.013318,0.300920,0.064477,3.590483,-0.013374,0.294866,0.064078,-0.083986,-0.000056,-0.006054,-0.000399
1.888310,-0.003787,0.091894,0.031220,1.853251,-0.003428,0.093709,0.031023,-0.035058,0.000359,0.001815,-0.000198
3.154776,-0.025351,0.256322,0.042262,3.095116,-0.027349,0.253515,0.041602,-0.059660,-0.001998,-0.002807,-0.000660
4.715952,-0.006347,0.281518,0.079883,4.740904,-0.005886,0.282977,0.080246,0.024951,0.000461,0.001459,0.000363
3.975422,0.011489,0.160811,0.069883,3.978654,0.008395,0.161404,0.069237,0.003232,-0.003095,0.000593,-0.000646
2.403137,-0.025712,0.179177,0.039907,2.363996,-0.024678,0.177047,0.039324,-0.039142,0.001033,-0.002130,-0.000583
3.224407,-0.023984,0.291610,0.065378,3.224503,-0.021566,0.296518,0.064785,0.000096,0.002418,0.004908,-0.000593
4.011404,-0.025239,0.342651,0.073395,4.008856,-0.023510,0.342257,0.074319,-0.002548,0.001729,-0.000394,0.000924
2.625017,-0.011474,0.189151,0.042489,2.628850,-0.009173,0.188110,0.042565,0.003833,0.002301,-0.001042,0.000076
1.920766,-0.011989,0.158812,0.035741,1.938312,-0.013327,0.155224,0.035843,0.017546,-0.001338,-0.003588,0.000102
5.556763,-0.035877,0.456987,0.082103,5.536119,-0.037009,0.461946,0.082214,-0.020644,-0.001132,0.004959,0.000111
4.506431,-0.011627,0.311517,0.072823,4.480072,-0.010155,0.312545,0.072240,-0.026359,0.001473,0.001027,-0.000583
6.217590,-0.027601,0.564969,0.104886,6.226696,-0.028661,0.565808,0.104818,0.009106,-0.001060,0.000839,-0.000068
3.911033,-0.006154,0.209545,0.054044,3.901547,-0.007610,0.217056,0.054868,-0.009486,-0.001457,0.007511,0.000824
2.130388,-0.011306,0.133439,0.040887,2.106411,-0.013480,0.131635,0.039946,-0.023977,-0.002174,-0.001804,-0.000941
2.651201,-0.017205,0.301500,0.048845,2.668593,-0.013801,0.304571,0.048596,0.017392,0.003404,0.003071,-0.000248
5.163746,0.021653,0.244969,0.084635,5.083485,0.016943,0.238068,0.082791,-0.080261,-0.004709,-0.006901,-0.001845
3.836174,-0.006984,0.234098,0.072810,3.817153,-0.007875,0.237271,0.072231,-0.019022,-0.000891,0.003173,-0.000580
3.234746,-0.001298,0.182742,0.057946,3.219918,0.000506,0.185154,0.057826,-0.014827,0.001804,0.002412,-0.000120
2.710262,-0.045534,0.238506,0.046694,2.715504,-0.048691,0.245035,0.045735,0.005242,-0.003157,0.006529,-0.000958
3.971940,-0.016285,0.321469,0.070199,3.905231,-0.017540,0.313744,0.069384,-0.066710,-0.001255,-0.007725,-0.000815
5.784216,-0.004950,0.492940,0.093793,5.668791,-0.000328,0.479120,0.092453,-0.115425,0.004622,-0.013820,-0.001340
6.031738,-0.029112,0.536849,0.092555,5.948014,-0.027701,0.524355,0.090730,-0.083724,0.001411,-0.012494,-0.001826
2.682448,-0.013364,0.255120,0.045727,2.694356,-0.012844,0.250553,0.045925,0.011909,0.000520,-0.004567,0.000198
3.288840,0.005724,0.176911,0.059255,3.252152,0.003989,0.181021,0.057870,-0.036688,-0.001735,0.004110,-0.001385
2.738880,0.004941,0.160459,0.047670,2.761207,0.006307,0.157157,0.047973,0.022326,0.001366,-0.003302,0.000303
4.995060,-0.000532,0.235812,0.098430,4.903794,-0.004582,0.229683,0.095940,-0.091267,-0.004050,-0.006130,-0.002490
5.836453,0.010938,0.237479,0.099138,5.713550,0.013034,0.235109,0.096136,-0.122903,0.002096,-0.002370,-0.003001
2.751290,-0.007625,0.185055,0.044070,2.712945,-0.008567,0.189809,0.043522,-0.038345,-0.000942,0.004755,-0.000548
4.879284,-0.024388,0.481243,0.089145,4.904018,-0.023528,0.479635,0.090292,0.024734,0.000860,-0.001607,0.001147
3.553519,0.001357,0.150425,0.060238,3.566327,0.001037,0.152926,0.059821,0.012809,-0.000319,0.002501,-0.000417
2.782370,-0.007892,0.236475,0.051754,2.784461,-0.009694,0.236593,0.052630,0.002091,-0.001802,0.000118,0.000876
4.552927,0.001317,0.350292,0.077453,4.485074,0.003462,0.342334,0.076916,-0.067854,0.002145,-0.007958,-0.000536
5.852853,-0.016783,0.267126,0.097181,5.781551,-0.015172,0.261773,0.096263,-0.071301,0.001611,-0.005353,-0.000918
2.788060,-0.011019,0.166516,0.052861,2.808015,-0.010845,0.168457,0.052246,0.019955,0.000173,0.001941,-0.000615
3.046588,-0.020828,0.244504,0.054612,3.055809,-0.020481,0.243000,0.053639,0.009222,0.000347,-0.001505,-0.000974
4.403154,-0.044977,0.390969,0.081274,4.339578,-0.045019,0.386396,0.080362,-0.063576,-0.000042,-0.004574,-0.000912
2.544520,-0.025479,0.222331,0.046233,2.580395,-0.025272,0.228172,0.045605,0.035874,0.000207,0.005842,-0.000628
5.293273,0.009322,0.220218,0.082857,5.225816,0.009128,0.220909,0.081419,-0.067458,-0.000194,0.000691,-0.001438
2.288310,-0.017787,0.207376,0.037400,2.246202,-0.017744,0.206019,0.037272,-0.042108,0.000044,-0.001357,-0.000128
6.003088,-0.005709,0.388137,0.114498,5.931566,-0.005947,0.391501,0.112957,-0.071523,-0.000238,0.003364,-0.001541
5.897769,-0.013315,0.506483,0.112170,5.933357,-0.016022,0.517574,0.112465,0.035588,-0.002707,0.011090,0.000295
4.593605,-0.017351,0.329937,0.069544,4.537150,-0.020460,0.332034,0.069351,-0.056455,-0.003109,0.002097,-0.000193
2.279148,0.002472,0.118287,0.037911,2.269789,0.001053,0.118280,0.038397,-0.009359,-0.001418,-0.000007,0.000486
2.205079,-0.026985,0.175597,0.037451,2.198510,-0.026738,0.179335,0.038008,-0.006569,0.000247,0.003737,0.000557
5.091190,0.011616,0.300546,0.083405,5.001869,0.011235,0.299465,0.081486,-0.089321,-0.000381,-0.001082,-0.001919
4.664800,-0.023385,0.472909,0.090108,4.646721,-0.021876,0.471887,0.089523,-0.018079,0.001509,-0.001022,-0.000585
3.160505,-0.007337,0.369078,0.060619,3.147132,-0.009862,0.368121,0.059426,-0.013373,-0.002526,-0.000957,-0.001193
6.612550,-0.011215,0.291682,0.117756,6.519408,-0.005815,0.307441,0.115578,-0.093142,0.005400,0.015759,-0.002178
2.769003,-0.038741,0.293612,0.047343,2.786305,-0.037968,0.284804,0.047462,0.017302,0.000773,-0.008808,0.000118
3.504246,-0.006597,0.220618,0.065490,3.496418,-0.007306,0.221437,0.065393,-0.007828,-0.000709,0.000819,-0.000098
5.649166,0.001628,0.291527,0.103030,5.624921,-0.001179,0.281241,0.102497,-0.024245,-0.002807,-0.010286,-0.000532
3.916203,-0.024746,0.398997,0.061310,3.874521,-0.023745,0.396805,0.062105,-0.041683,0.001000,-0.002192,0.000795
3.231054,0.003933,0.327140,0.061608,3.291505,0.001153,0.320901,0.061291,0.060452,-0.002780,-0.006239,-0.000317
4.045993,-0.015597,0.232209,0.067117,4.034688,-0.014728,0.229678,0.066095,-0.011306,0.000869,-0.002531,-0.001022
2.080953,-0.011513,0.123360,0.035947,2.063632,-0.016674,0.122261,0.036689,-0.017321,-0.005161,-0.001099,0.000742
2.333319,-0.010481,0.129739,0.042860,2.329828,-0.013020,0.133371,0.042534,-0.003491,-0.002540,0.003632,-0.000326
4.773026,0.003890,0.260687,0.067030,4.727129,-0.000556,0.268557,0.067547,-0.045897,-0.004446,0.007870,0.000517
2.783581,-0.003454,0.264921,0.046987,2.797171,-0.002512,0.258993,0.047067,0.013589,0.000941,-0.005928,0.000080
1.986935,-0.010269,0.184727,0.033140,1.986932,-0.011441,0.184240,0.032945,-0.000003,-0.001172,-0.000487,-0.000195
4.982481,0.005250,0.301009,0.084180,4.905471,0.007676,0.301601,0.082737,-0.077011,0.002426,0.000591,-0.001443
5.722499,0.011618,0.431063,0.115817,5.766854,0.011504,0.431267,0.115276,0.044355,-0.000114,0.000204,-0.000542
4.982562,0.004909,0.228590,0.089957,4.994254,-0.000965,0.231830,0.088799,0.011692,-0.005873,0.003240,-0.001158
5.456355,0.023375,0.317074,0.097861,5.323000,0.023902,0.316108,0.094657,-0.133355,0.000527,-0.000966,-0.003204
5.837677,0.001859,0.406322,0.095506,5.691206,0.000189,0.399439,0.092983,-0.146472,-0.001670,-0.006883,-0.002524
3.603498,-0.017209,0.292907,0.060046,3.604639,-0.017232,0.297561,0.060005,0.001142,-0.000023,0.004654,-0.000041
3.058869,0.000381,0.280658,0.053260,3.080923,-0.001377,0.286656,0.053146,0.022054,-0.001758,0.005998,-0.000114
5.884095,-0.004273,0.273692,0.097766,5.719614,-0.001859,0.267177,0.094693,-0.164481,0.002413,-0.006515,-0.003073
2.637677,-0.006948,0.266969,0.050136,2.642711,-0.007599,0.260118,0.049428,0.005034,-0.000650,-0.006851,-0.000709
4.907529,0.010030,0.336160,0.078403,4.816897,0.010401,0.326739,0.076244,-0.090632,0.000372,-0.009421,-0.002159
4.228296,0.028326,0.456785,0.076919,4.228802,0.026994,0.450156,0.077351,0.000505,-0.001332,-0.006629,0.000431
3.297858,0.009569,0.166196,0.059340,3.280959,0.008576,0.170611,0.058072,-0.016899,-0.000993,0.004415,-0.001267
4.400723,-0.046631,0.486810,0.076224,4.358885,-0.042143,0.474301,0.075371,-0.041838,0.004488,-0.012510,-0.000853
7.100463,0.000756,0.457005,0.134556,7.016019,0.006235,0.454667,0.132856,-0.084444,0.005479,-0.002338,-0.001701
5.601285,-0.001349,0.403715,0.094198,5.562821,-0.001406,0.406142,0.094099,-0.038464,-0.000057,0.002427,-0.000098
3.122747,-0.017947,0.178922,0.055350,3.087324,-0.017872,0.187338,0.054823,-0.035423,0.000075,0.008415,-0.000527
5.339702,0.000018,0.244276,0.101087,5.376864,0.000212,0.250470,0.100201,0.037162,0.000194,0.006194,-0.000886
2.830203,-0.000571,0.268162,0.045992,2.825973,-0.001941,0.271698,0.046034,-0.004230,-0.001371,0.003536,0.000042
3.742971,-0.019111,0.384478,0.064205,3.686253,-0.017077,0.369333,0.064063,-0.056718,0.002034,-0.015145,-0.000143
2.164943,-0.012407,0.184082,0.037036,2.196565,-0.011464,0.185412,0.037129,0.031622,0.000943,0.001330,0.000093
4.902708,-0.019492,0.331670,0.089785,4.849572,-0.016761,0.335220,0.088911,-0.053136,0.002732,0.003550,-0.000874
5.165681,-0.006263,0.412181,0.095387,5.258648,-0.008896,0.423140,0.096062,0.092967,-0.002633,0.010959,0.000675
2.668453,-0.008718,0.171534,0.040185,2.690878,-0.010501,0.176366,0.040666,0.022426,-0.001783,0.004832,0.000481
4.384395,-0.011567,0.410788,0.074744,4.313884,-0.013109,0.412634,0.073986,-0.070511,-0.001542,0.001845,-0.000758
2.462857,-0.005016,0.160026,0.037418,2.455398,-0.003474,0.164330,0.037725,-0.007459,0.001542,0.004305,0.000308
2.261611,-0.020430,0.179225,0.039376,2.281303,-0.020252,0.180229,0.039833,0.019692,0.000178,0.001004,0.000458
5.943710,-0.010538,0.581171,0.109251,5.993608,-0.010469,0.573261,0.109598,0.049898,0.000070,-0.007910,0.000347
4.064143,-0.026663,0.172191,0.062872,4.031286,-0.026607,0.174976,0.062293,-0.032856,0.000056,0.002785,-0.000580
5.550197,-0.009878,0.281219,0.106456,5.516549,-0.004894,0.274982,0.104624,-0.033648,0.004983,-0.006237,-0.001832
2.569084,-0.010971,0.187903,0.039336,2.533007,-0.012244,0.186968,0.040103,-0.036077,-0.001274,-0.000935,0.000767
4.842646,-0.037608,0.462528,0.079060,4.863014,-0.035191,0.459470,0.079088,0.020368,0.002417,-0.003058,0.000029
3.642303,-0.002308,0.352985,0.060415,3.661003,-0.003314,0.353023,0.059870,0.018700,-0.001006,0.000038,-0.000545
5.885333,-0.011507,0.425016,0.105894,5.759252,-0.014210,0.411555,0.102966,-0.126081,-0.002703,-0.013461,-0.002928
3.895545,-0.005023,0.316752,0.065245,3.847613,-0.004748,0.314176,0.064740,-0.047933,0.000275,-0.002575,-0.000505
5.156751,0.009616,0.175339,0.081884,5.119020,0.011215,0.180721,0.079517,-0.037731,0.001599,0.005382,-0.002367
3.437828,-0.003909,0.244184,0.058824,3.392692,-0.001003,0.243520,0.057568,-0.045136,0.002906,-0.000664,-0.001256
3.487160,-0.014420,0.216149,0.058863,3.504580,-0.016292,0.215020,0.057870,0.017420,-0.001871,-0.001129,-0.000993
3.219067,-0.046695,0.395072,0.060257,3.284335,-0.048856,0.396106,0.059372,0.065268,-0.002161,0.001035,-0.000885
2.356265,-0.024746,0.159185,0.034664,2.337140,-0.022898,0.158313,0.034693,-0.019125,0.001849,-0.000872,0.000029
2.538280,-0.001918,0.144098,0.047099,2.574838,-0.004451,0.147198,0.046774,0.036558,-0.002533,0.003100,-0.000325
4.723169,-0.008109,0.214066,0.075806,4.678068,-0.011907,0.217287,0.076215,-0.045101,-0.003798,0.003222,0.000410
5.813688,-0.036984,0.485521,0.103897,5.905082,-0.040937,0.485469,0.103083,0.091393,-0.003953,-0.000053,-0.000814
2.511549,-0.014385,0.136899,0.044580,2.508272,-0.013606,0.135540,0.044173,-0.003277,0.000780,-0.001358,-0.000407
2.404789,-0.042387,0.226465,0.035005,2.393472,-0.040467,0.232555,0.034573,-0.011317,0.001920,0.006089,-0.000432
4.941320,-0.053216,0.401888,0.080264,4.956004,-0.049088,0.407996,0.081214,0.014684,0.004128,0.006108,0.000950
2.614126,0.004667,0.139527,0.046695,2.624357,0.001993,0.136358,0.046186,0.010231,-0.002674,-0.003169,-0.000509
3.297915,0.014724,0.315602,0.057580,3.337871,0.015596,0.319125,0.058558,0.039957,0.000871,0.003522,0.000978
5.879519,-0.030593,0.450800,0.100182,5.850948,-0.034047,0.454186,0.100289,-0.028570,-0.003454,0.003386,0.000107
4.928983,-0.015883,0.379110,0.084263,4.947550,-0.018630,0.383869,0.084460,0.018567,-0.002747,0.004759,0.000197
4.128043,-0.009923,0.186338,0.075141,4.068442,-0.009823,0.187276,0.072933,-0.059600,0.000100,0.000938,-0.002208
3.661987,0.000456,0.125455,0.057272,3.668932,0.000151,0.126682,0.056420,0.006945,-0.000304,0.001227,-0.000852
4.355707,-0.021908,0.311951,0.070942,4.375790,-0.024661,0.314321,0.070731,0.020082,-0.002753,0.002370,-0.000211
2.596024,-0.009538,0.134786,0.040196,2.603213,-0.010293,0.136060,0.040042,0.007190,-0.000755,0.001274,-0.000153
5.006168,-0.057008,0.358266,0.078600,4.911011,-0.053032,0.352923,0.077905,-0.095157,0.003976,-0.005342,-0.000695
4.773154,-0.000579,0.404736,0.095944,4.731986,-0.001610,0.395240,0.093885,-0.041169,-0.001031,-0.009496,-0.002059
5.712155,-0.010808,0.397462,0.085992,5.609576,-0.010204,0.396669,0.085445,-0.102579,0.000604,-0.000792,-0.000547
3.010737,-0.039826,0.336451,0.054619,3.013203,-0.034423,0.331736,0.054595,0.002466,0.005402,-0.004715,-0.000025
3.205565,-0.011497,0.256421,0.057929,3.172319,-0.012516,0.251986,0.057415,-0.033246,-0.001019,-0.004436,-0.000513
3.083681,0.005175,0.165772,0.053115,3.025721,0.003422,0.168735,0.052868,-0.057960,-0.001754,0.002963,-0.000247
3.397599,-0.000708,0.213514,0.062522,3.372610,-0.004538,0.212765,0.062500,-0.024989,-0.003829,-0.000749,-0.000022
3.713952,-0.018327,0.298235,0.062758,3.706559,-0.018254,0.300540,0.062655,-0.007393,0.000073,0.002306,-0.000103
4.638306,-0.000322,0.395552,0.084312,4.702775,0.004471,0.398273,0.084792,0.064470,0.004793,0.002721,0.000480
3.363034,-0.005020,0.182409,0.058707,3.360034,-0.006198,0.188766,0.058095,-0.003000,-0.001178,0.006357,-0.000612
4.593853,-0.016447,0.332182,0.065510,4.574710,-0.017782,0.335004,0.066309,-0.019143,-0.001336,0.002822,0.000799
5.789556,0.005237,0.289137,0.087359,5.719160,0.004881,0.289507,0.086855,-0.070396,-0.000356,0.000369,-0.000504
3.542048,-0.012029,0.273118,0.055740,3.512552,-0.010184,0.276753,0.055222,-0.029496,0.001844,0.003635,-0.000518
2.367995,-0.013189,0.183432,0.036092,2.323725,-0.010637,0.181075,0.035377,-0.044270,0.002553,-0.002357,-0.000714
3.543307,-0.007161,0.258262,0.057213,3.564183,-0.012348,0.260926,0.056899,0.020876,-0.005187,0.002664,-0.000314
6.016797,-0.008093,0.490627,0.093119,5.978552,-0.014289,0.496634,0.092280,-0.038245,-0.006196,0.006007,-0.000840
2.501925,-0.032258,0.154334,0.046861,2.483108,-0.027346,0.151321,0.046260,-0.018817,0.004912,-0.003013,-0.000601
2.911676,-0.002825,0.253910,0.056576,2.978052,-0.004815,0.252586,0.056332,0.066376,-0.001990,-0.001323,-0.000244
3.822429,0.004594,0.420255,0.069781,3.872061,0.006586,0.421405,0.070127,0.049632,0.001992,0.001151,0.000345
2.685724,-0.008906,0.238509,0.050639,2.722410,-0.007600,0.229846,0.050786,0.036687,0.001306,-0.008664,0.000147
5.698830,-0.008753,0.336452,0.099930,5.630837,-0.002454,0.338052,0.097662,-0.067993,0.006300,0.001600,-0.002268
4.009128,-0.035525,0.345927,0.071846,4.006767,-0.032943,0.341860,0.072019,-0.002360,0.002582,-0.004066,0.000173
3.325025,0.001503,0.220271,0.052290,3.309552,0.000717,0.225746,0.052726,-0.015473,-0.000786,0.005475,0.000436
5.113525,0.023916,0.267423,0.093021,5.062057,0.018718,0.268396,0.092361,-0.051468,-0.005198,0.000973,-0.000659
4.748615,-0.011983,0.306936,0.076886,4.726847,-0.012086,0.308635,0.077169,-0.021768,-0.000103,0.001699,0.000283
4.585908,0.002471,0.408816,0.077084,4.550719,0.003055,0.399767,0.076553,-0.035190,0.000584,-0.009050,-0.000530
4.580956,-0.034018,0.360668,0.075730,4.607514,-0.033260,0.367999,0.075794,0.026558,0.000758,0.007331,0.000064
4.027917,-0.027888,0.328150,0.062510,4.058209,-0.027541,0.335278,0.063513,0.030293,0.000346,0.007127,0.001003
2.405264,-0.009418,0.211930,0.044686,2.436106,-0.009730,0.220263,0.045254,0.030841,-0.000312,0.008333,0.000568
5.068356,-0.028454,0.329222,0.097847,5.048391,-0.030308,0.331735,0.096794,-0.019964,-0.001853,0.002514,-0.001053
2.060739,-0.026455,0.201350,0.033456,2.067919,-0.025549,0.201123,0.033712,0.007181,0.000906,-0.000227,0.000256
3.031168,-0.001902,0.264368,0.050897,3.087582,-0.003934,0.269160,0.051322,0.056414,-0.002031,0.004792,0.000426
3.951656,-0.007304,0.178141,0.071247,4.007442,-0.005738,0.183363,0.071078,0.055786,0.001566,0.005223,-0.000170
2.252215,-0.016444,0.147056,0.045453,2.231997,-0.018808,0.148815,0.044592,-0.020217,-0.002364,0.001759,-0.000861
4.174408,-0.034467,0.312373,0.067334,4.191205,-0.035398,0.322124,0.067136,0.016797,-0.000932,0.009751,-0.000198
3.468257,-0.004996,0.185359,0.058715,3.462217,-0.005639,0.189694,0.058306,-0.006040,-0.000643,0.004335,-0.000409
3.330649,0.003454,0.338191,0.062215,3.327403,0.004567,0.339531,0.061920,-0.003247,0.001112,0.001340,-0.000296
5.815906,0.022934,0.226698,0.101312,5.740396,0.021475,0.231895,0.099668,-0.075509,-0.001460,0.005198,-0.001643
2.727021,0.000791,0.155674,0.053207,2.710136,0.001748,0.156477,0.052933,-0.016885,0.000957,0.000803,-0.000274
1.820917,-0.016095,0.106329,0.029700,1.833655,-0.018553,0.102608,0.029323,0.012738,-0.002458,-0.003721,-0.000376
2.784608,-0.007043,0.219158,0.039985,2.812280,-0.007088,0.221929,0.040361,0.027672,-0.000045,0.002771,0.000376
3.121649,-0.008314,0.239226,0.042834,3.181393,-0.005100,0.237514,0.044057,0.059744,0.003214,-0.001712,0.001223
2.820950,-0.011291,0.174222,0.052925,2.834067,-0.011406,0.174313,0.052520,0.013117,-0.000115,0.000091,-0.000405
2.267675,-0.012213,0.192534,0.035566,2.258656,-0.012211,0.191695,0.034750,-0.009019,0.000001,-0.000839,-0.000816
5.523423,-0.007862,0.415842,0.095945,5.581379,-0.009557,0.413606,0.095666,0.057956,-0.001695,-0.002236,-0.000279
4.639450,-0.014650,0.336480,0.070543,4.716297,-0.017935,0.341133,0.070674,0.076847,-0.003285,0.004653,0.000131
3.892248,-0.002757,0.176182,0.070811,3.928164,-0.001849,0.173901,0.071112,0.035915,0.000909,-0.002281,0.000301
7.088414,-0.007699,0.557882,0.132254,7.072508,-0.004299,0.554005,0.130545,-0.015906,0.003400,-0.003877,-0.001710
2.531482,-0.003462,0.158412,0.038963,2.513364,-0.010268,0.159895,0.038726,-0.018118,-0.006807,0.001483,-0.000237
4.838245,0.009088,0.233561,0.086987,4.897100,0.007360,0.234434,0.087667,0.058855,-0.001728,0.000872,0.000680
3.444808,-0.010875,0.208811,0.047486,3.398772,-0.009558,0.209213,0.047254,-0.046036,0.001317,0.000402,-0.000231
5.720685,-0.021973,0.499252,0.094673,5.665635,-0.021878,0.489887,0.094252,-0.055051,0.000096,-0.009365,-0.000421
4.321649,-0.027892,0.243633,0.069381,4.267898,-0.027109,0.247415,0.068937,-0.053751,0.000783,0.003782,-0.000444
2.350518,-0.022739,0.190660,0.044081,2.333993,-0.018832,0.190709,0.044023,-0.016524,0.003907,0.000049,-0.000059
4.912668,0.003698,0.240488,0.081530,4.848303,-0.002911,0.226830,0.079019,-0.064365,-0.006609,-0.013658,-0.002511
4.952499,-0.044283,0.281024,0.080718,4.864691,-0.047807,0.281846,0.080342,-0.087808,-0.003524,0.000822,-0.000376
4.321344,0.019041,0.473188,0.079705,4.314837,0.023333,0.459119,0.079398,-0.006507,0.004292,-0.014069,-0.000307
3.298402,-0.015323,0.381934,0.059716,3.347494,-0.016032,0.385305,0.059998,0.049091,-0.000709,0.003371,0.000283
2.245773,-0.019850,0.162660,0.035717,2.234826,-0.019336,0.166163,0.034827,-0.010947,0.000514,0.003503,-0.000890
3.683914,-0.004243,0.373713,0.058115,3.715988,-0.003184,0.376906,0.058239,0.032074,0.001059,0.003193,0.000124
1.802801,-0.004684,0.090983,0.030053,1.771936,-0.002882,0.089358,0.030035,-0.030864,0.001802,-0.001625,-0.000018
3.617256,-0.004714,0.265718,0.054832,3.635585,-0.006652,0.270193,0.054647,0.018329,-0.001938,0.004474,-0.000186
5.820501,-0.040404,0.416836,0.086974,5.790355,-0.041890,0.424180,0.087434,-0.030146,-0.001486,0.007344,0.000460
3.596019,-0.008782,0.300653,0.067622,3.570561,-0.008446,0.300277,0.067446,-0.025459,0.000335,-0.000376,-0.000175
2.002144,-0.013821,0.175972,0.033752,1.972026,-0.015883,0.175397,0.033289,-0.030117,-0.002062,-0.000575,-0.000463
3.603512,-0.017811,0.264435,0.060842,3.623733,-0.014773,0.270483,0.060594,0.020221,0.003038,0.006048,-0.000248
5.728865,0.017601,0.210443,0.089767,5.612230,0.015388,0.214272,0.088395,-0.116635,-0.002213,0.003830,-0.001371
6.212454,-0.019244,0.468782,0.106205,6.126704,-0.021237,0.472419,0.104723,-0.085751,-0.001992,0.003636,-0.001482
