epoch,train_mse,test_mse,train_r2,test_r2,lr
0,0.09040052,0.09029611,0.90959948,0.90497911,0.00100000
1,0.06377664,0.06737564,0.93622333,0.92886013,0.00100000
2,0.04990135,0.05382072,0.95009863,0.94325984,0.00100000
3,0.04242636,0.04576766,0.95757365,0.95173258,0.00100000
4,0.03713733,0.04111496,0.96286261,0.95673174,0.00100000
5,0.02988283,0.03286542,0.97011715,0.96536219,0.00100000
6,0.02703555,0.02986643,0.97296441,0.96848553,0.00100000
7,0.02462818,0.02726900,0.97537184,0.97125351,0.00100000
8,0.02714579,0.03123841,0.97285414,0.96710742,0.00100000
9,0.02179108,0.02496850,0.97820890,0.97371149,0.00100000
10,0.02200288,0.02452337,0.97799712,0.97407043,0.00100000
11,0.02207395,0.02552695,0.97792602,0.97294921,0.00100000
12,0.02229602,0.02445158,0.97770393,0.97427803,0.00100000
13,0.03046599,0.03326070,0.96953398,0.96497154,0.00100000
14,0.02519932,0.02754896,0.97480065,0.97103930,0.00100000
15,0.02202658,0.02442719,0.97797340,0.97414583,0.00100000
16,0.02455557,0.02707508,0.97544438,0.97155797,0.00100000
17,0.02036554,0.02327556,0.97963446,0.97540766,0.00100000
18,0.01865979,0.02144399,0.98134017,0.97736573,0.00100000
19,0.01886434,0.02107948,0.98113567,0.97768825,0.00100000
20,0.02208153,0.02407756,0.97791845,0.97460771,0.00100000
21,0.01960231,0.02241790,0.98039770,0.97630900,0.00100000
22,0.02191627,0.02423100,0.97808367,0.97444928,0.00100000
23,0.02629776,0.02962614,0.97370225,0.96867299,0.00100000
24,0.01621134,0.01907598,0.98378867,0.97991306,0.00100000
25,0.01889258,0.02266037,0.98110741,0.97598666,0.00100000
26,0.01827641,0.02097572,0.98172361,0.97797281,0.00100000
27,0.02147570,0.02381645,0.97852433,0.97491461,0.00100000
28,0.02308338,0.02589688,0.97691667,0.97276318,0.00100000
29,0.01672999,0.01928541,0.98326999,0.97963351,0.00100000
30,0.01680017,0.01985130,0.98319983,0.97898316,0.00100000
31,0.02107929,0.02428377,0.97892070,0.97451884,0.00100000
32,0.01599012,0.01820484,0.98400992,0.98075867,0.00100000
33,0.01868774,0.02113773,0.98131227,0.97775614,0.00100000
34,0.01669683,0.01916191,0.98330313,0.97979224,0.00100000
35,0.01670679,0.01940928,0.98329318,0.97945374,0.00100000
36,0.01694174,0.01949759,0.98305827,0.97942710,0.00100000
37,0.02564606,0.02872374,0.97435397,0.96964955,0.00100000
38,0.01706139,0.02030761,0.98293865,0.97853369,0.00100000
39,0.01970589,0.02193422,0.98029411,0.97678578,0.00100000
40,0.02242997,0.02618188,0.97757000,0.97248304,0.00100000
41,0.01853392,0.02106655,0.98146611,0.97763395,0.00100000
42,0.01800178,0.02045599,0.98199821,0.97839856,0.00100000
43,0.01569579,0.01950585,0.98430419,0.97933006,0.00100000
44,0.01894812,0.02151965,0.98105192,0.97718793,0.00100000
45,0.01601531,0.01913976,0.98398465,0.97980708,0.00100000
46,0.01909199,0.02161861,0.98090798,0.97713470,0.00100000
47,0.01739447,0.02040843,0.98260552,0.97840911,0.00100000
48,0.01625425,0.01930502,0.98374575,0.97961545,0.00100000
49,0.01459695,0.01749802,0.98540300,0.98150623,0.00100000
50,0.01712528,0.01962434,0.98287475,0.97939444,0.00100000
51,0.01649931,0.01906820,0.98350072,0.97982877,0.00100000
52,0.01570374,0.01824204,0.98429620,0.98070616,0.00100000
53,0.01578735,0.01863715,0.98421264,0.98038244,0.00100000
54,0.01745385,0.02051679,0.98254615,0.97843993,0.00100000
55,0.01567370,0.01691241,0.98432630,0.98211408,0.00100000
56,0.01571498,0.01884665,0.98428506,0.98005968,0.00100000
57,0.01612640,0.01879189,0.98387361,0.98005158,0.00100000
58,0.01583124,0.01903020,0.98416877,0.97992265,0.00100000
59,0.02111213,0.02469209,0.97888792,0.97398669,0.00100000
60,0.01674053,0.01995170,0.98325950,0.97886187,0.00100000
61,0.01546682,0.01794483,0.98453319,0.98110032,0.00100000
62,0.01555524,0.01849107,0.98444480,0.98050845,0.00100000
63,0.01649457,0.01912386,0.98350543,0.97970825,0.00100000
64,0.01414252,0.01669894,0.98585749,0.98236597,0.00100000
65,0.01775458,0.01971738,0.98224545,0.97923458,0.00100000
66,0.01878807,0.02209495,0.98121190,0.97663653,0.00100000
67,0.01487912,0.01799226,0.98512089,0.98090225,0.00100000
68,0.01654643,0.01931370,0.98345351,0.97967899,0.00100000
69,0.01504574,0.01787658,0.98495424,0.98112369,0.00100000
70,0.01560925,0.01756682,0.98439074,0.98143721,0.00100000
71,0.01885447,0.02088191,0.98114556,0.97793168,0.00100000
72,0.01648717,0.01903665,0.98351282,0.97993207,0.00100000
73,0.01670367,0.01929799,0.98329628,0.97966117,0.00100000
74,0.01465865,0.01747759,0.98534131,0.98147804,0.00100000
75,0.01331510,0.01646890,0.98668492,0.98256260,0.00100000
76,0.01476713,0.01768338,0.98523283,0.98121876,0.00100000
77,0.01809097,0.02084730,0.98190904,0.97792888,0.00100000
78,0.01483867,0.01752384,0.98516136,0.98146605,0.00100000
79,0.01513328,0.01735158,0.98486668,0.98167253,0.00100000
80,0.01577267,0.01740212,0.98422730,0.98162204,0.00100000
81,0.01485067,0.01771860,0.98514932,0.98121858,0.00100000
82,0.01674414,0.01913808,0.98325580,0.97974825,0.00100000
83,0.01528745,0.01833186,0.98471254,0.98058993,0.00100000
84,0.01677345,0.01956459,0.98322654,0.97933525,0.00100000
85,0.01588951,0.01855928,0.98411047,0.98034430,0.00100000
86,0.01388548,0.01689303,0.98611450,0.98207927,0.00100000
87,0.01661460,0.01929821,0.98338538,0.97959423,0.00100000
88,0.01518358,0.01741108,0.98481637,0.98171675,0.00100000
89,0.01509458,0.01796965,0.98490548,0.98101151,0.00100000
90,0.01374636,0.01681648,0.98625362,0.98212987,0.00100000
91,0.01588829,0.01825710,0.98411173,0.98068225,0.00100000
92,0.01339805,0.01575830,0.98660201,0.98329824,0.00100000
93,0.01654554,0.01990283,0.98345447,0.97893387,0.00100000
94,0.01664791,0.02055818,0.98335212,0.97832066,0.00100000
95,0.01455715,0.01719588,0.98544282,0.98179370,0.00100000
96,0.01603519,0.01902105,0.98396480,0.97994494,0.00100000
97,0.01554056,0.01838358,0.98445946,0.98051339,0.00100000
98,0.01454935,0.01783334,0.98545063,0.98112655,0.00100000
99,0.01489223,0.01790525,0.98510778,0.98110330,0.00100000
100,0.01654139,0.01944611,0.98345858,0.97938985,0.00100000
101,0.01334349,0.01649439,0.98665655,0.98256099,0.00100000
102,0.02059552,0.02436115,0.97940445,0.97421837,0.00100000
103,0.01539532,0.01850776,0.98460466,0.98036546,0.00100000
104,0.01511453,0.01790562,0.98488545,0.98106003,0.00100000
105,0.01696937,0.01941876,0.98303062,0.97959876,0.00100000
106,0.01423889,0.01692823,0.98576111,0.98210597,0.00100000
107,0.01424909,0.01714552,0.98575091,0.98181999,0.00100000
108,0.01460818,0.01744876,0.98539186,0.98154259,0.00100000
109,0.01445263,0.01642881,0.98554742,0.98264092,0.00100000
110,0.01717683,0.02051565,0.98282319,0.97836161,0.00100000
111,0.01866322,0.02141580,0.98133677,0.97740483,0.00100000
112,0.01458230,0.01683579,0.98541772,0.98211396,0.00100000
113,0.01352002,0.01679283,0.98648000,0.98221451,0.00100000
114,0.01729286,0.01932590,0.98270714,0.97951877,0.00100000
115,0.01368558,0.01677994,0.98631442,0.98220468,0.00100000
116,0.01373164,0.01673351,0.98626840,0.98225522,0.00100000
117,0.01372434,0.01732683,0.98627561,0.98164654,0.00100000
118,0.01404995,0.01666521,0.98595005,0.98233318,0.00100000
119,0.01424342,0.01654810,0.98575664,0.98245919,0.00100000
120,0.01489201,0.01768659,0.98510796,0.98129547,0.00100000
121,0.01377446,0.01620766,0.98622555,0.98281044,0.00100000
122,0.01444289,0.01726411,0.98555708,0.98164010,0.00100000
123,0.01638061,0.01920018,0.98361939,0.97984809,0.00100000
124,0.01884861,0.02236691,0.98115134,0.97642195,0.00100000
125,0.02001805,0.02251793,0.97998196,0.97639406,0.00100000
126,0.01418922,0.01719377,0.98581076,0.98178196,0.00100000
127,0.01429213,0.01777699,0.98570788,0.98121530,0.00100000
128,0.01263588,0.01591622,0.98736411,0.98306984,0.00100000
129,0.01641563,0.01934704,0.98358434,0.97955251,0.00100000
130,0.01332922,0.01634297,0.98667073,0.98266780,0.00100000
131,0.01542745,0.01906166,0.98457253,0.97980428,0.00100000
132,0.01369211,0.01658231,0.98630786,0.98239678,0.00100000
133,0.01222650,0.01494646,0.98777348,0.98416334,0.00100000
134,0.01846876,0.02134992,0.98153126,0.97763866,0.00100000
135,0.01317786,0.01584525,0.98682213,0.98317957,0.00100000
136,0.01520683,0.01850858,0.98479319,0.98035127,0.00100000
137,0.01418857,0.01797636,0.98581147,0.98101819,0.00100000
138,0.01430748,0.01668938,0.98569256,0.98235095,0.00100000
139,0.01365495,0.01624548,0.98634505,0.98279834,0.00100000
140,0.01599691,0.01876041,0.98400307,0.98019564,0.00100000
141,0.01377621,0.01652812,0.98622382,0.98245835,0.00100000
142,0.01437051,0.01799383,0.98562950,0.98090667,0.00100000
143,0.01385042,0.01642369,0.98614961,0.98259717,0.00100000
144,0.01315218,0.01567789,0.98684782,0.98341560,0.00100000
145,0.01697225,0.01979429,0.98302776,0.97914535,0.00100000
146,0.01525038,0.01869662,0.98474956,0.98015571,0.00100000
147,0.01442830,0.01791339,0.98557174,0.98099148,0.00100000
148,0.01507810,0.01739672,0.98492193,0.98157066,0.00100000
149,0.01633400,0.02042316,0.98366600,0.97829366,0.00100000
150,0.01365065,0.01698220,0.98634934,0.98197198,0.00100000
151,0.01284712,0.01535460,0.98715281,0.98371673,0.00100000
152,0.01314169,0.01652389,0.98685831,0.98250663,0.00100000
153,0.01275849,0.01625266,0.98724145,0.98276341,0.00100000
154,0.01414310,0.01678577,0.98585689,0.98223454,0.00100000
155,0.01581511,0.01814513,0.98418486,0.98081994,0.00100000
156,0.01341060,0.01623690,0.98658943,0.98280615,0.00100000
157,0.01633648,0.01891979,0.98366350,0.97999483,0.00100000
158,0.01546550,0.01753996,0.98453444,0.98140264,0.00100000
159,0.01452293,0.01803045,0.98547709,0.98096019,0.00100000
160,0.01173614,0.01478546,0.98826385,0.98433566,0.00100000
161,0.01237356,0.01580877,0.98762643,0.98320758,0.00100000
162,0.01354019,0.01642604,0.98645985,0.98262435,0.00100000
163,0.01467176,0.01791263,0.98532820,0.98099911,0.00100000
164,0.01322978,0.01601931,0.98677021,0.98299193,0.00100000
165,0.01458592,0.01682093,0.98541409,0.98221236,0.00100000
166,0.01505239,0.01888130,0.98494756,0.98006803,0.00100000
167,0.01437391,0.01708498,0.98562610,0.98185569,0.00100000
168,0.01380906,0.01672124,0.98619097,0.98227400,0.00100000
169,0.01452613,0.01712778,0.98547387,0.98189330,0.00100000
170,0.01347799,0.01634902,0.98652202,0.98267663,0.00100000
171,0.01409525,0.01762934,0.98590475,0.98129928,0.00100000
172,0.01431833,0.01755532,0.98568165,0.98141289,0.00100000
173,0.01384513,0.01733419,0.98615491,0.98163122,0.00100000
174,0.01327628,0.01673441,0.98672366,0.98226047,0.00100000
175,0.01385072,0.01688094,0.98614931,0.98214263,0.00100000
176,0.01398304,0.01688463,0.98601699,0.98219168,0.00100000
177,0.01331533,0.01645739,0.98668468,0.98261386,0.00100000
178,0.01384270,0.01589475,0.98615730,0.98318124,0.00100000
179,0.01732150,0.01998993,0.98267853,0.97899979,0.00100000
180,0.01405756,0.01712431,0.98594242,0.98185992,0.00100000
181,0.01485470,0.01859447,0.98514533,0.98033196,0.00100000
182,0.01699922,0.02071930,0.98300076,0.97801369,0.00100000
183,0.01914177,0.02120441,0.98085821,0.97767234,0.00100000
184,0.01403576,0.01723588,0.98596424,0.98180562,0.00100000
185,0.01702846,0.02013457,0.98297149,0.97874606,0.00100000
186,0.01346942,0.01647761,0.98653054,0.98249769,0.00100000
187,0.01742892,0.02092800,0.98257107,0.97772336,0.00100000
188,0.01301609,0.01575085,0.98698395,0.98327059,0.00100000
189,0.01486985,0.01765459,0.98513019,0.98133224,0.00100000
190,0.01517997,0.01832615,0.98482001,0.98061383,0.00100000
191,0.01485353,0.01825389,0.98514652,0.98062354,0.00100000
192,0.01434443,0.01767806,0.98565555,0.98128772,0.00100000
193,0.01231840,0.01566000,0.98768163,0.98337984,0.00100000
194,0.01328755,0.01650775,0.98671246,0.98252648,0.00100000
195,0.01777790,0.02121773,0.98222208,0.97761303,0.00100000
196,0.01378975,0.01635971,0.98621023,0.98273534,0.00100000
197,0.01489001,0.01831794,0.98510993,0.98062670,0.00100000
198,0.01406997,0.01741088,0.98593003,0.98151231,0.00100000
199,0.01471099,0.01808940,0.98528898,0.98079365,0.00100000
200,0.01444815,0.01738831,0.98555189,0.98157626,0.00100000
201,0.01491799,0.01773909,0.98508197,0.98122346,0.00100000
202,0.01493186,0.01833467,0.98506814,0.98058659,0.00100000
203,0.01644881,0.01959178,0.98355114,0.97920310,0.00100000
204,0.01650542,0.02059481,0.98349458,0.97829056,0.00100000
205,0.01267091,0.01567942,0.98732907,0.98340112,0.00100000
206,0.01389268,0.01764355,0.98610735,0.98132676,0.00100000
207,0.01467555,0.01792582,0.98532444,0.98107815,0.00100000
208,0.01178955,0.01481655,0.98821044,0.98428416,0.00100000
209,0.01428481,0.01655171,0.98571521,0.98249561,0.00100000
210,0.01490773,0.01748898,0.98509228,0.98152167,0.00100000
211,0.01536583,0.01838231,0.98463416,0.98048168,0.00100000
212,0.01547863,0.01837863,0.98452139,0.98061132,0.00100000
213,0.01306799,0.01614403,0.98693204,0.98285151,0.00100000
214,0.01503081,0.01906696,0.98496914,0.97986853,0.00100000
215,0.01363229,0.01632943,0.98636770,0.98266101,0.00100000
216,0.01401393,0.01708094,0.98598611,0.98192763,0.00100000
217,0.01317991,0.01637705,0.98682004,0.98262411,0.00100000
218,0.01754945,0.01981106,0.98245060,0.97897452,0.00100000
219,0.01472684,0.01797110,0.98527312,0.98092121,0.00100000
220,0.01335871,0.01686455,0.98664129,0.98208243,0.00100000
221,0.01282210,0.01639086,0.98717791,0.98260725,0.00100000
222,0.01531010,0.01824254,0.98468995,0.98068076,0.00100000
223,0.01685230,0.01993671,0.98314774,0.97884333,0.00100000
224,0.01436108,0.01810176,0.98563892,0.98090291,0.00100000
225,0.01411396,0.01787439,0.98588610,0.98103213,0.00100000
226,0.01445482,0.01716622,0.98554516,0.98184359,0.00100000
227,0.01698130,0.01933447,0.98301876,0.97949696,0.00100000
228,0.01227062,0.01591486,0.98772937,0.98310947,0.00100000
229,0.01342282,0.01665427,0.98657715,0.98240113,0.00100000
230,0.01274552,0.01611446,0.98725450,0.98289603,0.00100000
231,0.01337226,0.01613619,0.98662776,0.98289490,0.00100000
232,0.01427588,0.01776950,0.98572409,0.98121053,0.00100000
233,0.01460965,0.01728171,0.98539037,0.98173726,0.00100000
234,0.01530662,0.01862542,0.98469341,0.98024720,0.00100000
235,0.01388909,0.01740541,0.98611093,0.98156673,0.00100000
236,0.01398072,0.01807955,0.98601925,0.98084736,0.00100000
237,0.01321918,0.01632670,0.98678082,0.98267514,0.00100000
238,0.01460173,0.01694310,0.98539823,0.98207843,0.00100000
239,0.01470068,0.01761504,0.98529935,0.98130488,0.00100000
240,0.01357956,0.01765073,0.98642051,0.98131317,0.00100000
241,0.01341253,0.01657677,0.98658746,0.98239321,0.00100000
242,0.01499381,0.01871174,0.98500615,0.98020196,0.00100000
243,0.01729987,0.02094314,0.98270011,0.97795695,0.00100000
244,0.01451334,0.01727572,0.98548663,0.98170018,0.00100000
245,0.01644858,0.01960025,0.98355138,0.97926837,0.00100000
246,0.01743857,0.01903327,0.98256147,0.97984219,0.00100000
247,0.01452589,0.01719232,0.98547411,0.98182368,0.00100000
248,0.01562063,0.01902897,0.98437935,0.97991651,0.00100000
249,0.01445941,0.01735054,0.98554057,0.98167288,0.00100000
250,0.01253308,0.01612571,0.98746693,0.98287141,0.00100000
251,0.01703023,0.02039221,0.98296976,0.97834265,0.00100000
252,0.01393532,0.01668423,0.98606473,0.98233712,0.00100000
253,0.01573583,0.01961412,0.98426414,0.97916234,0.00100000
254,0.01409613,0.01766198,0.98590386,0.98133105,0.00100000
255,0.01436753,0.01777162,0.98563242,0.98117149,0.00100000
256,0.01255957,0.01582550,0.98744047,0.98321509,0.00100000
257,0.01420842,0.01718989,0.98579156,0.98173952,0.00100000
258,0.01294366,0.01626028,0.98705631,0.98275924,0.00100000
259,0.01232688,0.01563261,0.98767310,0.98340803,0.00100000
260,0.01326277,0.01645038,0.98673725,0.98259020,0.00100000
261,0.01485447,0.01783119,0.98514557,0.98110116,0.00100000
262,0.01330014,0.01705679,0.98669982,0.98191226,0.00100000
263,0.01274292,0.01611499,0.98725706,0.98295188,0.00100000
264,0.01325644,0.01604726,0.98674351,0.98295403,0.00100000
265,0.01472331,0.01804727,0.98527664,0.98089075,0.00100000
266,0.01476940,0.01747933,0.98523062,0.98140866,0.00100000
267,0.01455203,0.01728125,0.98544800,0.98173392,0.00100000
268,0.01332907,0.01672762,0.98667097,0.98224801,0.00100000
269,0.01284536,0.01605950,0.98715460,0.98295856,0.00100000
270,0.01357076,0.01673924,0.98642921,0.98225874,0.00100000
271,0.01677424,0.01936010,0.98322582,0.97957438,0.00100000
272,0.01402887,0.01669536,0.98597109,0.98228127,0.00100000
273,0.01270381,0.01561677,0.98729616,0.98341256,0.00100000
274,0.01507552,0.01806794,0.98492450,0.98091805,0.00100000
275,0.01249583,0.01685257,0.98750418,0.98210746,0.00100000
276,0.01505368,0.01779348,0.98494631,0.98122716,0.00100000
277,0.01811161,0.02003411,0.98188835,0.97871321,0.00100000
278,0.01379358,0.01670699,0.98620641,0.98232484,0.00100000
279,0.01572701,0.01886090,0.98427302,0.98010254,0.00100000
280,0.01572148,0.01805850,0.98427850,0.98089355,0.00100000
281,0.01458647,0.01736951,0.98541349,0.98153353,0.00100000
282,0.01335313,0.01714729,0.98664689,0.98181909,0.00100000
283,0.01284727,0.01534369,0.98715276,0.98376119,0.00100000
284,0.01740197,0.02059078,0.98259807,0.97831964,0.00100000
285,0.01333162,0.01643109,0.98666835,0.98253727,0.00100000
286,0.01502410,0.01721691,0.98497587,0.98171937,0.00100000
287,0.01384398,0.01757050,0.98615599,0.98138076,0.00100000
288,0.01915563,0.02136745,0.98084438,0.97737563,0.00100000
289,0.01397299,0.01714906,0.98602700,0.98181081,0.00100000
290,0.01543888,0.01821415,0.98456109,0.98075223,0.00100000
291,0.01432026,0.01734150,0.98567975,0.98167390,0.00100000
292,0.01394451,0.01724727,0.98605549,0.98169088,0.00100000
293,0.01407472,0.01776570,0.98592526,0.98118931,0.00100000
294,0.01485068,0.01825950,0.98514932,0.98060346,0.00100000
295,0.01451378,0.01842342,0.98548627,0.98044652,0.00100000
296,0.01487674,0.01790475,0.98512328,0.98100448,0.00100000
297,0.01508881,0.01768699,0.98491120,0.98130625,0.00100000
298,0.01521706,0.01858029,0.98478293,0.98034334,0.00100000
299,0.01249662,0.01589309,0.98750341,0.98310900,0.00100000
300,0.01247740,0.01596422,0.98752260,0.98305905,0.00100000
301,0.01811982,0.02084850,0.98188013,0.97780055,0.00100000
302,0.01400872,0.01710983,0.98599124,0.98186827,0.00100000
303,0.01367747,0.01696560,0.98632252,0.98200482,0.00100000
304,0.01433578,0.01714075,0.98566425,0.98185027,0.00100000
305,0.01319388,0.01640712,0.98680615,0.98257422,0.00100000
306,0.01383516,0.01822362,0.98616481,0.98065180,0.00100000
307,0.01492551,0.01719218,0.98507446,0.98174334,0.00100000
308,0.01478298,0.01755313,0.98521698,0.98141074,0.00100000
309,0.01402766,0.01745997,0.98597234,0.98151839,0.00100000
310,0.01317371,0.01589369,0.98682630,0.98316455,0.00100000
311,0.01641472,0.02024604,0.98358524,0.97853339,0.00100000
312,0.01392599,0.01710530,0.98607397,0.98185945,0.00100000
313,0.01313794,0.01596993,0.98686206,0.98306704,0.00100000
314,0.01416374,0.01674381,0.98583627,0.98228288,0.00100000
315,0.01521101,0.01810663,0.98478901,0.98089021,0.00100000
316,0.01325743,0.01618766,0.98674256,0.98281974,0.00100000
317,0.01436907,0.01754471,0.98563099,0.98141134,0.00100000
318,0.01594516,0.01906037,0.98405480,0.97978473,0.00100000
319,0.01631556,0.01915403,0.98368442,0.97968119,0.00100000
320,0.01412833,0.01658202,0.98587167,0.98242372,0.00100000
321,0.01243434,0.01564674,0.98756570,0.98340327,0.00100000
322,0.01337322,0.01615948,0.98662674,0.98292547,0.00100000
323,0.01446319,0.01762742,0.98553681,0.98127896,0.00100000
324,0.01135583,0.01472196,0.98864418,0.98435050,0.00100000
325,0.01472718,0.01812072,0.98527277,0.98084480,0.00100000
326,0.01680006,0.02027507,0.98319995,0.97859854,0.00100000
327,0.01609939,0.01928958,0.98390061,0.97958368,0.00100000
328,0.01412342,0.01675661,0.98587662,0.98222256,0.00100000
329,0.01660818,0.01929467,0.98339176,0.97948509,0.00100000
330,0.01791886,0.02146056,0.98208117,0.97728193,0.00100000
331,0.01513903,0.01744782,0.98486096,0.98152786,0.00100000
332,0.01441512,0.01756722,0.98558486,0.98137546,0.00100000
333,0.01514610,0.01781725,0.98485386,0.98110896,0.00100000
334,0.01358127,0.01633359,0.98641872,0.98263669,0.00100000
335,0.01491899,0.01778570,0.98508096,0.98116565,0.00100000
336,0.01386276,0.01768440,0.98613721,0.98129165,0.00100000
337,0.01423218,0.01679223,0.98576778,0.98221028,0.00100000
338,0.01444995,0.01778053,0.98555005,0.98112053,0.00100000
339,0.01785005,0.02109288,0.98214990,0.97768521,0.00100000
340,0.01438547,0.01763224,0.98561460,0.98139697,0.00100000
341,0.01315332,0.01587168,0.98684669,0.98314613,0.00100000
342,0.01436104,0.01763256,0.98563898,0.98129946,0.00100000
343,0.01416849,0.01695281,0.98583156,0.98201740,0.00100000
344,0.01623089,0.01863239,0.98376918,0.98030388,0.00100000
345,0.01432049,0.01774729,0.98567951,0.98116541,0.00100000
346,0.01425561,0.01690995,0.98574442,0.98205781,0.00100000
347,0.01562953,0.01884527,0.98437047,0.97997910,0.00100000
348,0.01604275,0.01893125,0.98395729,0.97993255,0.00100000
349,0.01373450,0.01675724,0.98626548,0.98228687,0.00100000
350,0.01300278,0.01645111,0.98699725,0.98253858,0.00100000
351,0.01303625,0.01579368,0.98696375,0.98326093,0.00100000
352,0.01330347,0.01624334,0.98669648,0.98279721,0.00100000
353,0.01319660,0.01628656,0.98680341,0.98278034,0.00100000
354,0.01566168,0.01914638,0.98433840,0.97968358,0.00100000
355,0.01310257,0.01614581,0.98689741,0.98286980,0.00100000
356,0.01333134,0.01703768,0.98666865,0.98190236,0.00100000
357,0.01825520,0.02093689,0.98174477,0.97777289,0.00100000
358,0.01739290,0.02129550,0.98260713,0.97741348,0.00100000
359,0.01389227,0.01691930,0.98610771,0.98212296,0.00100000
360,0.01427585,0.01690422,0.98572415,0.98211265,0.00100000
361,0.01921231,0.02216916,0.98078763,0.97668046,0.00100000
362,0.01624279,0.01875900,0.98375726,0.98024052,0.00100000
363,0.01292176,0.01611448,0.98707825,0.98291045,0.00100000
364,0.01860505,0.02053352,0.98139501,0.97832578,0.00100000
365,0.01265345,0.01495152,0.98734653,0.98413372,0.00100000
366,0.01546239,0.01861544,0.98453760,0.98033780,0.00100000
367,0.01631282,0.01953449,0.98368722,0.97935241,0.00100000
368,0.01367809,0.01785382,0.98632193,0.98113263,0.00100000
369,0.01390878,0.01740430,0.98609126,0.98150867,0.00100000
370,0.01336066,0.01625021,0.98663938,0.98277843,0.00100000
371,0.01342281,0.01655379,0.98657715,0.98244965,0.00100000
372,0.01338373,0.01631491,0.98661625,0.98271346,0.00100000
373,0.01417684,0.01739212,0.98582315,0.98158550,0.00100000
374,0.01432501,0.01720273,0.98567498,0.98173213,0.00100000
375,0.01270871,0.01572576,0.98729128,0.98334074,0.00100000
376,0.01454058,0.01787097,0.98545945,0.98105538,0.00100000
377,0.01471089,0.01760973,0.98528910,0.98135757,0.00100000
378,0.01431706,0.01723897,0.98568296,0.98173672,0.00100000
379,0.01229400,0.01574297,0.98770601,0.98332644,0.00100000
380,0.01510909,0.01898781,0.98489094,0.97987211,0.00100000
381,0.01487717,0.01768301,0.98512286,0.98128450,0.00100000
382,0.01314618,0.01580074,0.98685384,0.98323119,0.00100000
383,0.01394339,0.01757221,0.98605663,0.98134077,0.00100000
384,0.01414536,0.01715951,0.98585463,0.98180336,0.00100000
385,0.01396097,0.01712055,0.98603904,0.98189068,0.00100000
386,0.01573813,0.01804889,0.98426187,0.98091525,0.00100000
387,0.01559068,0.01886604,0.98440933,0.97999239,0.00100000
388,0.01416120,0.01719204,0.98583883,0.98176622,0.00100000
389,0.01374560,0.01729424,0.98625439,0.98176026,0.00100000
390,0.01487647,0.01787744,0.98512352,0.98100597,0.00100000
391,0.01839249,0.02127844,0.98160750,0.97749990,0.00100000
392,0.01355934,0.01665498,0.98644066,0.98233104,0.00100000
393,0.01380343,0.01653063,0.98619658,0.98252863,0.00100000
394,0.01596355,0.01945262,0.98403645,0.97946286,0.00100000
395,0.01558633,0.01884824,0.98441362,0.98005712,0.00100000
396,0.01261310,0.01553093,0.98738688,0.98355812,0.00100000
397,0.01360636,0.01590428,0.98639369,0.98317653,0.00100000
398,0.01243067,0.01595933,0.98756933,0.98309517,0.00100000
399,0.01540613,0.01812025,0.98459387,0.98078406,0.00100000
400,0.01553623,0.01850427,0.98446375,0.98043299,0.00100000
401,0.01408181,0.01731768,0.98591816,0.98162377,0.00100000
402,0.01186195,0.01503862,0.98813808,0.98404312,0.00100000
403,0.01381944,0.01659399,0.98618054,0.98241502,0.00100000
404,0.01780867,0.01950574,0.98219132,0.97935092,0.00100000
405,0.01311953,0.01643828,0.98688048,0.98255217,0.00100000
406,0.01504066,0.01833258,0.98495936,0.98070979,0.00100000
407,0.01407701,0.01702093,0.98592299,0.98197740,0.00100000
408,0.01436774,0.01764235,0.98563224,0.98129475,0.00100000
409,0.01389055,0.01640139,0.98610950,0.98263550,0.00100000
410,0.01429457,0.01781827,0.98570544,0.98108089,0.00100000
411,0.01471835,0.01785531,0.98528165,0.98104489,0.00100000
412,0.01855150,0.02305501,0.98144853,0.97562099,0.00100000
413,0.01626671,0.01945514,0.98373330,0.97935694,0.00100000
414,0.01518129,0.01822394,0.98481870,0.98071861,0.00100000
415,0.01476063,0.01782080,0.98523939,0.98107922,0.00100000
416,0.01256632,0.01608462,0.98743367,0.98292172,0.00100000
417,0.01338718,0.01654396,0.98661280,0.98247117,0.00100000
418,0.01455039,0.01809552,0.98544961,0.98092401,0.00100000
419,0.01479793,0.01871100,0.98520207,0.98010403,0.00100000
420,0.01513501,0.01889214,0.98486501,0.97997051,0.00100000
421,0.01452286,0.01709262,0.98547715,0.98184103,0.00100000
422,0.01532793,0.01927791,0.98467207,0.97951853,0.00100000
423,0.01561508,0.01890963,0.98438489,0.98005593,0.00100000
424,0.01303453,0.01620225,0.98696548,0.98278612,0.00100000
425,0.01375620,0.01686896,0.98624378,0.98209023,0.00100000
426,0.01432412,0.01809825,0.98567593,0.98078901,0.00100000
427,0.01475690,0.01799101,0.98524308,0.98096049,0.00100000
428,0.01484501,0.01704123,0.98515499,0.98191810,0.00100000
429,0.01486557,0.01814218,0.98513442,0.98078191,0.00100000
430,0.01872849,0.02022894,0.98127151,0.97851253,0.00100000
431,0.01238790,0.01621767,0.98761213,0.98281503,0.00100000
432,0.01256847,0.01597577,0.98743153,0.98308510,0.00100000
433,0.01314612,0.01575048,0.98685384,0.98332685,0.00100000
434,0.01455440,0.01832802,0.98544562,0.98065209,0.00100000
435,0.01464316,0.01791982,0.98535681,0.98104966,0.00100000
436,0.01507838,0.01814069,0.98492163,0.98074925,0.00100000
437,0.01341163,0.01731576,0.98658836,0.98170841,0.00100000
438,0.01523467,0.01872170,0.98476535,0.98023695,0.00100000
439,0.01560327,0.01933227,0.98439676,0.97951806,0.00100000
440,0.01450855,0.01768530,0.98549145,0.98122585,0.00100000
441,0.01358439,0.01644265,0.98641562,0.98256266,0.00100000
442,0.01432684,0.01874653,0.98567313,0.98017061,0.00100000
443,0.01459148,0.01704631,0.98540854,0.98202109,0.00100000
444,0.01561878,0.01848068,0.98438120,0.98038232,0.00100000
445,0.01261764,0.01604589,0.98738229,0.98300582,0.00100000
446,0.01769529,0.02090470,0.98230475,0.97780824,0.00100000
447,0.01505903,0.01716490,0.98494095,0.98179311,0.00100000
448,0.01438071,0.01722529,0.98561931,0.98174971,0.00100000
449,0.01560192,0.01931892,0.98439801,0.97960508,0.00100000
450,0.01202170,0.01542952,0.98797834,0.98360837,0.00100000
451,0.01614407,0.01903374,0.98385596,0.97990423,0.00100000
452,0.01389640,0.01691059,0.98610359,0.98205233,0.00100000
453,0.01526147,0.01871694,0.98473853,0.98015642,0.00100000
454,0.01294936,0.01621359,0.98705059,0.98276144,0.00100000
455,0.01435040,0.01747456,0.98564965,0.98149776,0.00100000
456,0.01313400,0.01631040,0.98686600,0.98275822,0.00100000
457,0.01511020,0.01754266,0.98488986,0.98145211,0.00100000
458,0.01467401,0.01793379,0.98532593,0.98104244,0.00100000
459,0.01367644,0.01666201,0.98632360,0.98229557,0.00100000
460,0.01350216,0.01659388,0.98649782,0.98243988,0.00100000
461,0.01599821,0.01961681,0.98400182,0.97926176,0.00100000
462,0.01346002,0.01691602,0.98653996,0.98207581,0.00100000
463,0.01246130,0.01587033,0.98753870,0.98314351,0.00100000
464,0.01426259,0.01829074,0.98573738,0.98060995,0.00100000
465,0.01387102,0.01737780,0.98612899,0.98155957,0.00100000
466,0.01353256,0.01647638,0.98646748,0.98253721,0.00100000
467,0.01369138,0.01685715,0.98630869,0.98218918,0.00100000
468,0.01416091,0.01821062,0.98583913,0.98072684,0.00100000
469,0.01223110,0.01522144,0.98776895,0.98385274,0.00100000
470,0.01156659,0.01490095,0.98843342,0.98418623,0.00100000
471,0.01493807,0.01792299,0.98506188,0.98099053,0.00100000
472,0.01371837,0.01718467,0.98628163,0.98173118,0.00100000
473,0.01634833,0.01856404,0.98365164,0.98030078,0.00100000
474,0.01471096,0.01696368,0.98528910,0.98197961,0.00100000
475,0.01680066,0.01986836,0.98319936,0.97886652,0.00100000
476,0.01504160,0.01886164,0.98495841,0.97999793,0.00100000
477,0.01331775,0.01684864,0.98668224,0.98215115,0.00100000
478,0.01212002,0.01510025,0.98787999,0.98399574,0.00100000
479,0.01397742,0.01741936,0.98602259,0.98165292,0.00100000
480,0.01575248,0.01955958,0.98424751,0.97928184,0.00100000
481,0.01709931,0.02019565,0.98290074,0.97870159,0.00100000
482,0.01598469,0.01961888,0.98401535,0.97921646,0.00100000
483,0.01313554,0.01644276,0.98686445,0.98256689,0.00100000
484,0.01771026,0.02138550,0.98228973,0.97740114,0.00100000
485,0.01445856,0.01831622,0.98554146,0.98055774,0.00100000
486,0.01372015,0.01678051,0.98627985,0.98222029,0.00100000
487,0.01331473,0.01636210,0.98668528,0.98267859,0.00100000
488,0.01376226,0.01666177,0.98623770,0.98235840,0.00100000
489,0.01244258,0.01516691,0.98755741,0.98392153,0.00100000
490,0.01493803,0.01823774,0.98506200,0.98066622,0.00100000
491,0.01297311,0.01597909,0.98702687,0.98306680,0.00100000
492,0.01291394,0.01604869,0.98708606,0.98299593,0.00100000
493,0.01317221,0.01581437,0.98682779,0.98325670,0.00100000
494,0.01208882,0.01610880,0.98791116,0.98290902,0.00100000
495,0.01224556,0.01587206,0.98775440,0.98316264,0.00100000
496,0.01650094,0.01908673,0.98349905,0.97993201,0.00100000
497,0.01419138,0.01760006,0.98580861,0.98129010,0.00100000
498,0.01314443,0.01667419,0.98685557,0.98228562,0.00100000
499,0.01489924,0.01812625,0.98510075,0.98080629,0.00100000
500,0.01217305,0.01520799,0.98782694,0.98386288,0.00100000
501,0.01426725,0.01693576,0.98573279,0.98205948,0.00100000
502,0.01416981,0.01761566,0.98583019,0.98134971,0.00100000
503,0.01522403,0.01820997,0.98477596,0.98067975,0.00100000
504,0.01248712,0.01615691,0.98751289,0.98282695,0.00100000
505,0.01520036,0.01797500,0.98479968,0.98097992,0.00100000
506,0.01637815,0.01811166,0.98362184,0.98080480,0.00100000
507,0.01460448,0.01712985,0.98539549,0.98188412,0.00100000
508,0.01305351,0.01600340,0.98694646,0.98306584,0.00100000
509,0.01515793,0.01843990,0.98484206,0.98052090,0.00100000
510,0.01450016,0.01704244,0.98549986,0.98197818,0.00100000
511,0.01341670,0.01686213,0.98658329,0.98210514,0.00100000
512,0.01565875,0.01857805,0.98434126,0.98031968,0.00100000
513,0.01504248,0.01807543,0.98495752,0.98083359,0.00100000
514,0.01181670,0.01515482,0.98818326,0.98391706,0.00100000
515,0.01487090,0.01751610,0.98512906,0.98144221,0.00100000
516,0.01291134,0.01645011,0.98708868,0.98254561,0.00100000
517,0.01263286,0.01603968,0.98736715,0.98304641,0.00100000
518,0.01544192,0.01819365,0.98455805,0.98072243,0.00100000
519,0.01282423,0.01604424,0.98717576,0.98300904,0.00100000
520,0.01380585,0.01649402,0.98619413,0.98249733,0.00100000
521,0.01270907,0.01599496,0.98729098,0.98301691,0.00100000
522,0.01431708,0.01758438,0.98568290,0.98139620,0.00100000
523,0.01182055,0.01553910,0.98817945,0.98355329,0.00100000
524,0.01347279,0.01628674,0.98652720,0.98266369,0.00100000
525,0.01437740,0.01725112,0.98562264,0.98169637,0.00100000
526,0.01050717,0.01380375,0.98949289,0.98532987,0.00050000
527,0.01004117,0.01385736,0.98995882,0.98526651,0.00050000
528,0.01042064,0.01386849,0.98957932,0.98528397,0.00050000
529,0.01182135,0.01491233,0.98817861,0.98414177,0.00050000
530,0.01167477,0.01521995,0.98832524,0.98384345,0.00050000
531,0.01032219,0.01393030,0.98967785,0.98521447,0.00050000
532,0.01085251,0.01443551,0.98914748,0.98466218,0.00050000
533,0.01093298,0.01443066,0.98906702,0.98471212,0.00050000
534,0.01239019,0.01623774,0.98760980,0.98272109,0.00050000
535,0.01035098,0.01411437,0.98964900,0.98502058,0.00050000
536,0.01084268,0.01420287,0.98915732,0.98494625,0.00050000
537,0.01152614,0.01505167,0.98847389,0.98404217,0.00050000
538,0.01335811,0.01695087,0.98664188,0.98207253,0.00050000
539,0.01131641,0.01487237,0.98868364,0.98421788,0.00050000
540,0.01071900,0.01485767,0.98928100,0.98421478,0.00050000
541,0.01132651,0.01560024,0.98867351,0.98348916,0.00050000
542,0.00970174,0.01341630,0.99029827,0.98573971,0.00050000
543,0.01190498,0.01573452,0.98809505,0.98329222,0.00050000
544,0.01184066,0.01590891,0.98815936,0.98313206,0.00050000
545,0.01077712,0.01450388,0.98922288,0.98461026,0.00050000
546,0.01034954,0.01401781,0.98965049,0.98510027,0.00050000
547,0.01066785,0.01495495,0.98933214,0.98409545,0.00050000
548,0.01131846,0.01490601,0.98868155,0.98419422,0.00050000
549,0.01022569,0.01359224,0.98977423,0.98556525,0.00050000
550,0.01045287,0.01379815,0.98954713,0.98533368,0.00050000
551,0.01016071,0.01424442,0.98983932,0.98487234,0.00050000
552,0.01029093,0.01398022,0.98970902,0.98513830,0.00050000
553,0.01119214,0.01523087,0.98880786,0.98385632,0.00050000
554,0.01148407,0.01523763,0.98851591,0.98386198,0.00050000
555,0.01134770,0.01563765,0.98865229,0.98343337,0.00050000
556,0.01104519,0.01493802,0.98895478,0.98414725,0.00050000
557,0.01085526,0.01460253,0.98914474,0.98446929,0.00050000
558,0.01175577,0.01558673,0.98824418,0.98350692,0.00050000
559,0.01050046,0.01493815,0.98949957,0.98413736,0.00050000
560,0.01144184,0.01510378,0.98855817,0.98397368,0.00050000
561,0.01053436,0.01437718,0.98946559,0.98472124,0.00050000
562,0.01180207,0.01613945,0.98819792,0.98286349,0.00050000
563,0.01053415,0.01437983,0.98946583,0.98470545,0.00050000
564,0.01042123,0.01473481,0.98957878,0.98433656,0.00050000
565,0.01217293,0.01630510,0.98782706,0.98266101,0.00050000
566,0.01199761,0.01534266,0.98800236,0.98367274,0.00050000
567,0.01107297,0.01512528,0.98892707,0.98395681,0.00050000
568,0.01079874,0.01495696,0.98920125,0.98412508,0.00050000
569,0.01034576,0.01422565,0.98965424,0.98489237,0.00050000
570,0.01200338,0.01572633,0.98799658,0.98327655,0.00050000
571,0.01138149,0.01579872,0.98861849,0.98322845,0.00050000
572,0.01048260,0.01439734,0.98951733,0.98470157,0.00050000
573,0.01257537,0.01589180,0.98742467,0.98307920,0.00050000
574,0.01122514,0.01558742,0.98877490,0.98347074,0.00050000
575,0.01032018,0.01371373,0.98967981,0.98542500,0.00050000
576,0.01001463,0.01442409,0.98998541,0.98466772,0.00050000
577,0.01018706,0.01428242,0.98981291,0.98486841,0.00050000
578,0.01070132,0.01470869,0.98929864,0.98440671,0.00050000
579,0.01047372,0.01530865,0.98952627,0.98372924,0.00050000
580,0.01122628,0.01461393,0.98877370,0.98450023,0.00050000
581,0.01078219,0.01447148,0.98921782,0.98463213,0.00050000
582,0.01121604,0.01538622,0.98878396,0.98365879,0.00050000
583,0.01336889,0.01736146,0.98663110,0.98155522,0.00050000
584,0.01154675,0.01517688,0.98845327,0.98392087,0.00050000
585,0.01055023,0.01500851,0.98944974,0.98410630,0.00050000
586,0.01016458,0.01432154,0.98983544,0.98480761,0.00050000
587,0.01156437,0.01559426,0.98843563,0.98347020,0.00050000
588,0.01112945,0.01461259,0.98887056,0.98455030,0.00050000
589,0.01005655,0.01401877,0.98994339,0.98511732,0.00050000
590,0.01086150,0.01462687,0.98913848,0.98445642,0.00050000
591,0.00989341,0.01368073,0.99010658,0.98545885,0.00050000
592,0.01085848,0.01501487,0.98914152,0.98407775,0.00050000
593,0.01192847,0.01604569,0.98807156,0.98297727,0.00050000
594,0.01060821,0.01445556,0.98939180,0.98467648,0.00050000
595,0.01237925,0.01608364,0.98762071,0.98292112,0.00050000
596,0.01024653,0.01403902,0.98975343,0.98513764,0.00050000
597,0.00983903,0.01344533,0.99016094,0.98571807,0.00050000
598,0.01092763,0.01510955,0.98907238,0.98397654,0.00050000
599,0.01185350,0.01540466,0.98814654,0.98369157,0.00050000
600,0.01019889,0.01455197,0.98980111,0.98452342,0.00050000
601,0.00992774,0.01344431,0.99007225,0.98572004,0.00050000
602,0.01164445,0.01559331,0.98835558,0.98348862,0.00050000
603,0.01074932,0.01487010,0.98925066,0.98417330,0.00050000
604,0.01029970,0.01483770,0.98970032,0.98422015,0.00050000
605,0.01109669,0.01462059,0.98890328,0.98446316,0.00050000
606,0.01121876,0.01547631,0.98878127,0.98355055,0.00050000
607,0.01134106,0.01487365,0.98865896,0.98425138,0.00050000
608,0.01094071,0.01491051,0.98905933,0.98417741,0.00050000
609,0.01118216,0.01534198,0.98881781,0.98378611,0.00050000
610,0.01137834,0.01537811,0.98862171,0.98371744,0.00050000
611,0.00974657,0.01381390,0.99025345,0.98534435,0.00050000
612,0.01145103,0.01539701,0.98854899,0.98364639,0.00050000
613,0.01190772,0.01599846,0.98809224,0.98304302,0.00050000
614,0.01093634,0.01517587,0.98906362,0.98388803,0.00050000
615,0.01072073,0.01428569,0.98927927,0.98481494,0.00050000
616,0.01074654,0.01496664,0.98925346,0.98407733,0.00050000
617,0.01091936,0.01487138,0.98908061,0.98418653,0.00050000
618,0.00969280,0.01354827,0.99030721,0.98560077,0.00050000
619,0.01017638,0.01407029,0.98982364,0.98503828,0.00050000
620,0.01097760,0.01509876,0.98902237,0.98394781,0.00050000
621,0.01106510,0.01468775,0.98893487,0.98439968,0.00050000
622,0.01124852,0.01595138,0.98875147,0.98308337,0.00050000
623,0.01011519,0.01449940,0.98988485,0.98459566,0.00050000
624,0.01215156,0.01513752,0.98784840,0.98392850,0.00050000
625,0.01123524,0.01535801,0.98876476,0.98369360,0.00050000
626,0.01182010,0.01540632,0.98817986,0.98363781,0.00050000
627,0.01042159,0.01405518,0.98957843,0.98507190,0.00050000
628,0.01063762,0.01491168,0.98936236,0.98416710,0.00050000
629,0.01109637,0.01469780,0.98890364,0.98441136,0.00050000
630,0.01172987,0.01595679,0.98827016,0.98306817,0.00050000
631,0.00956742,0.01362502,0.99043262,0.98551607,0.00050000
632,0.01071519,0.01474055,0.98928481,0.98433745,0.00050000
633,0.01031988,0.01428391,0.98968011,0.98484290,0.00050000
634,0.01067084,0.01443912,0.98932916,0.98462504,0.00050000
635,0.00999682,0.01400349,0.99000317,0.98513609,0.00050000
636,0.01017390,0.01429516,0.98982614,0.98482615,0.00050000
637,0.01056162,0.01454206,0.98943841,0.98457539,0.00050000
638,0.01179858,0.01571215,0.98820144,0.98329550,0.00050000
639,0.01409735,0.01700106,0.98590267,0.98206109,0.00050000
640,0.01259032,0.01686407,0.98740971,0.98218453,0.00050000
641,0.01052226,0.01394412,0.98947775,0.98518717,0.00050000
642,0.01051016,0.01459776,0.98948985,0.98452461,0.00050000
643,0.01202254,0.01600427,0.98797750,0.98298520,0.00050000
644,0.01041277,0.01443061,0.98958719,0.98466569,0.00050000
645,0.01125781,0.01509712,0.98874217,0.98395085,0.00050000
646,0.01089123,0.01417450,0.98910874,0.98495018,0.00050000
647,0.01130997,0.01541175,0.98869002,0.98366374,0.00050000
648,0.01099242,0.01466896,0.98900759,0.98441696,0.00050000
649,0.01138700,0.01526465,0.98861301,0.98385370,0.00050000
650,0.00973925,0.01355578,0.99026072,0.98560262,0.00050000
651,0.01084971,0.01466180,0.98915029,0.98441058,0.00050000
652,0.01069001,0.01480863,0.98931003,0.98428929,0.00050000
653,0.01185867,0.01590340,0.98814136,0.98312581,0.00050000
654,0.01014906,0.01408876,0.98985088,0.98503727,0.00050000
655,0.01073642,0.01490079,0.98926353,0.98418993,0.00050000
656,0.01008074,0.01437198,0.98991930,0.98475140,0.00050000
657,0.01045664,0.01416312,0.98954344,0.98498172,0.00050000
658,0.01071653,0.01529912,0.98928350,0.98377699,0.00050000
659,0.01295578,0.01733135,0.98704422,0.98156869,0.00050000
660,0.01002734,0.01428949,0.98997271,0.98482800,0.00050000
661,0.01094083,0.01513106,0.98905921,0.98390436,0.00050000
662,0.01159028,0.01521775,0.98840976,0.98382020,0.00050000
663,0.01020212,0.01433586,0.98979789,0.98476791,0.00050000
664,0.01078979,0.01475993,0.98921019,0.98435295,0.00050000
665,0.01185459,0.01566072,0.98814535,0.98339587,0.00050000
666,0.01079031,0.01473787,0.98920965,0.98431975,0.00050000
667,0.00924064,0.01336170,0.99075937,0.98580635,0.00050000
668,0.01119755,0.01484829,0.98880249,0.98424089,0.00050000
669,0.01002724,0.01418032,0.98997271,0.98491740,0.00050000
670,0.01107956,0.01520751,0.98892045,0.98388654,0.00050000
671,0.01018138,0.01437842,0.98981857,0.98470849,0.00050000
672,0.01149829,0.01573662,0.98850173,0.98325568,0.00050000
673,0.01224032,0.01586798,0.98775971,0.98315132,0.00050000
674,0.00963551,0.01356832,0.99036449,0.98557377,0.00050000
675,0.01041195,0.01430353,0.98958802,0.98481756,0.00050000
676,0.01009850,0.01376826,0.98990148,0.98537648,0.00050000
677,0.00978906,0.01350853,0.99021095,0.98563790,0.00050000
678,0.01145421,0.01562316,0.98854578,0.98341393,0.00050000
679,0.00924003,0.01393137,0.99075997,0.98517823,0.00050000
680,0.01118570,0.01462350,0.98881423,0.98449361,0.00050000
681,0.01043905,0.01395326,0.98956096,0.98518312,0.00050000
682,0.01163813,0.01522944,0.98836184,0.98390388,0.00050000
683,0.01029794,0.01479151,0.98970205,0.98428571,0.00050000
684,0.01070601,0.01505710,0.98929399,0.98403889,0.00050000
685,0.01225108,0.01618776,0.98774898,0.98280782,0.00050000
686,0.01064777,0.01464958,0.98935223,0.98449117,0.00050000
687,0.01119214,0.01548510,0.98880786,0.98355663,0.00050000
688,0.00940639,0.01348313,0.99059361,0.98567039,0.00050000
689,0.01079776,0.01482846,0.98920226,0.98429286,0.00050000
690,0.01038358,0.01492744,0.98961639,0.98412311,0.00050000
691,0.01030913,0.01421954,0.98969090,0.98491013,0.00050000
692,0.01090547,0.01488336,0.98909450,0.98417288,0.00050000
693,0.01045807,0.01435938,0.98954195,0.98477536,0.00050000
694,0.01146349,0.01497920,0.98853654,0.98413354,0.00050000
695,0.01189148,0.01554829,0.98810852,0.98354709,0.00050000
696,0.01231568,0.01632798,0.98768431,0.98263550,0.00050000
697,0.00977285,0.01405969,0.99022716,0.98506188,0.00050000
698,0.01313963,0.01640952,0.98686039,0.98266000,0.00050000
699,0.01042538,0.01366529,0.98957461,0.98549849,0.00050000
700,0.01112868,0.01469424,0.98887128,0.98439765,0.00050000
701,0.01080562,0.01471363,0.98919439,0.98438096,0.00050000
702,0.01019907,0.01472865,0.98980093,0.98435462,0.00050000
703,0.00960544,0.01353489,0.99039459,0.98564374,0.00050000
704,0.01093009,0.01487094,0.98906994,0.98421562,0.00050000
705,0.01046651,0.01417375,0.98953348,0.98494041,0.00050000
706,0.01102260,0.01488450,0.98897743,0.98421890,0.00050000
707,0.01025446,0.01422946,0.98974556,0.98489159,0.00050000
708,0.01003081,0.01368377,0.98996913,0.98544788,0.00050000
709,0.01103850,0.01541099,0.98896146,0.98365557,0.00050000
710,0.01161919,0.01613179,0.98838079,0.98290926,0.00050000
711,0.01439017,0.01847706,0.98560983,0.98046112,0.00050000
712,0.01113248,0.01570362,0.98886752,0.98332757,0.00050000
713,0.01016198,0.01465078,0.98983800,0.98446703,0.00050000
714,0.01096402,0.01533537,0.98903596,0.98372930,0.00050000
715,0.01024249,0.01387464,0.98975754,0.98524415,0.00050000
716,0.01132435,0.01503492,0.98867571,0.98407191,0.00050000
717,0.01039631,0.01442273,0.98960370,0.98471648,0.00050000
718,0.01082601,0.01462261,0.98917401,0.98446846,0.00050000
719,0.01042485,0.01419532,0.98957515,0.98494518,0.00050000
720,0.01096388,0.01445860,0.98903614,0.98462808,0.00050000
721,0.01056961,0.01486057,0.98943043,0.98423064,0.00050000
722,0.01125225,0.01446718,0.98874778,0.98463953,0.00050000
723,0.01017359,0.01421453,0.98982644,0.98492444,0.00050000
724,0.01129295,0.01504909,0.98870707,0.98400974,0.00050000
725,0.01081734,0.01480463,0.98918265,0.98427576,0.00050000
726,0.00932150,0.01345096,0.99067849,0.98568320,0.00050000
727,0.01042245,0.01505159,0.98957753,0.98400056,0.00050000
728,0.01091697,0.01438298,0.98908305,0.98472273,0.00050000
729,0.01090749,0.01488586,0.98909253,0.98421896,0.00050000
730,0.00998483,0.01383111,0.99001515,0.98530662,0.00050000
731,0.01146999,0.01548874,0.98853004,0.98358893,0.00050000
732,0.01020950,0.01447050,0.98979050,0.98463345,0.00050000
733,0.01066897,0.01532685,0.98933101,0.98374540,0.00050000
734,0.01272171,0.01675830,0.98727834,0.98217857,0.00050000
735,0.01076923,0.01479491,0.98923081,0.98429227,0.00050000
736,0.01138141,0.01545550,0.98861861,0.98360527,0.00050000
737,0.01072834,0.01462189,0.98927170,0.98445052,0.00050000
738,0.00973620,0.01389266,0.99026382,0.98524046,0.00050000
739,0.01097734,0.01528514,0.98902261,0.98377031,0.00050000
740,0.01138735,0.01503328,0.98861265,0.98406702,0.00050000
741,0.01010076,0.01398096,0.98989928,0.98517269,0.00050000
742,0.01020707,0.01436630,0.98979294,0.98475140,0.00050000
743,0.01025679,0.01418487,0.98974323,0.98493510,0.00050000
744,0.01075377,0.01446264,0.98924625,0.98463047,0.00050000
745,0.01091791,0.01541323,0.98908210,0.98361462,0.00050000
746,0.01124011,0.01525022,0.98875988,0.98380059,0.00050000
747,0.01204791,0.01647812,0.98795211,0.98251963,0.00050000
748,0.01136180,0.01568062,0.98863822,0.98340166,0.00050000
749,0.00989009,0.01421701,0.99010986,0.98488367,0.00050000
750,0.01077331,0.01482949,0.98922664,0.98425680,0.00050000
751,0.01046045,0.01480977,0.98953950,0.98427558,0.00050000
752,0.01029715,0.01463991,0.98970288,0.98446667,0.00050000
753,0.01138542,0.01589914,0.98861462,0.98316377,0.00050000
754,0.00999418,0.01440301,0.99000579,0.98472166,0.00050000
755,0.01165789,0.01537562,0.98834211,0.98366499,0.00050000
756,0.01028929,0.01443297,0.98971069,0.98467070,0.00050000
757,0.01100229,0.01525836,0.98899770,0.98381382,0.00050000
758,0.01175521,0.01561087,0.98824477,0.98342150,0.00050000
759,0.01027723,0.01442222,0.98972279,0.98467028,0.00050000
760,0.01102451,0.01520138,0.98897552,0.98386359,0.00050000
761,0.01137706,0.01568508,0.98862290,0.98335415,0.00050000
762,0.00994817,0.01448214,0.99005181,0.98461688,0.00050000
763,0.01047029,0.01522888,0.98952973,0.98379409,0.00050000
764,0.01063904,0.01442483,0.98936093,0.98467499,0.00050000
765,0.01026095,0.01499570,0.98973906,0.98404640,0.00050000
766,0.01074377,0.01457831,0.98925620,0.98455369,0.00050000
767,0.01092152,0.01488937,0.98907846,0.98422366,0.00050000
768,0.01038365,0.01500694,0.98961639,0.98406833,0.00050000
769,0.00997723,0.01398221,0.99002278,0.98512459,0.00050000
770,0.01151799,0.01543653,0.98848200,0.98368442,0.00050000
771,0.01216894,0.01602957,0.98783112,0.98297942,0.00050000
772,0.01163767,0.01587131,0.98836231,0.98313487,0.00050000
773,0.01165307,0.01554416,0.98834693,0.98348093,0.00050000
774,0.01126166,0.01581745,0.98873836,0.98320156,0.00050000
775,0.00996144,0.01431790,0.99003857,0.98479962,0.00050000
776,0.01107720,0.01580151,0.98892283,0.98322713,0.00050000
777,0.01142504,0.01554556,0.98857498,0.98350507,0.00050000
778,0.01098370,0.01496423,0.98901629,0.98413306,0.00050000
779,0.00970769,0.01393040,0.99029237,0.98521101,0.00050000
780,0.01081881,0.01528320,0.98918116,0.98371971,0.00050000
781,0.01175964,0.01625582,0.98824036,0.98275506,0.00050000
782,0.01023535,0.01418228,0.98976469,0.98490828,0.00050000
783,0.01136240,0.01580697,0.98863757,0.98321682,0.00050000
784,0.01009876,0.01446402,0.98990119,0.98464108,0.00050000
785,0.01050240,0.01479914,0.98949760,0.98427904,0.00050000
786,0.01129088,0.01514882,0.98870909,0.98397094,0.00050000
787,0.01066410,0.01461635,0.98933595,0.98447591,0.00050000
788,0.01012113,0.01462869,0.98987889,0.98445368,0.00050000
789,0.01159017,0.01606307,0.98840982,0.98294991,0.00050000
790,0.01212101,0.01616637,0.98787898,0.98284918,0.00050000
791,0.01086554,0.01476599,0.98913443,0.98431927,0.00050000
792,0.01059867,0.01481446,0.98940128,0.98426467,0.00050000
793,0.01007176,0.01419763,0.98992825,0.98492181,0.00050000
794,0.01225654,0.01645058,0.98774350,0.98258889,0.00050000
795,0.01173918,0.01572802,0.98826087,0.98335660,0.00050000
796,0.01114402,0.01551172,0.98885596,0.98358393,0.00050000
797,0.01048425,0.01452519,0.98951578,0.98457104,0.00050000
798,0.01022292,0.01406084,0.98977709,0.98504472,0.00050000
799,0.01077890,0.01481221,0.98922110,0.98429358,0.00050000
800,0.01181457,0.01644404,0.98818541,0.98253500,0.00050000
801,0.01207284,0.01582580,0.98792720,0.98318940,0.00050000
802,0.01261174,0.01733543,0.98738825,0.98155069,0.00050000
803,0.01182963,0.01581345,0.98817033,0.98321122,0.00050000
804,0.01077864,0.01484500,0.98922139,0.98419333,0.00050000
805,0.01084345,0.01560547,0.98915654,0.98342848,0.00050000
806,0.01135553,0.01587544,0.98864448,0.98312998,0.00050000
807,0.01005071,0.01356325,0.98994935,0.98559046,0.00050000
808,0.00987060,0.01450380,0.99012941,0.98458606,0.00050000
809,0.01102335,0.01580777,0.98897666,0.98324394,0.00050000
810,0.01193753,0.01581996,0.98806250,0.98324120,0.00050000
811,0.01078977,0.01478760,0.98921025,0.98427653,0.00050000
812,0.01129572,0.01463781,0.98870426,0.98445910,0.00050000
813,0.01085434,0.01395990,0.98914570,0.98518193,0.00050000
814,0.01206266,0.01617293,0.98793733,0.98284459,0.00050000
815,0.01057525,0.01466712,0.98942477,0.98442483,0.00050000
816,0.01380239,0.01818109,0.98619759,0.98074645,0.00050000
817,0.01035710,0.01427751,0.98964286,0.98488081,0.00050000
818,0.01041297,0.01463700,0.98958707,0.98443884,0.00050000
819,0.01301180,0.01748475,0.98698819,0.98153287,0.00050000
820,0.01164542,0.01567603,0.98835456,0.98339099,0.00050000
821,0.01039721,0.01463833,0.98960280,0.98449367,0.00050000
822,0.01012316,0.01459457,0.98987687,0.98450029,0.00050000
823,0.00997120,0.01395340,0.99002880,0.98516798,0.00050000
824,0.01102417,0.01462641,0.98897582,0.98445618,0.00050000
825,0.01034238,0.01504607,0.98965764,0.98401994,0.00050000
826,0.00991374,0.01442696,0.99008632,0.98467571,0.00050000
827,0.01048798,0.01503772,0.98951209,0.98401409,0.00050000
828,0.00967187,0.01379431,0.99032813,0.98534501,0.00050000
829,0.01110903,0.01518101,0.98889101,0.98391843,0.00050000
830,0.01109038,0.01558171,0.98890960,0.98345721,0.00050000
831,0.01393602,0.01813812,0.98606396,0.98070371,0.00050000
832,0.00996864,0.01401103,0.99003136,0.98511398,0.00050000
833,0.01073538,0.01461076,0.98926461,0.98448229,0.00050000
834,0.01043974,0.01430900,0.98956025,0.98481464,0.00050000
835,0.01145828,0.01501600,0.98854172,0.98407835,0.00050000
836,0.01131521,0.01532510,0.98868477,0.98370337,0.00050000
837,0.01155603,0.01562743,0.98844397,0.98340559,0.00050000
838,0.01134790,0.01511912,0.98865205,0.98397684,0.00050000
839,0.01033941,0.01462981,0.98966062,0.98446906,0.00050000
840,0.01109096,0.01512660,0.98890901,0.98401207,0.00050000
841,0.01073899,0.01436653,0.98926103,0.98477352,0.00050000
842,0.01173473,0.01552310,0.98826528,0.98353714,0.00050000
843,0.01071712,0.01479920,0.98928285,0.98429149,0.00050000
844,0.01087692,0.01494165,0.98912311,0.98414195,0.00050000
845,0.00989720,0.01411407,0.99010283,0.98501980,0.00050000
846,0.01148901,0.01512517,0.98851097,0.98394269,0.00050000
847,0.01137069,0.01507623,0.98862934,0.98397714,0.00050000
848,0.01075326,0.01452893,0.98924673,0.98454636,0.00050000
849,0.01015902,0.01409582,0.98984098,0.98503822,0.00050000
850,0.01017145,0.01369326,0.98982853,0.98545653,0.00050000
851,0.00990164,0.01423790,0.99009836,0.98487657,0.00050000
852,0.01072731,0.01442903,0.98927271,0.98466384,0.00050000
853,0.01171844,0.01549228,0.98828161,0.98353428,0.00050000
854,0.01248823,0.01551091,0.98751175,0.98353112,0.00050000
855,0.01092854,0.01466500,0.98907149,0.98447388,0.00050000
856,0.01067691,0.01479938,0.98932308,0.98427385,0.00050000
857,0.00964567,0.01384402,0.99035436,0.98530793,0.00050000
858,0.00979917,0.01373761,0.99020082,0.98540032,0.00050000
859,0.01028003,0.01380417,0.98971993,0.98535275,0.00050000
860,0.01090657,0.01470718,0.98909342,0.98440099,0.00050000
861,0.01042934,0.01406436,0.98957074,0.98505223,0.00050000
862,0.01007093,0.01475944,0.98992908,0.98432016,0.00050000
863,0.01076790,0.01490565,0.98923206,0.98413998,0.00050000
864,0.01097153,0.01574716,0.98902845,0.98330569,0.00050000
865,0.01156076,0.01568943,0.98843920,0.98332614,0.00050000
866,0.01026766,0.01391545,0.98973233,0.98521280,0.00050000
867,0.01008604,0.01419186,0.98991394,0.98492873,0.00050000
868,0.01007845,0.01368005,0.98992157,0.98546672,0.00050000
869,0.00937146,0.01394186,0.99062854,0.98518658,0.00025000
870,0.00922601,0.01364135,0.99077404,0.98553121,0.00025000
871,0.00882797,0.01346952,0.99117202,0.98566628,0.00025000
872,0.00885621,0.01348487,0.99114376,0.98566777,0.00025000
873,0.00842938,0.01286859,0.99157065,0.98632586,0.00025000
874,0.00832214,0.01281522,0.99167788,0.98637217,0.00025000
875,0.00873267,0.01316355,0.99126732,0.98600376,0.00025000
876,0.00883075,0.01319597,0.99116921,0.98596919,0.00025000
877,0.01007337,0.01445610,0.98992664,0.98464811,0.00025000
878,0.00905589,0.01357950,0.99094409,0.98559916,0.00025000
879,0.01049706,0.01464280,0.98950297,0.98444486,0.00025000
880,0.00961151,0.01430279,0.99038851,0.98478943,0.00025000
881,0.00876217,0.01335553,0.99123782,0.98579150,0.00025000
882,0.00935882,0.01386937,0.99064118,0.98526710,0.00025000
883,0.00838097,0.01310785,0.99161899,0.98605871,0.00025000
884,0.00822227,0.01313661,0.99177772,0.98601729,0.00025000
885,0.00904269,0.01370492,0.99095726,0.98542345,0.00025000
886,0.00928389,0.01408023,0.99071610,0.98506558,0.00025000
887,0.00847416,0.01349564,0.99152583,0.98565531,0.00025000
888,0.00867397,0.01376372,0.99132597,0.98538023,0.00025000
889,0.00875738,0.01352253,0.99124259,0.98560941,0.00025000
890,0.00919737,0.01389632,0.99080265,0.98523349,0.00025000
891,0.00859046,0.01324418,0.99140954,0.98591584,0.00025000
892,0.00862833,0.01335565,0.99137163,0.98578262,0.00025000
893,0.00857769,0.01319774,0.99142230,0.98595744,0.00025000
894,0.00859163,0.01317923,0.99140835,0.98597538,0.00025000
895,0.00952609,0.01386302,0.99047387,0.98525155,0.00025000
896,0.00901225,0.01333070,0.99098778,0.98582262,0.00025000
897,0.00852195,0.01310095,0.99147803,0.98607606,0.00025000
898,0.00881621,0.01319115,0.99118382,0.98597497,0.00025000
899,0.00873978,0.01321975,0.99126023,0.98594344,0.00025000
900,0.00960983,0.01455408,0.99039018,0.98454022,0.00025000
901,0.00932802,0.01380214,0.99067199,0.98536813,0.00025000
902,0.00897899,0.01345842,0.99102104,0.98571664,0.00025000
903,0.00879745,0.01273663,0.99120253,0.98646158,0.00025000
904,0.00840775,0.01306403,0.99159229,0.98611802,0.00025000
905,0.00867519,0.01331987,0.99132478,0.98582828,0.00025000
906,0.00910421,0.01386882,0.99089581,0.98526990,0.00025000
907,0.00875297,0.01305530,0.99124700,0.98612905,0.00025000
908,0.00852833,0.01313061,0.99147165,0.98604786,0.00025000
909,0.00844627,0.01334058,0.99155378,0.98580050,0.00025000
910,0.00833918,0.01315309,0.99166077,0.98600155,0.00025000
911,0.00949372,0.01396478,0.99050629,0.98517752,0.00025000
912,0.00899596,0.01365839,0.99100405,0.98548436,0.00025000
913,0.00932084,0.01431155,0.99067914,0.98479962,0.00025000
914,0.00867802,0.01319433,0.99132198,0.98597038,0.00025000
915,0.00826772,0.01290093,0.99173230,0.98626900,0.00025000
916,0.00920341,0.01414933,0.99079657,0.98495126,0.00025000
917,0.00848272,0.01350905,0.99151725,0.98563355,0.00025000
918,0.00810051,0.01291011,0.99189949,0.98625964,0.00025000
919,0.00833270,0.01285894,0.99166727,0.98632240,0.00025000
920,0.00877669,0.01348745,0.99122328,0.98567277,0.00025000
921,0.00929103,0.01383549,0.99070895,0.98532403,0.00025000
922,0.00913296,0.01379735,0.99086708,0.98530221,0.00025000
923,0.00884186,0.01376642,0.99115813,0.98537016,0.00025000
924,0.00846305,0.01294456,0.99153697,0.98622793,0.00025000
925,0.00861337,0.01317770,0.99138665,0.98598832,0.00025000
926,0.00880166,0.01315894,0.99119830,0.98601872,0.00025000
927,0.00876882,0.01334091,0.99123120,0.98580766,0.00025000
928,0.00893158,0.01349503,0.99106836,0.98565775,0.00025000
929,0.00865199,0.01355819,0.99134803,0.98557520,0.00025000
930,0.00908076,0.01343423,0.99091923,0.98571789,0.00025000
931,0.00854785,0.01304048,0.99145216,0.98612893,0.00025000
932,0.01010133,0.01508432,0.98989868,0.98398221,0.00025000
933,0.00939029,0.01413643,0.99060977,0.98498738,0.00025000
934,0.00862788,0.01312737,0.99137211,0.98605394,0.00025000
935,0.00851208,0.01311232,0.99148798,0.98605508,0.00025000
936,0.00872913,0.01292348,0.99127090,0.98625374,0.00025000
937,0.00961844,0.01484600,0.99038154,0.98418248,0.00025000
938,0.00867558,0.01327022,0.99132442,0.98590493,0.00025000
939,0.00875666,0.01306132,0.99124336,0.98611122,0.00025000
940,0.00875340,0.01324052,0.99124658,0.98594111,0.00025000
941,0.00853254,0.01267797,0.99146748,0.98651433,0.00025000
942,0.00885872,0.01377762,0.99114126,0.98535156,0.00025000
943,0.00862162,0.01322074,0.99137843,0.98595828,0.00025000
944,0.01039788,0.01539282,0.98960215,0.98365772,0.00025000
945,0.00819635,0.01308450,0.99180365,0.98608148,0.00025000
946,0.00891049,0.01358849,0.99108958,0.98553497,0.00025000
947,0.00869333,0.01293951,0.99130666,0.98626852,0.00025000
948,0.00844377,0.01352612,0.99155623,0.98563111,0.00025000
949,0.00818904,0.01264071,0.99181098,0.98655790,0.00025000
950,0.00948319,0.01414327,0.99051684,0.98496580,0.00025000
951,0.00863376,0.01291538,0.99136621,0.98624903,0.00025000
952,0.00963595,0.01458243,0.99036402,0.98447424,0.00025000
953,0.00850167,0.01314952,0.99149835,0.98601401,0.00025000
954,0.00814257,0.01305925,0.99185741,0.98609686,0.00025000
955,0.00964828,0.01456930,0.99035174,0.98454553,0.00025000
956,0.00849919,0.01300959,0.99150074,0.98616397,0.00025000
957,0.00847909,0.01329086,0.99152088,0.98586482,0.00025000
958,0.00815188,0.01272863,0.99184811,0.98645854,0.00025000
959,0.00828837,0.01284669,0.99171162,0.98635411,0.00025000
960,0.00940237,0.01418852,0.99059761,0.98491126,0.00025000
961,0.00802890,0.01272759,0.99197108,0.98647094,0.00025000
962,0.00924641,0.01378661,0.99075365,0.98533416,0.00025000
963,0.00892070,0.01379987,0.99107933,0.98534638,0.00025000
964,0.00813910,0.01294531,0.99186087,0.98623484,0.00025000
965,0.00962279,0.01451365,0.99037719,0.98457301,0.00025000
966,0.00863932,0.01331164,0.99136066,0.98583949,0.00025000
967,0.00819211,0.01293328,0.99180794,0.98623747,0.00025000
968,0.00847132,0.01317503,0.99152869,0.98597956,0.00025000
969,0.00833760,0.01301663,0.99166238,0.98616445,0.00025000
970,0.00904906,0.01358234,0.99095094,0.98556507,0.00025000
971,0.00936801,0.01430047,0.99063206,0.98477626,0.00025000
972,0.00930373,0.01391754,0.99069625,0.98519731,0.00025000
973,0.00914975,0.01377928,0.99085027,0.98532909,0.00025000
974,0.00900999,0.01374583,0.99098998,0.98537511,0.00025000
975,0.00875353,0.01314588,0.99124646,0.98602033,0.00025000
976,0.00835500,0.01314818,0.99164504,0.98602742,0.00025000
977,0.00908695,0.01366780,0.99091303,0.98549104,0.00025000
978,0.00849576,0.01313939,0.99150425,0.98602414,0.00025000
979,0.00843453,0.01327308,0.99156547,0.98587507,0.00025000
980,0.00924321,0.01381683,0.99075675,0.98529929,0.00025000
981,0.00850419,0.01312694,0.99149579,0.98603332,0.00025000
982,0.00825138,0.01280616,0.99174863,0.98638201,0.00025000
983,0.00884050,0.01383840,0.99115950,0.98528230,0.00025000
984,0.01014450,0.01475471,0.98985553,0.98431879,0.00025000
985,0.00806619,0.01298929,0.99193382,0.98617661,0.00025000
986,0.00896003,0.01379878,0.99103999,0.98532993,0.00025000
987,0.00907200,0.01366528,0.99092793,0.98549664,0.00025000
988,0.00825749,0.01245420,0.99174249,0.98675418,0.00025000
989,0.00823908,0.01281641,0.99176091,0.98636973,0.00025000
990,0.00837971,0.01306672,0.99162030,0.98610204,0.00025000
991,0.00881076,0.01358885,0.99118924,0.98555374,0.00025000
992,0.00856104,0.01344688,0.99143893,0.98571992,0.00025000
993,0.00868755,0.01331689,0.99131244,0.98585784,0.00025000
994,0.00893108,0.01359665,0.99106890,0.98555148,0.00025000
995,0.00920365,0.01402554,0.99079633,0.98512006,0.00025000
996,0.00906874,0.01442081,0.99093127,0.98469150,0.00025000
997,0.00896960,0.01391504,0.99103045,0.98522156,0.00025000
998,0.00836744,0.01361197,0.99163252,0.98551506,0.00025000
999,0.00994724,0.01485187,0.99005276,0.98420161,0.00025000
1000,0.00857475,0.01342685,0.99142522,0.98572326,0.00025000
1001,0.00877610,0.01359345,0.99122393,0.98554236,0.00025000
1002,0.00874226,0.01336800,0.99125773,0.98576272,0.00025000
1003,0.00955833,0.01460970,0.99044168,0.98451018,0.00025000
1004,0.00936966,0.01410298,0.99063033,0.98504078,0.00025000
1005,0.00967661,0.01437940,0.99032342,0.98472309,0.00025000
1006,0.00896260,0.01377263,0.99103737,0.98533428,0.00025000
1007,0.00828945,0.01343305,0.99171054,0.98570538,0.00025000
1008,0.00931141,0.01425129,0.99068856,0.98484522,0.00025000
1009,0.00868944,0.01355658,0.99131048,0.98559278,0.00025000
1010,0.00868384,0.01362548,0.99131620,0.98551309,0.00025000
1011,0.00898127,0.01373304,0.99101871,0.98543638,0.00025000
1012,0.00936131,0.01435968,0.99063867,0.98472703,0.00025000
1013,0.00958784,0.01462827,0.99041218,0.98446369,0.00025000
1014,0.00984018,0.01524909,0.99015981,0.98379105,0.00025000
1015,0.00929378,0.01428566,0.99070621,0.98482233,0.00025000
1016,0.00811957,0.01316884,0.99188042,0.98598534,0.00025000
1017,0.00853398,0.01360690,0.99146605,0.98552907,0.00025000
1018,0.00839482,0.01319094,0.99160522,0.98597527,0.00025000
1019,0.00859646,0.01343835,0.99140352,0.98570818,0.00025000
1020,0.00903153,0.01407703,0.99096847,0.98503518,0.00025000
1021,0.00869849,0.01348476,0.99130154,0.98568994,0.00025000
1022,0.00865228,0.01301000,0.99134767,0.98615950,0.00025000
1023,0.01023672,0.01522273,0.98976332,0.98388475,0.00025000
1024,0.00826534,0.01299481,0.99173462,0.98619431,0.00025000
1025,0.00972085,0.01459011,0.99027920,0.98452497,0.00025000
1026,0.00827200,0.01318040,0.99172801,0.98598576,0.00025000
1027,0.00883745,0.01363146,0.99116254,0.98550302,0.00025000
1028,0.00886058,0.01331019,0.99113941,0.98583519,0.00025000
1029,0.00868770,0.01346294,0.99131227,0.98568606,0.00025000
1030,0.00891509,0.01402113,0.99108493,0.98510867,0.00025000
1031,0.00833508,0.01310551,0.99166495,0.98605710,0.00025000
1032,0.00806541,0.01283684,0.99193460,0.98636132,0.00025000
1033,0.00818400,0.01325972,0.99181598,0.98590815,0.00025000
1034,0.00947427,0.01447918,0.99052572,0.98459774,0.00025000
1035,0.00982539,0.01435863,0.99017459,0.98474741,0.00025000
1036,0.00922587,0.01419620,0.99077415,0.98490334,0.00025000
1037,0.00912205,0.01437252,0.99087793,0.98473227,0.00025000
1038,0.00930489,0.01421094,0.99069512,0.98487842,0.00025000
1039,0.00893161,0.01398757,0.99106836,0.98514295,0.00025000
1040,0.00848419,0.01366824,0.99151582,0.98545986,0.00025000
1041,0.00817370,0.01293870,0.99182630,0.98623264,0.00025000
1042,0.00952350,0.01436520,0.99047655,0.98475468,0.00025000
1043,0.00835998,0.01349998,0.99163997,0.98565710,0.00025000
1044,0.00891001,0.01364700,0.99109006,0.98548752,0.00025000
1045,0.00836997,0.01361851,0.99163008,0.98550326,0.00025000
1046,0.00942539,0.01412038,0.99057460,0.98500115,0.00025000
1047,0.00869594,0.01382689,0.99130404,0.98528630,0.00025000
1048,0.00822608,0.01266770,0.99177390,0.98651862,0.00025000
1049,0.00933733,0.01378391,0.99066269,0.98533756,0.00025000
1050,0.00905004,0.01386018,0.99094999,0.98527300,0.00025000
1051,0.00813207,0.01286964,0.99186796,0.98630106,0.00025000
1052,0.00926856,0.01422266,0.99073148,0.98488778,0.00025000
1053,0.00852072,0.01360317,0.99147928,0.98553663,0.00025000
1054,0.00934224,0.01410071,0.99065775,0.98502505,0.00025000
1055,0.00989106,0.01510194,0.99010897,0.98393261,0.00025000
1056,0.00904997,0.01415948,0.99095005,0.98493665,0.00025000
1057,0.00852541,0.01345435,0.99147463,0.98567551,0.00025000
1058,0.00859737,0.01340476,0.99140263,0.98574936,0.00025000
1059,0.00854350,0.01344597,0.99145651,0.98568863,0.00025000
1060,0.00837194,0.01335481,0.99162811,0.98580891,0.00025000
1061,0.00871792,0.01346323,0.99128211,0.98567545,0.00025000
1062,0.00887882,0.01352451,0.99112123,0.98563379,0.00025000
1063,0.00845670,0.01342311,0.99154329,0.98574817,0.00025000
1064,0.00867037,0.01331318,0.99132961,0.98584569,0.00025000
1065,0.00994254,0.01534031,0.99005747,0.98369914,0.00025000
1066,0.00885279,0.01383374,0.99114722,0.98528284,0.00025000
1067,0.00882926,0.01370139,0.99117076,0.98545992,0.00025000
1068,0.00874047,0.01373306,0.99125957,0.98541057,0.00025000
1069,0.00832374,0.01358507,0.99167627,0.98553175,0.00025000
1070,0.00857938,0.01389325,0.99142063,0.98520494,0.00025000
1071,0.00930525,0.01458093,0.99069476,0.98452240,0.00025000
1072,0.00821272,0.01275271,0.99178731,0.98643392,0.00025000
1073,0.00963075,0.01425217,0.99036926,0.98488015,0.00025000
1074,0.00873098,0.01314998,0.99126899,0.98603326,0.00025000
1075,0.00898173,0.01390724,0.99101830,0.98520505,0.00025000
1076,0.00841579,0.01334524,0.99158418,0.98580420,0.00025000
1077,0.00921793,0.01386675,0.99078202,0.98527247,0.00025000
1078,0.00834714,0.01364299,0.99165285,0.98547786,0.00025000
1079,0.00955369,0.01408196,0.99044633,0.98505855,0.00025000
1080,0.00870671,0.01352128,0.99129331,0.98562145,0.00025000
1081,0.01020789,0.01501449,0.98979211,0.98412955,0.00025000
1082,0.00883201,0.01360632,0.99116796,0.98552465,0.00025000
1083,0.00921971,0.01382229,0.99078023,0.98530471,0.00025000
1084,0.00910389,0.01422165,0.99089611,0.98486942,0.00025000
1085,0.00872896,0.01382803,0.99127102,0.98532557,0.00025000
1086,0.00836623,0.01288524,0.99163377,0.98630559,0.00025000
1087,0.00841456,0.01337219,0.99158543,0.98577315,0.00025000
1088,0.00849926,0.01320405,0.99150074,0.98597080,0.00025000
1089,0.01028742,0.01477394,0.98971260,0.98430699,0.00025000
1090,0.00925745,0.01412384,0.99074250,0.98496532,0.00025000
1091,0.00927735,0.01379504,0.99072266,0.98534340,0.00025000
1092,0.00868659,0.01352782,0.99131346,0.98562133,0.00025000
1093,0.00956635,0.01432360,0.99043363,0.98480594,0.00025000
1094,0.00800076,0.01329176,0.99199927,0.98585111,0.00025000
1095,0.00918506,0.01399316,0.99081492,0.98516250,0.00025000
1096,0.00965143,0.01425661,0.99034858,0.98483384,0.00025000
1097,0.00880528,0.01389190,0.99119473,0.98526371,0.00025000
1098,0.00867856,0.01342461,0.99132144,0.98571271,0.00025000
1099,0.00880133,0.01376227,0.99119866,0.98538965,0.00025000
1100,0.00873928,0.01343935,0.99126071,0.98573017,0.00025000
1101,0.00920363,0.01382345,0.99079633,0.98531145,0.00025000
1102,0.00932602,0.01443213,0.99067396,0.98464423,0.00025000
1103,0.01021372,0.01479742,0.98978627,0.98434126,0.00025000
1104,0.00952148,0.01418246,0.99047852,0.98492628,0.00025000
1105,0.00881536,0.01343669,0.99118471,0.98569703,0.00025000
1106,0.00915265,0.01442948,0.99084735,0.98467153,0.00025000
1107,0.00847349,0.01318049,0.99152654,0.98599637,0.00025000
1108,0.00918710,0.01389364,0.99081290,0.98521984,0.00025000
1109,0.00902815,0.01350439,0.99097186,0.98566455,0.00025000
1110,0.00882402,0.01350866,0.99117601,0.98567110,0.00025000
1111,0.01088222,0.01551946,0.98911774,0.98356062,0.00025000
1112,0.00912370,0.01349587,0.99087632,0.98563468,0.00025000
1113,0.00876090,0.01345538,0.99123907,0.98569906,0.00025000
1114,0.00845431,0.01281751,0.99154568,0.98636329,0.00025000
1115,0.00868168,0.01345654,0.99131835,0.98568201,0.00025000
1116,0.00819990,0.01280057,0.99180013,0.98639244,0.00025000
1117,0.00874694,0.01315411,0.99125302,0.98600143,0.00025000
1118,0.00882584,0.01362312,0.99117416,0.98550010,0.00025000
1119,0.00925586,0.01392962,0.99074411,0.98519731,0.00025000
1120,0.00868422,0.01329211,0.99131584,0.98589724,0.00025000
1121,0.00910525,0.01382709,0.99089473,0.98530734,0.00025000
1122,0.00846977,0.01327712,0.99153018,0.98586428,0.00025000
1123,0.00882088,0.01367230,0.99117911,0.98545837,0.00025000
1124,0.00930757,0.01381635,0.99069244,0.98531729,0.00025000
1125,0.00952518,0.01454962,0.99047482,0.98452902,0.00025000
1126,0.00955500,0.01413687,0.99044502,0.98495048,0.00025000
1127,0.00921307,0.01353484,0.99078691,0.98562020,0.00025000
1128,0.00877188,0.01368469,0.99122810,0.98544550,0.00025000
1129,0.00841317,0.01300452,0.99158686,0.98618007,0.00025000
1130,0.00949214,0.01402684,0.99050790,0.98514760,0.00025000
1131,0.01007455,0.01500087,0.98992544,0.98405647,0.00025000
1132,0.00882545,0.01335216,0.99117458,0.98581183,0.00025000
1133,0.00824692,0.01335765,0.99175304,0.98578292,0.00025000
1134,0.00815463,0.01284466,0.99184537,0.98633462,0.00025000
1135,0.00897191,0.01325768,0.99102807,0.98592234,0.00025000
1136,0.00868096,0.01317588,0.99131906,0.98600036,0.00025000
1137,0.00902097,0.01394215,0.99097908,0.98516691,0.00025000
1138,0.00931402,0.01412719,0.99068594,0.98498458,0.00025000
1139,0.00952112,0.01395761,0.99047887,0.98519027,0.00025000
1140,0.00950275,0.01442110,0.99049723,0.98467278,0.00025000
1141,0.00941407,0.01420215,0.99058592,0.98494506,0.00025000
1142,0.00830705,0.01278834,0.99169290,0.98639131,0.00025000
1143,0.00914077,0.01407987,0.99085921,0.98502934,0.00025000
1144,0.00842818,0.01293048,0.99157184,0.98624098,0.00025000
1145,0.00941422,0.01382416,0.99058580,0.98531771,0.00025000
1146,0.00946090,0.01413197,0.99053913,0.98499584,0.00025000
1147,0.00863490,0.01369453,0.99136508,0.98542511,0.00025000
1148,0.00941452,0.01472528,0.99058551,0.98431706,0.00025000
1149,0.00882289,0.01416724,0.99117708,0.98496652,0.00025000
1150,0.00913590,0.01400278,0.99086416,0.98511398,0.00025000
1151,0.00877375,0.01351884,0.99122632,0.98562121,0.00025000
1152,0.00932982,0.01381397,0.99067014,0.98530614,0.00025000
1153,0.00884556,0.01413426,0.99115437,0.98495251,0.00025000
1154,0.00831316,0.01305339,0.99168682,0.98612475,0.00025000
1155,0.01056322,0.01572327,0.98943675,0.98333174,0.00025000
1156,0.00859791,0.01355810,0.99140203,0.98557043,0.00025000
1157,0.00949156,0.01448669,0.99050844,0.98458833,0.00025000
1158,0.00831255,0.01358656,0.99168748,0.98553205,0.00025000
1159,0.00891084,0.01382018,0.99108917,0.98528039,0.00025000
1160,0.00870780,0.01392253,0.99129224,0.98519677,0.00025000
1161,0.00892076,0.01352920,0.99107927,0.98561203,0.00025000
1162,0.00912954,0.01415569,0.99087048,0.98496783,0.00025000
1163,0.00859448,0.01369639,0.99140549,0.98547745,0.00025000
1164,0.00847130,0.01287953,0.99152869,0.98630035,0.00025000
1165,0.00873083,0.01353357,0.99126917,0.98561287,0.00025000
1166,0.00901733,0.01389944,0.99098265,0.98521805,0.00025000
1167,0.00820419,0.01289928,0.99179578,0.98629981,0.00025000
1168,0.00827520,0.01312607,0.99172479,0.98602110,0.00025000
1169,0.00829176,0.01287056,0.99170828,0.98632324,0.00025000
1170,0.00830151,0.01352130,0.99169844,0.98560447,0.00025000
1171,0.00774783,0.01301425,0.99225217,0.98615527,0.00025000
1172,0.00841654,0.01385847,0.99158347,0.98523819,0.00025000
1173,0.00877088,0.01412723,0.99122912,0.98497152,0.00025000
1174,0.00884529,0.01357839,0.99115467,0.98554337,0.00025000
1175,0.00879279,0.01363838,0.99120724,0.98547840,0.00025000
1176,0.00973981,0.01509334,0.99026018,0.98398781,0.00025000
1177,0.00916591,0.01420517,0.99083406,0.98489922,0.00025000
1178,0.01013224,0.01532567,0.98986769,0.98374712,0.00025000
1179,0.00891591,0.01391351,0.99108404,0.98521888,0.00025000
1180,0.00881793,0.01367207,0.99118209,0.98544490,0.00025000
1181,0.00870918,0.01325023,0.99129081,0.98590916,0.00025000
1182,0.00934995,0.01455968,0.99065006,0.98448461,0.00025000
1183,0.00851626,0.01363146,0.99148369,0.98550040,0.00025000
1184,0.00964346,0.01484897,0.99035656,0.98423702,0.00025000
1185,0.00921794,0.01408006,0.99078202,0.98504400,0.00025000
1186,0.00818582,0.01331838,0.99181426,0.98582983,0.00025000
1187,0.00870219,0.01385682,0.99129784,0.98525393,0.00025000
1188,0.00869680,0.01336901,0.99130315,0.98577291,0.00025000
1189,0.00853883,0.01345274,0.99146116,0.98569369,0.00025000
1190,0.00777832,0.01299132,0.99222171,0.98619270,0.00012500
1191,0.00755454,0.01278531,0.99244541,0.98640519,0.00012500
1192,0.00749962,0.01275651,0.99250036,0.98642176,0.00012500
1193,0.00757497,0.01282678,0.99242496,0.98635334,0.00012500
1194,0.00742275,0.01234988,0.99257725,0.98684287,0.00012500
1195,0.00740257,0.01268491,0.99259746,0.98648787,0.00012500
1196,0.00765139,0.01290385,0.99234855,0.98626709,0.00012500
1197,0.00748099,0.01292444,0.99251902,0.98624265,0.00012500
1198,0.00799685,0.01323391,0.99200314,0.98591113,0.00012500
1199,0.00725431,0.01260425,0.99274570,0.98658150,0.00012500
1200,0.00786378,0.01296714,0.99213624,0.98620433,0.00012500
1201,0.00765344,0.01298429,0.99234653,0.98618132,0.00012500
1202,0.00802110,0.01347767,0.99197888,0.98567688,0.00012500
1203,0.00746008,0.01293306,0.99253988,0.98622692,0.00012500
1204,0.00831904,0.01391548,0.99168098,0.98520625,0.00012500
1205,0.00776379,0.01325169,0.99223620,0.98590451,0.00012500
1206,0.00785219,0.01322040,0.99214780,0.98593700,0.00012500
1207,0.00763571,0.01293967,0.99236429,0.98624206,0.00012500
1208,0.00793481,0.01349982,0.99206519,0.98564255,0.00012500
1209,0.00782334,0.01308883,0.99217671,0.98609209,0.00012500
1210,0.00754258,0.01303615,0.99245739,0.98612058,0.00012500
1211,0.00760242,0.01288148,0.99239755,0.98629546,0.00012500
1212,0.00823195,0.01342631,0.99176800,0.98573995,0.00012500
1213,0.00735517,0.01284452,0.99264485,0.98633456,0.00012500
1214,0.00744915,0.01303335,0.99255085,0.98613489,0.00012500
1215,0.00805212,0.01306826,0.99194789,0.98610157,0.00012500
1216,0.00757711,0.01290928,0.99242288,0.98625588,0.00012500
1217,0.00720909,0.01274103,0.99279094,0.98643202,0.00012500
1218,0.00756983,0.01270796,0.99243021,0.98647183,0.00012500
1219,0.00745701,0.01255003,0.99254298,0.98663604,0.00012500
1220,0.00816579,0.01354151,0.99183422,0.98560154,0.00012500
1221,0.00805733,0.01344323,0.99194264,0.98568273,0.00012500
1222,0.00764453,0.01300227,0.99235547,0.98615927,0.00012500
1223,0.00791386,0.01302581,0.99208611,0.98616266,0.00012500
1224,0.00772327,0.01284534,0.99227679,0.98633522,0.00012500
1225,0.00840033,0.01388152,0.99159968,0.98528469,0.00012500
1226,0.00858721,0.01386788,0.99141276,0.98524904,0.00012500
1227,0.00747388,0.01284659,0.99252617,0.98632735,0.00012500
1228,0.00798478,0.01289189,0.99201524,0.98630333,0.00012500
1229,0.00749919,0.01251685,0.99250078,0.98667699,0.00012500
1230,0.00853454,0.01410311,0.99146545,0.98499680,0.00012500
1231,0.00821305,0.01357521,0.99178696,0.98557746,0.00012500
1232,0.00729129,0.01276178,0.99270868,0.98641592,0.00012500
1233,0.00810229,0.01361302,0.99189770,0.98552030,0.00012500
1234,0.00749901,0.01292918,0.99250096,0.98623621,0.00012500
1235,0.00776136,0.01273087,0.99223864,0.98646909,0.00012500
1236,0.00792660,0.01349493,0.99207342,0.98565471,0.00012500
1237,0.00804488,0.01328128,0.99195510,0.98589396,0.00012500
1238,0.00792760,0.01300957,0.99207240,0.98615789,0.00012500
1239,0.00740352,0.01290259,0.99259651,0.98625994,0.00012500
1240,0.00806021,0.01344471,0.99193978,0.98569846,0.00012500
1241,0.00755510,0.01256710,0.99244493,0.98663664,0.00012500
1242,0.00782422,0.01323401,0.99217582,0.98594248,0.00012500
1243,0.00888729,0.01404968,0.99111271,0.98507816,0.00012500
1244,0.00751142,0.01275509,0.99248856,0.98642600,0.00012500
1245,0.00780927,0.01310380,0.99219072,0.98605680,0.00012500
1246,0.00899531,0.01439858,0.99100471,0.98473305,0.00012500
1247,0.00770803,0.01265839,0.99229199,0.98652774,0.00012500
1248,0.00767933,0.01335645,0.99232066,0.98578769,0.00012500
1249,0.00738625,0.01254302,0.99261379,0.98665643,0.00012500
1250,0.00742493,0.01268093,0.99257505,0.98650455,0.00012500
1251,0.00740276,0.01262920,0.99259722,0.98656893,0.00012500
1252,0.00778459,0.01313435,0.99221539,0.98603833,0.00012500
1253,0.00784913,0.01299001,0.99215090,0.98618042,0.00012500
1254,0.00810422,0.01344386,0.99189579,0.98570484,0.00012500
1255,0.00802478,0.01363232,0.99197519,0.98548156,0.00012500
1256,0.00741442,0.01279527,0.99258554,0.98638177,0.00012500
1257,0.00837188,0.01362704,0.99162817,0.98551846,0.00012500
1258,0.00764506,0.01277347,0.99235499,0.98642749,0.00012500
1259,0.00785861,0.01298621,0.99214143,0.98618519,0.00012500
1260,0.00769586,0.01300677,0.99230415,0.98615706,0.00012500
1261,0.00790119,0.01328275,0.99209881,0.98587453,0.00012500
1262,0.00744127,0.01274860,0.99255872,0.98642629,0.00012500
1263,0.00771449,0.01288307,0.99228555,0.98631489,0.00012500
1264,0.00746357,0.01279296,0.99253643,0.98639053,0.00012500
1265,0.00746294,0.01263078,0.99253702,0.98657024,0.00012500
1266,0.00763976,0.01299872,0.99236023,0.98615897,0.00012500
1267,0.00786029,0.01349988,0.99213970,0.98563635,0.00012500
1268,0.00824584,0.01349433,0.99175417,0.98564243,0.00012500
1269,0.00747398,0.01285115,0.99252599,0.98631746,0.00012500
1270,0.00762634,0.01284009,0.99237365,0.98632652,0.00012500
1271,0.00778419,0.01323719,0.99221581,0.98592502,0.00012500
1272,0.00776307,0.01255229,0.99223691,0.98665559,0.00012500
1273,0.00799745,0.01322577,0.99200255,0.98596358,0.00012500
1274,0.00832217,0.01384558,0.99167782,0.98526293,0.00012500
1275,0.00753956,0.01305542,0.99246043,0.98611760,0.00012500
1276,0.00744917,0.01298447,0.99255085,0.98616695,0.00012500
1277,0.00815061,0.01361839,0.99184942,0.98553455,0.00012500
1278,0.00775892,0.01330220,0.99224108,0.98583436,0.00012500
1279,0.00768357,0.01305008,0.99231642,0.98612058,0.00012500
1280,0.00854741,0.01374357,0.99145257,0.98539847,0.00012500
1281,0.00737150,0.01278535,0.99262846,0.98640180,0.00012500
1282,0.00775579,0.01293382,0.99224424,0.98624188,0.00012500
1283,0.00757137,0.01284107,0.99242866,0.98632669,0.00012500
1284,0.00768228,0.01330012,0.99231768,0.98584235,0.00012500
1285,0.00754274,0.01290604,0.99245727,0.98626119,0.00012500
1286,0.00775480,0.01333778,0.99224520,0.98581737,0.00012500
1287,0.00739143,0.01294065,0.99260855,0.98623240,0.00012500
1288,0.00767563,0.01298493,0.99232441,0.98618370,0.00012500
1289,0.00814250,0.01337626,0.99185753,0.98582006,0.00012500
1290,0.00722236,0.01251874,0.99277765,0.98667753,0.00012500
1291,0.00744337,0.01295150,0.99255663,0.98621267,0.00012500
1292,0.00827252,0.01365980,0.99172747,0.98545682,0.00012500
1293,0.00818848,0.01354272,0.99181151,0.98562098,0.00012500
1294,0.00872661,0.01408608,0.99127340,0.98507941,0.00012500
1295,0.00783793,0.01326594,0.99216205,0.98590988,0.00012500
1296,0.00778217,0.01350099,0.99221784,0.98564881,0.00012500
1297,0.00768108,0.01287211,0.99231893,0.98630035,0.00012500
1298,0.00785983,0.01340526,0.99214017,0.98572433,0.00012500
1299,0.00785338,0.01327385,0.99214661,0.98586917,0.00012500
1300,0.00740717,0.01304897,0.99259281,0.98610586,0.00012500
1301,0.01012507,0.01590848,0.98987490,0.98319513,0.00012500
1302,0.00773579,0.01305374,0.99226421,0.98612821,0.00012500
1303,0.00823729,0.01340906,0.99176270,0.98575497,0.00012500
1304,0.00805053,0.01332674,0.99194944,0.98581815,0.00012500
1305,0.00793322,0.01323063,0.99206686,0.98592788,0.00012500
1306,0.00762142,0.01271187,0.99237859,0.98646033,0.00012500
1307,0.00750320,0.01277225,0.99249679,0.98640835,0.00012500
1308,0.00750486,0.01279133,0.99249518,0.98637474,0.00012500
1309,0.00887285,0.01407340,0.99112719,0.98503602,0.00012500
1310,0.00754402,0.01260340,0.99245596,0.98660731,0.00012500
1311,0.00735221,0.01293663,0.99264777,0.98622310,0.00012500
1312,0.00784186,0.01318046,0.99215811,0.98598361,0.00012500
1313,0.00803987,0.01327744,0.99196011,0.98588049,0.00012500
1314,0.00729276,0.01283596,0.99270719,0.98632967,0.00012500
1315,0.00772093,0.01298159,0.99227911,0.98618746,0.00012500
1316,0.00932969,0.01449252,0.99067032,0.98465931,0.00012500
1317,0.00730731,0.01271811,0.99269271,0.98645967,0.00012500
1318,0.00727076,0.01287972,0.99272931,0.98628235,0.00012500
1319,0.00760582,0.01276327,0.99239421,0.98642671,0.00012500
1320,0.00840403,0.01367623,0.99159598,0.98546690,0.00012500
1321,0.00846193,0.01376756,0.99153805,0.98538387,0.00012500
1322,0.00782446,0.01284294,0.99217552,0.98633200,0.00012500
1323,0.00735103,0.01274362,0.99264902,0.98644435,0.00012500
1324,0.00819889,0.01392675,0.99180114,0.98521513,0.00012500
1325,0.00820310,0.01410149,0.99179685,0.98500633,0.00012500
1326,0.00742364,0.01286261,0.99257636,0.98631400,0.00012500
1327,0.00766095,0.01318961,0.99233907,0.98595846,0.00012500
1328,0.00863047,0.01386674,0.99136955,0.98525548,0.00012500
1329,0.00718776,0.01262300,0.99281222,0.98656523,0.00012500
1330,0.00787136,0.01360665,0.99212861,0.98550552,0.00012500
1331,0.00780968,0.01346210,0.99219030,0.98568267,0.00012500
1332,0.00746750,0.01309561,0.99253249,0.98606640,0.00012500
1333,0.00774212,0.01306985,0.99225789,0.98608917,0.00012500
1334,0.00786274,0.01319305,0.99213725,0.98596513,0.00012500
1335,0.00811330,0.01337640,0.99188673,0.98575920,0.00012500
1336,0.00829365,0.01362352,0.99170631,0.98550171,0.00012500
1337,0.00783488,0.01359134,0.99216515,0.98553842,0.00012500
1338,0.00740795,0.01302921,0.99259210,0.98612243,0.00012500
1339,0.00728391,0.01246848,0.99271613,0.98672330,0.00012500
1340,0.00748483,0.01334972,0.99251515,0.98578966,0.00012500
1341,0.00784380,0.01341144,0.99215615,0.98574519,0.00012500
1342,0.00894729,0.01383757,0.99105275,0.98531425,0.00012500
1343,0.00790929,0.01386003,0.99209070,0.98523319,0.00012500
1344,0.00817722,0.01368621,0.99182284,0.98544711,0.00012500
1345,0.00876073,0.01412393,0.99123931,0.98498023,0.00012500
1346,0.00757980,0.01292052,0.99242020,0.98624772,0.00012500
1347,0.00751959,0.01276231,0.99248046,0.98643613,0.00012500
1348,0.00706637,0.01257169,0.99293369,0.98660845,0.00012500
1349,0.00795394,0.01286992,0.99204606,0.98630726,0.00012500
1350,0.00725354,0.01244815,0.99274647,0.98674643,0.00012500
1351,0.00751679,0.01287511,0.99248326,0.98629200,0.00012500
1352,0.00748558,0.01305694,0.99251449,0.98612183,0.00012500
1353,0.00832215,0.01395232,0.99167782,0.98513132,0.00012500
1354,0.00840351,0.01358953,0.99159646,0.98555917,0.00012500
1355,0.00761541,0.01311408,0.99238455,0.98605430,0.00012500
1356,0.00771527,0.01332683,0.99228477,0.98583299,0.00012500
1357,0.00716823,0.01259515,0.99283183,0.98658967,0.00012500
1358,0.00775418,0.01294067,0.99224579,0.98622298,0.00012500
1359,0.00802624,0.01334323,0.99197376,0.98579264,0.00012500
1360,0.00732616,0.01275841,0.99267387,0.98642623,0.00012500
1361,0.00806170,0.01349044,0.99193829,0.98564935,0.00012500
1362,0.00796908,0.01342904,0.99203092,0.98571581,0.00012500
1363,0.00723966,0.01282697,0.99276036,0.98635173,0.00012500
1364,0.00786893,0.01327338,0.99213105,0.98589063,0.00012500
1365,0.00740567,0.01284017,0.99259436,0.98633134,0.00012500
1366,0.00838536,0.01373217,0.99161464,0.98539960,0.00012500
1367,0.00745455,0.01284329,0.99254549,0.98632258,0.00012500
1368,0.00749002,0.01291698,0.99251002,0.98624349,0.00012500
1369,0.00788620,0.01347309,0.99211383,0.98568976,0.00012500
1370,0.00735714,0.01284204,0.99264288,0.98632687,0.00012500
1371,0.00795407,0.01331489,0.99204594,0.98583066,0.00012500
1372,0.00840240,0.01389904,0.99159753,0.98520392,0.00012500
1373,0.00740092,0.01277751,0.99259901,0.98639405,0.00012500
1374,0.00784735,0.01330811,0.99215263,0.98586023,0.00012500
1375,0.00766326,0.01309380,0.99233675,0.98607343,0.00012500
1376,0.00752675,0.01320578,0.99247324,0.98595214,0.00012500
1377,0.00742352,0.01258782,0.99257648,0.98660648,0.00012500
1378,0.00756695,0.01282390,0.99243301,0.98636216,0.00012500
1379,0.00750607,0.01279218,0.99249393,0.98637253,0.00012500
1380,0.00746616,0.01273432,0.99253386,0.98644525,0.00012500
1381,0.00724155,0.01242709,0.99275845,0.98677593,0.00012500
1382,0.00761651,0.01312263,0.99238342,0.98605627,0.00012500
1383,0.00759886,0.01285930,0.99240112,0.98631966,0.00012500
1384,0.00726559,0.01261894,0.99273437,0.98655939,0.00012500
1385,0.00777671,0.01310233,0.99222326,0.98604792,0.00012500
1386,0.00757573,0.01286568,0.99242425,0.98630190,0.00012500
1387,0.00788129,0.01320348,0.99211872,0.98596811,0.00012500
1388,0.00887070,0.01429130,0.99112928,0.98487800,0.00012500
1389,0.00741940,0.01266369,0.99258059,0.98652804,0.00012500
1390,0.00775966,0.01294680,0.99224031,0.98625040,0.00012500
1391,0.00754483,0.01261132,0.99245518,0.98658723,0.00012500
1392,0.00782314,0.01285595,0.99217689,0.98635083,0.00012500
1393,0.00781100,0.01321510,0.99218899,0.98595572,0.00012500
1394,0.00839472,0.01354149,0.99160528,0.98561162,0.00012500
1395,0.00799275,0.01347363,0.99200720,0.98564959,0.00012500
1396,0.00694713,0.01259994,0.99305284,0.98658073,0.00006250
1397,0.00780869,0.01294312,0.99219126,0.98626560,0.00006250
1398,0.00721489,0.01245876,0.99278510,0.98676187,0.00006250
1399,0.00724138,0.01249376,0.99275863,0.98670721,0.00006250
1400,0.00728207,0.01274121,0.99271798,0.98643947,0.00006250
1401,0.00734044,0.01254432,0.99265957,0.98666543,0.00006250
1402,0.00767688,0.01319410,0.99232310,0.98595715,0.00006250
1403,0.00787231,0.01298714,0.99212772,0.98621219,0.00006250
1404,0.00770272,0.01292060,0.99229729,0.98628026,0.00006250
1405,0.00704646,0.01239176,0.99295354,0.98680836,0.00006250
1406,0.00682048,0.01238297,0.99317950,0.98681378,0.00006250
1407,0.00695991,0.01255195,0.99304008,0.98663402,0.00006250
1408,0.00677815,0.01240115,0.99322182,0.98679233,0.00006250
1409,0.00756622,0.01316876,0.99243379,0.98600519,0.00006250
1410,0.00696251,0.01250866,0.99303746,0.98667157,0.00006250
1411,0.00712810,0.01273760,0.99287194,0.98643970,0.00006250
1412,0.00704482,0.01245568,0.99295521,0.98674017,0.00006250
1413,0.00749503,0.01281646,0.99250501,0.98637426,0.00006250
1414,0.00689537,0.01247119,0.99310464,0.98671114,0.00006250
1415,0.00710752,0.01282318,0.99289244,0.98635548,0.00006250
1416,0.00699157,0.01265108,0.99300843,0.98653793,0.00006250
1417,0.00764411,0.01303222,0.99235588,0.98616838,0.00006250
1418,0.00719876,0.01279715,0.99280125,0.98638135,0.00006250
1419,0.00789252,0.01313782,0.99210751,0.98605734,0.00006250
1420,0.00711307,0.01272729,0.99288690,0.98644316,0.00006250
1421,0.00684567,0.01245860,0.99315435,0.98672444,0.00006250
1422,0.00683497,0.01245059,0.99316502,0.98674905,0.00006250
1423,0.00728205,0.01287186,0.99271792,0.98630917,0.00006250
1424,0.00712840,0.01267093,0.99287158,0.98650658,0.00006250
1425,0.00693530,0.01237468,0.99306470,0.98681891,0.00006250
1426,0.00716464,0.01278671,0.99283534,0.98638654,0.00006250
1427,0.00716109,0.01271920,0.99283898,0.98646766,0.00006250
1428,0.00688328,0.01228645,0.99311674,0.98691756,0.00006250
1429,0.00705287,0.01284824,0.99294710,0.98633403,0.00006250
1430,0.00688616,0.01274419,0.99311382,0.98641998,0.00006250
1431,0.00675799,0.01235559,0.99324197,0.98683709,0.00006250
1432,0.00749008,0.01307818,0.99250996,0.98607159,0.00006250
1433,0.00727662,0.01275168,0.99272341,0.98643196,0.00006250
1434,0.00698407,0.01265140,0.99301589,0.98652202,0.00006250
1435,0.00715510,0.01290571,0.99284488,0.98625684,0.00006250
1436,0.00717031,0.01284099,0.99282968,0.98631424,0.00006250
1437,0.00741114,0.01288613,0.99258888,0.98629642,0.00006250
1438,0.00733006,0.01303336,0.99266994,0.98614705,0.00006250
1439,0.00708917,0.01246725,0.99291086,0.98672748,0.00006250
1440,0.00680375,0.01234611,0.99319625,0.98685223,0.00006250
1441,0.00719420,0.01281916,0.99280578,0.98634797,0.00006250
1442,0.00726662,0.01293757,0.99273336,0.98623621,0.00006250
1443,0.00703388,0.01235269,0.99296612,0.98685646,0.00006250
1444,0.00696480,0.01288009,0.99303520,0.98627806,0.00006250
1445,0.00709138,0.01254363,0.99290860,0.98664814,0.00006250
1446,0.00732649,0.01299414,0.99267352,0.98618728,0.00006250
1447,0.00709376,0.01269198,0.99290621,0.98648542,0.00006250
1448,0.00724473,0.01303194,0.99275529,0.98612392,0.00006250
1449,0.00724721,0.01300257,0.99275279,0.98615372,0.00006250
1450,0.00693495,0.01252496,0.99306506,0.98666799,0.00006250
1451,0.00720699,0.01314474,0.99279302,0.98600519,0.00006250
1452,0.00689788,0.01255683,0.99310219,0.98661971,0.00006250
1453,0.00763966,0.01322022,0.99236035,0.98595971,0.00006250
1454,0.00700420,0.01274312,0.99299580,0.98642862,0.00006250
1455,0.00693261,0.01254833,0.99306738,0.98664647,0.00006250
1456,0.00788705,0.01348752,0.99211299,0.98568052,0.00006250
1457,0.00697680,0.01282010,0.99302316,0.98636508,0.00006250
1458,0.00750240,0.01321872,0.99249756,0.98592699,0.00006250
1459,0.00729328,0.01265788,0.99270672,0.98652178,0.00006250
1460,0.00718020,0.01287955,0.99281985,0.98629320,0.00006250
1461,0.00724225,0.01293717,0.99275768,0.98623592,0.00006250
1462,0.00718513,0.01271254,0.99281490,0.98647451,0.00006250
1463,0.00711431,0.01256208,0.99288565,0.98664087,0.00006250
1464,0.00698012,0.01276442,0.99301988,0.98641288,0.00006250
1465,0.00695782,0.01261286,0.99304217,0.98657930,0.00006250
1466,0.00879862,0.01463836,0.99120140,0.98449576,0.00006250
1467,0.00705730,0.01298397,0.99294269,0.98618621,0.00006250
1468,0.00731650,0.01268095,0.99268347,0.98651350,0.00006250
1469,0.00683674,0.01255884,0.99316323,0.98663354,0.00006250
1470,0.00731994,0.01298248,0.99268007,0.98619658,0.00006250
1471,0.00816732,0.01378895,0.99183267,0.98537642,0.00006250
1472,0.00748255,0.01306762,0.99251747,0.98610193,0.00006250
1473,0.00711311,0.01264919,0.99288690,0.98653960,0.00006250
1474,0.00789817,0.01349121,0.99210179,0.98565054,0.00006250
1475,0.00738085,0.01301084,0.99261916,0.98617387,0.00006250
1476,0.00677112,0.01264529,0.99322891,0.98652619,0.00006250
1477,0.00669464,0.01231959,0.99330533,0.98688447,0.00006250
1478,0.00725286,0.01274270,0.99274713,0.98645175,0.00006250
1479,0.00704924,0.01270742,0.99295080,0.98647219,0.00006250
1480,0.00728557,0.01277167,0.99271446,0.98642349,0.00006250
1481,0.00703388,0.01268852,0.99296612,0.98649180,0.00006250
1482,0.00707602,0.01296297,0.99292397,0.98620480,0.00006250
1483,0.00720047,0.01302404,0.99279952,0.98614144,0.00006250
1484,0.00700481,0.01272797,0.99299520,0.98643762,0.00006250
1485,0.00725898,0.01271129,0.99274099,0.98648471,0.00006250
1486,0.00768151,0.01338111,0.99231845,0.98577428,0.00006250
1487,0.00740380,0.01305224,0.99259621,0.98610944,0.00006250
1488,0.00736054,0.01293586,0.99263948,0.98624766,0.00006250
1489,0.00724322,0.01291541,0.99275672,0.98624909,0.00006250
1490,0.00742976,0.01308524,0.99257028,0.98607862,0.00006250
1491,0.00727780,0.01268553,0.99272221,0.98651820,0.00006250
1492,0.00789634,0.01340148,0.99210370,0.98578298,0.00006250
1493,0.00720670,0.01263297,0.99279332,0.98655754,0.00006250
1494,0.00729518,0.01297702,0.99270481,0.98620486,0.00006250
1495,0.00695115,0.01239589,0.99304885,0.98680598,0.00006250
1496,0.00724640,0.01267951,0.99275362,0.98650247,0.00006250
1497,0.00719124,0.01272811,0.99280876,0.98646063,0.00006250
1498,0.00744665,0.01292429,0.99255335,0.98625624,0.00006250
1499,0.00741367,0.01292781,0.99258631,0.98625571,0.00006250
1500,0.00739009,0.01281353,0.99260992,0.98636818,0.00006250
1501,0.00686769,0.01231540,0.99313229,0.98688406,0.00006250
1502,0.00724786,0.01283685,0.99275219,0.98635113,0.00006250
1503,0.00715240,0.01268301,0.99284756,0.98651004,0.00006250
1504,0.00733464,0.01285594,0.99266535,0.98633593,0.00006250
1505,0.00674916,0.01246854,0.99325085,0.98672163,0.00006250
1506,0.00690690,0.01254902,0.99309301,0.98663265,0.00006250
1507,0.00798030,0.01345912,0.99201971,0.98573112,0.00006250
1508,0.00748993,0.01279404,0.99251008,0.98639202,0.00006250
1509,0.00691633,0.01263024,0.99308366,0.98655301,0.00006250
1510,0.00718055,0.01264134,0.99281943,0.98653555,0.00006250
1511,0.00717080,0.01266519,0.99282920,0.98651773,0.00006250
1512,0.00719541,0.01301887,0.99280459,0.98614794,0.00006250
1513,0.00691336,0.01266458,0.99308664,0.98651564,0.00006250
1514,0.00728844,0.01303423,0.99271154,0.98613405,0.00006250
1515,0.00718518,0.01276432,0.99281490,0.98641992,0.00006250
1516,0.00733994,0.01298630,0.99266005,0.98617303,0.00006250
1517,0.00684119,0.01236978,0.99315882,0.98683500,0.00006250
1518,0.00686100,0.01231135,0.99313897,0.98689222,0.00006250
1519,0.00726149,0.01265432,0.99273849,0.98652440,0.00006250
1520,0.00727604,0.01283410,0.99272394,0.98635846,0.00006250
1521,0.00690382,0.01280100,0.99309623,0.98635483,0.00006250
1522,0.00795247,0.01354553,0.99204755,0.98563635,0.00006250
1523,0.00733028,0.01307249,0.99266970,0.98608363,0.00006250
1524,0.00678301,0.01241268,0.99321699,0.98678082,0.00006250
1525,0.00663174,0.01237192,0.99336833,0.98682290,0.00006250
1526,0.00692820,0.01242158,0.99307179,0.98677385,0.00006250
1527,0.00713977,0.01284294,0.99286026,0.98632598,0.00006250
1528,0.00695703,0.01268282,0.99304301,0.98649812,0.00006250
1529,0.00674426,0.01229545,0.99325579,0.98691034,0.00006250
1530,0.00683902,0.01246591,0.99316096,0.98671716,0.00006250
1531,0.00716107,0.01252325,0.99283892,0.98668242,0.00006250
1532,0.00710491,0.01285706,0.99289507,0.98631865,0.00006250
1533,0.00718460,0.01284223,0.99281538,0.98634100,0.00006250
1534,0.00668051,0.01244189,0.99331951,0.98674530,0.00006250
1535,0.00735530,0.01314373,0.99264473,0.98602104,0.00006250
1536,0.00737456,0.01310671,0.99262542,0.98606420,0.00006250
1537,0.00731128,0.01273072,0.99268872,0.98644316,0.00006250
1538,0.00809361,0.01389374,0.99190640,0.98525989,0.00006250
1539,0.00694601,0.01285767,0.99305403,0.98630220,0.00006250
1540,0.00674805,0.01261816,0.99325192,0.98656130,0.00006250
1541,0.00676555,0.01250368,0.99323440,0.98668653,0.00006250
1542,0.00704768,0.01257017,0.99295235,0.98662770,0.00006250
1543,0.00732194,0.01295112,0.99267805,0.98622811,0.00006250
1544,0.00673403,0.01227725,0.99326599,0.98692119,0.00006250
1545,0.00695003,0.01270269,0.99304998,0.98647499,0.00006250
1546,0.00704326,0.01261478,0.99295676,0.98657596,0.00006250
1547,0.00746619,0.01342436,0.99253380,0.98572588,0.00006250
1548,0.00713563,0.01299311,0.99286437,0.98616529,0.00006250
1549,0.00764742,0.01316016,0.99235260,0.98601681,0.00006250
1550,0.00700047,0.01272832,0.99299955,0.98643953,0.00006250
1551,0.00719101,0.01311358,0.99280900,0.98603940,0.00006250
1552,0.00708237,0.01251972,0.99291766,0.98668480,0.00006250
1553,0.00673841,0.01230050,0.99326164,0.98690057,0.00006250
1554,0.00705014,0.01271539,0.99294984,0.98646593,0.00006250
1555,0.00678154,0.01257470,0.99321848,0.98660916,0.00006250
1556,0.00670906,0.01234534,0.99329090,0.98685169,0.00006250
1557,0.00747020,0.01296954,0.99252987,0.98622131,0.00006250
1558,0.00723339,0.01277610,0.99276662,0.98640442,0.00006250
1559,0.00672375,0.01240088,0.99327624,0.98679680,0.00006250
1560,0.00719456,0.01281854,0.99280548,0.98636949,0.00006250
1561,0.00706040,0.01256959,0.99293959,0.98664021,0.00006250
1562,0.00747117,0.01355269,0.99252880,0.98556656,0.00006250
1563,0.00720296,0.01302200,0.99279702,0.98614293,0.00006250
1564,0.00692267,0.01272323,0.99307734,0.98645067,0.00006250
1565,0.00680606,0.01277649,0.99319386,0.98640311,0.00006250
1566,0.00688294,0.01245958,0.99311709,0.98673487,0.00006250
1567,0.00669391,0.01241598,0.99330604,0.98677689,0.00006250
1568,0.00720939,0.01269445,0.99279064,0.98649544,0.00006250
1569,0.00693458,0.01289114,0.99306548,0.98626029,0.00006250
1570,0.00714850,0.01274543,0.99285150,0.98644310,0.00006250
1571,0.00709082,0.01296128,0.99290919,0.98621446,0.00006250
1572,0.00734660,0.01261980,0.99265337,0.98658031,0.00006250
1573,0.00739066,0.01300771,0.99260932,0.98616844,0.00006250
1574,0.00785618,0.01372190,0.99214381,0.98541141,0.00006250
1575,0.00698637,0.01252802,0.99301368,0.98666263,0.00006250
1576,0.00738834,0.01293473,0.99261165,0.98624372,0.00006250
1577,0.00692526,0.01251188,0.99307477,0.98667544,0.00006250
1578,0.00688615,0.01249905,0.99311388,0.98670298,0.00006250
1579,0.00752709,0.01310345,0.99247289,0.98608595,0.00006250
1580,0.00672351,0.01228946,0.99327642,0.98691642,0.00006250
1581,0.00698419,0.01275016,0.99301583,0.98643076,0.00006250
1582,0.00687194,0.01251872,0.99312806,0.98667145,0.00006250
1583,0.00744313,0.01314424,0.99255681,0.98601466,0.00006250
1584,0.00706837,0.01262566,0.99293160,0.98655438,0.00006250
1585,0.00704554,0.01257914,0.99295449,0.98661965,0.00006250
1586,0.00679322,0.01231701,0.99320680,0.98688930,0.00006250
1587,0.00714951,0.01267742,0.99285048,0.98651379,0.00006250
1588,0.00723017,0.01301084,0.99276984,0.98615044,0.00006250
1589,0.00730833,0.01324666,0.99269170,0.98589140,0.00006250
1590,0.00705347,0.01278054,0.99294657,0.98638803,0.00006250
1591,0.00715200,0.01285893,0.99284798,0.98630452,0.00006250
1592,0.00683850,0.01272517,0.99316150,0.98644584,0.00006250
1593,0.00693928,0.01264489,0.99306071,0.98653817,0.00006250
1594,0.00719220,0.01284205,0.99280775,0.98634422,0.00006250
1595,0.00664490,0.01221388,0.99335510,0.98698747,0.00006250
1596,0.00721118,0.01286008,0.99278879,0.98631537,0.00006250
1597,0.00706104,0.01259777,0.99293894,0.98660481,0.00006250
1598,0.00767335,0.01330822,0.99232662,0.98586202,0.00006250
1599,0.00771782,0.01345946,0.99228221,0.98571175,0.00006250
1600,0.00724521,0.01298044,0.99275482,0.98618394,0.00006250
1601,0.00685914,0.01272109,0.99314088,0.98646098,0.00006250
1602,0.00722922,0.01303398,0.99277079,0.98612636,0.00006250
1603,0.00814569,0.01346497,0.99185437,0.98568493,0.00006250
1604,0.00748396,0.01347648,0.99251604,0.98564184,0.00006250
1605,0.00745571,0.01337550,0.99254429,0.98578417,0.00006250
1606,0.00720008,0.01271989,0.99279994,0.98647362,0.00006250
1607,0.00730315,0.01290499,0.99269688,0.98627532,0.00006250
1608,0.00720265,0.01308095,0.99279732,0.98609161,0.00006250
1609,0.00727561,0.01291617,0.99272436,0.98625088,0.00006250
1610,0.00707489,0.01279960,0.99292511,0.98637688,0.00006250
1611,0.00768237,0.01325052,0.99231762,0.98592055,0.00006250
1612,0.00693069,0.01252877,0.99306929,0.98666751,0.00006250
1613,0.00715624,0.01278623,0.99284375,0.98639381,0.00006250
1614,0.00709399,0.01275244,0.99290597,0.98642308,0.00006250
1615,0.00710141,0.01277833,0.99289858,0.98639953,0.00006250
1616,0.00708820,0.01285666,0.99291182,0.98631179,0.00006250
1617,0.00716704,0.01275999,0.99283296,0.98642361,0.00006250
1618,0.00735708,0.01284107,0.99264288,0.98634458,0.00006250
1619,0.00721768,0.01272535,0.99278235,0.98646891,0.00006250
1620,0.00698343,0.01257141,0.99301654,0.98661709,0.00006250
1621,0.00727620,0.01302161,0.99272382,0.98615658,0.00006250
1622,0.00682345,0.01267424,0.99317652,0.98649365,0.00006250
1623,0.00719444,0.01284433,0.99280560,0.98634964,0.00006250
1624,0.00695656,0.01251485,0.99304348,0.98667943,0.00006250
1625,0.00679521,0.01218521,0.99320477,0.98703712,0.00006250
1626,0.00706479,0.01262960,0.99293518,0.98656654,0.00006250
1627,0.00713573,0.01268114,0.99286425,0.98651296,0.00006250
1628,0.00716531,0.01273145,0.99283469,0.98647076,0.00006250
1629,0.00734488,0.01303769,0.99265516,0.98614407,0.00006250
1630,0.00750858,0.01317402,0.99249136,0.98600632,0.00006250
1631,0.00698641,0.01272062,0.99301362,0.98644954,0.00006250
1632,0.00712830,0.01281479,0.99287176,0.98636007,0.00006250
1633,0.00688609,0.01238384,0.99311388,0.98682451,0.00006250
1634,0.00706129,0.01273980,0.99293870,0.98645496,0.00006250
1635,0.00691456,0.01258934,0.99308544,0.98659527,0.00006250
1636,0.00645714,0.01223170,0.99354285,0.98696280,0.00006250
1637,0.00714212,0.01285038,0.99285787,0.98634320,0.00006250
1638,0.00702031,0.01282754,0.99297965,0.98635173,0.00006250
1639,0.00721793,0.01324728,0.99278206,0.98590767,0.00006250
1640,0.00703552,0.01268150,0.99296445,0.98652208,0.00006250
1641,0.00723495,0.01284980,0.99276507,0.98632991,0.00006250
1642,0.00683197,0.01274418,0.99316800,0.98642355,0.00006250
1643,0.00748634,0.01315455,0.99251366,0.98601443,0.00006250
1644,0.00772716,0.01312884,0.99227285,0.98607057,0.00006250
1645,0.00664952,0.01221099,0.99335051,0.98700058,0.00006250
1646,0.00714629,0.01291090,0.99285376,0.98625845,0.00006250
1647,0.00721823,0.01273704,0.99278176,0.98646396,0.00006250
1648,0.00709690,0.01284266,0.99290311,0.98632336,0.00006250
1649,0.00720336,0.01286016,0.99279660,0.98632646,0.00006250
1650,0.00716796,0.01261303,0.99283201,0.98658878,0.00006250
1651,0.00752998,0.01314806,0.99247003,0.98600090,0.00006250
1652,0.00723702,0.01308357,0.99276292,0.98607981,0.00006250
1653,0.00694508,0.01253462,0.99305493,0.98666596,0.00006250
1654,0.00767290,0.01343336,0.99232715,0.98571277,0.00006250
1655,0.00670306,0.01238938,0.99329692,0.98681045,0.00006250
1656,0.00700097,0.01292097,0.99299902,0.98623586,0.00006250
1657,0.00662312,0.01218783,0.99337685,0.98702157,0.00006250
1658,0.00716114,0.01307092,0.99283886,0.98610532,0.00006250
1659,0.00710214,0.01274588,0.99289787,0.98643887,0.00006250
1660,0.00718827,0.01304338,0.99281174,0.98610795,0.00006250
1661,0.00683194,0.01264719,0.99316806,0.98652321,0.00006250
1662,0.00725896,0.01289617,0.99274099,0.98629588,0.00006250
1663,0.00736761,0.01337485,0.99263239,0.98577583,0.00006250
1664,0.00716699,0.01290206,0.99283296,0.98626363,0.00006250
1665,0.00722910,0.01295283,0.99277091,0.98622096,0.00006250
1666,0.00695884,0.01266539,0.99304116,0.98650908,0.00006250
1667,0.00726146,0.01308248,0.99273854,0.98608261,0.00006250
1668,0.00707739,0.01295313,0.99292266,0.98622668,0.00006250
1669,0.00728780,0.01289634,0.99271220,0.98629099,0.00006250
1670,0.00687515,0.01248915,0.99312484,0.98670155,0.00006250
1671,0.00701425,0.01275550,0.99298579,0.98642498,0.00006250
1672,0.00717303,0.01325693,0.99282694,0.98590702,0.00006250
1673,0.00735853,0.01312177,0.99264145,0.98604840,0.00006250
1674,0.00740035,0.01316533,0.99259967,0.98600608,0.00006250
1675,0.00721167,0.01291504,0.99278831,0.98627037,0.00006250
1676,0.00706685,0.01275205,0.99293315,0.98643839,0.00006250
1677,0.00787877,0.01340891,0.99212122,0.98574430,0.00006250
1678,0.00737200,0.01304870,0.99262798,0.98612028,0.00006250
1679,0.00692848,0.01246712,0.99307150,0.98673666,0.00006250
1680,0.00678024,0.01231495,0.99321979,0.98689091,0.00006250
1681,0.00710098,0.01293515,0.99289906,0.98623526,0.00006250
1682,0.00766985,0.01344117,0.99233013,0.98572654,0.00006250
1683,0.00719646,0.01264847,0.99280357,0.98654389,0.00006250
1684,0.00698971,0.01249627,0.99301028,0.98670006,0.00006250
1685,0.00703172,0.01279840,0.99296826,0.98638630,0.00006250
1686,0.00699759,0.01281307,0.99300241,0.98635507,0.00006250
1687,0.00718424,0.01298537,0.99281579,0.98617208,0.00006250
1688,0.00655289,0.01217210,0.99344707,0.98702943,0.00006250
1689,0.00783887,0.01371655,0.99216115,0.98544908,0.00006250
1690,0.00724106,0.01299996,0.99275893,0.98616719,0.00006250
1691,0.00704025,0.01268901,0.99295974,0.98649496,0.00006250
1692,0.00781236,0.01355877,0.99218762,0.98560846,0.00006250
1693,0.00691222,0.01272828,0.99308777,0.98645431,0.00006250
1694,0.00712945,0.01287299,0.99287057,0.98629898,0.00006250
1695,0.00786605,0.01384983,0.99213398,0.98526478,0.00006250
1696,0.00733654,0.01314196,0.99266350,0.98601615,0.00006250
1697,0.00683009,0.01266361,0.99316990,0.98651570,0.00006250
1698,0.00793276,0.01377086,0.99206722,0.98537594,0.00006250
1699,0.00732286,0.01307266,0.99267715,0.98609173,0.00006250
1700,0.00703789,0.01270202,0.99296218,0.98648918,0.00006250
1701,0.00684286,0.01275078,0.99315715,0.98641539,0.00006250
1702,0.00703146,0.01254272,0.99296856,0.98666489,0.00006250
1703,0.00745580,0.01343312,0.99254417,0.98569536,0.00006250
1704,0.00772287,0.01314414,0.99227715,0.98601562,0.00006250
1705,0.00681578,0.01260615,0.99318421,0.98658335,0.00006250
1706,0.00748974,0.01330374,0.99251026,0.98584056,0.00006250
1707,0.00725229,0.01285878,0.99274766,0.98632514,0.00006250
1708,0.00670310,0.01246544,0.99329692,0.98672068,0.00006250
1709,0.00712061,0.01275879,0.99287939,0.98644680,0.00006250
1710,0.00716889,0.01274425,0.99283111,0.98644948,0.00006250
1711,0.00742580,0.01286155,0.99257421,0.98632300,0.00006250
1712,0.00761450,0.01324954,0.99238551,0.98590016,0.00006250
1713,0.00721357,0.01296908,0.99278641,0.98621237,0.00006250
1714,0.00673690,0.01246548,0.99326313,0.98672187,0.00006250
1715,0.00792224,0.01349662,0.99207777,0.98567522,0.00006250
1716,0.00711327,0.01299023,0.99288678,0.98618037,0.00006250
1717,0.00699780,0.01300244,0.99300218,0.98617607,0.00006250
1718,0.00712185,0.01313448,0.99287814,0.98600423,0.00006250
1719,0.00670733,0.01213496,0.99329269,0.98708427,0.00006250
1720,0.00682472,0.01240824,0.99317527,0.98679155,0.00006250
1721,0.00737287,0.01307237,0.99262708,0.98609918,0.00006250
1722,0.00779770,0.01362313,0.99220228,0.98552662,0.00006250
1723,0.00741275,0.01272138,0.99258721,0.98646569,0.00006250
1724,0.00718680,0.01299515,0.99281317,0.98616618,0.00006250
1725,0.00737725,0.01297517,0.99262273,0.98620081,0.00006250
1726,0.00746286,0.01307375,0.99253714,0.98610318,0.00006250
1727,0.00755389,0.01298162,0.99244612,0.98620015,0.00006250
1728,0.00679334,0.01255159,0.99320668,0.98664278,0.00006250
1729,0.00742453,0.01309140,0.99257547,0.98606396,0.00006250
1730,0.00660627,0.01275690,0.99339366,0.98640561,0.00006250
1731,0.00688026,0.01287512,0.99311978,0.98630369,0.00006250
1732,0.00727972,0.01318119,0.99272031,0.98598462,0.00006250
1733,0.00782297,0.01390742,0.99217701,0.98521101,0.00006250
1734,0.00700689,0.01279080,0.99299312,0.98637772,0.00006250
1735,0.00774039,0.01344842,0.99225962,0.98570275,0.00006250
1736,0.00660444,0.01247063,0.99339557,0.98670822,0.00006250
1737,0.00709608,0.01302528,0.99290389,0.98613983,0.00006250
1738,0.00725021,0.01289192,0.99274975,0.98629463,0.00006250
1739,0.00705674,0.01280923,0.99294329,0.98636097,0.00006250
1740,0.00703079,0.01285591,0.99296921,0.98630029,0.00006250
1741,0.00712864,0.01244421,0.99287140,0.98675919,0.00006250
1742,0.00707608,0.01289042,0.99292392,0.98628330,0.00006250
1743,0.00822741,0.01397268,0.99177265,0.98514551,0.00006250
1744,0.00700284,0.01289833,0.99299717,0.98627949,0.00006250
1745,0.00731707,0.01316372,0.99268287,0.98601305,0.00006250
1746,0.00738108,0.01330191,0.99261892,0.98584574,0.00006250
1747,0.00740103,0.01316246,0.99259895,0.98602360,0.00006250
1748,0.00713896,0.01281776,0.99286103,0.98636389,0.00006250
1749,0.00661193,0.01257861,0.99338806,0.98659247,0.00006250
1750,0.00744121,0.01298622,0.99255878,0.98618197,0.00006250
1751,0.00715037,0.01308478,0.99284959,0.98606396,0.00006250
1752,0.00734032,0.01305710,0.99265969,0.98613197,0.00006250
1753,0.00688932,0.01272406,0.99311072,0.98646480,0.00006250
1754,0.00718535,0.01290040,0.99281466,0.98627824,0.00006250
1755,0.00687256,0.01260164,0.99312747,0.98659396,0.00006250
1756,0.00684527,0.01244414,0.99315470,0.98675311,0.00006250
1757,0.00771264,0.01342762,0.99228740,0.98572546,0.00006250
1758,0.00739666,0.01288209,0.99260336,0.98630321,0.00006250
1759,0.00712479,0.01275021,0.99287522,0.98642725,0.00006250
1760,0.00667283,0.01239296,0.99332720,0.98679507,0.00006250
1761,0.00679626,0.01254401,0.99320376,0.98664504,0.00006250
1762,0.00688280,0.01290774,0.99311721,0.98625958,0.00006250
1763,0.00712297,0.01315352,0.99287707,0.98599660,0.00006250
1764,0.00722195,0.01265743,0.99277806,0.98653638,0.00006250
1765,0.00694947,0.01286504,0.99305058,0.98629427,0.00006250
1766,0.00819169,0.01394752,0.99180830,0.98521018,0.00006250
1767,0.00692810,0.01248368,0.99307191,0.98671633,0.00006250
1768,0.00732094,0.01328751,0.99267906,0.98585784,0.00006250
1769,0.00705517,0.01278918,0.99294478,0.98638034,0.00006250
1770,0.00694227,0.01294141,0.99305773,0.98622251,0.00006250
1771,0.00782998,0.01388330,0.99216998,0.98523200,0.00006250
1772,0.00700889,0.01291418,0.99299109,0.98626429,0.00006250
1773,0.00689830,0.01275733,0.99310172,0.98640907,0.00006250
1774,0.00688849,0.01284189,0.99311149,0.98632085,0.00006250
1775,0.00664524,0.01242035,0.99335468,0.98676938,0.00006250
1776,0.00679772,0.01230975,0.99320227,0.98688710,0.00006250
1777,0.00721904,0.01286391,0.99278098,0.98631847,0.00006250
1778,0.00750421,0.01342617,0.99249578,0.98572558,0.00006250
1779,0.00671500,0.01245909,0.99328500,0.98673081,0.00006250
1780,0.00707591,0.01262381,0.99292409,0.98655671,0.00006250
1781,0.00722332,0.01305477,0.99277669,0.98609310,0.00006250
1782,0.00711633,0.01293305,0.99288362,0.98623443,0.00006250
1783,0.00789300,0.01354454,0.99210697,0.98559749,0.00006250
1784,0.00724729,0.01291059,0.99275267,0.98628396,0.00006250
1785,0.00701882,0.01277097,0.99298120,0.98639745,0.00006250
1786,0.00668566,0.01247195,0.99331433,0.98670703,0.00006250
1787,0.00696117,0.01214546,0.99303883,0.98707116,0.00006250
1788,0.00776875,0.01334208,0.99223125,0.98583490,0.00006250
1789,0.00821292,0.01378534,0.99178708,0.98540878,0.00006250
1790,0.00693925,0.01276772,0.99306077,0.98640609,0.00006250
1791,0.00700453,0.01289857,0.99299550,0.98626661,0.00006250
1792,0.00707413,0.01275396,0.99292588,0.98643792,0.00006250
1793,0.00705986,0.01322500,0.99294019,0.98591268,0.00006250
1794,0.00682412,0.01244665,0.99317592,0.98674756,0.00006250
1795,0.00736579,0.01298804,0.99263424,0.98619878,0.00006250
1796,0.00684832,0.01278016,0.99315166,0.98639137,0.00006250
1797,0.00842258,0.01437755,0.99157739,0.98475778,0.00006250
1798,0.00666304,0.01232241,0.99333698,0.98688120,0.00006250
1799,0.00684796,0.01271488,0.99315202,0.98646152,0.00006250
1800,0.00724135,0.01306066,0.99275863,0.98609501,0.00006250
1801,0.00714635,0.01257328,0.99285364,0.98661751,0.00006250
1802,0.00685617,0.01263846,0.99314380,0.98655152,0.00006250
1803,0.00755256,0.01311531,0.99244744,0.98605216,0.00006250
1804,0.00685271,0.01271999,0.99314731,0.98645616,0.00006250
1805,0.00737843,0.01328251,0.99262154,0.98586500,0.00006250
1806,0.00699295,0.01261197,0.99300706,0.98656827,0.00006250
1807,0.00704835,0.01243063,0.99295163,0.98676711,0.00006250
1808,0.00754999,0.01330903,0.99245000,0.98585159,0.00006250
1809,0.00764320,0.01335180,0.99235684,0.98578680,0.00006250
1810,0.00749663,0.01314600,0.99250335,0.98604518,0.00006250
1811,0.00767298,0.01306139,0.99232697,0.98610508,0.00006250
1812,0.00753890,0.01313805,0.99246109,0.98603982,0.00006250
1813,0.00687110,0.01261718,0.99312890,0.98657590,0.00006250
1814,0.00665525,0.01232855,0.99334478,0.98687178,0.00006250
1815,0.00671207,0.01255641,0.99328792,0.98663414,0.00006250
1816,0.00701999,0.01304119,0.99298000,0.98610872,0.00006250
1817,0.00703825,0.01306998,0.99296176,0.98607999,0.00006250
1818,0.00708892,0.01325361,0.99291110,0.98589098,0.00006250
1819,0.00696337,0.01292055,0.99303663,0.98623931,0.00006250
1820,0.00792327,0.01334480,0.99207669,0.98579407,0.00006250
1821,0.00750720,0.01304355,0.99249279,0.98612076,0.00006250
1822,0.00694922,0.01253245,0.99305081,0.98665589,0.00006250
1823,0.00702975,0.01284057,0.99297029,0.98633265,0.00006250
1824,0.00713832,0.01309189,0.99286169,0.98606861,0.00006250
1825,0.00719250,0.01263913,0.99280751,0.98654616,0.00006250
1826,0.00698610,0.01292030,0.99301392,0.98623842,0.00006250
1827,0.00695808,0.01276205,0.99304187,0.98640752,0.00006250
1828,0.00675078,0.01260776,0.99324924,0.98656654,0.00006250
1829,0.00665118,0.01276103,0.99334884,0.98640645,0.00006250
1830,0.00725132,0.01280956,0.99274868,0.98636115,0.00006250
1831,0.00715134,0.01284468,0.99284863,0.98633677,0.00006250
1832,0.00687120,0.01243644,0.99312878,0.98676801,0.00006250
1833,0.00734629,0.01308451,0.99265373,0.98608410,0.00006250
1834,0.00714598,0.01298363,0.99285400,0.98617661,0.00006250
1835,0.00653175,0.01235239,0.99346823,0.98683995,0.00006250
1836,0.00740160,0.01299626,0.99259841,0.98618078,0.00006250
1837,0.00743810,0.01288669,0.99256194,0.98628545,0.00006250
1838,0.00692729,0.01251283,0.99307269,0.98667580,0.00006250
1839,0.00756765,0.01345748,0.99243236,0.98568475,0.00006250
1840,0.00731017,0.01308063,0.99268985,0.98609304,0.00006250
1841,0.00685102,0.01286223,0.99314898,0.98629785,0.00006250
1842,0.00688350,0.01236176,0.99311650,0.98684114,0.00006250
1843,0.00668540,0.01250533,0.99331462,0.98668724,0.00006250
1844,0.00729589,0.01314466,0.99270409,0.98598790,0.00006250
1845,0.00711901,0.01297889,0.99288100,0.98618156,0.00006250
1846,0.00692299,0.01300173,0.99307704,0.98614705,0.00006250
1847,0.00745248,0.01326119,0.99254751,0.98591989,0.00006250
1848,0.00703451,0.01312223,0.99296546,0.98603886,0.00006250
1849,0.00746706,0.01313187,0.99253291,0.98602825,0.00006250
1850,0.00675459,0.01285102,0.99324542,0.98631871,0.00006250
1851,0.00718590,0.01293696,0.99281406,0.98623300,0.00006250
1852,0.00693617,0.01265877,0.99306387,0.98651499,0.00006250
1853,0.00682307,0.01278501,0.99317694,0.98638356,0.00006250
1854,0.00712045,0.01293828,0.99287957,0.98623300,0.00006250
1855,0.00736494,0.01315377,0.99263501,0.98599833,0.00006250
1856,0.00789100,0.01408991,0.99210906,0.98500133,0.00006250
1857,0.00721613,0.01322467,0.99278384,0.98592591,0.00006250
1858,0.00740064,0.01340546,0.99259931,0.98574090,0.00006250
1859,0.00730804,0.01300830,0.99269199,0.98617375,0.00006250
1860,0.00730839,0.01312706,0.99269164,0.98605442,0.00006250
1861,0.00730365,0.01309084,0.99269640,0.98607415,0.00006250
1862,0.00679592,0.01253954,0.99320406,0.98665917,0.00006250
1863,0.00752642,0.01345870,0.99247360,0.98568958,0.00006250
1864,0.00653204,0.01229313,0.99346799,0.98689753,0.00006250
1865,0.00728214,0.01292520,0.99271786,0.98625809,0.00006250
1866,0.00766225,0.01339244,0.99233776,0.98576510,0.00006250
1867,0.00740426,0.01287770,0.99259573,0.98633015,0.00006250
1868,0.00683010,0.01261861,0.99316990,0.98657817,0.00006250
1869,0.00742060,0.01312887,0.99257940,0.98604429,0.00006250
1870,0.00739867,0.01315601,0.99260128,0.98602504,0.00006250
1871,0.00706879,0.01254605,0.99293125,0.98665893,0.00006250
1872,0.00699306,0.01285622,0.99300694,0.98630887,0.00006250
1873,0.00814280,0.01359252,0.99185717,0.98557478,0.00006250
1874,0.00714384,0.01299012,0.99285614,0.98617828,0.00006250
1875,0.00690621,0.01242327,0.99309379,0.98676503,0.00006250
1876,0.00688089,0.01295752,0.99311912,0.98620868,0.00006250
1877,0.00664992,0.01272488,0.99335003,0.98645282,0.00006250
1878,0.00696367,0.01264290,0.99303633,0.98653644,0.00006250
1879,0.00689216,0.01267825,0.99310780,0.98650944,0.00006250
1880,0.00714756,0.01274734,0.99285239,0.98645151,0.00006250
1881,0.00726162,0.01314716,0.99273837,0.98601156,0.00006250
1882,0.00688006,0.01276892,0.99311990,0.98639983,0.00006250
1883,0.00765167,0.01322582,0.99234831,0.98595083,0.00006250
1884,0.00703538,0.01314138,0.99296463,0.98601258,0.00006250
1885,0.00700939,0.01293559,0.99299061,0.98622358,0.00006250
1886,0.00688214,0.01251139,0.99311787,0.98668063,0.00006250
1887,0.00745049,0.01289059,0.99254948,0.98628044,0.00006250
1888,0.00702864,0.01284142,0.99297130,0.98632002,0.00006250
1889,0.00729541,0.01312765,0.99270457,0.98603922,0.00006250
1890,0.00745128,0.01346306,0.99254876,0.98568249,0.00006250
1891,0.00683162,0.01263544,0.99316841,0.98653787,0.00006250
1892,0.00717063,0.01312562,0.99282932,0.98603040,0.00006250
1893,0.00750619,0.01318245,0.99249381,0.98598224,0.00006250
1894,0.00696354,0.01270613,0.99303645,0.98647755,0.00006250
1895,0.00752006,0.01323506,0.99247992,0.98591393,0.00006250
1896,0.00687302,0.01270535,0.99312699,0.98648119,0.00006250
1897,0.00703219,0.01287105,0.99296784,0.98630357,0.00006250
1898,0.00755609,0.01309697,0.99244392,0.98610568,0.00006250
1899,0.00668495,0.01261619,0.99331504,0.98656046,0.00006250
1900,0.00677211,0.01259289,0.99322784,0.98659581,0.00006250
1901,0.00779622,0.01365585,0.99220383,0.98545021,0.00006250
1902,0.00714960,0.01270935,0.99285042,0.98648471,0.00006250
1903,0.00753546,0.01310012,0.99246454,0.98609269,0.00006250
1904,0.00706505,0.01275003,0.99293494,0.98642087,0.00006250
1905,0.00722542,0.01306459,0.99277455,0.98608750,0.00006250
1906,0.00685367,0.01276614,0.99314630,0.98640370,0.00006250
1907,0.00730036,0.01308891,0.99269962,0.98607016,0.00006250
1908,0.00722452,0.01287249,0.99277544,0.98630625,0.00006250
1909,0.00713821,0.01289927,0.99286181,0.98628318,0.00006250
1910,0.00660888,0.01244154,0.99339116,0.98675644,0.00006250
1911,0.00686965,0.01280452,0.99313033,0.98635805,0.00006250
1912,0.00675762,0.01274044,0.99324238,0.98642814,0.00006250
1913,0.00696360,0.01288550,0.99303639,0.98627102,0.00006250
1914,0.00694365,0.01262126,0.99305630,0.98656780,0.00006250
1915,0.00758475,0.01316864,0.99241519,0.98601723,0.00006250
1916,0.00727883,0.01298416,0.99272120,0.98618764,0.00006250
1917,0.00674778,0.01246904,0.99325228,0.98671567,0.00006250
1918,0.00724893,0.01297894,0.99275112,0.98618942,0.00006250
1919,0.00848409,0.01414538,0.99151587,0.98500228,0.00006250
1920,0.00710276,0.01275231,0.99289727,0.98642725,0.00006250
1921,0.00679320,0.01242488,0.99320680,0.98678374,0.00003125
1922,0.00684858,0.01264203,0.99315143,0.98654956,0.00003125
1923,0.00653206,0.01243592,0.99346793,0.98675966,0.00003125
1924,0.00703709,0.01293801,0.99296290,0.98623371,0.00003125
1925,0.00675575,0.01244542,0.99324429,0.98675740,0.00003125
1926,0.00678165,0.01241238,0.99321836,0.98679030,0.00003125
1927,0.00656998,0.01250414,0.99343002,0.98668867,0.00003125
1928,0.00690237,0.01273659,0.99309766,0.98645353,0.00003125
1929,0.00788480,0.01347897,0.99211520,0.98572218,0.00003125
1930,0.00712973,0.01291085,0.99287033,0.98626578,0.00003125
1931,0.00672825,0.01264342,0.99327177,0.98653936,0.00003125
1932,0.00690408,0.01278543,0.99309593,0.98640347,0.00003125
1933,0.00693358,0.01288698,0.99306643,0.98629105,0.00003125
1934,0.00658401,0.01254231,0.99341601,0.98663950,0.00003125
1935,0.00738236,0.01301625,0.99261761,0.98617524,0.00003125
1936,0.00652440,0.01215851,0.99347562,0.98705697,0.00003125
1937,0.00661943,0.01248029,0.99338055,0.98671436,0.00003125
1938,0.00651411,0.01247234,0.99348593,0.98671180,0.00003125
1939,0.00690260,0.01273034,0.99309742,0.98646635,0.00003125
1940,0.00677413,0.01272519,0.99322587,0.98646152,0.00003125
1941,0.00697192,0.01310934,0.99302810,0.98605812,0.00003125
1942,0.00683938,0.01262170,0.99316067,0.98656785,0.00003125
1943,0.00703034,0.01293276,0.99296963,0.98625159,0.00003125
1944,0.00710346,0.01309292,0.99289656,0.98607528,0.00003125
1945,0.00674377,0.01266746,0.99325621,0.98651069,0.00003125
1946,0.00663001,0.01241049,0.99337000,0.98678178,0.00003125
1947,0.00658573,0.01239385,0.99341428,0.98679936,0.00003125
1948,0.00747077,0.01342838,0.99252927,0.98572439,0.00003125
1949,0.00679715,0.01292214,0.99320281,0.98625231,0.00003125
1950,0.00663168,0.01263359,0.99336833,0.98654896,0.00003125
1951,0.00674851,0.01262100,0.99325144,0.98657328,0.00003125
1952,0.00684690,0.01284904,0.99315310,0.98632717,0.00003125
1953,0.00707351,0.01285061,0.99292648,0.98631060,0.00003125
1954,0.00743595,0.01313546,0.99256402,0.98602563,0.00003125
1955,0.00664760,0.01248285,0.99335241,0.98672146,0.00003125
1956,0.00754049,0.01333850,0.99245954,0.98583883,0.00003125
1957,0.00685453,0.01272380,0.99314547,0.98646796,0.00003125
1958,0.00648759,0.01240421,0.99351239,0.98679066,0.00003125
1959,0.00647134,0.01234164,0.99352866,0.98685795,0.00003125
1960,0.00673110,0.01279049,0.99326891,0.98638070,0.00003125
1961,0.00672702,0.01271079,0.99327296,0.98647225,0.00003125
1962,0.00641547,0.01237438,0.99358451,0.98682141,0.00003125
1963,0.00668539,0.01252708,0.99331462,0.98666620,0.00003125
1964,0.00699986,0.01287330,0.99300015,0.98630381,0.00003125
1965,0.00647951,0.01229422,0.99352050,0.98690301,0.00003125
1966,0.00645842,0.01217405,0.99354160,0.98702794,0.00003125
1967,0.00680932,0.01265318,0.99319071,0.98653054,0.00003125
1968,0.00681437,0.01273481,0.99318564,0.98645961,0.00003125
1969,0.00702134,0.01306508,0.99297863,0.98609793,0.00003125
1970,0.00676987,0.01271376,0.99323010,0.98645896,0.00003125
1971,0.00692957,0.01294544,0.99307042,0.98621792,0.00003125
1972,0.00685119,0.01273637,0.99314880,0.98646420,0.00003125
1973,0.00642566,0.01238042,0.99357432,0.98681492,0.00003125
1974,0.00660901,0.01262948,0.99339104,0.98656356,0.00003125
1975,0.00656882,0.01239382,0.99343115,0.98680472,0.00003125
1976,0.00655592,0.01245562,0.99344409,0.98674649,0.00003125
1977,0.00647865,0.01248620,0.99352133,0.98670185,0.00003125
1978,0.00660380,0.01269609,0.99339616,0.98648614,0.00003125
1979,0.00644274,0.01214854,0.99355727,0.98705900,0.00003125
1980,0.00657600,0.01269848,0.99342400,0.98648071,0.00003125
1981,0.00670155,0.01258603,0.99329841,0.98661470,0.00003125
1982,0.00668091,0.01261407,0.99331909,0.98658937,0.00003125
1983,0.00655676,0.01262122,0.99344319,0.98655701,0.00003125
1984,0.00696348,0.01284542,0.99303651,0.98634112,0.00003125
1985,0.00651759,0.01240003,0.99348241,0.98678869,0.00003125
1986,0.00689131,0.01295039,0.99310869,0.98621714,0.00003125
1987,0.00650159,0.01261531,0.99349844,0.98656720,0.00003125
1988,0.00728114,0.01329860,0.99271894,0.98584068,0.00003125
1989,0.00656278,0.01268825,0.99343723,0.98648882,0.00003125
1990,0.00637692,0.01249404,0.99362308,0.98668373,0.00003125
1991,0.00717732,0.01326614,0.99282271,0.98588657,0.00003125
1992,0.00638615,0.01264745,0.99361390,0.98652732,0.00003125
1993,0.00644368,0.01249461,0.99355632,0.98669332,0.00003125
1994,0.00700905,0.01299147,0.99299097,0.98617268,0.00003125
1995,0.00645995,0.01257340,0.99354005,0.98661512,0.00003125
1996,0.00631581,0.01231430,0.99368417,0.98688459,0.00003125
1997,0.00673321,0.01265773,0.99326676,0.98653245,0.00003125
1998,0.00699235,0.01308227,0.99300766,0.98608267,0.00003125
1999,0.00773286,0.01376087,0.99226713,0.98540795,0.00003125
2000,0.00685359,0.01291189,0.99314642,0.98626310,0.00003125
2001,0.00709235,0.01300532,0.99290764,0.98616195,0.00003125
2002,0.00642760,0.01228152,0.99357235,0.98692107,0.00003125
2003,0.00692030,0.01294274,0.99307972,0.98622918,0.00003125
2004,0.00673301,0.01291309,0.99326700,0.98626387,0.00003125
2005,0.00652469,0.01253563,0.99347532,0.98664016,0.00003125
2006,0.00709052,0.01306624,0.99290943,0.98610234,0.00003125
2007,0.00718518,0.01306863,0.99281484,0.98612380,0.00003125
2008,0.00687758,0.01283302,0.99312246,0.98634791,0.00003125
2009,0.00717138,0.01313528,0.99282861,0.98603529,0.00003125
2010,0.00657774,0.01247046,0.99342227,0.98672384,0.00003125
2011,0.00668253,0.01237175,0.99331754,0.98682773,0.00003125
2012,0.00707414,0.01281356,0.99292588,0.98636603,0.00003125
2013,0.00711529,0.01295757,0.99288470,0.98621845,0.00003125
2014,0.00666034,0.01265455,0.99333966,0.98652601,0.00003125
2015,0.00690334,0.01299145,0.99309671,0.98619151,0.00003125
2016,0.00662128,0.01266818,0.99337876,0.98651260,0.00003125
2017,0.00655834,0.01254442,0.99344164,0.98663574,0.00003125
2018,0.00683388,0.01283456,0.99316615,0.98634958,0.00003125
2019,0.00673661,0.01275873,0.99326342,0.98641968,0.00003125
2020,0.00696233,0.01293988,0.99303764,0.98621678,0.00003125
2021,0.00660356,0.01234622,0.99339640,0.98685312,0.00003125
2022,0.00679002,0.01269351,0.99320996,0.98649478,0.00003125
2023,0.00681095,0.01265199,0.99318910,0.98654979,0.00003125
2024,0.00672383,0.01266366,0.99327612,0.98651987,0.00003125
2025,0.00745460,0.01354497,0.99254543,0.98561382,0.00003125
2026,0.00711823,0.01308686,0.99288177,0.98608154,0.00003125
2027,0.00637764,0.01220281,0.99362236,0.98700154,0.00003125
2028,0.00646766,0.01245715,0.99353236,0.98673213,0.00003125
2029,0.00668297,0.01289713,0.99331701,0.98626924,0.00003125
2030,0.00700304,0.01294316,0.99299693,0.98623049,0.00003125
2031,0.00653422,0.01229071,0.99346578,0.98691481,0.00003125
2032,0.00729271,0.01329036,0.99270731,0.98588502,0.00003125
2033,0.00718882,0.01306602,0.99281114,0.98610437,0.00003125
2034,0.00696458,0.01284439,0.99303544,0.98632503,0.00003125
2035,0.00730341,0.01366705,0.99269664,0.98546678,0.00003125
2036,0.00692274,0.01289742,0.99307728,0.98627681,0.00003125
2037,0.00741822,0.01317166,0.99258173,0.98601246,0.00003125
2038,0.00690172,0.01288378,0.99309826,0.98629272,0.00003125
2039,0.00689552,0.01273827,0.99310446,0.98645544,0.00003125
2040,0.00652804,0.01253745,0.99347198,0.98664093,0.00003125
2041,0.00746535,0.01328676,0.99253464,0.98590988,0.00003125
2042,0.00696228,0.01284232,0.99303764,0.98634428,0.00003125
2043,0.00675174,0.01239583,0.99324828,0.98679394,0.00003125
2044,0.00740827,0.01319242,0.99259174,0.98598480,0.00003125
2045,0.00665746,0.01272848,0.99334258,0.98644972,0.00003125
2046,0.00657432,0.01273514,0.99342567,0.98643774,0.00003125
2047,0.00684192,0.01290257,0.99315810,0.98627520,0.00003125
2048,0.00678185,0.01275797,0.99321818,0.98642951,0.00003125
2049,0.00688705,0.01290683,0.99311298,0.98626930,0.00003125
2050,0.00646020,0.01271119,0.99353981,0.98646754,0.00003125
2051,0.00675224,0.01250960,0.99324775,0.98670101,0.00003125
2052,0.00670196,0.01299407,0.99329805,0.98617351,0.00003125
2053,0.00685533,0.01301358,0.99314469,0.98615187,0.00003125
2054,0.00700960,0.01293589,0.99299037,0.98625576,0.00003125
2055,0.00652187,0.01272297,0.99347812,0.98644882,0.00003125
2056,0.00692678,0.01299429,0.99307323,0.98616707,0.00003125
2057,0.00660854,0.01281605,0.99339145,0.98635924,0.00003125
2058,0.00663536,0.01252888,0.99336463,0.98665142,0.00003125
2059,0.00647813,0.01238958,0.99352181,0.98680186,0.00003125
2060,0.00660778,0.01282512,0.99339217,0.98634815,0.00003125
2061,0.00644702,0.01269395,0.99355298,0.98648745,0.00003125
2062,0.00661701,0.01259878,0.99338299,0.98657459,0.00003125
2063,0.00673700,0.01266348,0.99326301,0.98651791,0.00003125
2064,0.00661967,0.01236797,0.99338031,0.98684239,0.00003125
2065,0.00721592,0.01325340,0.99278408,0.98590589,0.00003125
2066,0.00640680,0.01238108,0.99359322,0.98681676,0.00003125
2067,0.00679338,0.01278647,0.99320656,0.98639911,0.00003125
2068,0.00642277,0.01224852,0.99357724,0.98695254,0.00003125
2069,0.00718664,0.01298648,0.99281335,0.98621351,0.00003125
2070,0.00647401,0.01240230,0.99352598,0.98679680,0.00003125
2071,0.00648164,0.01261447,0.99351835,0.98656785,0.00003125
2072,0.00635348,0.01261702,0.99364650,0.98655546,0.00003125
2073,0.00643375,0.01242013,0.99356627,0.98677236,0.00003125
2074,0.00670380,0.01257185,0.99329621,0.98661673,0.00003125
2075,0.00734853,0.01339518,0.99265146,0.98576629,0.00003125
2076,0.00669121,0.01271580,0.99330884,0.98646206,0.00003125
2077,0.00647507,0.01243328,0.99352497,0.98676032,0.00003125
2078,0.00705937,0.01298518,0.99294066,0.98618060,0.00003125
2079,0.00706082,0.01306231,0.99293917,0.98611122,0.00003125
2080,0.00667981,0.01255068,0.99332017,0.98664308,0.00003125
2081,0.00702054,0.01298221,0.99297953,0.98619103,0.00003125
2082,0.00734028,0.01297003,0.99265969,0.98622936,0.00003125
2083,0.00654545,0.01249587,0.99345452,0.98669881,0.00003125
2084,0.00672296,0.01276155,0.99327701,0.98643416,0.00003125
2085,0.00654666,0.01252022,0.99345332,0.98668194,0.00003125
2086,0.00684603,0.01292761,0.99315399,0.98626530,0.00003125
2087,0.00675111,0.01282231,0.99324882,0.98634154,0.00003125
2088,0.00674000,0.01281868,0.99326003,0.98635817,0.00003125
2089,0.00673926,0.01279597,0.99326068,0.98638600,0.00003125
2090,0.00665269,0.01247437,0.99334735,0.98672557,0.00003125
2091,0.00677220,0.01280040,0.99322778,0.98636931,0.00003125
2092,0.00701961,0.01286119,0.99298036,0.98631603,0.00003125
2093,0.00638331,0.01228132,0.99361670,0.98691583,0.00003125
2094,0.00719571,0.01323038,0.99280429,0.98593491,0.00003125
2095,0.00641216,0.01250301,0.99358785,0.98668104,0.00003125
2096,0.00673004,0.01288920,0.99326998,0.98628426,0.00003125
2097,0.00662888,0.01273335,0.99337113,0.98643959,0.00003125
2098,0.00679011,0.01292315,0.99320984,0.98624885,0.00003125
2099,0.00671103,0.01274573,0.99328893,0.98642820,0.00003125
2100,0.00635472,0.01230357,0.99364531,0.98688960,0.00003125
2101,0.00672538,0.01265312,0.99327463,0.98654073,0.00003125
2102,0.00635655,0.01251827,0.99364346,0.98666281,0.00003125
2103,0.00674658,0.01292048,0.99325347,0.98625374,0.00003125
2104,0.00689447,0.01289462,0.99310547,0.98629147,0.00003125
2105,0.00665554,0.01265321,0.99334443,0.98653620,0.00003125
2106,0.00641234,0.01222514,0.99358767,0.98698461,0.00003125
2107,0.00690071,0.01300825,0.99309927,0.98614728,0.00003125
2108,0.00659749,0.01251375,0.99340248,0.98668563,0.00003125
2109,0.00666499,0.01266205,0.99333507,0.98652589,0.00003125
2110,0.00642179,0.01242940,0.99357820,0.98676580,0.00003125
2111,0.00628857,0.01237041,0.99371147,0.98681796,0.00003125
2112,0.00660500,0.01268164,0.99339503,0.98650360,0.00003125
2113,0.00672607,0.01279432,0.99327391,0.98638111,0.00003125
2114,0.00701096,0.01312506,0.99298906,0.98602378,0.00003125
2115,0.00673444,0.01271429,0.99326551,0.98647946,0.00003125
2116,0.00797722,0.01380819,0.99202275,0.98535305,0.00003125
2117,0.00673195,0.01300621,0.99326801,0.98615694,0.00003125
2118,0.00697113,0.01308477,0.99302888,0.98607135,0.00003125
2119,0.00660404,0.01275750,0.99339598,0.98642254,0.00003125
2120,0.00679223,0.01257725,0.99320781,0.98661947,0.00003125
2121,0.00655239,0.01267852,0.99344760,0.98650193,0.00003125
2122,0.00638825,0.01241955,0.99361175,0.98677230,0.00001563
2123,0.00683712,0.01275208,0.99316287,0.98642653,0.00001563
2124,0.00669963,0.01263632,0.99330038,0.98655677,0.00001563
2125,0.00690702,0.01281599,0.99309295,0.98637718,0.00001563
2126,0.00653131,0.01250489,0.99346870,0.98668420,0.00001563
2127,0.00648942,0.01257195,0.99351060,0.98660892,0.00001563
2128,0.00630032,0.01233757,0.99369967,0.98685992,0.00001563
2129,0.00650371,0.01239656,0.99349630,0.98680311,0.00001563
2130,0.00619538,0.01223343,0.99380457,0.98697066,0.00001563
2131,0.00630647,0.01256754,0.99369353,0.98661667,0.00001563
2132,0.00631975,0.01244954,0.99368024,0.98674393,0.00001563
2133,0.00631716,0.01250675,0.99368286,0.98667222,0.00001563
2134,0.00634004,0.01232062,0.99365997,0.98687559,0.00001563
2135,0.00699616,0.01289278,0.99300385,0.98629737,0.00001563
2136,0.00640238,0.01242765,0.99359763,0.98676914,0.00001563
2137,0.00638196,0.01243750,0.99361801,0.98675752,0.00001563
2138,0.00719602,0.01298097,0.99280399,0.98619902,0.00001563
2139,0.00646267,0.01238896,0.99353731,0.98680377,0.00001563
2140,0.00631350,0.01251739,0.99368650,0.98666829,0.00001563
2141,0.00632140,0.01261169,0.99367857,0.98655987,0.00001563
2142,0.00645999,0.01245722,0.99353999,0.98674083,0.00001563
2143,0.00626655,0.01249074,0.99373347,0.98669100,0.00001563
2144,0.00642909,0.01247734,0.99357086,0.98671979,0.00001563
2145,0.00672036,0.01267188,0.99327964,0.98652631,0.00001563
2146,0.00625148,0.01215950,0.99374855,0.98704833,0.00001563
2147,0.00650651,0.01274835,0.99349350,0.98642778,0.00001563
2148,0.00662535,0.01271923,0.99337471,0.98646563,0.00001563
2149,0.00690655,0.01300093,0.99309349,0.98618001,0.00001563
2150,0.00685540,0.01282408,0.99314463,0.98635697,0.00001563
2151,0.00669238,0.01277186,0.99330765,0.98641247,0.00001563
2152,0.00701664,0.01327798,0.99298334,0.98588604,0.00001563
2153,0.00626166,0.01246427,0.99373829,0.98672378,0.00001563
2154,0.00675186,0.01271917,0.99324811,0.98645699,0.00001563
2155,0.00665545,0.01272207,0.99334455,0.98646832,0.00001563
2156,0.00656258,0.01283251,0.99343741,0.98633784,0.00001563
2157,0.00622541,0.01236004,0.99377459,0.98682857,0.00001563
2158,0.00653266,0.01267926,0.99346739,0.98649263,0.00001563
2159,0.00653464,0.01242138,0.99346536,0.98678625,0.00001563
2160,0.00688549,0.01277983,0.99311447,0.98640394,0.00001563
2161,0.00644006,0.01240317,0.99355996,0.98678839,0.00001563
2162,0.00619260,0.01230942,0.99380738,0.98688531,0.00001563
2163,0.00638728,0.01239230,0.99361271,0.98680949,0.00001563
2164,0.00680607,0.01268995,0.99319386,0.98649746,0.00001563
2165,0.00642702,0.01238894,0.99357295,0.98681056,0.00001563
2166,0.00644804,0.01252669,0.99355197,0.98666662,0.00001563
2167,0.00628475,0.01229010,0.99371529,0.98690307,0.00001563
2168,0.00675259,0.01296955,0.99324739,0.98618037,0.00001563
2169,0.00697625,0.01312567,0.99302375,0.98604691,0.00001563
2170,0.00631516,0.01234781,0.99368483,0.98685318,0.00001563
2171,0.00631655,0.01229701,0.99368346,0.98690391,0.00001563
2172,0.00661570,0.01240369,0.99338430,0.98680311,0.00001563
2173,0.00624795,0.01225703,0.99375200,0.98694587,0.00001563
2174,0.00678645,0.01291805,0.99321353,0.98626453,0.00001563
2175,0.00668306,0.01273062,0.99331695,0.98646045,0.00001563
2176,0.00696189,0.01329892,0.99303806,0.98583061,0.00001563
2177,0.00634408,0.01256790,0.99365592,0.98661900,0.00001563
2178,0.00652692,0.01296129,0.99347311,0.98619413,0.00001563
2179,0.00695677,0.01305397,0.99304318,0.98613715,0.00001563
2180,0.00622870,0.01231048,0.99377131,0.98688853,0.00001563
2181,0.00655441,0.01248082,0.99344563,0.98670673,0.00001563
2182,0.00688157,0.01288574,0.99311841,0.98629743,0.00001563
2183,0.00659621,0.01273007,0.99340379,0.98644841,0.00001563
2184,0.00649958,0.01240105,0.99350041,0.98679560,0.00001563
2185,0.00679240,0.01260627,0.99320757,0.98660016,0.00001563
2186,0.00633444,0.01234447,0.99366558,0.98685688,0.00001563
2187,0.00639944,0.01244618,0.99360061,0.98674911,0.00001563
2188,0.00650739,0.01290511,0.99349260,0.98624980,0.00001563
2189,0.00631943,0.01269925,0.99368060,0.98648107,0.00001563
2190,0.00658975,0.01268738,0.99341023,0.98651099,0.00001563
2191,0.00628719,0.01223720,0.99371284,0.98696971,0.00001563
2192,0.00741434,0.01329983,0.99258566,0.98586076,0.00001563
2193,0.00661643,0.01268050,0.99338359,0.98650503,0.00001563
2194,0.00641374,0.01277036,0.99358630,0.98640311,0.00001563
2195,0.00701026,0.01296075,0.99298972,0.98620933,0.00001563
2196,0.00629332,0.01231142,0.99370670,0.98688382,0.00001563
2197,0.00679024,0.01294664,0.99320972,0.98623985,0.00001563
2198,0.00663466,0.01253313,0.99336529,0.98666573,0.00001563
2199,0.00650280,0.01265438,0.99349725,0.98652899,0.00001563
2200,0.00605304,0.01216477,0.99394691,0.98703736,0.00001563
2201,0.00711884,0.01293181,0.99288112,0.98622119,0.00001563
2202,0.00644819,0.01236650,0.99355179,0.98683113,0.00001563
2203,0.00620407,0.01233089,0.99379593,0.98686713,0.00001563
2204,0.00689349,0.01285573,0.99310654,0.98632646,0.00001563
2205,0.00613181,0.01228627,0.99386823,0.98690826,0.00001563
2206,0.00637591,0.01261542,0.99362409,0.98657048,0.00001563
2207,0.00645613,0.01226985,0.99354386,0.98693812,0.00001563
2208,0.00620775,0.01226263,0.99379224,0.98693520,0.00001563
2209,0.00640214,0.01257527,0.99359787,0.98661590,0.00001563
2210,0.00711032,0.01318554,0.99288964,0.98600024,0.00001563
2211,0.00650475,0.01254883,0.99349529,0.98664749,0.00001563
2212,0.00670260,0.01286543,0.99329746,0.98631287,0.00001563
2213,0.00645029,0.01246928,0.99354970,0.98672795,0.00001563
2214,0.00691285,0.01290906,0.99308711,0.98627782,0.00001563
2215,0.00705778,0.01306217,0.99294221,0.98611450,0.00001563
2216,0.00622731,0.01230265,0.99377263,0.98689473,0.00001563
2217,0.00636059,0.01253461,0.99363941,0.98664618,0.00001563
2218,0.00672767,0.01271795,0.99327236,0.98647213,0.00001563
2219,0.00668370,0.01284250,0.99331629,0.98633301,0.00001563
